,d_best,d_first,d_effort_adj,effort_intensity,n,d_hat_cv,burst
2f1e5xx91,-0.3690783407568615,-0.30707286431748043,-0.34004512329767617,0.6016317127683202,722,-0.0870858212351922,0.0644295529518249
30735xxxxx91,0.13125284384663288,0.2125240910987325,0.1540788738669609,0.47056049368015374,1258,0.1212136867746011,0.5150535109243426
31cb1x91,-0.026432534330945414,0.0038669627449087565,-0.01181419335847917,0.5009714990424866,593,0.1465681216452495,0.1567861779309034
3269391,-0.26601325033713724,-0.1775673244947135,-0.2290124124397135,0.6127420481006602,1654,-0.0414455664444808,0.4848448891625022
32cd991,-0.3889963882033736,-0.33920354417870574,-0.3713681116190964,0.5664988140034388,495,-0.2249983256260022,0.7243754814343818
343cex91,0.0609994655020566,0.10889416159799091,0.08178124465211326,0.5880961230386424,373,0.1149230486459266,0.7659722948548815
3574c91,0.11048228296552426,0.20191280032215628,0.14212777115461753,0.5949239850256923,574,0.0223709365005749,0.8330824673375683
35ba6xxxxxx31,-0.00766486690964816,-0.01082779572658342,-0.018917765526577646,0.43308357733886055,377,-0.0353937070284138,0.7357855954338761
36ae7x91,0.005391551139600179,0.0493778617670979,0.03449089024091998,0.6127017201890173,646,0.165589272225288,1.1322562521525978
37d44x71,-0.351163475038249,-0.33964398465106427,-0.35030954622974897,0.46364189541197154,397,-0.2166020763037578,0.5010333274205755
3888491,-0.28204925633517963,-0.19273572318304638,-0.24099469945622742,0.6107875791174882,994,-0.0579180052972493,0.1615850238080819
3c3dfx91,0.045052480838715374,0.07807884186675144,0.06908551150974655,0.5421691861173858,827,0.1642030155036919,0.2717960370452613
1b341xxxxxxxxxxxxxxx51,0.25018865437855625,0.1780370481477567,0.2153679600762714,0.251240463613226,185,0.1619086968100909,0.6304561200731915
1b341xxxxxxxxxxxxxxx71,0.3530584125778199,0.3454789992494253,0.35556948616683315,0.4135189504017991,164,0.3806457607901938,0.1633009026674313
28d74xxxxxx71,0.4667119951975846,0.5908082110638442,0.5406627629841751,0.7484497457516763,726,0.4932130007585537,0.7573692465333705
2b4f2xxxxxxx51,0.31535325711055073,0.37952661651952,0.3618688950717027,0.6338071629055205,677,0.4199298355839793,0.3028777084061194
2ceacxxxxx51,0.19961310926907605,0.2720470333048794,0.22072034487020767,0.5216398842303507,389,0.2025233654237329,0.27851687536917
2e09fxx91,0.24767623841898148,0.276773815482445,0.26536428742734075,0.4632001834575707,335,0.3075701699459593,0.1480159114095613
2f46291,0.425104344342895,0.5628623237332899,0.4838553375481234,0.6628828361137497,695,0.5145488366612077,0.6354572131050998
2f6a291,0.4647511197133467,0.6189730675150564,0.546920274469409,0.8090373641600129,868,0.5953584961930667,0.3753434131186878
2fa03xxxx51,-0.2730090207859942,-0.2640664337153738,-0.27172866614887065,0.4724916826073159,390,-0.2385712872411098,0.7062834065464142
2fa03xxxx91,0.5419901704716847,0.6850502300617329,0.6103274634220759,0.6994497274624031,1066,0.4560302300617376,0.8187599204456146
30c0a91,0.2704662780143339,0.4456824394939242,0.3255029078004681,0.6832733140512439,523,0.0819573671543392,0.6788596557472357
313aaxxxxx91,0.27799629495392014,0.2959329750588321,0.2896346143245747,0.4459957438940595,412,0.3611992367914984,0.750090894847857
31d13xxxxxxx71,0.4114663816166029,0.5017647612882677,0.45849873511975264,0.6284597850724826,820,0.4773058969288292,0.6965091110748166
31fbd91,0.6349302915554952,0.7367857356866074,0.6917014043872228,0.6455957162094791,618,0.5668915145925554,0.1359783577370774
32604xxx91,0.6415572066032597,0.6853578472045998,0.6687710481479752,0.5398653510196609,446,0.7219937113561679,0.3349720876677693
3269371,-0.4516710977169373,-0.39912221694122935,-0.44357692741228133,0.5147468529709129,721,-0.2939803363375151,0.5560711992204941
32788x91,0.25438809717037764,0.3484576763165422,0.2878053746625537,0.5841987510568649,661,0.2233728571368877,0.2833406382115327
327f7x91,0.3820452343432862,0.45694783628060165,0.435701713366448,0.6849722927316895,706,0.4337715935894964,0.4367830498229593
32c29xxx91,0.1597624034351867,0.22375568389557063,0.18034977958026793,0.5104808584462736,567,0.2376832835477887,0.4675403374173922
33aa2xxx71,0.030027534804899936,0.08746132307580971,0.06268526567577766,0.6297039460064882,520,0.1699811569791026,0.4337243487384807
35ac0x71,-0.028466142970859042,-0.02886857149199084,-0.037819690703686216,0.4576089044625891,249,0.0339085830245869,0.6751029760108155
35b17xxxx51,0.14881696729210633,0.13588459427734925,0.13691936564192178,0.4113872411003213,347,0.0195231243644499,0.3574879750682774
35b17xxxx71,0.4340289822700109,0.41371835393071116,0.41672575841734144,0.3455004975669091,386,0.2179961924675635,0.4203707407323474
35ba6xxxxxx51,0.2960791371413815,0.22104614656542396,0.2639324871441693,0.27484403930453893,312,0.3284721483998925,0.184745440712584
35ba6xxxxxx71,0.5541355485579706,0.5249082281055083,0.5360914302645384,0.30136212215266994,210,0.5048285013539978,0.1409831777159327
36b8fxx71,-0.024728891148202637,0.05391615559899952,0.012131693626030308,0.6424060834205362,689,0.055632913512183,0.6900232985035842
37483x91,0.18153427928089208,0.3479426712265546,0.24724891983529712,0.7593574512777405,1005,0.4217272513301504,0.4957850779491186
37a4ax91,0.010847155982289972,0.04609738208884041,0.019958874600455596,0.4975426159571922,532,0.0846378734452848,0.2310259137808934
37eaaxxx71,0.07038797909961227,0.14479690582409166,0.09432325813487666,0.5666137340467733,535,0.0314079965030063,0.1838889461889769
3881axxx91,0.10575320531330641,0.14511978705649803,0.11499138865864697,0.46508232559321777,466,0.1286329167423794,0.5964675431161
39ba2xxx91,-0.19549592934065027,-0.18825481671274438,-0.1911558428116692,0.4807777856484603,672,-0.0564995531261336,0.4139029935381617
3aa79xxxxxxxxx31,0.048798103953740915,0.03738822493249665,0.053339164416389716,0.45235015935971595,651,0.1477051476043197,0.7217571966795343
3aeb1xx71,0.14589055034809437,0.10638160632841821,0.1312630984831832,0.3284344578987073,308,0.0464073845508564,0.3433596276904279
3b283xx91,0.24708525040014642,0.30715010134168835,0.2857760044585232,0.5660979851341135,1064,0.2702323151489756,0.9195803911781864
3be9fxxxxx91,0.2725127257720365,0.3450406250205431,0.3085822602687152,0.5873422787650543,904,0.4562137109805494,0.3915616516889048
3c27771,0.3390543826818527,0.3447087394422687,0.3463062117149105,0.4350438541232838,544,0.3677684434414264,0.256385924706698
3c3dfx71,-0.23306429716401178,-0.24788048896585752,-0.23995804035799875,0.4763012221149802,411,-0.1337006004485319,0.6942352649815655
3ccc5x91,-0.0660684384511542,-0.011303985899392242,-0.049393709154907324,0.451755744547753,774,0.0144819002786739,0.5831965049600233
3d124x91,-0.332674560697117,-0.3247470626465601,-0.3377687742289491,0.381898614923729,635,-0.1877831429752919,0.7529900164561835
3d2f9xxxxxx91,-0.30734227398456876,-0.28384314160533836,-0.2968427478359609,0.4300586082140943,817,-0.2001224705016889,0.9480080214206557
3f9a5xxxxx91,0.37728191069643524,0.4603103139325391,0.4115984617469612,0.5369393240600149,737,0.3902803479076827,0.6758548896764842
4003fxx91,-0.14945777460152643,-0.14515880555063335,-0.14451765953820833,0.4171655943828572,745,0.2949019869152858,0.7064398670639799
40d3axxxxx51,-0.37176358396514203,-0.3528128810273841,-0.35339332588386885,0.4885702752187603,1177,-0.1129627647464975,0.8588436767818327
41d75xx91,-0.3188459839653464,-0.31919123850353814,-0.31753223762664295,0.4029590625102306,1000,-0.1227242795241626,0.8032775103490069
427e6xxxx91,-0.11718188979343207,-0.15100011118499704,-0.1329446765591124,0.28612236830356685,1141,0.1668442356661412,0.9508464302150664
42ecexx31,-0.48083866635503947,-0.5172160053993282,-0.5148632326032847,0.29051076710728135,197,-0.5248987791582888,0.3851092457217251
43222xxxxx11,-0.4437784654634773,-0.4918896141467048,-0.4608627791744119,0.3538618180150294,432,-0.3806777528102961,0.6141297827816423
43222xxxxx51,0.13473050071180948,0.13758849167371,0.16556946757545762,0.5502086816636533,483,0.1830548864390784,0.7454392556745546
43239xx71,0.060297020577806795,-0.00272915219284334,0.03378175136080519,0.308398114327448,327,0.1107860662449827,0.2823894668089258
45234xxx51,0.13914913971542128,0.09971591879892419,0.11827953249699523,0.2525206118132543,591,0.1282191110599677,0.9926904205724004
452f4xxxx51,-0.5398709398489414,-0.6296116644665802,-0.5812589882908561,0.20981390699546787,425,-0.5854854555391769,0.2888070643867106
47f84xxxxx91,-0.044378162668765236,-0.0991110993915513,-0.07563177315448041,0.2674512870339713,286,-0.0036312571259574,0.7367275110964843
48acexx91,0.3769866794157519,0.3904252684871083,0.38764568829822377,0.4106508772230068,437,0.2462974225608642,0.6760283424023075
28d74xxxxxx51,0.07803272429126522,0.1677179601224295,0.12340762071205967,0.6362956095524241,912,0.2402421029344097,0.7487887108259231
29d32xxxxx31,-0.3890666214186258,-0.361609118913605,-0.4056743733365167,0.42296737653644334,187,-0.2582702154468749,0.5131260806981822
29d32xxxxx51,-0.1309479653963949,-0.13825342944367902,-0.13236165683624043,0.4521897196882782,327,0.0586903529826364,0.7185223003521761
2fa03xxxx71,0.0803185005362637,0.144318213860394,0.10406609978970828,0.5453471881239792,743,0.2125012204964401,0.9417169317667404
31d13xxxxxxx51,-0.07910639891774922,-0.055722889765592955,-0.06571596706731565,0.46833834966105764,800,-0.0403807263083457,0.2743950492101047
33321xx51,-0.3682077982663535,-0.2909934759002465,-0.36000703356854785,0.547190787824412,790,-0.2792114819705763,0.5765603591606157
3ad60xxxxxx31,-0.3596553766160222,-0.36906458773360223,-0.3682005366696419,0.36818671747580417,350,-0.2819885792581169,0.5555037182668873
3c8d6xxxxx71,0.054943857115294106,0.012231595164016881,0.03447098830347895,0.33226217213374853,179,0.0597060655526289,0.416729811811909
3dfc4xx51,-0.04378877773605445,-0.03838606697721346,-0.04638307499494273,0.4076789182728739,487,-0.0721526205761894,0.3234994614173114
3f571xxxxx71,-0.4750407270567479,-0.5210455488033814,-0.49415473167847407,0.31725559525745733,333,-0.2283085688321718,0.9740854129845172
3fbe5xxxx51,0.0051101139369121445,0.02258503320986262,0.028331461663157514,0.4953878808093619,869,0.080428578928876,0.1686890683278472
40127xxx11,-0.43726173314969813,-0.4416428279957928,-0.4541382705541035,0.35898043158887505,283,-0.3764034198459353,0.767951515912531
40127xxx31,-0.09554079414882179,-0.13133609451934056,-0.11522393340281288,0.3243980729154763,423,0.0097899775078391,0.8895306455076152
40e10xxxxxxx11,-0.17703862896745653,-0.1296754312597449,-0.16677667959407907,0.4602516394953584,776,-0.2247763054050854,0.3466343114991473
41a76xxxxxx51,-0.3715115683443495,-0.3777688954995801,-0.3848956426164795,0.367685823443436,638,-0.2545307991425977,0.6341439217398532
41c67xxxx51,-0.19095273045015898,-0.22765272175370507,-0.21417057562019237,0.260458642023399,793,-0.1446289007404913,0.3790565662476854
42de8xxxx71,-0.4380820302129293,-0.4891802120988359,-0.4644513151351227,0.2817969066091996,567,-0.3251838352582485,0.8471289171429945
45234xxx31,-0.354751524349815,-0.4267498686769704,-0.3859885256747416,0.2453998208987478,564,-0.2325977533240911,0.5052827193549259
4aafexxxxxx51,-0.2467980830321631,-0.30484004068607035,-0.2702252684651359,0.3396836132293856,365,0.0154234356581982,0.0427793650944721
28d74xxxxxx31,-0.21582356671076375,-0.1873458672193964,-0.20680026801715887,0.5165792353983588,443,-0.1938373755998338,0.447311971785013
2c5b9xxx91,-0.28931579545539876,-0.22282943955005574,-0.2623658388004425,0.5861180179432015,648,-0.1140697164781337,0.5167219056998201
2f14ax71,-0.3024055087884154,-0.26707632825557087,-0.30320366692465356,0.38287347812557976,525,-0.2220412457241868,0.4138852976053536
32c29xxx71,-0.12927163303527223,-0.1225525409242534,-0.1385022887872743,0.427883616655043,269,0.0323486823300034,0.6775929426867522
33321xx71,-0.016132515664129186,0.008955737455483231,-0.014640374574813448,0.47658408481775066,886,0.0311234114978266,0.7987782872905117
36cf0x71,-0.05757134053671643,-0.01695899676204698,-0.029958395564512304,0.6150214135571769,568,0.0710337807379577,0.7724838786742163
38a54xx71,-0.20510467817027836,-0.1807163947640946,-0.20601304541173196,0.47383405526986566,403,-0.1319977446071327,0.6269263112158718
3a751x71,-0.18591284832090132,-0.1394531933595403,-0.1628338927768462,0.5712150610391843,725,-0.1292023478699426,0.1489695606340685
3aae491,-0.2819361656215452,-0.2896909398425931,-0.2871664768424559,0.41853044354499636,650,-0.1517949025305856,0.6560896058688375
3b3bdxxx51,-0.4414332415170936,-0.4535963182067199,-0.4462811209600761,0.4317257322043387,382,-0.2586490589111451,0.5634835390678675
3bc7bxxxx91,-0.3766423202738536,-0.36149175368526143,-0.3722284852265815,0.4089151041372159,769,-0.2511926498307759,0.6127001341711099
3be60xxx71,-0.39540077279420033,-0.4017625075420298,-0.41065827132579147,0.3975037630693394,383,-0.30624602920693,0.6597768310171936
1b341xxxxxxxxxxxxxxx11,-0.3466059092200467,-0.38382265681045963,-0.3621623874443489,0.39264933748212394,194,-0.2258242609959165,0.6241695158211183
28437xxxx51,-0.30230848834172436,-0.29978755509756255,-0.2974749816438773,0.4937975023494699,313,-0.2486246670678135,0.8247273342059568
28ec5xx91,-0.04730045754230046,-0.013202273428604921,-0.03892818049499757,0.5135853954974392,373,0.0423176196829077,0.669232094313186
33d6bxxxx91,0.09400879888620504,0.11351693280155627,0.10391581082369085,0.3980677929419965,1122,0.047104900549981,0.0775609857260975
35be7xx71,-0.041074180918831915,0.03813996680551906,0.001470448496798958,0.6816455468441733,857,0.0773257370698421,0.1057344949677517
36962x91,0.2498322040856948,0.2868402312633101,0.26223622475075287,0.5467629577843478,351,0.2290879392610718,0.7932474911164458
382fax91,0.07488683236453648,0.0781925857549744,0.06621118647086505,0.41066858005064855,354,0.1244874922488625,0.6369490067371428
38670xxxx91,0.13985940062954333,0.18462887047842463,0.15066144194402262,0.4362109708818617,510,0.1149873125489454,0.0132643781563632
3a73fxxx71,-0.19636300904347417,-0.20330919941572573,-0.20982235850349742,0.511488259524225,244,-0.0701981254528681,0.295924688342997
3a73fxxx91,0.13766746564183396,0.12701113455992077,0.12641818633726692,0.44924936016734257,447,0.1353168803464704,0.7984706905157981
3aeb1xx51,-0.15413012441582366,-0.17898166415755784,-0.17287467057864192,0.37662064800213507,221,-0.1659863649413872,0.9648822666171024
3b62dxxx91,-0.008756460100522154,0.01664528488618842,0.0027100793271532444,0.48963707420298547,814,0.0894101986436574,1.128181881718924
3c0bexxxxx11,-0.4289284942387517,-0.46268294402270477,-0.45245956285857075,0.35522295122149383,388,-0.2126869878247052,0.4934881495420607
3c0bexxxxx31,0.10239052379539576,0.10034955513388692,0.10880859896549241,0.4321324175024992,708,0.1401482429461376,0.8099569385130817
3c433xxx71,-0.2974781926898644,-0.3118671036286946,-0.29972144927247885,0.4600494082580261,551,-0.0987731248063425,0.7542982604370326
3c48fxxxxxxx91,-0.27056760520794526,-0.31713211873442276,-0.29386791377545357,0.26324019492010386,493,-0.114868211968157,0.6785407076927881
3e122xxxx71,-0.024128627024293296,-0.007720339539420545,-0.011367551087209552,0.5082676820887444,671,0.0561430557938637,0.717833832699301
3e2aexx91,-0.09450345342564073,-0.04895560737452027,-0.07968385457014258,0.46744906164625505,607,-0.0246831181811758,0.6576975300714752
3e2fbxxx71,0.09048229536385448,0.026143430734085534,0.059060190448702414,0.32184748682129594,297,-3.82915649323112e-05,0.7200026390534556
3ee4bxx91,-0.24468459149410246,-0.1807127400462077,-0.22580547135420545,0.42447140906602426,1588,-0.1269851962930737,0.1123161780108855
40095xx51,-0.5943244906386592,-0.6349790072677225,-0.6161835592994377,0.3989193376402047,226,-0.3806322332223548,0.3662920864727012
40d3axxxxx71,0.4834050627466663,0.5821736093506066,0.542425614406977,0.6526735158694148,1069,0.4547139941153186,0.1767518818829767
41218xxx71,-0.1656397478405192,-0.15210453179287678,-0.15940939949809327,0.49324454793988576,471,0.0987694588313315,0.6013070471591377
41873x51,-0.22202490294386806,-0.26074612747675796,-0.23979348197113276,0.38340087081432284,383,-0.0194776039310599,0.634356394598812
33bd7xxxx91,0.3231202649266369,0.4024776291770878,0.35663787748544484,0.5922548131575004,697,0.4149875572909046,0.5659288647973157
34e1091,0.2720086906721165,0.3288362219694,0.2995966159363028,0.5658805570349061,497,0.3178004842431373,0.5341031038296438
36b8fxx91,0.6543506942356816,0.779269189145623,0.7194152831748468,0.7179741461569087,670,0.6968982899530103,0.1802903379547072
36c09xx91,0.4440677137359797,0.6271033061549055,0.5420500450787354,0.8649844019694342,1141,0.6977098617150546,0.587397613815765
37eaaxxx91,0.5903821028361663,0.701838210741708,0.6390462260136647,0.6179798510155415,767,0.4434534219169312,0.3366158480838884
3ff31xxxxx71,0.253399834675655,0.2627106772691373,0.2570592749408664,0.409618399880108,908,0.2362618213940653,0.7460798702057414
40e10xxxxxxx31,0.17670452063212475,0.2480282159460266,0.2018582150145054,0.5297173792540714,1321,0.0546639254119029,0.5715655901593801
41873x71,-0.05620341870918948,-0.034580786205713414,-0.040602413526802474,0.5387210133168364,435,0.1263970433139401,1.0948705910624403
41873x91,0.3417274689642098,0.46151417478157014,0.3788274187774175,0.5962157546415296,751,0.5006299198927187,0.6249130064818659
420b7xxxxx51,-0.357862693632741,-0.3809302501978556,-0.3632567500705456,0.4118150717369859,606,-0.1543420634022196,0.2504962369591961
420b7xxxxx71,0.1528937400191324,0.1863450630330177,0.1744188149322726,0.558281215379322,811,0.2239829523582394,0.6596745839969387
420b7xxxxx91,-0.029372875324610012,0.008179930202941698,0.001046369433048711,0.5317506174505948,1457,0.1490628522283874,0.6551084060832303
4344cxxxx91,0.41227543196001626,0.4538921869503794,0.41861248005101875,0.3994731084367656,821,0.2540459685135173,0.83637147299305
4aafexxxxxx71,0.1402769617716944,0.1089545513833074,0.13499846264433948,0.36252395623862643,664,0.3960438121527959,0.1255039312436361
23c7bxxx91,0.7472262968595498,0.803503614333215,0.7816270578386105,0.5321907449121249,360,0.7147442114847202,0.1397419232708443
28328x91,0.5027337256972579,0.5477045971099468,0.5158332712444951,0.39661032427276105,401,0.6005512362474198,0.0687299162372228
28437xxxx91,0.431661741900984,0.6029689086338585,0.5265761655051603,0.837930585667638,822,0.5646171436532508,0.212549827875244
2e409x91,0.3119061450905755,0.3922960993667801,0.3696427860027334,0.6437563391260094,711,0.4168590805162652,0.6720369026547569
2ee3bxxxxxx71,0.5243079188086889,0.6072068851654754,0.5822703956848763,0.670117431433825,628,0.6179819110556972,0.662464222865988
2ee85xx91,0.6031257257678869,0.5473133145485356,0.5920773749776223,0.3209346748969108,166,0.5695112729796368,0.4898475152074834
33321xx31,-0.5959613756523786,-0.5438007083522193,-0.5880259295069004,0.5571783376988616,516,-0.5714483366947777,0.0854495059329108
33321xx91,0.06989754730715653,0.1865653762770947,0.11665357302377508,0.644151046105743,1673,0.1282466853375387,0.5015465745898563
33497xxxx91,-0.36338421078253913,-0.32218100431184266,-0.35077469942212053,0.5036517859942278,740,-0.2065196479755376,0.1245956945927125
33514xxx91,0.5707194032660383,0.5732760212900302,0.5793639488006517,0.44247394472650853,268,0.4815192107790467,0.620504165835838
33bd7xxxx31,-1.001629063856128,-0.963489529329643,-1.0104360031336195,0.4565403680225007,109,-0.8554214723256603,0.0113883637836253
35651xxxx91,0.550509436193457,0.5793279988575177,0.5736471400376535,0.507677639304594,234,0.5863069313050796,0.108103629821559
3806axx91,0.45171440621771447,0.5525911643022463,0.5316862276453287,0.7560463689580708,719,0.3918416298703359,0.8124341519379634
38a54xx51,-0.34102544598869694,-0.3225676209162402,-0.3483412084310702,0.4972396033426753,207,-0.3715887026778536,0.4758473729229894
390f2xxxxxx91,-0.3969045438580083,-0.32603474838535523,-0.37095023895992396,0.5003274148403074,1150,-0.353371728737172,0.849766868316494
39aa2xx91,0.7063630517763952,0.7907342471990179,0.7520085696700136,0.5965920672482266,491,0.7049480882642887,0.113325324366713
3a3b9xxxxxxx91,-0.23775541147292029,-0.19638390607534786,-0.22051052567932108,0.46541197593390254,1039,-0.2553056259610257,0.1429922803305769
3a5afxxx91,0.9553758055468401,1.014455951186474,1.0020639071033512,0.6083870248370961,392,0.8243459738135499,0.7723020065646414
3a751x91,0.4168321470435728,0.5041190202171624,0.45965278554855377,0.6048183798032292,606,0.4330661761658231,0.6784390913038088
3b34171,0.6986794783866142,0.764916161856948,0.7492637500952418,0.6527685506027253,362,0.7444208918444521,0.3132142454506199
401ebxxxx71,0.1635113850009683,0.1391225917089788,0.15799304823876228,0.33508408439981563,753,0.2398788107679823,0.7906684610496867
41d0cxxxxx71,0.4663239520321709,0.4494537580212651,0.46180145738861944,0.3301069789123798,484,0.3902163111244707,0.4269149373170127
2acd5xxxxxx91,0.5652323750296409,0.6164774475720498,0.598094284768899,0.5025066954853126,309,0.5624992495555365,0.1711591696556847
2b1d6xxx91,0.31554322563280457,0.35753805663034377,0.3454456764871932,0.5112019039583104,143,0.4142856777326717,0.3574378641875363
2bf42x91,0.32459108833604167,0.3346095390905283,0.32941542611157937,0.4389351483614258,403,0.2881456278059828,0.4516545068631634
2d7f5xx91,0.4973463639330113,0.5926102499749458,0.5449358313472319,0.5985012917231312,466,0.4984724135236792,0.1534770689452333
326d4xxx91,0.4260470880790791,0.5045642816417324,0.4614558438224553,0.5738725983476468,233,0.3760310343056949,0.8072612095415184
340c0xxxxx71,0.5601622443730493,0.5630585959965889,0.5818958773588457,0.544848886902178,283,0.5769857671461256,0.5049108409516696
35a61xxxxxxxxx91,0.7198162279875414,0.7364848070368167,0.7214066854648208,0.42498720741104834,150,0.7356420917759126,0.1038961187208014
35be7xx91,0.45991663572255437,0.6166602353680243,0.560246323779584,0.8997256992525552,1003,0.543051892172107,0.869391333534847
36a10x91,0.5162505676457703,0.5806322565293129,0.5678333951529244,0.632847353191717,389,0.6100453550795617,0.5839641672670258
3712dxxx51,0.12322371733222091,0.15613349258814854,0.12916760028662533,0.4434283431256318,902,-0.0601209370477635,0.5887440656725967
3712dxxx71,0.7120508577463184,0.7716888469003389,0.735944573874151,0.5194361920103675,584,0.6506563855333766,0.1114308740655569
3712dxxx91,0.7279495233456589,0.8726363404670433,0.7933979141910792,0.6632273883242865,932,0.7400084260621874,0.1223407706999227
37762x91,0.06789591257545123,0.16836901824322187,0.094284869804142,0.4772096618161716,1002,0.2118072060293065,0.014738656361515
37af0x91,0.8257495489393318,0.8794598430583661,0.854319715491026,0.5477331785511963,256,0.670059107592262,0.7542603834154856
37e07xxx91,0.4410675702070967,0.4888849157896656,0.4526567855027284,0.41284399936206323,587,0.3252051394014749,0.6305640329440475
37fa9xxx51,0.4269940922645522,0.43821453699946067,0.441677735738843,0.46204839918661095,420,0.4493029592293944,0.7254230360816273
37fa9xxx71,0.6643337304617403,0.7029388704656754,0.6905049652547814,0.5133271791413053,354,0.6887054899234746,0.1634329238589531
383f1xxx91,0.2907308631981325,0.5078150439624317,0.3830226490052502,0.766444523249309,1444,0.3586054554359161,0.6389027723558997
387a0xxxx91,1.202237209898539,1.1889198185998693,1.221307500249827,0.5343526635798623,204,0.9632635595865654,0.5225886718584433
38a6axx91,-0.4394810322621784,-0.41239563539277757,-0.4267009955474245,0.47633547049718894,756,-0.2357726426806866,0.7959163648958595
392e6xxx71,0.03798133623678193,0.13812971508712654,0.09922419893319774,0.6687920243761705,1122,0.3627360000085787,0.9369002616343332
397e3xxx91,0.7667024346886833,0.8733688341890399,0.8211908425667657,0.613720412850852,762,0.6784279329777425,0.2628820301168149
3a954xxxxxxx91,0.6276874705113611,0.6743822969260631,0.6516041210131469,0.4943231485790674,298,0.4901355492197395,0.9930475002388496
3a97cxx91,0.5477572789056985,0.5164780654384437,0.5461565574982902,0.41957441631883663,196,0.4429642783142885,0.9113720216604534
3aa79xxxxxxxxx51,0.28783614293299803,0.39443065664328286,0.34980283860732203,0.6954207612945705,994,0.4146926030777946,0.7529260954489554
3aa79xxxxxxxxx91,1.2637982488284067,1.3488466658219775,1.328316934117484,0.6794913277356208,417,1.0196001854792185,0.6377875434105889
3ad60xxxxxx51,0.4866392948234343,0.543468812448895,0.5233451608277779,0.560977372145909,536,0.514246247146034,0.1628309231831347
3af6axxx91,0.5770410853076919,0.7199339853536534,0.6423440123137388,0.651097060327743,1002,0.4380031704231721,0.3844047404384556
3b2bcxxxx51,0.3285854115485102,0.42914430525101427,0.38839435722288834,0.6535772856419405,1151,0.3698055331078834,0.7132298154436765
3b2bcxxxx71,0.7455570755912249,0.8487379068623243,0.8180590282724302,0.7192035049201558,747,0.6764343047316415,0.6657139251313166
3b77fxxxxxxxx91,0.43857418843393076,0.5147509700058266,0.4738054579797999,0.5549487869033102,733,0.4069774951868759,0.5326274121188952
3b952xxxxxx91,0.3127585461125983,0.43926152533663987,0.3691797496707199,0.6038868704652341,794,0.225184030790836,0.5737994109435027
3bcf5xxxxxxxx71,0.3153528583526918,0.44347185442482345,0.38396521079508,0.6628772076012809,986,0.4489148096437148,0.7568134934877261
3bebdxx91,0.7825876316752616,0.7665372489169325,0.7838441416581362,0.3810459969950214,294,0.9282537391581068,0.3005401820249799
3c433xxx91,0.5637942716277575,0.6765520748266339,0.613707832081644,0.6634420230044622,691,0.5702174445155322,0.2679535598833471
3c908xxxxxx71,0.32520670582449923,0.3204816093266922,0.3182870756934726,0.337143365125233,483,0.2654066791742034,0.1192626913423833
3cc81x91,0.6126638021750564,0.6572201092841655,0.6346053622790802,0.44492344930879274,446,0.5696453177939594,0.2278743523940464
3cf22xx91,0.7531746266934873,0.725643749530866,0.7508330850796296,0.36377234743539,364,0.5797200877665573,0.2989553559854147
3cf75xxxxxxx71,0.5583171958327166,0.8013105457943424,0.6569108832681702,0.8332938421045579,1035,0.4332192953042392,0.576978089062888
3db71x91,1.043431544726159,1.1546640815959972,1.1281737226312962,0.7917490976851853,520,1.0125952887520728,0.5101756246752257
3e0dexxx91,0.7383206039565221,0.7782112585006183,0.7668372509214415,0.5154108565882873,368,0.6653813563220523,0.2030646465015462
3e50bxxx91,0.8175090453230619,0.92142295989102,0.8758694399175271,0.6834245226294855,809,0.7109203437868968,0.0617541891538542
3e7d8xx91,1.351177497113274,1.4831100516588338,1.4505832982175328,0.836965245307872,438,1.0372334896716071,0.367329980017223
3fa68xxxx91,0.6283395958978051,0.7559678700140319,0.6960173798213019,0.7278997835108496,638,0.6205252180498194,0.7026728690630125
40370xxxxxxxx91,1.1169119541038095,1.164364380291107,1.1658733068853517,0.6321637420982387,353,0.8609959376346639,0.5378908626485868
40e10xxxxxxx51,0.8443644425817011,0.9291008000182758,0.8908409966630677,0.6300162172053405,457,0.8158386685565663,0.0492310084666799
40e10xxxxxxx71,0.6594054902495423,0.819903700850051,0.7397651956959198,0.7618801641889685,824,0.7718989445454582,0.2477028078830964
41d08x91,0.6658204866036228,0.7899234484262907,0.7301362419116849,0.6884015753646094,668,0.7161449272156026,0.4077015737822604
42148xx71,0.4700806109261331,0.5822066315297253,0.5437048472463751,0.7105610352065636,1056,0.5373655271889124,0.84358272024398
43222xxxxx91,0.5959923066565431,0.5640642885645268,0.6042437692040261,0.4367393351147243,271,0.6248857466939856,0.0739615912414068
268a7x71,-0.43186277631576075,-0.3732062375895197,-0.41275683726019896,0.5315565917106665,1047,-0.2493296698488794,0.8439166764179191
28d74xxxxxx11,-0.39575562195020125,-0.4031001481365598,-0.40244582833405507,0.4575448290526385,226,-0.4277799021362272,0.7906314031260048
325e5xx71,-0.38962832908180656,-0.40907423762241063,-0.410324059522485,0.363654892725988,338,-0.2487455613257411,0.479314384384369
32c29xxx51,-0.501970303243457,-0.5241662374643482,-0.5225801226106536,0.42729279076629273,171,-0.3663579631727817,0.4265936374250545
33698xx51,-0.47491954431624245,-0.4992795826648636,-0.49730249500982726,0.372523022387723,147,-0.3133663928125162,0.6279112642538462
33ce6xx11,-0.318119814635312,-0.4174915591110876,-0.35558829781584067,0.29373145056161476,102,-0.4414224384613751,0.7349909893402532
35b17xxxx31,-0.26197538301083206,-0.27994625961219394,-0.28881204490267787,0.37562730659022664,241,-0.2600748447271435,0.6301822596351235
3730dxx91,-0.3472237304083043,-0.3532715113931478,-0.36313495237188376,0.35510565872019245,456,-0.2892964723293626,0.6230055083090217
391e7x91,-0.39099938005816387,-0.36326272937418375,-0.395877543201559,0.41288877356143117,756,-0.2892684109032735,0.8590427616754975
3bc7bxxxx71,-0.5072765761304066,-0.5483765354638334,-0.5379670530874734,0.31452770792604706,295,-0.4277569606667848,0.5995552686323624
3ca7dxxxxx31,-0.26852811953463324,-0.3262947469122949,-0.3034200966126138,0.2928738135590822,196,-0.2317787499116541,0.3794882045300057
420b7xxxxx31,-0.4281924376433775,-0.4679740152189359,-0.44357809053832403,0.3818429375189339,421,-0.2990497055211241,0.5988356934410268
43239xx51,-0.4274418191116292,-0.5279834000616834,-0.4824479247815524,0.2016673137742528,224,-0.3141914819898657,0.354751107998111
471b7xxx71,-0.499495113970368,-0.5494221495219992,-0.5214682594443133,0.326278996875858,438,-0.3335290930046988,0.4160757326798941
47dd6x71,-0.389037718476785,-0.4677677978744277,-0.41791318254562015,0.30675660586692094,83,-0.2263381527889085,0.4082741564663432
1b341xxxxxxxxxxxxxxx91,0.5582941490885651,0.5173603710944683,0.5583591644842185,0.39413084501784257,174,0.597617982410163,0.1979878239114088
2f625xxx91,0.27744035291536445,0.3261560921392768,0.301492033353307,0.5158745533582378,354,0.3226562764757016,0.1742278291551461
33b46xx91,-0.4683672963685598,-0.42055902809140755,-0.45246972329064045,0.449315737154595,410,-0.3104416861263444,0.7217895913374408
3547axx91,-0.16232873748644727,-0.08762974071419316,-0.14007026357447946,0.5240154259315191,440,-0.22025788256164,0.7003468280067947
37090x11,-1.0273307180048612,-0.9375792785604842,-1.0004140206076138,0.48176509523331695,616,-0.9121338773889568,0.4182434432206767
3965b91,0.2743199732621366,0.3295845688973283,0.30129700402450216,0.4753369033599109,449,0.3189664108645959,0.8464935506245383
397bdxx91,0.02389211646267789,-0.02142350830859973,-0.0035210543674167247,0.3260440288797886,229,0.0419649166289859,0.2869056740939558
29d32xxxxx71,0.21397308972489715,0.2858891737017903,0.25042720838447846,0.5881254478909784,397,0.3285854890914019,0.3044888267512278
2f9b2xxxx91,0.24851466161121138,0.29487566240987717,0.26228801483905095,0.46760765189874365,840,0.1278275829077011,0.7554697415839924
369a0xxx71,0.1394869627310005,0.1274424897021814,0.14245040168301612,0.4660838505079714,261,0.1185452097587439,0.5901922357892012
376dex91,0.20961347970207003,0.24028194345782478,0.22697955281141147,0.4504749401600439,647,0.2835558947210295,0.5605546298138482
37e07xxx71,-0.10541105642145744,-0.10060742476346489,-0.11400882564598759,0.36266212207815396,388,-0.1156073811664856,0.2791467691832999
3a111xxxxxxxxxxxxxxxxx51,0.02655429207842523,0.06849808900481706,0.04322096627488897,0.4783671399280917,349,0.0596733714873838,0.1159436201756042
3af82xxxx91,0.10805625384021741,0.10311633345958873,0.10338981336463285,0.4391177286022631,493,0.1227786511885073,0.5574547137396824
3b463x71,-0.5746163461671722,-0.5942868929225331,-0.5865303756864934,0.43200941156003186,285,-0.3459047256626639,0.4674166014190073
3ba4bxx91,0.10231266335343128,0.16839939587872743,0.11878419034076979,0.5281941432049174,609,0.0385111085759723,0.7898950328962331
3bcf5xxxxxxxx51,0.09131677874669852,0.1884794555311102,0.13320144680397933,0.5541870397438272,1161,0.1501908511139983,0.3715987514438622
3be75xx91,0.2808233634216181,0.38611736351243986,0.336086494758387,0.6462119773730375,1023,0.2937389510030123,1.0364866774542612
3bfa2xxxx91,-0.15453413302548777,-0.12818417668290272,-0.1304848127684001,0.5668393972834908,636,0.0344874153054985,1.533125684082636
3c3cexxxxxxxxx71,0.2666111953436523,0.216609597891994,0.25942493529814276,0.31981593488545873,457,0.3255254545687762,0.4222607914894654
3cbc3xxxxx51,-0.08469819726563506,-0.10801772784530252,-0.10112070103315121,0.3038023079895657,982,-0.0930944196545677,0.5265356448997383
3cbc3xxxxx71,0.16934081938478912,0.22120463805097398,0.2016827178019722,0.5008916876737471,1593,0.276779789961798,0.2958113992653231
3cd56xxxxx91,0.1726005761133681,0.2611798418358107,0.23364688625854887,0.7276682822159793,947,0.3057606278790269,0.3921049011492461
3da61xxxx71,-0.010269199172850694,0.022521377932752273,-0.0042496491573254325,0.5089634130629294,528,0.0875391356186173,0.3852818003822785
3da61xxxx91,0.17596310168449683,0.26270381951747146,0.22504398583413374,0.6840180489324931,1000,0.1838115988960753,0.2657219652284663
3ddf9xx91,-0.011597567402244643,-0.030881948274857376,-0.009114412740401888,0.4464513780370775,536,0.0776792439820832,0.2656754345359931
3df2axx71,-0.36563556267162783,-0.3500705543613071,-0.36103253064471824,0.5253222455486345,325,-0.2344584547705041,0.1281804197218527
3df2axx91,0.19264212861783003,0.23864561917714872,0.2254331531662994,0.6181073252300429,625,0.3137791114640012,0.3392246430299919
3e05cxxx71,-0.09235484952824143,-0.13172640023457663,-0.10721743906453497,0.27384879128408546,617,0.0342673163799893,0.4638730447781139
3e6cdxxxxx71,-0.028749728651387498,-0.036916847224943546,-0.028570452001152716,0.3609971450306659,1010,0.1619299586221301,0.2261449838161143
3f0fdxx91,-0.3484595278676075,-0.3784791526189758,-0.37063950916502714,0.2673683652919737,629,-0.3317853331272347,0.6449778475651257
3f72dxxxx71,-0.2714405154533462,-0.34066192417728236,-0.30413191859250827,0.3049870262920127,408,-0.0945139413665543,0.8351314298922247
3f72dxxxx91,-0.0053949914345922684,-0.0158761505472541,-0.0013477567679756224,0.4325334126882564,893,0.2396427199849701,0.8225162507875614
3fa76xxxx71,-0.018720165554874327,-0.038724777689741426,-0.030187001172790592,0.3310733144893032,763,0.0565630157991479,-0.0155422724679272
40095xx71,-0.11030961018824698,-0.11727069683455463,-0.1108854005845676,0.5080026254127235,321,-0.0289723786833581,0.6227568847963733
40c6fxxx91,0.08347954360848121,0.08289379021124214,0.08460013741996449,0.3271555968935379,1001,0.1541312785652269,0.1242551537907815
41b58xxx51,-0.22548865430384174,-0.2416660758642968,-0.24569562197025546,0.33935307485345967,407,-0.170221104899168,0.6566203622978873
41b58xxx71,-0.009065141563939574,-0.005456471601354671,-0.009500943620475145,0.4101649951609202,611,0.0086408147507434,0.1663849647557778
41b58xxx91,0.3592936662271818,0.40717778378836955,0.37731121362696457,0.44121322141392294,987,0.3027958665247958,0.1392476758729
42148xx51,-0.02274202692629827,0.016266010083590667,-0.014108213422273603,0.42201780484963614,818,0.126223852643372,0.735547380565254
42e3axxx91,0.14750257700829278,0.19998557981498669,0.1664382276804284,0.4055097736201401,1720,0.3108643368048985,0.5764649923870295
42fd0xxxxxx51,-0.06979605764161279,-0.13236128645031642,-0.10172326651624199,0.24137782707318903,731,-0.0134189630634948,0.5573770929231845
42fd0xxxxxx71,0.2507952488205545,0.24603563963872777,0.2605213580768688,0.3961214785162176,897,0.352232790549493,0.353728573034825
4372cxxx91,0.3490202773460544,0.3438613942732797,0.35523777931416417,0.4178867077797516,786,0.405790254881089,0.8464135675950011
43d05xxx91,0.301999203276186,0.3150558811712058,0.30481235118583605,0.4087911280011441,1104,0.2554549575240579,0.5295769097736313
440c1xxx51,0.25902912772964193,0.24345192676580613,0.2471764776109897,0.4028683941695061,437,0.1481751215099236,0.0593040323616696
44b4dxxxxxxxxxxx51,0.10539205555254766,0.1270202557260292,0.10520188896001359,0.4329708221232223,781,0.1217835688827462,0.6246007486422238
44b4dxxxxxxxxxxx71,0.47970351128424066,0.5028690242194666,0.4906670379951175,0.4568120871290852,676,0.4497473607704165,0.8346696545806622
44eaaxxxxxxx71,-0.07819959935534927,-0.10566842153493725,-0.093685971226972,0.34679733764282983,557,0.0242940849371185,0.7013548162205248
45365xxx91,0.08459717737918226,0.06720435975436641,0.08445086129549063,0.3976334537722712,671,0.1163430150654683,0.6298164670359788
45a94xx91,-0.3054491277967212,-0.2928220243473755,-0.3006866278966137,0.40060569471630436,1466,0.0200355729596791,0.5352487545703812
45f7fxx91,0.23156093958327514,0.21279211664751443,0.21827175731426987,0.3168085167933999,723,0.1912951886313935,0.9369230789186068
46395xx71,-0.017674612388546097,-0.09943228327693156,-0.04839465522823004,0.3122644066959819,276,-0.1011405063610032,0.2992539928566161
468ddxx91,-0.5868839356743011,-0.6572098595435446,-0.623504626173352,0.20597595147301356,760,-0.3303502107469748,0.6176057663109952
46e59xx91,-0.15566781575436628,-0.15701145910818257,-0.154016220399668,0.35739998908683435,1234,-0.1505399832060087,0.5573785934161319
471b7xxx91,0.005674719001034188,0.0406446768296619,0.020749912059083168,0.46582035104681874,965,0.0908887091520542,0.2633240425598584
471f8xxx71,-0.08444737521986047,-0.1245952164887636,-0.09468182971621866,0.3076276658620811,651,-0.0075981198503625,0.1476277223254972
47df0xxxxxx91,0.5465480478102572,0.5222673050773052,0.5432856311717048,0.32370609097607095,444,0.6130255839618315,0.4229316390680007
48374xxxx91,0.11028288912258712,0.18746043146431154,0.17200845987187577,0.6714685554067575,1036,0.0127225718440391,0.6134181663488215
48c01xx71,-0.019990238779935346,-0.07265231182349,-0.03933173423393854,0.3744860031559565,259,0.1965655554435393,0.6502503513056962
491b6xx71,-0.11109005625138928,-0.1727197282425626,-0.12957835842686716,0.3267071096875449,684,0.0772311209877531,0.4063691429114793
492e7xxx71,0.07821381860753092,0.06373267584566808,0.06948365791811259,0.3933076323442949,358,0.1645154869172526,0.2063990792256707
49cacxxx71,0.07064076541396795,0.03137756814876407,0.0703698565847545,0.41612181231660317,593,0.1409161058134745,0.5119810886707867
4a15dx91,0.24561952770605827,0.3701203013774904,0.2925132236404064,0.5923048796785277,1103,0.2782794391118575,0.5643005900721072
4a752xxx91,-0.0691448352207975,-0.12264903805793825,-0.09145583042617036,0.3006479647866202,590,-0.0402075074677838,0.5573636830291038
4c356xxxx51,-0.23903008889349178,-0.3430818775298078,-0.27557538748869964,0.27184839965265567,232,0.0908227241540923,0.7718345710635602
4cb5cxxx71,0.23479984140639298,0.0972807336164711,0.18403980519786287,0.2187677756893034,128,0.3925333787560844,0.502293365134497
2e409x71,0.08732306863580286,0.09538719518339926,0.0904158886878701,0.3962744902949572,441,0.1403769856397594,0.6891011588453434
2ee2dxx71,0.3104280157348779,0.47092853360392145,0.37915784751958137,0.7879675036336559,553,0.2723395190969789,0.7284506254990631
30735xxxxx71,0.13016691743183031,0.11400424914355539,0.11385757308041898,0.3330151443095095,442,0.1202644531554283,0.4441029231083995
30f6axxx91,0.30727191816023003,0.4553473316139648,0.37698906830017426,0.6770342727059113,412,0.1842296691866795,0.7679011201565225
3116exxxx91,0.22937472791207827,0.29351489258689006,0.26459561699165224,0.5499390048548185,676,0.3386320968954277,0.1540683936675602
31516xxxxxx91,0.46468959557612877,0.5409932375994109,0.4966045474388025,0.5004489467034099,577,0.5427947184387814,0.0805020226697062
31a2d91,-0.08381332348051834,0.011998915673323549,-0.048926787488623155,0.567093582598234,1131,0.1533215419421077,0.7077501175441357
327f691,0.5216346871900084,0.6276033935247164,0.5816630010287803,0.6815083959680378,634,0.5299596441912694,0.6618536850213845
33606x91,0.394310524520969,0.4640334095762668,0.4358076358054893,0.570364850327008,352,0.4103478586553016,0.1469849997028314
3361391,-0.2947321044961757,-0.3095296457537169,-0.31098188105294267,0.33616780853690237,464,-0.2135972552985602,0.1693385626978227
33bd7xxxx71,-0.022918812512722833,-0.056726324202802894,-0.041918561446633376,0.3966102262763592,274,0.0174524156508261,0.6049739796472421
3442cxxx71,0.5990602127532604,0.6507855248186394,0.654938407207509,0.6445565150522437,525,0.6727125025007378,0.3025243702478186
34f56xx91,0.5165265094092469,0.6293756974389155,0.5772068202441457,0.7129649524639504,600,0.6547203152097125,0.6832061997554596
36b62xx71,-0.7898916302891609,-0.6779699402507723,-0.7332508218716545,0.6411252230285576,782,-0.5279305721550468,0.5552638681918592
3705exxx91,0.5618646971179082,0.6301844252566209,0.6036760836403945,0.5487168811490137,690,0.6762990128171353,0.2450143479625732
379e9xxxxxx91,0.4356655912804574,0.5368798023290213,0.49179867275573774,0.6726622612471229,722,0.5570493568066905,0.1969263070477011
39017xxxxxxxx91,0.5436883036570725,0.6199463907890698,0.5828885503499759,0.5678017224600052,214,0.4331226621220276,0.0891927964803221
3a6b1xx91,-0.016134422513272267,0.03950525911782802,-0.009785594996607685,0.3921784237031249,709,-0.1541743906530363,0.2969015252435472
3aa01xx91,0.22932616094929228,0.3800779440101735,0.31917430807543845,0.7849449821961161,1245,0.3944200447098157,-0.0268772568592053
3aef5xx91,0.23711232029844678,0.36507836560409407,0.28759668768708163,0.588440078409593,772,0.2393100044471117,-0.0088380607383722
3b37bx91,-0.04491672322190496,0.023961807406092182,-0.019453353752663573,0.5495488793296478,1114,0.0960854520302041,0.4965210714407462
3bb99x11,-1.0878040773235118,-1.0495700219738258,-1.0796435034812732,0.4512829982757628,442,-0.9515388398794948,0.526094314165796
3be75xx71,-0.3196268436501348,-0.30288223700022826,-0.31753193227774745,0.4667106721831764,517,-0.2352069147029777,0.8539403250862078
3ddf9xx71,-0.46379756946516565,-0.5304466101726945,-0.486383904770815,0.4087579357428259,267,-0.2935205344917314,0.9608347369786155
3e1e0xxxxxx91,0.47154493520874324,0.558358216597998,0.5070483903160343,0.5052372311093156,519,0.3729903706080897,0.6471687193014473
28ec5xx71,-0.4784666799906882,-0.45477186751197624,-0.4827740011551038,0.5099444606300416,207,-0.3030518752542516,0.2309270028148032
30735xxxxx31,-0.583509591154278,-0.5945571567203097,-0.5978671309251874,0.41403126242461336,250,-0.4989619843883153,0.2417463936548614
3269331,-0.648718635697898,-0.6447725681832608,-0.6722516309233688,0.3561936512120425,154,-0.6089084124194211,0.6198517167813885
3269351,-0.5062848706619426,-0.49870093806322247,-0.5251489192359947,0.40472428367938634,343,-0.4497191126092906,0.3703336535547605
349aexxxx31,-0.7987447304466251,-0.8835626443286061,-0.8523447623791669,0.34986258162949563,52,-0.767598250202601,0.6096734232930029
349aexxxx91,-0.023932605014209147,-0.029687725708789525,-0.02437722143169826,0.4657127338706771,405,0.0900652618886783,0.7779030138507437
35829xx31,-0.6600965167111097,-0.7365632476053305,-0.7262397517165244,0.1918148192290643,78,-0.7057024036948343,0.8519925692835815
35829xx91,0.03921153840890986,0.05201109051771493,0.04284100827013821,0.49881542957840624,526,0.1198163500153527,0.7093523869807449
39984xx31,-0.8336090983943475,-0.8975735958213982,-0.881862974904591,0.23014429307123252,80,-0.6159839021415854,0.727945621129185
3df2axx51,-0.6379669103956251,-0.703806856824887,-0.6834040080132875,0.3142747407706729,170,-0.5526083498003584,0.5772515509778791
43d05xxx51,-0.2556555492518665,-0.33882650810231113,-0.2923179152592034,0.3013713639298858,374,-0.032546914655986,0.5384061995092313
43d05xxx71,-0.2995869627368209,-0.3457167645361835,-0.32213138894132487,0.33994169292783777,760,-0.1346218858436021,0.3584473106173131
2ee2dxx91,-0.1263829485166525,-0.014260126507480191,-0.07453265145733894,0.6820362632037705,769,-0.0168945243420773,0.7515570004303604
30b3991,-0.009858516175695725,0.09161714243360548,0.022194298569822146,0.5791355293414966,541,-0.0042949577823991,0.4602975622378944
30ff0x71,-0.19179364032660196,-0.21083965811915265,-0.2022774267096189,0.43158707050131434,267,-0.1334096812498712,0.3953073901415045
32bbdxx91,-0.010085064188715284,0.05128926113753535,0.003982139826888718,0.5455122496163365,325,-0.1070874079079649,0.4480162791649982
32e4cxx91,-0.09513447987315227,-0.06465648462960594,-0.09448794453939015,0.502365141262106,353,-0.0752027556621784,0.7634487475995845
32eb5xxxx91,0.1654059427798356,0.2953306143741632,0.22457660044243485,0.7348870589188692,752,0.1993162627078593,0.3671486551737216
33219xx91,-0.11389995103434639,-0.07445826143842132,-0.09580790311756077,0.5220716720880044,510,-0.1197902373053463,0.316789087852056
33698xx71,-0.11984062022287006,-0.118226776423514,-0.10769291460010416,0.49577677440572526,408,0.0629028938967235,0.1597475201329228
34f5axxx91,0.08597577051085316,0.1497761199927833,0.10729806279643128,0.5926927686578276,372,0.1490730630411608,0.3426467235847154
352b0xx91,-0.15790345660928842,-0.13249957352870564,-0.14451158927182656,0.5233549509923048,485,-0.0716576460286314,0.5514115539652954
35469xxx91,0.15705926093444253,0.23850680131457974,0.20019898714369602,0.6764121558217272,719,0.2568159230934161,0.7601613310549501
36520x91,0.09778785317369933,0.1815615735212232,0.13294743294318084,0.6363127551052488,530,0.1490814903095075,0.3577428196038746
3a5e9xxxxx91,-0.10422760520671627,-0.03050016830441463,-0.08778599819780578,0.5365212847832708,521,-0.0967852534210614,0.7783809476578685
3b35bxxxxxx71,0.18269558259406093,0.23479702564523652,0.19460768291735253,0.5023628163371401,537,0.0459960599326353,0.4168681472711002
3b463x91,-0.23693863423265404,-0.2224813147824596,-0.22714045878801617,0.49825707837375754,603,-0.0292445091320456,0.4653314527486635
3be9fxxxxx71,-0.22527467313709562,-0.223832738180414,-0.22332964071265504,0.4603380057480421,466,-0.1582105690597963,0.4155184747674803
3c7d7xxxxx91,0.12521974859631688,0.17469440849642465,0.14193198450969166,0.49190660258910157,628,0.1004406512297669,0.8405628417349913
3fa68xxxx71,-0.268545269456968,-0.2984894353718062,-0.2774030829960775,0.3877861056972434,520,-0.1309538595121918,0.1495473641061654
40ea7xxx91,-0.18327998515572658,-0.20828580824792625,-0.19464154231977482,0.3256443472388446,986,-0.0662328118333038,0.3061710429515263
41218xxx91,0.14335540283337567,0.22930534369812872,0.17681473196561995,0.595328491561579,844,0.1735083899599394,0.6710975977244543
43ca2xxx91,-0.3626760538621252,-0.37294175391083106,-0.37345601361270886,0.30709174673576467,1045,-0.2321040684457555,0.3407910528675426
440c1xxx31,-0.06386854907706085,-0.10601086098628854,-0.09060476142465951,0.3012721206086244,327,0.012892962361406,0.2547154962302368
342f5x91,-0.3708736001747002,-0.3795501343668327,-0.3746064014056631,0.3965154766959787,607,-0.3107295303781087,0.8071075243944434
35829xx51,-0.582440058894366,-0.6449561874037909,-0.6156341635125014,0.36483018141249324,135,-0.502169852212952,0.4007430449888392
35829xx71,-0.30529535717586637,-0.3215267839471513,-0.3121664123254479,0.4937152985023737,278,-0.2142449284965413,0.3885401639095955
3e4afxxxxx91,-0.008770900293345344,-0.018606278645373397,-0.015460238262740525,0.32994416192117,581,-0.0129985173741702,0.6614019929481106
41effxxxx51,-0.35495844699611084,-0.44018010992256906,-0.3995373582085698,0.2281304219192576,388,-0.2602893946799057,0.3953274639522853
43ca2xxx51,-0.5121124866103238,-0.5748020015138021,-0.5547641075752473,0.19688786703759448,314,-0.5150265974531645,0.4356815365640102
31d13xxxxxxx91,0.988449986863058,1.1047249314479728,1.0492690355810472,0.6871816451367997,453,0.777382894911442,0.6008191881881934
32266x91,-0.30380005165256885,-0.27399894416498016,-0.2999260257681606,0.45260750628141083,916,-0.2155530009784501,0.7376835472584504
33698xx91,0.2215466906307892,0.31811209374937266,0.29134160589894126,0.7026817174438569,682,0.4063571681876646,0.8085393792817636
35ba6xxxxxx91,0.5526149878696832,0.5714951068793369,0.5576641015933093,0.3784426280412656,464,0.5065040482957889,0.1362714978867305
3864bxxxxxxxxxxxxx91,0.40775996001252685,0.4326538746600415,0.42031880664409493,0.43893308797788105,481,0.2940153350867056,0.8129452677926127
39aa6xxxxx91,0.8162367442153531,0.9372008845586152,0.8625426756635385,0.5900750329434686,591,0.7125688777666159,0.4257667393877043
3acab91,0.6822322437848107,0.6567794601773912,0.6673024087726852,0.33638130931852056,272,0.542002354442124,0.2861480935381374
3b036x91,-0.36829901087667277,-0.3323059050910605,-0.3689935218263767,0.40712600043144237,388,-0.4358902568615106,0.4121576858474265
3ba9bxx91,0.6570040183948854,0.713949954260901,0.6850868563095311,0.5187525324924734,496,0.6154389483040009,0.6448695528047244
3c326xxx91,0.10439505953809064,0.10650043319027828,0.11559943384069017,0.41930355030452054,714,0.1781179493230881,0.1359158877065514
3c5f9x91,0.5055191603834662,0.5624030514977107,0.5411765580505482,0.5521924438588532,583,0.3212125092071484,0.1439468240822979
3c7d9xxxx91,0.48233935181104426,0.5556002614781912,0.5217440223808293,0.535829047495553,797,0.5564952821240177,0.4472534406560162
40127xxx71,0.38754770172155795,0.3943417221812429,0.42192792946578084,0.5769570884359664,317,0.4385739008216965,0.6754390975283396
409ebxxxxx91,0.5600729046154498,0.6374931594540737,0.585440400010833,0.48760970320000174,1189,0.5705472875864604,0.2583589679265812
44eaaxxxxxxx91,0.5165951020855458,0.5657093989149159,0.5371282513300663,0.5238233996018751,464,0.4716320132373312,0.7783172827072437
452f4xxxx91,0.5038761139581955,0.5562697094586144,0.5369014983732323,0.490174825068689,1264,0.4874314200492419,0.5343394517316887
28437xxxx71,-0.00558470280966524,0.08607816810926316,0.0304210787434011,0.5895323151887545,691,0.0918735891266608,0.7657861246002206
2c7b1xxxxxx31,-0.08645519982011976,-0.0509386973166675,-0.06726378913222637,0.5821528551318872,250,-0.0482931055197025,0.6801815858987065
2c7b1xxxxxx51,0.15165018504987995,0.23727262047751801,0.17933916832878596,0.5791438503144283,459,0.2378346644130886,0.7874919343730641
2ceacxxxxx31,-0.2111691739583761,-0.18979502875167967,-0.20961994036429735,0.4785134862046284,306,-0.0923591737134663,0.7563396799924136
2ee3bxxxxxx51,-0.08390090125081624,-0.013773502162905843,-0.06637739905303068,0.4933220718358781,1004,-0.1128661572869243,0.8952472449167737
2f9b2xxxx71,-0.18764462865874376,-0.2104182687980099,-0.2077938114806478,0.3588788887842564,418,-0.1537117619931723,0.4592734325667019
36a3bxxx91,0.17520793251661598,0.15954670704413862,0.16558892957310847,0.3462844701950225,502,0.0702627169359429,0.1698411192804678
3b35bxxxxxx91,0.09671487994574011,0.17187767373194343,0.1284075317944393,0.5405150432546137,1078,0.2996607528717672,1.1575755563342287
3cbc3xxxxx31,-0.5301028358880786,-0.5579013360199421,-0.5451045008527786,0.33671248849795976,579,-0.4526056186812196,0.4099857890142666
3d2c551,-0.021804359460849087,-0.046220148721154826,-0.04511838487008798,0.2916531122301694,541,-0.1241840766124494,0.3994531302310242
3d2c571,0.11725032202398014,0.1170374095768214,0.12521217144952185,0.42105270964538544,518,0.0913355475296262,0.7355646107553384
3fad4xxx91,0.25932975295089566,0.3840815787152746,0.31545885787923655,0.6708926688376271,1234,0.2849463637563437,0.5872071214400701
3ff31xxxxx51,-0.07312785986732513,-0.10308093184918163,-0.09294090978898278,0.32497797454289984,736,-0.0430713116097733,0.2724748379485208
3ff31xxxxx91,0.5813585856764374,0.6716871294301718,0.6357144010807703,0.6177149574584653,943,0.592393184192819,0.8879408133614268
401ebxxxx51,-0.45989644097765675,-0.5034700996387853,-0.477983962130008,0.32981794065420583,677,-0.3003115028747811,0.4980244992689125
409ebxxxxx71,-0.07164331927899668,-0.04720391587334508,-0.07671886642160351,0.3878127864190711,824,0.0030732784691088,0.5801541559203413
41a76xxxxxx71,0.0048769466864090364,0.026893033746038422,0.02281955733950245,0.4577123215768284,951,0.1230832665243966,0.1737749778818427
41c67xxxx71,0.4230165182412118,0.47016025105781745,0.46176153003496195,0.571007365734123,858,0.4407068856491653,0.6915364382237591
42de8xxxx91,-0.014602273774068659,-0.028318443608424816,-0.019280694184146675,0.3084600179244083,1041,-0.0613714533163009,0.9109645728189376
42fd0xxxxxx31,-0.5593193968237188,-0.6429206084489447,-0.6056687321637277,0.19011322106888542,445,-0.4190982889145576,0.3124591120791238
43222xxxxx31,-0.03811494541393218,-0.07725935208224612,-0.05004164997978013,0.351201912187213,538,-0.0480794707881357,0.8352493332218229
452f4xxxx71,-0.3085804463558452,-0.3402292983968702,-0.3310700859059343,0.2512558963911278,1134,-0.2078053171589804,0.1553824373205477
4561cxxxxxx51,-0.7559117829666405,-0.8368456337480329,-0.7930491230289716,0.16419842891380318,660,-0.6668563740549502,0.4742336849213682
4936axxxxxxxxxxx11,-0.028929122991484,-0.09292820000630861,-0.061535028882913186,0.23280914831758753,401,-0.0577958725953286,0.1204472510765776
4936axxxxxxxxxxx31,0.19865817153848492,0.1563252916144409,0.16774120195906647,0.24148702607813494,585,0.1908396047778547,0.2189558488590753
4936axxxxxxxxxxx51,0.5831379718945129,0.5893908996207067,0.5968741764241643,0.4250261332961838,689,0.7063936393014101,0.6911585089216002
30735xxxxx51,-0.12686592556623374,-0.13084115053426396,-0.14740064279826767,0.37006886976809794,370,-0.1211722655884585,0.6977879612697088
35ba6xxxxxx11,-0.5549598321992334,-0.6023080626736173,-0.5883698080096333,0.32150865351625796,230,-0.444377824493803,0.8775225601697283
37fa9xxx31,-0.050751814730854175,-0.023523535104667856,-0.030546991024719083,0.5136656227307284,645,0.1090678195038502,0.2336851451414854
3a539xxxxxxx91,-0.19712753515608336,-0.18589869842139184,-0.19724620494313552,0.35148486034569537,1160,-0.1400389813520849,0.6560229317742586
3aa79xxxxxxxxx11,-0.5234241245118724,-0.5401788021460169,-0.5346792713442986,0.38742176801136674,382,-0.3922149264436698,0.320524382730013
3aeb1xx11,-0.8078237706970638,-0.8855068898197357,-0.8461007857101763,0.29458542120359943,61,-0.6951542185111005,0.5670097137724586
40127xxx51,0.2249017614578739,0.1884379841566499,0.21797043334057353,0.34272193662647293,568,0.322295975152514,0.169757572746517
41cfbxxx91,-0.03946118016642752,-0.007163852315042135,-0.013108390838425103,0.46723734450972454,1691,0.1816797582669741,0.4640082785893504
4b07axx51,-0.4809430726872096,-0.52395157405728,-0.4991124154757348,0.3689407916529056,320,-0.264240439122699,0.1164990542880994
3639dxxx91,0.5962247767675142,0.6190308184614969,0.6081295643630816,0.40976418584382684,280,0.5490871324252591,0.1864972050618903
36f55xx91,0.5823377187523755,0.6471728368855841,0.6222204507412578,0.5870244514257897,322,0.4417485959346423,0.2636205733175686
3ce7axxxxxxxxxxx71,0.5665732068208145,0.634591953097353,0.6160016305586827,0.5649544865426956,923,0.5012392346491596,0.123578867969047
41d18xxxx91,0.5246996473553902,0.6361477563301039,0.5795252933251462,0.6073136203263453,963,0.6047921746832323,0.1832886236332571
42a5cxxx91,0.1343954329024417,0.15258466535524104,0.14204092729957873,0.3813499131855252,1270,0.2297722071149446,0.2541639345446286
42ecexx91,0.5081657939132298,0.5693980504729472,0.5329557871284409,0.5072553766555609,451,0.2640756648299525,0.5262061112536851
2b4f2xxxxxxx71,0.6395158888146409,0.7136201800008534,0.6897017620340371,0.6483889270175832,547,0.6690273396069174,0.3085271634820476
2b4f2xxxxxxx91,1.047583487067546,1.195404854117203,1.139480266779489,0.8635510537771401,376,0.9697619686062072,0.5927962844037991
2bee0xxxx91,0.595782394617727,0.6172390777255335,0.6172452559417351,0.5286824061425968,268,0.6555776668016067,0.8844082889947407
2e409x51,-0.0970763855979363,-0.14190259773742409,-0.12402968783036623,0.30971945651035954,252,-0.0771396594995868,0.930315421548894
2f167xx91,0.7808893956425231,0.7731029114156084,0.7837761327084949,0.3683345373141391,244,0.6291163869636346,0.1977348597160753
30a33xxx91,0.8984987164602577,0.9541254637967717,0.9347802338182536,0.5015790791035483,264,0.8649718533114202,0.3160161386650817
32b80xxx91,0.5662458566391848,0.6132592765052955,0.5970613733893224,0.5465163254990569,332,0.5005707004895894,0.5248425591957238
33ce6xx91,0.8881520755773461,0.9369087493687207,0.9237731709962799,0.5244750638182826,318,0.8432833536571324,0.4178919409736215
343a2xxx91,0.8847721171352088,1.032850465317442,0.9592748006149313,0.6962521041470005,375,0.9056564627890156,0.4303748247874825
35b17xxxx91,0.6275263895120342,0.6242193638525496,0.6149110557762513,0.2856252176219487,482,0.4242844179575716,0.7612679743530362
36cbb91,0.7905832905454433,0.836780104907196,0.8202598301826005,0.5046319471825028,344,0.7195909668497992,0.1981119617174544
36fb2xxxx91,0.9017450994247883,1.0292343693481796,0.9595920048226207,0.671533028134476,440,0.9258479140866304,0.19082909539931
392e6xxx91,0.6510140413535075,0.7448469291839261,0.6893232205637518,0.504349003327494,551,0.4791966652335761,0.6822916279907142
3a111xxxxxxxxxxxxxxxxx91,0.9847412003300494,1.1601322690682432,1.075499667430181,0.8230296597283696,536,0.960058058015802,0.4988615181587971
3c0b8xxx91,0.8923030440142414,0.9499763103580959,0.9421172369757104,0.5938619930257352,399,0.6798581908030226,0.1991129149763642
3cf75xxxxxxx91,0.9370574001194624,1.1377641549389381,1.0116417025262174,0.6689540226381544,681,0.5071787617442215,0.5660709503908588
3d06axxxxxxxxxxxx91,0.7627092338334716,0.9050926521073086,0.8434427800509716,0.7524414607331683,707,0.8041761159838603,0.4944861991486606
3db1fxxxx91,0.3532369488153646,0.3140177179732908,0.3482456775342999,0.36533085862241177,283,0.3431585083024793,0.8128405275908116
3f19dxxxxx91,0.6055130301992622,0.7180454313125353,0.6579453635392757,0.5949058670403725,414,0.6272433296787112,0.4281971536558623
3fa33xx91,0.4490564555220947,0.5548969201656797,0.5084978524619507,0.6182568675413245,1249,0.4786380779424136,0.0889423172785222
40127xxx91,0.6217220344723952,0.7214012024975361,0.6972616613579566,0.7602874780033644,295,0.6282701355682032,0.7620786188667877
402f4xx91,-0.2548842677391158,-0.27415108131029353,-0.260206648116106,0.3423046737781317,782,-0.1100027063686849,0.483278942475742
409cexx91,0.7920795153883264,0.9282219393726144,0.8927027665066986,0.8418766250155593,721,0.8339155120117714,0.6971649334519583
41c18xxxxxxxx91,0.7301588570632059,0.8043988829147878,0.7707601079331342,0.6206510804038098,539,0.7405674217405869,1.0163815897470756
338afxx71,0.5758121273923411,0.6596010135581784,0.640426722711538,0.6957560002560703,577,0.6253512903898562,0.5337284221691049
33ce6xx71,0.38031266572172673,0.4028988891396551,0.40381306235613396,0.48948683034813384,467,0.3880949742206546,0.1628669555462518
35340xxx91,0.2791091838634499,0.34832138738071416,0.30675651710211266,0.4938252003015873,685,0.3159587310299378,0.6012343234660565
355e0xx91,0.7463373202510697,0.7971368208421827,0.7666643880379095,0.4908517838812481,281,0.4907249998274964,0.3443319751851506
362c5xx91,0.3439914618974713,0.38931136828325064,0.39371525224247556,0.6147081793558661,801,0.5484741422906131,0.6994911492464715
37e81xxxx91,0.40005932979494485,0.413185741348783,0.3968392084739606,0.35270863706525263,339,0.3756129401035167,0.572644140919336
3906fx91,0.5842368958931946,0.659540770391209,0.6255915930733352,0.5800496606576636,465,0.6430859903228577,0.5649960723609389
39be5xxx71,0.41291419519559897,0.4550346766316088,0.43271485277283556,0.5117291398945417,621,0.55820415127006,0.559485178428384
3a111xxxxxxxxxxxxxxxxx71,0.442941619691247,0.5464225789624522,0.4819464750069266,0.6002657407595745,232,0.4656783583909004,0.5706832387273542
3b5a9xxxx71,-0.09342368051657066,-0.08484918248860143,-0.09044159200412995,0.40866874817037835,644,0.0105922217189161,0.6596950230995609
3d06axxxxxxxxxxxx71,0.3725026973141303,0.4548064941615277,0.42647876230692533,0.6326534042274414,846,0.5544248036062748,0.0307814597802672
3d3d0xxx71,0.28178438856884164,0.24592175054536808,0.27831025809599164,0.3843206560566272,202,0.1862427195829239,1.36672544744589
3d3d0xxx91,0.47333440633108137,0.4719288526139719,0.4935843269846607,0.4576537035244998,327,0.529638984379428,1.4710328391830545
3ee0cxxxx91,0.616201137599213,0.6889049744311613,0.6535867143710489,0.5451454688133459,553,0.5879840983511815,0.2664876182643658
3f6d391,0.4654293849418691,0.49199781233850504,0.47542247707948926,0.37837514134095224,374,0.3717887130303408,0.2380915152292909
3ff08xxxx71,0.6386195496784498,0.5947029522685733,0.6324776771255581,0.3240553335828885,444,0.714603686848547,0.2446548866763308
416b4xxx71,0.246528455267401,0.2187361919108368,0.24275705751270849,0.3666198198594236,526,0.2551164963237651,0.1553793862151326
42461xx91,0.5004068308556167,0.5532830210841871,0.52093252643613,0.4399953436067393,737,0.4244059938642956,0.6015322855693749
43222xxxxx71,0.2758259673447011,0.26075642351510503,0.31307529959314456,0.6102768660743589,420,0.4273680858436485,0.1862205453910824
43ab4xxx91,0.6417535343459397,0.7211530827923056,0.6762031749039458,0.5431166380704068,687,0.6568519928669185,0.326811217928769
43bdaxx71,0.5824493028952881,0.5959804317398582,0.5958767706122653,0.4534061730776625,447,0.570915119318116,1.1514524111940063
44178xxxx91,0.4752897472306443,0.5027900712604788,0.5005347652717832,0.48433160968862327,753,0.6155269201337871,0.3455030242846899
443daxxx91,0.6798140931991854,0.6104079414323883,0.6700912664037775,0.3454584516666724,140,0.6619492520348322,0.470806397086097
4525491,0.8332972509816585,0.8253369414907106,0.8461549094535109,0.45716139903957703,346,0.7083806636957688,0.7170801095947387
45274xx91,0.35754043497923177,0.4144238358637934,0.38750235385473214,0.477697157139519,1582,0.5643675449602081,0.4139587878025764
46f3dxx91,0.6968765105338792,0.6961499967235442,0.721538649485334,0.5302522294359667,372,0.9386723090007022,0.4736578967538083
491b6xx91,0.5108408102533444,0.48323619035064375,0.515950174020292,0.40522866986134326,558,0.4867886283173087,0.4890190128552015
492e7xxx91,0.531245327051807,0.49938628333190177,0.5413739535959587,0.4508125723677349,378,0.641017315993611,0.7131961100437516
49cacxxx91,0.619267360196831,0.6017362870230827,0.6453720093540456,0.5246505734420324,442,0.6131579745670691,0.8432697641271967
4a646xxx91,0.7051986715636934,0.7186427032835329,0.7457609146790354,0.6219732817322113,317,0.6965556021124406,0.315490293387052
4c006xx91,0.23647386968503112,0.1679848563988953,0.21563124262168384,0.33321803349699186,178,0.3766332706090375,1.0444630370956274
4e47axx91,0.6276796693292577,0.601638287560536,0.6156488038636095,0.33600754668725397,146,0.6112678614026968,0.6400044500410318
6aa7xxxxx91,0.28677463375247625,0.31527330116155267,0.3094275405125204,0.4853534413217133,484,0.5493888997333869,0.2996643186206099
6c4fxx91,0.5389781467781929,0.5316738991476918,0.5433775367482057,0.38351097087100755,167,0.6306474941034355,0.2470195140870055
2d5bdxxxxxxx91,0.4851877130478073,0.4527987577987786,0.48232266869461643,0.33601805093388754,178,0.5365212320371499,0.1100924803755042
2fd7cxx91,0.2600177100309767,0.2866240800694394,0.29608730994868654,0.500317266086191,340,0.3449894961811273,0.4323625707841373
338f8xx91,0.5976744557730376,0.6715348925529034,0.6331287000629393,0.4990694888587037,279,0.7715520435386017,0.0570626870406894
3697axxxx91,1.2015462629245668,1.3011258646966015,1.2730207123317365,0.6964387221278397,518,0.9121798786786848,0.2191237585710715
37c1dxx91,0.6163634618690448,0.6244713813188125,0.6207998888237962,0.4071538842749203,216,0.5823244658187072,0.1354197242314537
37fa9xxx91,0.976313312830851,1.0134421876078654,1.0145861064285464,0.5347570768024089,387,0.8714583808394147,0.5641303712096326
3a1a0xxxxx91,0.36516409045802517,0.34030750828697154,0.3699741155224417,0.4347692314295987,107,0.5061241878087973,0.6182798410468294
3ad60xxxxxx71,0.5715735199854884,0.6279839140659529,0.6181488611128398,0.669961480922625,128,0.4951389415176184,0.6751121734591612
3dfc4xx91,0.5371442423771522,0.60227207517,0.577065855633125,0.61042634478771,260,0.5200829311659337,0.5948036586050618
3f1aaxxxxx91,0.5023817018323744,0.4911827261839719,0.5255794671988355,0.5707727598851919,121,0.5892250315812879,0.8610495809714614
3fbe5xxxx91,0.4896155110902254,0.5395151192461847,0.5216989750937482,0.5243558841066073,289,0.6216428791446958,0.5899957665435704
42affxxxx91,0.44173489095512314,0.42862180391719956,0.45582264827553615,0.4171435883920163,231,0.4668316595538405,0.7264525675573226
4936axxxxxxxxxxx91,1.123006784186367,1.1065824745430022,1.1454590822816935,0.525165715995507,228,1.0486864672063718,0.1798413704760668
2ee3bxxxxxx31,-0.29225895096181287,-0.29769638334933557,-0.3031251116395657,0.3932703000799642,462,-0.3667625911701901,0.7079976899720436
36cf0x91,0.25579121278305333,0.3296241002306365,0.3045923665430041,0.6581471827395001,854,0.5418639078309239,0.3543565035646517
3ee4bxx11,-1.3876393037229293,-1.332420388179109,-1.3991088860884862,0.2868099713829708,251,-1.2980585906016766,-0.2099412358415846
41cfbxxx11,-0.8786515486500329,-0.9747281046526108,-0.932685035335879,0.14408043118418581,127,-0.8672255680790382,1.2701717170286355
43018xx11,-1.22609031128779,-1.084419644990595,-1.1673479393945363,0.6039653620976875,1088,-1.032636549047397,0.1175425374387636
48445x71,-0.22575258688294195,-0.239493012429648,-0.23669639941106008,0.3178517484398589,780,-0.2492884417264218,0.1602298831040015
2f15ax91,0.09060929095957061,0.10981403068944363,0.09401091591061585,0.44590058443765407,443,0.0953459335154429,0.7107860722814558
32788x71,-0.1936268319522373,-0.18500350708714455,-0.1959481002340788,0.4556950632031845,292,-0.2229526550022388,0.0223977518106359
37d4bx91,0.5264986593357682,0.5996180190124758,0.5669300275212401,0.5949410427300867,604,0.396299253732406,0.5501573577103791
398fbxx91,0.01248993861638971,0.10044005737004649,0.06488613696900965,0.6112782899558429,1164,0.1706064029158578,0.1454587059050285
3be60xxx91,0.2695517305431009,0.3011136043581955,0.28830544223700044,0.5075963951362558,727,0.1886798851137688,0.4735458253977623
3c8d6xxxxx91,0.37700221142750306,0.40112375082381807,0.3844084633090334,0.4210383450125752,378,0.5153549872098514,0.3424761705231862
3e122xxxx91,0.36264857727218575,0.4565153391210373,0.40742187241922573,0.6111048362840376,992,0.4301096035104858,0.4876075586047525
3354bx51,-0.678754234557596,-0.6811192782843521,-0.7192374757016711,0.31928626007382716,128,-0.721413058454949,0.5348284942320389
3354bx91,-0.2775393671965537,-0.30190573682244726,-0.29709915839924333,0.3604950836609644,417,-0.2112233758692857,0.6374659732537451
36a3bxxx71,-0.20881430613982385,-0.271610265045135,-0.24399453190287,0.27583781083720615,339,-0.1194963069704172,0.2176769912283818
36ae7x71,-0.3906133651512838,-0.3860010509326431,-0.3964573240604293,0.49419579992564594,281,-0.2535965786271977,0.6167745358116279
3d8caxxx91,-0.2363185512908673,-0.21082607699523703,-0.22936795425208248,0.3997514562286284,1111,-0.159512062342976,0.5369475244222152
24d9bx91,0.736249477841743,0.764392122221869,0.7709085879567972,0.5699518379978854,236,0.6548497318512196,0.6928263357760881
29d32xxxxx91,0.4512854858568808,0.5278775982909218,0.5027119510899106,0.6480514664294579,435,0.4784118212784261,0.8850859496273303
2cde2xxx91,0.6229060755531547,0.6984274957510739,0.6802319853764114,0.6568611910121672,194,0.6113858753482143,0.1669481331901731
2d64axx71,0.6377444695466115,0.6926092564149977,0.6567383204578747,0.5371856149018662,197,0.5881937629740741,0.5699599049030672
2d64axx91,0.7837320226901996,0.8836452552414168,0.8329055871209424,0.6201866817409686,302,0.717091627508824,0.1778020030092729
2ee3bxxxxxx91,1.1438941832293112,1.3074560365145276,1.2472523494156469,0.8568799196156216,408,0.996127287526184,0.6370732126203278
2f8aaxxxxx91,0.6397472131418765,0.6260637955805157,0.6426801385862146,0.3583953197603784,206,0.583557623783262,0.165241201921926
3361371,-0.9183397407925936,-0.8788172193353136,-0.9255354551249203,0.4256470603307549,261,-0.6725251396081962,0.306586336828363
33ce6xx31,-0.2542829864413241,-0.2650061436506996,-0.2688057404467749,0.39576167087631964,170,-0.2100663863001484,0.3046078310675974
340c0xxxxx91,1.002926620443736,0.9816604565107337,1.011990690573922,0.47468783411797816,132,0.906420854464182,0.4471376977350695
3442cxxx91,1.151626953682007,1.2039128887435895,1.1985527404210299,0.5879453386239346,239,1.0361212848957244,0.1869742579513383
344bcxxx91,0.6830422341672674,0.7284509694330794,0.6930484153842658,0.4243372583441878,403,0.5919010873058161,0.1811382758321607
345b9xx91,0.7132987947982153,0.7904427283112564,0.7667117805744645,0.6469465912224985,298,0.6798467990823631,0.0371802817570644
35f5871,-0.3883816247680399,-0.450443972713242,-0.4194961824374273,0.35360738564064487,138,-0.405513422878507,0.2068458403131553
36870xxxx71,-0.19181590256057637,-0.19092739483911852,-0.19740228381792713,0.39075955358955394,318,-0.0866626125461793,0.2501851143369938
36870xxxx91,0.6483789981491026,0.6861717915707354,0.679585579192233,0.515567186800234,236,0.536012769231275,0.1026947344869452
369a0xxx91,0.5495695342469357,0.5279818135767638,0.5491414965422721,0.40696993172497276,129,0.5606563127366231,0.8756238202479161
36afcxx91,0.28875508971079417,0.33429745278351203,0.31870313404439354,0.4808566918339351,285,0.3741015995673314,0.491486247881316
36bce91,1.0662649151439443,1.218038624117627,1.1737095875577337,0.8609328567587163,753,0.9364634144318824,0.6978453260729168
36cf0x31,-0.5246320114212537,-0.5574153423171226,-0.5588621985056761,0.37377239928433525,127,-0.4840726159900496,0.6546599123518873
36cf0x51,-0.3454706065095461,-0.3059062264067059,-0.33427087187770216,0.5313880576982666,352,-0.1776806122692017,0.5489401268446178
3731fx91,0.7841059666491701,0.8315811696307118,0.8114279799428805,0.5159173775857868,174,0.7005552385971416,0.5603767300164909
37483x71,-0.26942802558060075,-0.24413318399559777,-0.27305546897278654,0.4458465900139723,397,-0.0541051785085499,0.3603340477040468
37fa9xxx11,-0.26783246621566525,-0.2928374463100294,-0.28968135546369966,0.3598206501655522,357,-0.2535021731751319,0.803214978472039
38a54xx11,-0.7277233690160839,-0.7605403489174587,-0.7560106659766139,0.421926683853491,81,-0.6878969732311608,0.4444073923459906
38a54xx31,-0.6454737051123517,-0.6896309012210312,-0.6786809907053848,0.4177117159882002,104,-0.5037205046818712,0.7783043481186529
38a54xx91,0.624455988595612,0.7236618322468745,0.6578579981464437,0.5816539308646607,472,0.3689359018246003,0.5282411737150833
3928exxxx91,0.7440639142896665,0.8205405562455272,0.7918759735597921,0.6182925524084585,471,0.7717640010394009,0.6025549110047334
39cb9xxx51,-0.6651943556711265,-0.6607237180936678,-0.6739623106640893,0.4519262296417164,161,-0.5363634178587378,0.4101183821514512
39cb9xxx71,0.031286689035923236,0.047627350827124305,0.03478756946253104,0.42115159162744,378,0.0396812476949702,0.1460820030914113
39cb9xxx91,0.4303556063579008,0.48684244674527194,0.4671578857436515,0.5954381021140484,111,0.5377064900535311,0.6030961357542322
3a751x51,-0.6054253367022483,-0.5973388715531316,-0.6095673134891749,0.47081064211506585,314,-0.5075763741148344,0.2529856993262913
3aae451,-0.6458115084123083,-0.7165671521102015,-0.7016669462179137,0.21257239878712783,134,-0.6242577307315356,0.4714613744230493
3acab71,0.14667621233608147,0.11186954326217806,0.1181161147634516,0.2936354324863986,208,0.0132299091609044,0.434533466027372
3ad60xxxxxx11,-0.7579264997371439,-0.813278488130616,-0.7813642095632625,0.34699005202859856,117,-0.7115723281883631,1.0329486768089755
3ad60xxxxxx91,0.890331610187159,0.9799390458859676,0.9608947262927655,0.7095305162303802,318,0.7811879405642259,0.6559114382141885
3b2bcxxxx91,1.2814657356680643,1.344281629701832,1.3313807668720703,0.6209173546024067,258,1.0858809484521583,0.6104424744480073
3b34191,0.8069069162299084,0.8672213336352473,0.8559906413777643,0.6540455667700692,212,0.5091220916411253,0.7301624081501785
3b3bdxxx11,-0.5906004687560243,-0.6657690943349273,-0.6376905838053347,0.25462084781012334,96,-0.5712253086865401,0.5853168815557472
3b3bdxxx91,0.682040504197208,0.6824419626524061,0.6835590564450562,0.3593348981613683,338,0.6153163419504966,0.4134486732787157
3b531xxxxx91,1.0262342271827247,1.1014926083141623,1.0884794841096779,0.641607814241801,406,0.9070420568286922,0.1005659728623675
3b5a9xxxx91,0.9154772991262204,0.9865898020153173,0.9445878711493051,0.5005693572187504,470,0.7756000717904956,0.5585289021768935
3be75xx51,-0.5889880723106588,-0.6115546696492985,-0.6073848325286212,0.3802731127677211,195,-0.6357128119465729,0.7862680432824448
3c010xxxxxx91,0.9289882153233534,0.9698928375625173,0.9649902382009803,0.5057490404900751,170,0.785279667270742,0.6775224620156867
3c3cexxxxxxxxx51,-0.40846451422894653,-0.4913232662826542,-0.4470126784990146,0.2061470668571741,402,-0.2193169436911209,0.4567382056278016
3c7d9xxxx71,-0.018372271686107177,-0.005470113186773511,-0.007782662585060979,0.4037280641740606,875,-0.0330873288431537,0.4787912467041579
3cbc3xxxxx91,0.7804394413290388,0.8578086963057385,0.8317781972022235,0.5942055542582036,812,0.8787086552064273,0.216295015236672
3d2c511,-0.8543598969599534,-0.8693238666325043,-0.8509863534284148,0.45923464094333927,417,-0.6965830489148341,0.656429728925654
3d2c531,-0.4038451308975767,-0.4669295053108064,-0.43361444784635567,0.32041272255802,375,-0.3936361057206216,0.7138637538888661
3d2c591,0.3378483874647764,0.38723332149576944,0.3616571908959087,0.4830341845986681,715,0.3317257597335311,0.0493040173165441
3dfc4xx71,0.4517550595603387,0.4377935801094682,0.4411025675060888,0.3456687403232518,274,0.3556254606675161,0.4229374965201966
3e2c2xxxxx91,1.2656192141186755,1.3650080900574908,1.3435859318247958,0.7189134323887271,290,1.0102200665984964,0.7159240121445888
3e6cdxxxxx31,-0.683213517655308,-0.7837864521585776,-0.7366073286381606,0.15617527054673705,222,-0.5821637896620083,1.0491593509103485
3e87191,0.9467037373958224,1.0074463060520913,0.9733012326722503,0.5172426053109136,207,1.004939855405231,0.3073163420946942
3fa34xx91,-0.5726163058017001,-0.5941540112957668,-0.5675262177336157,0.41690624832463885,805,-0.4373798369029322,0.0769223457486354
3ff31xxxxx11,-0.7506839779029391,-0.8422755158472053,-0.7901551517379972,0.25401135845053213,247,-0.6678719929451679,0.476315421467722
40370xxxxxxxx51,-0.45920000005262884,-0.5093765188698117,-0.4843163445969524,0.29659277107811505,460,-0.2468870007343896,0.972515488498921
41c67xxxx91,0.8563539799968732,0.9497575068966652,0.9332498018837926,0.7411174183301314,605,0.923302934221461,0.194939189118459
427e6xxxx31,-0.8789301039450589,-0.9581852350372928,-0.9348920377684469,0.14791350977601,139,-0.6116281697193301,0.592891357283381
427e6xxxx51,-0.680524754920162,-0.7910251943639868,-0.7388831189251086,0.14380748478293992,244,-0.4609918150690656,0.5482642259206917
4324exxxx91,0.8827695391456353,0.9184021822017107,0.9253418302693945,0.601443490141806,257,1.087109213793232,0.4705726166845513
440c1xxx91,0.6436310931592343,0.7005763874615073,0.675155844582657,0.568430238470513,533,0.6499042923318067,0.2841260524140186
44b4dxxxxxxxxxxx11,-0.3065800888226274,-0.3479570322620204,-0.3404786035276294,0.2644794596714319,273,-0.4245931402274741,0.5410429598443782
44b4dxxxxxxxxxxx31,-0.09499085095029852,-0.1190542704793251,-0.11996025428981784,0.3332810480993173,413,-0.0383444149107647,0.3645532689842288
44b4dxxxxxxxxxxx91,0.6269537566247159,0.7038742047881474,0.6835980731176224,0.6303353313938591,978,0.6690702363155254,1.0929675994071624
45234xxx71,0.3672642132082765,0.30982100119333905,0.36776752339524305,0.38332423949672145,322,0.3928431847374116,0.0014480576557744
45234xxx91,0.7269255965327027,0.7043564405230758,0.7378536975035481,0.4287216288354244,251,0.7359403096382697,0.0131091301782159
497a7xxxxxx71,0.2682432909151442,0.21943130766004929,0.2889902179152239,0.5435327006301437,298,0.4645799092293592,0.6910228148539552
497a7xxxxxx91,0.9693090433662884,0.9302980968107303,0.9885574541458511,0.5573146779810082,120,0.9480759538704128,0.159657051243815
4bf13xxxxxx91,0.6719441396061159,0.5583613835811483,0.631115584249109,0.19514610084716094,50,0.8158894726541047,
4cf6axx91,0.287333702742779,0.24208458387019852,0.28766870567228886,0.3569143399536739,193,0.3633737122175602,0.7350321506477119
4d6f5x91,0.7344700084479947,0.7933039187756123,0.786701491149812,0.6328507975891962,504,0.9960439024825696,1.2068148196776587
28d74xxxxxx91,1.1570864145741466,1.3104523754591038,1.2481214554909417,0.8188825055242904,343,0.9959852359801332,0.6479823431900616
2c7b1xxxxxx71,0.490310185261992,0.6126454127102956,0.5468471986603897,0.6751244232929647,346,0.3439053041329262,0.8326374253689348
2c888xxxxx91,0.7989207022363422,0.9152626492404736,0.8639057073884767,0.6856171429493372,150,0.7451983040343871,0.8572218322101169
2cde3xxx71,0.5525299963038461,0.5919618574798906,0.5730942584867678,0.4990731901082,128,0.5157624476654858,0.7765722880261874
2e3fcxxxx91,0.7129859372723216,0.7393674671716975,0.7315270164704276,0.49183644351612005,94,0.6427751672559465,0.690960260848373
2e453xx91,0.9423988169064061,1.0102476871382393,0.9783469351810423,0.5567770290803371,344,0.8536238552298339,0.6326084071976026
3248991,-0.22373580348507746,-0.232588946367277,-0.23507305942576595,0.3369662439131613,238,-0.150946734526829,0.997988728255811
338afxx91,1.1775099869587946,1.2066576424533575,1.1895839148872758,0.4543661461685846,127,1.072700627155056,0.5443742590673771
3598fxx91,0.593427549958082,0.5822878864597355,0.6005621583466538,0.41799294947678695,158,0.6559336198880623,0.2409529034633258
36ac4x91,0.3846168032117461,0.41784309739524045,0.41412449034904436,0.5209352131393528,350,0.3052091744128845,0.6462609429496108
3a02fxxxxxx91,-0.23282701515647902,-0.23477462824345338,-0.23399877210443468,0.40276381002249834,366,-0.1064521232699239,0.1372384867124245
3bcf5xxxxxxxx91,1.1443191599323206,1.2303092016251338,1.2128932041525335,0.648695972456831,364,0.82130956057697,0.685844258824394
3bed8xxxx71,0.7545721013501709,0.8287144422696615,0.8057963836882418,0.6468900347360637,180,0.8302798474552409,0.5469512184372176
3d6abxxxxx91,0.6516768452207409,0.6915181636687807,0.7065652550599735,0.6337001400763834,146,0.6243409952773155,0.1280806876970575
3dc0cxxxxxx71,0.7334612559102658,0.7224198152519855,0.732398535850304,0.3968101321019476,144,0.6876209802064643,0.1751055199136859
3e6cdxxxxx91,0.7459025631638744,0.6722114519610106,0.724892768305568,0.23853391300886742,314,0.6932675788304264,0.6002802348675035
3ee10xx91,1.0967251875764568,1.1658454120809687,1.1500991400146479,0.6173992997838235,436,0.9517980975480548,0.0909599126723893
3fe0axxxx91,0.5756148613910331,0.5308847559460795,0.5569442347928353,0.2592683047891464,319,0.4931762189124269,0.7167000084718309
40d3axxxxx91,0.8728323519955021,0.8795433493691057,0.8958850842991654,0.46658641899830694,312,1.0016854037977323,0.521610539845695
41293xxx91,0.8481864308232483,0.8132018877970792,0.8523062484899907,0.4346014607979302,208,0.7744908759831932,0.2744207430287373
41a23xxxxx91,1.438187474574219,1.530430316192843,1.5303345832716364,0.7946161497601778,176,1.3654225386780483,0.4306230959499087
41a76xxxxxx91,0.3566217820135039,0.4052481711245928,0.39611026587270975,0.5209689649309311,1203,0.4139440731054015,0.1574726340561552
4277axxxx91,1.0630632693045723,1.1025205117386208,1.0903011463183536,0.51835830226331,160,1.020503166512655,0.8056157183576279
43bdaxx91,0.7588028436505263,0.7899697484234877,0.8011139781172087,0.6449761198241711,336,0.8606137948250077,0.9856336819250682
44758xxx91,0.8698512446461065,0.8006713968156587,0.8585430410339924,0.30329156240085414,181,0.6811639373447741,0.3109804133679216
4ad0dxxxx91,0.3768576235943808,0.3855415931167226,0.3869827294636736,0.44459832596782906,347,0.5133070579576761,0.3352317498808312
4c5e3xx71,0.7275156011427163,0.66785642595917,0.7288875595420583,0.34768018384179566,82,0.5805465172115389,0.7184210063625954
28328x51,-0.13727083616425628,-0.07705687823242625,-0.12043048851678319,0.46888349601287665,431,-0.0235078895623402,0.0736709841986095
29ef2xxxxx71,-0.15934180130855383,-0.13272528379270762,-0.1649826609938801,0.4169223727474962,356,-0.1973397143709433,0.5459754740596819
2c5b9xxx51,-0.49093389721722064,-0.4734222342719401,-0.5102658864726126,0.47115471390619534,164,-0.3931071970573437,0.6950534504213887
2c5b9xxx71,-0.3474611296858318,-0.31020010286166116,-0.3588859880638187,0.48459212408869906,255,-0.2975177859433126,0.7331043415098988
2c973xxxxx91,0.7845811794497028,0.8828250289855679,0.8377182767923161,0.6411883600322208,371,0.7097109978352725,0.128311219462525
2f1e5xx71,-0.3718067046302453,-0.31315942707136,-0.3630747163044446,0.5502868232409345,357,-0.1652516544192183,0.616498661411694
2f77cx91,-0.3437460932716332,-0.27671835345738327,-0.3149362344886588,0.5662229606434466,835,-0.2067401553764564,0.6164863737584405
33b46xx71,-0.26549598386744483,-0.25127308627473566,-0.2709253122752363,0.40448682635212035,395,-0.177265444377184,0.6037155318893244
36c8cxxxx91,0.5406334552864244,0.5699329198546041,0.5555597479891113,0.4473624202654169,175,0.2647681785483086,0.7478714205177486
3725ax91,-0.4114354446334775,-0.33225562615808024,-0.3748816123953495,0.5820439697656381,1027,-0.1653139048057754,0.384864785747565
3bbebxxxxx91,0.5079777994457323,0.6492051932324451,0.5951061523571028,0.7791019742119571,1011,0.5736794454281444,0.3517277242747869
3c532xx11,-1.2062231186422352,-1.1691716054377426,-1.1827437405236376,0.520279742138021,552,-0.9538134419435712,0.0265568730309835
33aa2xxx91,0.6376165469589384,0.71968147339081,0.6774634140571665,0.5967252848820455,540,0.575114173311926,0.2068573452417
3dfd6x91,0.8036940516304653,0.7922700736470961,0.8081265894734406,0.36895064516536336,433,0.7415690740095305,0.1492113973012497
43615xx91,-0.1906945197175995,-0.09601618718767588,-0.14189191435535511,0.5732852183444944,2561,0.1561913109852984,0.3928567338446594
456d0xxxx91,0.1591855526268028,0.1617120478612832,0.15133819552309935,0.3143183702120802,530,0.2338049830538346,0.5370483698723165
484bbxxxxxx91,0.4056766937864807,0.4165997605755403,0.41618842251046256,0.3782444021641226,488,0.4565149822037277,0.7277452051144172
1b341xxxxxxxxxxxxxxx31,-0.16943359521855197,-0.1635123872652262,-0.1507736736271261,0.5465000317198425,300,0.0370774323053064,0.1810987772298755
2ffd3xxxxx71,-0.20907808788536048,-0.15771734020732425,-0.19190229089483735,0.5026347794783016,624,-0.1127795295103623,0.5713781968008109
32eb5xxxx71,-0.34447923370584094,-0.3287319219849304,-0.3459345668841146,0.5167277855115695,304,-0.3035949053440542,0.3001396863790841
3712dxxx31,-0.6325447070995753,-0.5951888800150872,-0.6284474200696811,0.45432264514689413,461,-0.5601027177798414,0.7847638520274213
3717371,-0.35153099651117914,-0.26866546969030125,-0.33374336496512425,0.5097790680936736,834,-0.2366401094076962,0.7272441017927082
3965b51,-0.24787098980967445,-0.19376838170364932,-0.24109455738845958,0.49930027479486033,289,-0.3881573323763795,0.2361731600049162
39660xxxx51,-0.1249341367042937,-0.10524512944333102,-0.11538976307166528,0.528009150603194,406,-0.0274281352600074,0.4795248213727395
39984xx71,-0.5014141583614751,-0.5093817804206321,-0.515111135053732,0.4526297544544593,268,-0.3304995232612214,0.5009678412858162
39ba2xxx71,-0.48331868650263055,-0.5239409852419574,-0.5015568779702233,0.43652580170169486,282,-0.384969224700059,0.6728012444170116
3a73fxxx51,-0.5742393222808069,-0.661124089257365,-0.6089839246354449,0.3656219719629338,154,-0.5231123472055392,0.587352451456575
3af82xxxx71,-0.1314795567745258,-0.13848743687337328,-0.13913698599328223,0.5469491295966677,217,-0.0853461458029359,0.6813212491983447
3b37bx71,-0.49260694458704585,-0.4747993837802298,-0.4923102481343216,0.47960167694548267,521,-0.4241995686512755,0.5019939966526227
3b62dxxx71,-0.3835815438300072,-0.37445323128221886,-0.39286678638380906,0.43880462065838727,348,-0.3077214085705193,0.657240044516474
3ba4bxx71,-0.46086815403619563,-0.42189787067359313,-0.48279364525010504,0.39960795812976946,195,-0.4485202877329744,0.466636635982433
3bef7xxx91,-0.40711025934762485,-0.3577389035556723,-0.3956038447029858,0.480341640079671,1114,-0.2662251296986855,0.5011296195603684
3c252x71,-0.48674404680470207,-0.5459399452169538,-0.5169056651966061,0.31991096294509747,126,-0.383766126231182,0.483768883643062
3c3dfx51,-0.41140549831411594,-0.4786857677909727,-0.4435451200588207,0.35356056634237387,226,-0.3034912963247856,0.4002804920348139
3c433xxx51,-0.6385265094103776,-0.6787606971156577,-0.6590064070471789,0.39000447338124783,279,-0.4006443232438497,0.3059823907980566
3da61xxxx51,-0.33730728827801254,-0.33894349611729274,-0.34594856651441047,0.4619886308806372,378,-0.2809986297908269,0.3845215495958012
3dfc4xx31,-0.4494558891491735,-0.4791372554343934,-0.47553222673622886,0.3559537492211571,227,-0.4372818248272783,0.6804624982788836
3e2aexx71,-0.42584319638787266,-0.40065002774164726,-0.44018414134742184,0.3760842937256882,200,-0.4235185109676713,0.4080858541860266
3e6cdxxxxx51,-0.4453612296249674,-0.5025470385528692,-0.4863947878032751,0.2077998884797547,510,-0.3173359662157257,0.5178580582005868
42282xx31,-0.8157246666436132,-0.8186474673260176,-0.8284635089665412,0.2955413234125235,528,-0.7305784904623582,0.8935135653512402
428a3xx51,-0.5318423226754693,-0.5907846864415862,-0.5624797888191612,0.1967220283916533,655,-0.547903822675521,0.7948639466697329
42a5cxxx51,-0.2726504430853152,-0.3247596558944494,-0.30969781847975736,0.28258988521104367,383,-0.2870778298532302,0.488244394522443
43c6ax51,-0.41465104249078705,-0.4537799408299205,-0.4416105412511755,0.258811438755919,355,-0.1872414656425207,0.478757049823896
491b6xx51,-0.5093132576216561,-0.5878509943102493,-0.5510447150504516,0.23248329445414015,414,-0.3434345672205751,0.7992783310031716
49cacxxx51,-0.5432075036097301,-0.6115131667662387,-0.5713115671185953,0.3066184317046709,359,-0.2508203254998182,0.8148093591075097
4a15dx51,-0.49342391084573123,-0.4482333261442208,-0.49120571798057844,0.45404732217296395,454,-0.2812790098837235,0.6942541843809098
3d395xxx91,0.4595374761492862,0.49398323327311267,0.4766974967015935,0.40952420926708694,632,0.4400139357946212,0.1019231568207789
3eedfxxx91,0.5836950489861185,0.633126414670544,0.6094233633678997,0.45736438222222,521,0.5533393544142403,0.3115960023340836
405c3xx91,0.5581033781581339,0.6101138153706367,0.5873811708803044,0.5085217744323253,802,0.5536480495669301,0.1358328768069102
4229bxx91,0.2785285894741936,0.2986279234243068,0.30431614601387785,0.46814395327933933,672,0.5206056418264222,0.6252549721273627
33d77xx91,0.5743648698591679,0.679797633955208,0.605588051317407,0.5810192059210065,420,0.5816031595932465,0.4439914929463275
39660xxxx91,0.1914393257583152,0.2619213805399994,0.2111449068504049,0.49132837481001285,687,0.1006331704317657,0.6621742281227283
41fbdxxxx91,0.44203834619891275,0.42868587613360276,0.44788583535033105,0.3587549254438124,439,0.3211822953706302,0.6649296644248268
455eexxxxxx91,0.2889166590123531,0.2913744583543791,0.2974111760844424,0.5293642985458699,315,0.4349760035433309,0.8874585164814295
47a42xxxx91,0.1696842322594166,0.14735915325890264,0.17686316478425176,0.415458628810457,285,0.1993161416364731,0.6733071367096507
38419x91,-0.027794794282637654,0.042539189623971116,0.006484743892777539,0.6265901707317713,1109,0.1840281894446587,0.7323146738604228
39ec8xxx91,0.16641208989083225,0.21478707019694407,0.19603767055660018,0.5815608935145596,540,0.1167035815332604,0.8271694790418187
41cfbxxx71,-0.4181642386038267,-0.4356364821066636,-0.4286783138941194,0.37166424889442495,748,-0.2459668041882624,0.9495608053186964
23f6fxxxxx91,0.28199257904633224,0.2980141305470247,0.29760813348311366,0.469859074527263,90,0.3347674410550527,1.125771097740693
2c7ffxxx91,0.9527066594800744,1.0129861635983406,0.9943829362210345,0.5656529650031505,253,0.7537023428597917,0.0830424945458443
2c9bfxx91,0.575956906811122,0.6745465858697549,0.6412532473188691,0.6703995874292877,324,0.5997747764989848,0.718945662240839
334e3x91,0.5912242958264556,0.5775367231179749,0.5925495328457568,0.41777307510674777,103,0.5800630256990966,-0.0588580871587163
33705xxxxxx91,1.1523352592323906,1.0808853532530829,1.150742680685573,0.36180269968845213,63,1.0358306978008467,0.6569177555647957
343efxxx91,0.5543405805867044,0.561520145466091,0.570865782421801,0.42878359308831016,226,0.5296836841601064,0.2161412090043911
360cexx91,0.6518426242802897,0.6927765919384045,0.6689230784307447,0.4523283414843864,243,0.5081929825903602,0.1665823226278635
38606xxx91,0.8688330075829571,0.875339941998913,0.8877066461607042,0.45120479433546096,68,0.718937216526388,0.7723935823828714
3c908xxxxxx91,0.8271085120659992,0.8075481572932984,0.824632490324602,0.3793668011029846,125,0.6138650790689001,0.7383393892247434
3ce7axxxxxxxxxxx91,1.3047180618399081,1.3489302557137388,1.3542049924441253,0.5092807514379528,113,1.037749816147366,0.7621046547459549
3dc0cxxxxxx91,0.6809948849322489,0.7580935934263318,0.721929091262509,0.5995949709126573,273,0.7981388922716565,0.1512086991047692
40e0cxxx91,0.6934109759688496,0.7224394007357477,0.7081631579844632,0.4074107843241495,584,0.6035198413903606,0.1172225726509508
4b51fxxx91,0.42838996781898697,0.31686528720057555,0.4059996511912463,0.33856529974174193,71,0.5577462895413444,0.7183840995305721
4b9fcxx91,0.5193053097213193,0.4167576253331291,0.5009904191287393,0.232943500303613,58,0.5773896933353474,
4c5e3xx91,0.7805335498798004,0.7892088709664091,0.8191359824586675,0.498524501331024,139,0.6316308954736807,0.6871838300919876
35208xxxx91,0.43681375505488396,0.4322426312252235,0.453005739347479,0.3755197455726378,327,0.6283716309810734,0.41517688499541
355d3xx71,-0.6475332608910436,-0.6490075442208186,-0.6583568097320394,0.33942808973188704,295,-0.5028506767209837,1.151888436733557
367d0xxx91,-0.4508553293386828,-0.5148843585722731,-0.4796298000134408,0.2696282845922823,244,-0.4489989578928249,1.3973441858862945
39017xxxxxxxx71,0.2859741571978057,0.2196330789813818,0.26311883681146603,0.3030461032664726,158,0.1991757938067466,0.5426417959712452
3aa79xxxxxxxxx71,0.7590628726319156,0.8692206077654029,0.8214504358143931,0.7134802129880765,525,0.559523885599388,0.9599586914963324
3e209x91,0.571635301485824,0.5518811774096948,0.5761958961642009,0.41512565877932633,273,0.596225583029752,0.3630093466394348
3e291xx91,0.2308261142330205,0.2996476237483711,0.26561951829073455,0.5751832049568384,817,0.2077387384523863,0.2393450087772599
3e96dxxxxx51,-0.3043352162804777,-0.218608398581826,-0.30541134642237816,0.33550602488222997,820,-0.1812637120084908,0.2318764209170644
3f571xxxxx91,0.2415217477176015,0.2346464595339758,0.23773550058994375,0.34551404988776785,187,0.2612771029221037,0.6935056629523494
3fa76xxxx91,0.6247493279028056,0.6369885786346378,0.6333864571082829,0.3960117311747903,577,0.6387070097699875,0.1053698576793319
40095xx91,0.15988983049884467,0.19804816420934374,0.17243249062565363,0.5007078171230362,623,0.2744865417691673,0.5975190680612281
401ebxxxx91,0.6200000611030174,0.6464113061245823,0.6549613527298735,0.49939435651378467,667,0.7625371768981383,0.1888077977864076
41864xxx91,-0.48085432562307834,-0.5088688851546156,-0.508564072343569,0.22428663696047862,376,-0.4313452403092105,0.7993688888265829
44289x91,0.38312799810680676,0.32273838754308365,0.37091279784754577,0.3124202576239162,71,0.5140060638981802,0.3145993066944463
33d6bxxxx71,-0.44521728036290725,-0.44845683371014106,-0.45541066428549115,0.36949447098322474,513,-0.3727392422700907,0.5716121107789558
3a111xxxxxxxxxxxxxxxxx31,-0.10193298682305839,-0.09786233512501318,-0.10819509745375697,0.38080370002322805,261,-0.111504815676545,0.3870914279254844
3ba66xxxxxxxxxxxxxxxx71,-0.16015381296143996,-0.181989680139056,-0.18969045196623688,0.26629050764845247,486,-0.2259448477880947,0.5994680987092121
3e05cxxx51,-0.4694378853045443,-0.5416770328987066,-0.5156603379677234,0.1897738337168428,343,-0.3587527177705228,0.4266420725127585
3eedfxxx71,-0.1786366592246637,-0.16981840799044642,-0.19601658017047627,0.3288440953252488,453,-0.1053524514052795,0.6412920855251948
3f72dxxxx51,-0.4415983270718524,-0.49555455126287723,-0.46049696423020103,0.382996638768675,296,-0.2892687828819022,0.4182837010169002
3fad4xxx71,-0.36893764942972695,-0.3506644858077875,-0.364204643409002,0.4820742645524826,704,-0.039364227146399,0.8060570011391528
416b4xxx51,-0.2087812839843018,-0.2794692979159275,-0.24455071205798615,0.22086675625704227,347,-0.1886688305806147,0.4848190989797894
41e55xxxx91,0.017162940668550772,-0.047031307400192235,-0.015453572204325859,0.17698647842745444,537,0.0672825861121834,0.450702930888847
4225bxxxxxxx71,-0.17113506582018853,-0.25243748443170255,-0.2126859119255229,0.22732364383016154,293,-0.11498556536281,0.3417161347860742
427e6xxxx71,-0.3948439539910957,-0.47498850465363857,-0.43451950584557203,0.19986221466644588,414,-0.157313898564551,0.6785003235697483
42a5cxxx71,-0.16300667187655876,-0.1888963907839232,-0.17370504566673942,0.352121276497385,597,-0.087670682213552,0.6999374525932465
4344cxxxx71,-0.051341641744102766,-0.07601011814595494,-0.0720202752355451,0.28792097507593695,537,-0.1028407417705282,0.6704677351562002
43fb6xxx71,-0.1291622741560193,-0.17777511951993122,-0.14382903629237564,0.3356133128639928,419,-0.0089252395911747,0.6509452280000178
447b5xxxxx51,-0.21356557163052037,-0.29740799830140885,-0.24123661765560142,0.26180156257557263,389,-0.1830636071573464,0.4452074148758356
44d9exxxx51,-0.2964163484835948,-0.4067088130091442,-0.3510646664438305,0.18929225468578928,198,-0.1906360560557996,0.7957592272986328
44d9exxxx91,-0.05222211361112994,-0.09927421434074292,-0.08095976488333251,0.24807182392823307,495,0.0381301993681937,0.428844506878734
45265xxx91,-0.24458719768246776,-0.2840669234558923,-0.2683191851791101,0.23641025371541746,711,-0.1211979975565495,0.3009595426606149
45365xxx71,-0.36076130563445136,-0.4625008624609792,-0.40441602892886935,0.2572075207104683,287,-0.1968888711845492,0.5844864648638147
45431xxx71,-0.16873060097466,-0.23279102897611814,-0.197206654994111,0.2859118212806693,489,0.0615516704371552,0.4310574124677739
45733x91,-0.07850837904802414,-0.13853735725233915,-0.10748992796885991,0.2122344963253269,729,0.0780518950001065,0.7980728069136817
46395xx51,-0.3575843376531767,-0.440739516970005,-0.3980810462716457,0.2510269488510916,182,-0.30712455777947,0.6547841881097952
46e4fxxx71,-0.0845854673002189,-0.1791026689276757,-0.13547271959575433,0.17227810943674154,302,0.0128533093852944,0.5063304060208559
46e4fxxx91,0.11573967574378968,0.06884729960526635,0.08485362486107595,0.20268069516158102,725,0.2266905070087948,0.5156248932923986
474c5xxx91,-0.011447615216057316,-0.06749154151666541,-0.043333169474390094,0.20023329405276874,609,-0.0239669729930469,0.6865092352152324
47ec2xxxxx91,-0.6652127587549898,-0.7249482245397584,-0.6910498913409108,0.22665123550151617,633,-0.4176420925246367,0.0306262246184207
38dcexx91,0.1608781220521814,0.20856525569124612,0.18332608287858085,0.5669382565077109,536,0.1471375265671204,0.6594451618716217
2ceacxxxxx91,1.07836003844158,1.1473032199008444,1.1231244804874785,0.5106368859665475,72,0.7018771553365941,0.1488473286632901
3c0bexxxxx91,0.9496347263601235,0.9863750549770307,0.9882514981218895,0.5942645633901028,338,0.8635835456344669,0.2085926662902083
4aafexxxxxx91,1.04770590138711,1.0062165466767077,1.049804536646419,0.4114000940836352,152,0.8687589537011755,0.1956993066778599
36fb2xxxx71,0.03471172227808011,0.11282351461687896,0.07128520169227129,0.5916935315874292,793,0.2151807460225575,0.798476541272928
42fd0xxxxxx91,0.789672435407109,0.8151351509538778,0.8198793253270534,0.4886380625150865,641,0.7912616550207989,0.2240885497912433
4936axxxxxxxxxxx71,0.7625594216850566,0.7581859145439874,0.7741429062516031,0.4396181790809008,418,0.7287160952161229,0.2189236166900784
35f5891,-0.07902436791410579,-0.07425876742088328,-0.08826708500110142,0.37372566938750484,264,-0.0153924938365086,0.5504086590982847
3cafbxx91,-0.2805433167398612,-0.3063656382853196,-0.2880760850577937,0.3986556087161356,385,-0.1751127227234114,0.2507334598305171
2da0fxx91,0.5223931099757404,0.5730088480547122,0.5565490302006787,0.5263344441966328,317,0.5393350258641079,0.126401647967761
32266x71,-0.6082029504855367,-0.6296150371120705,-0.6378904425306535,0.360534518113616,344,-0.5144158606671327,0.5465739762704217
32db1xx91,0.40584422454598434,0.42251505506819564,0.40963218190450534,0.3803890549741593,262,0.345606487683686,0.5380088461415015
3377e91,0.5550810172329146,0.6282820823527998,0.5811153855552023,0.5345123620166422,231,0.3619591472865253,0.6011402874969297
342f5x71,-0.5574836024360044,-0.5609516478810168,-0.5688950253402766,0.4187148593192172,194,-0.449067920164776,0.6973476211948876
34387xxx91,0.10544340840843931,0.1463277046824077,0.11962054425368515,0.44132449527024886,1097,0.1271925833240126,0.7205431192894058
35046xxx91,0.0543819379098617,0.06277739600955808,0.06405252977699029,0.49946416114916153,405,0.075448949154439,0.6661273306731019
35ac0x91,0.23967853614952184,0.2605768259611345,0.24671598256895821,0.4808469548745818,390,0.2164583521133079,0.0888259086773352
35d5bx71,-0.502660012266433,-0.45627851390697244,-0.4986193629012191,0.45795833141261183,463,-0.288362678958144,0.1444384902072499
36ae7x51,-0.6124110613838595,-0.7067486212403038,-0.658200184041442,0.33973112603451194,120,-0.4588024181853978,0.2707587587272021
3755ex91,0.5354053608904041,0.4500006129293461,0.4970904985800267,0.19249744121007473,78,0.3533733708971476,0.7122647356769702
37a4ax51,-0.79318952287983,-0.7635291157433356,-0.8122421651531773,0.4918092655848931,99,-0.6442067422021109,0.3796554961148686
39984xx51,-0.7193886647398998,-0.7952868916453874,-0.7631928840650875,0.3025735440444828,140,-0.5634533590519661,0.7494482661386208
3aeb1xx91,0.6596283455291564,0.6436930111323722,0.6599817878979524,0.40317481501447233,188,0.453163568760919,0.3995990917278939
4e6afxxx91,0.7297322372800444,0.6527052417380834,0.7134164100432497,0.35800421125940224,120,0.6670182492280718,0.1444160197848208
503f091,-0.05550766401650378,-0.11625966048385632,-0.07613363483713126,0.27797517730345017,162,0.0547448771920289,-0.0454866306296922
304bexxxx91,-0.49479155275090775,-0.3995408274726248,-0.48173019183806265,0.42501763520532176,432,-0.280851907273791,0.5232115046295391
3232c91,0.3733341943226569,0.3766980372626711,0.37607973050541044,0.40258289319949775,302,0.382014951008749,0.3730505272502361
33424x91,0.5594898770667578,0.569326593935928,0.5701281916543718,0.4165050706947927,195,0.6305873195539835,0.7402629732234443
3893ax51,-0.3217751148178731,-0.31655862024101833,-0.31853170555411653,0.41396468343689025,379,-0.2033760431695523,0.6941805788088412
38419x71,-0.4893188106441377,-0.5167951333905814,-0.5045910433840904,0.4266127634670907,456,-0.1652192030122417,0.5130406651742113
42ecexx71,0.07972525019992742,0.07245774898398474,0.07095524400059845,0.35464662757074145,576,-0.0212051446841634,0.6349803084688445
4e6afxxx71,-0.026297500315985003,-0.09050738801661028,-0.0466378093736185,0.3592915380543198,153,0.0447748997153421,0.2513279203739723
48b7axxxxx91,-0.2786612743906606,-0.2995908761134889,-0.28600570380801843,0.37524489089271723,637,0.0028893112824223,0.5102038394083867
3180bxx91,-0.2966118865329709,-0.28124669409160286,-0.29950814225455274,0.44405855594227894,324,-0.1621198615601703,0.5486829118719331
262cbxxx91,0.355216520435946,0.36323552704120926,0.35805683063985094,0.3862013919915605,322,0.3298147617434472,0.2302026717344296
42148xx91,1.0893281883266657,1.1796682138230157,1.1477125281621008,0.6337239148496678,316,0.9479955124488452,0.4668533174600349
38bddxx91,-0.27602534307639337,-0.24806729870795033,-0.26769050891305024,0.43160429192559935,402,-0.2743980091175073,0.6727975826475112
221caxxxx51,-0.6587282642923491,-0.7283514876288697,-0.6871197547855363,0.32724439983924636,168,-0.5397514310982475,0.9442817549592788
25987xxx91,-0.3357811060175544,-0.3546748198311997,-0.3540659408481652,0.33478783435276854,209,-0.2871586547694492,0.4211507347926861
2ee3dx91,0.06293629681709266,0.03230355158464985,0.04380602723496498,0.3237348275302701,218,-0.1104757235158848,0.4418969524608938
2f167xx71,0.22333901965805728,0.22121418309354696,0.22489880685979816,0.35822290260468376,355,0.238059969065333,0.593837650709435
32604xxx71,0.06976721014113561,0.10596561387544248,0.09356244112719843,0.556110644528567,512,0.3314986654656254,0.6880562860478875
35a61xxxxxxxxx71,0.20132451848082947,0.17276985084455032,0.19458809122274537,0.3934425966774194,173,0.2552439394060664,0.7030977486616594
360cexx71,0.22875016539222387,0.25265847175661904,0.22419033129140375,0.44579938930126656,314,0.2271001875486711,0.7547570509542217
39984xx91,-0.24419375862826087,-0.2232606162153883,-0.24041601345614796,0.47346728744498706,709,-0.1545128472180756,0.292990773442193
3a111xxxxxxxxxxxxxxxxx11,-0.5272725609048364,-0.5534805775162659,-0.5430476778978574,0.35600514477985223,294,-0.5765923693406879,0.5552163565037986
3a8dbx91,0.4511005362969043,0.4087873347303626,0.4393246804502111,0.31247043487262455,206,0.3411820430198251,0.386112065358893
3b3bdxxx71,0.34682154627446726,0.32136368933190085,0.33604843694080416,0.35264221814135843,295,0.3203501362633154,0.7007409042127056
3b838xxxxxx91,0.6417905879901922,0.6215232657910523,0.637734294144092,0.3701648917236573,286,0.5550969477131319,0.1519027929602176
3ca7dxxxxx71,0.48065308634165155,0.4891166622079738,0.46868204399232416,0.4174279126482572,201,0.3171839897525363,0.607601957959917
3ce7axxxxxxxxxxx31,-0.10603462793988848,-0.07776756721341431,-0.09653426212599768,0.4383270909066476,654,-0.0891322721003407,0.7740166502977014
3e05cxxx91,0.3926416370306113,0.36634956321363676,0.38489772542499484,0.26514670909212384,586,0.3834084756634666,0.5442252133578819
3e0dexxx71,0.3163646792507361,0.328201807970458,0.3320106821237695,0.5029136780142379,280,0.4224441954092383,0.4571214840645305
3e542xxxxxx91,0.0020015746860468807,0.023255030599351918,0.004468172631010697,0.39734693541234045,641,-0.0271748742694579,0.7159377444141384
3f0fdxx11,-0.9961896610309103,-1.0716964032571046,-1.052325137314718,0.11720714488841541,105,-0.93209911907867,0.4794152839249849
40370xxxxxxxx71,0.13429768438305964,0.14253651134136094,0.14381370850897687,0.44579126401945685,756,0.2201820060704139,0.2864845867437171
40e0cxxx71,0.19086017446394085,0.1776750927942706,0.18225764346402912,0.349321143496406,659,0.2014178996499341,0.601695863838854
41e55xxxx71,-0.5571035567252653,-0.6659432879946396,-0.6037686981744387,0.1977925594195962,209,-0.4086040599037712,0.6100012099106114
4200fxxx91,0.16606659038582547,0.13045513162935,0.14088730566968202,0.2661660877551128,648,0.2359374225481337,0.5961754097709384
4225bxxxxxxx91,0.42466698728396,0.3565832690969491,0.40185188243072145,0.2742541656322724,437,0.3426122976418752,0.5340033434889532
43c6ax71,0.47385518865333887,0.4100429553592299,0.4490071105588627,0.32106074149439207,197,0.5577836913925522,0.1157026276106569
43c6ax91,0.38323766895970357,0.42982498565076754,0.41675557418393644,0.5166489937006006,630,0.5507955810270267,0.1539395344469243
43fb6xxx91,0.4331605317828498,0.40298205166620193,0.42841835151676627,0.34164827141008797,522,0.5634609434639196,0.8431145640831472
45431xxx91,0.518725376080858,0.49830462288742366,0.5142984317865923,0.39501970881121395,456,0.6459147396334648,0.2468395554156509
455eexxxxxx51,-0.1759781388580898,-0.23583451205247358,-0.21063682089195965,0.35516067881201274,122,0.0094980716830522,0.4811345656376564
4634dxxxx91,0.3889592701250917,0.30858436622303237,0.3544763727265585,0.18189578201427592,335,0.3235552358732498,0.2053196531576341
49389xxx91,0.4785973037660288,0.44204187053767385,0.47794700658443473,0.3080081790817825,505,0.5331142012430315,0.7893781425758691
4b07axx91,0.3109581219149704,0.3318147923597318,0.3329671922272556,0.5187073278212171,675,0.4357642087654391,0.5382166485864909
4b8f4xx91,0.04742108105840095,-0.03623290855236676,0.026400887350595707,0.32529349802576846,304,0.2386737892067499,0.4568056240641682
4c5e3xx51,0.1934263504314683,0.15238837755013732,0.17962840120991122,0.2601197081042006,406,0.2673675775429701,0.0691180199814528
4e5f4x91,0.3462183493468813,0.28656329829326055,0.3205353009280007,0.2581075992309239,327,0.4458963748451167,0.7016486035970604
3abf8xx91,-0.13005148138015915,-0.14976057827343042,-0.13753472429112298,0.30998009400514864,842,-0.0702956043362819,1.1593028581891405
3d8caxxx71,-0.3237806226916467,-0.34485331676411674,-0.3534654867099421,0.2821900866086818,344,-0.3496781703983662,0.78414741226854
37d44x31,-1.0495749270546888,-1.0573956141724865,-1.0728891963767735,0.4047912185240667,98,-0.8489338934003482,0.373413954683995
3832ex91,0.3664174362581032,0.4308338127313269,0.40594749982091693,0.6340265439896741,487,0.5788589364082268,0.1738320479536393
35a61xxxxxxxxx51,-0.08098498306335605,-0.1262882772680966,-0.09384411652567971,0.3831657801435405,195,0.0625343047721643,0.7700461771102122
447b5xxxxx71,0.23194279780879862,0.2075412072023793,0.23835877683348655,0.3616907025870615,704,0.5853883946108717,0.1551504426580445
47000x91,-0.4162424588836494,-0.48781391508788696,-0.4550715914797261,0.19504874355664525,556,-0.2416776094028223,0.5903739035759209
35d5bx31,-1.1153002726578487,-1.1730092562415086,-1.1351303440351521,0.38076729056496494,80,-0.9571427095221712,1.479399854919038
3ff43xxxxxxx91,-1.1740376971802788,-1.113964261022496,-1.1642771678353316,0.35643394903783443,627,-1.086023150756649,0.471498332108885
46a9exxx91,0.6964006180996066,0.7503530099243144,0.7628938079446972,0.7141118481462149,391,0.9071785133296376,0.6518636346159138
3ba66xxxxxxxxxxxxxxxx91,0.6093500150506924,0.6238586460081494,0.6280431180310928,0.47642671606058523,410,0.5991518844205694,0.6637363365309349
41218xxx11,-0.5961377016029762,-0.6583518747578868,-0.6344095145498093,0.30830756603817455,188,-0.5642128090010188,0.2647687282858356
41effxxxx91,0.657131532355832,0.6337974573025826,0.658442711689799,0.44823716672540814,264,0.7039377279944855,0.2834948198393688
43c96xxxx71,0.44122427815410525,0.3680833513903403,0.4213981543848066,0.3413419699824766,171,0.4101864581580381,0.4550486396638068
46395xx91,0.4894263805094628,0.4722884961272777,0.4873215085543087,0.3722869101589953,454,0.4351016315689897,0.4653584445925097
4685exx91,0.6133741290663318,0.7413797078741727,0.6780767066044493,0.7098620297477845,455,0.7193773557000313,0.8367547305060058
4c05fxx91,0.4298905531452257,0.40503367036037463,0.4380777668984579,0.4431320569895477,467,0.5963668349845326,0.6502191652571156
4d641x71,0.4523689374328075,0.3926613950104914,0.4459296059554138,0.36266998747307266,251,0.4854474510882569,0.3926475212855007
2e61dxxxx71,-0.5668809135081735,-0.5739487458400908,-0.5778575688731478,0.3464448973723001,520,-0.3817242918884238,0.4298333173825416
349aexxxx71,-0.19967602037428187,-0.21502353109696112,-0.21055302585508961,0.4661276055862635,205,-0.1705929344999893,0.427062085047339
37e08xx91,0.007202370507095593,0.013778187524026125,-0.0017490367137275918,0.3822213981280836,332,0.0989690616912299,0.5289708503864466
4200fxxx71,0.07919287667671897,0.012319172523890084,0.04123141602796687,0.27428934245464154,265,0.0462524754923631,0.4909761716462171
37a4ax71,-0.37193742313270567,-0.375352784780321,-0.3979187838700323,0.40133167930157077,172,-0.3708760229203204,0.0449869790551919
37eaaxxx51,-0.26435118054554335,-0.22885816244146187,-0.269518338959676,0.4750223509798384,302,-0.2679618661154676,0.5670707374649
447a8xxx91,-0.4594971541678507,-0.4563170445960372,-0.46862508248643564,0.2990382005342722,1163,-0.2518263301591025,0.9268516651567964
3e542xxxxxx11,-1.0781601156913785,-1.1845329131302447,-1.120018321184524,0.25084289860275455,84,-0.887232240233599,0.3430094025171771
3e542xxxxxx31,-0.7714965125991851,-0.8570214467857334,-0.8175379390640979,0.2540786728278549,75,-0.6711987924198065,0.6011776172888355
3e542xxxxxx71,-0.14248973753861244,-0.18176719810667427,-0.1733181481465685,0.2829443576623645,237,-0.150529364547279,0.528871666518915
449dexxx91,0.4247068642715725,0.3598768570008654,0.4142907519622371,0.28786195338440784,81,0.5961659958868091,0.4219265891046156
1af5751,0.2896406113347666,0.30342711873935563,0.29802936958711873,0.42454550484783055,196,0.4512763704222964,0.5392840665219637
2812fxx91,-0.11877584963200549,-0.08069487054289394,-0.12855148137346942,0.38665072533408945,214,-0.2863734042759381,0.519526224131154
2e409x11,-0.3763981700655281,-0.4203521225041606,-0.4204886394320335,0.28882177443127166,108,-0.4597264699247648,1.283113478362038
3725ax71,-0.4929759113574634,-0.45432705566993864,-0.490109415716764,0.4765833965168147,442,-0.2692419076199593,0.1280676412994278
3db1fxxxx71,-0.0795955999901251,-0.1686747537521478,-0.12458728059749978,0.20111769794063505,220,0.0288994249488054,0.5189878034494537
3fd2bxx91,0.5755653701644678,0.5841298153199519,0.5707661089072762,0.35282187576814356,360,0.4721510830407401,0.0744354714955799
3ff08xxxx51,0.21626165212179552,0.17011974566516277,0.19892173256216064,0.28893898694853665,553,0.2388770468727991,0.4580520506178698
43c96xxxx51,0.02947177742283046,-0.036386008579703935,0.008121167124366904,0.38555743078417337,189,0.0364877812258318,0.62987943844006
46f03xx51,-0.09225174619097606,-0.13976052300765188,-0.10464534443156363,0.27482193271230204,162,0.181356887629803,0.1475890980773978
4b8f4xx71,-0.2300078543719168,-0.30513425524658516,-0.25463526411888815,0.39875828516360035,160,-0.0879387648084142,0.5355092661723665
4c05fxx71,0.09534067405329207,0.028921473223545404,0.08140442040941187,0.38825978126761346,395,0.2144446832462484,0.8128816763848471
4c356xxxx91,0.49958091479789835,0.5298734597974428,0.5352615050174367,0.5899546739559953,319,0.7057762999800218,0.8866970397545153
3ce7axxxxxxxxxxx51,0.24092646799021655,0.3051482167568918,0.2851767201106184,0.5740347244158808,953,0.2642864236792254,0.1400004027564278
31cb1x71,-0.3552376158579463,-0.38413946063761634,-0.3801763017848223,0.3652430881905745,233,-0.2317602940109592,0.5117912901197641
3bd5cx91,0.9085014945233438,0.953694849047044,0.9376322630890672,0.5500463292908765,367,0.7859050806893889,0.7842352316931417
3d2a8xxxx71,-0.3993658452332799,-0.433582411963806,-0.43352426596876087,0.2712507661335247,307,-0.4126045183549407,0.8708786012255849
3ee4bxx31,-1.0591807921797642,-1.1464189019386182,-1.1087741207707342,0.15321829350518948,111,-0.9415619645052912,1.2333051984544328
48c01xx91,0.4221808517706997,0.4072859539032383,0.4367296836241048,0.4560318481199073,360,0.657198076869581,0.504882212993908
4cdf0xxxx91,0.3950999908215756,0.3915450100320989,0.41197132257856195,0.4728788754541475,412,0.4792474124638503,0.7977896395545562
4d8eax91,-0.25664924422683416,-0.20107421852355353,-0.23968736730044862,0.4680967054886543,680,-0.26055443532914,-0.0534892005485464
4b51fxxx71,-0.054615073120055674,-0.13776972528779685,-0.08049051508508301,0.3415703956495939,225,0.1698612912827018,0.1691191029403364
3d2a8xxxx91,-0.19767302271969495,-0.2127002823962193,-0.21122229325138697,0.28760197500500917,1023,-0.1120703114682461,0.563266351894283
3fa68xxxx51,-0.4196521065104738,-0.4846860158584843,-0.4540251638259282,0.27703621577505744,310,-0.349161563556535,0.0531241878375779
41873x31,-0.49482826407864516,-0.5965226698716982,-0.5474232221547697,0.2752007716298012,187,-0.3363482067395633,0.5413252120549882
4bbe5xx71,0.05092609338383444,0.00965432038892858,0.01990428802857301,0.31710573720628427,110,0.1450660491877833,0.7466446163013906
4bbe5xx91,0.7392498632631649,0.6552696186675866,0.6955661483967165,0.25316954746106884,81,0.5916305029845684,0.1313996220263593
32d62x91,1.023779353804725,1.0579797384200487,1.0457575953585734,0.45010511279387383,198,0.8470198040587469,0.5248571825097622
39be5xxx91,0.9532669993097328,1.0285419874126445,1.0005344832403338,0.6177233375423213,393,0.90407397846004,0.5742067185569594
3ff08xxxx91,0.9691310101709523,0.9493815901758489,0.9952542134306769,0.500576785468995,210,0.890647699997857,0.4760755881936702
416b4xxx91,0.9699342218396737,1.0003748654410998,0.9957946966031672,0.5632927948789048,170,0.8863636014126526,0.2003800340792514
43785xx91,0.7781114773843832,0.7811000422979038,0.7802925773787055,0.46440303971562974,95,0.6647968087419145,0.0914592914063579
43d09xxx91,1.006115157799747,1.0031153884882629,1.0308680934674663,0.4910709463576985,171,1.0451210413545913,0.1517869455416276
33ce6xx51,0.05313029749445687,0.02097103836788115,0.04623736352627826,0.3815419192896423,373,0.0116514428251778,0.7345202079785712
3f1aaxxxxx71,-0.1324828368548625,-0.16462895871714256,-0.14313370976941195,0.3124199886863709,569,0.0023064119055912,0.6744664253891635
1af5731,-0.12183768821139557,-0.11186661280212504,-0.1315963212369509,0.45139462504455635,133,0.1367878731360043,0.0766379353646817
2f15ax71,0.1062066273511627,0.10880920164627274,0.08985454064341142,0.40737783605401384,216,0.0116895453570442,0.7473142852370648
3ca7dxxxxx91,0.4838502104476015,0.4765472925320164,0.4779083292353486,0.33869185781267563,368,0.4636376318196993,0.410472812770413
3e2fbxxx91,0.5705850094443574,0.6152223668348968,0.5856896416510731,0.46712155923002147,515,0.4279547232286235,0.4689769391081796
28328x71,0.3624498111334011,0.3902728686560803,0.3687551734993505,0.43151031910508236,249,0.3397815942559195,0.0417612976620338
2d5bdxxxxxxx51,0.14759890697809191,0.11913086112282933,0.12798197469803094,0.3742678168173897,73,0.1285305786538603,0.6212284303477886
2d5bdxxxxxxx71,0.4048786794752899,0.3579693035331492,0.3852787677822432,0.31609679350192543,134,0.3180915947784204,0.110561665440172
30735xxxxx11,-0.6831691276922683,-0.7016853854948195,-0.7186670292857376,0.2868213699619773,144,-0.6511255273160453,0.1800592555235222
362f1xx91,0.30632650536710787,0.29103773876581523,0.30383519518215896,0.3697359942387354,358,0.2244261365861539,0.7229187307541438
3b37bx51,-0.6567116642095489,-0.708694338614188,-0.6750328092667229,0.3771609920108441,233,-0.7517464446874689,0.8509643656415782
3e96dxxxxx11,-0.6497688471276114,-0.6627413883329019,-0.6690631549985921,0.29215612676456637,210,-0.6076092873258337,1.475832356290157
3e96dxxxxx31,-0.6858945769167778,-0.6923691723161957,-0.71818022944652,0.27430042840225716,148,-0.4238138060291938,0.5547687949289016
3fbe5xxxx71,0.655165255568567,0.6120232962714981,0.641768514455744,0.3027982940096099,275,0.5439649472779851,0.2654440666221612
41d0cxxxxx91,1.0857467549830477,1.087141025584069,1.0966603220443947,0.41596849162443195,200,0.8689437492316303,0.7460911067493431
2f15ax51,0.029798923377431175,0.01819032384057714,0.012658711057482498,0.42176044519505146,182,-0.0839233057763934,0.736206064594776
35ac0x51,-0.3581158930922006,-0.39434175269036115,-0.3825797919369475,0.41993745429438917,173,-0.2879615351353801,0.4289963442445965
37762x51,-0.6253720915447364,-0.6026762365686716,-0.6190619668698959,0.44524264953942433,261,-0.3187450461892348,0.3374104670349235
3af82xxxx51,-0.5745664341693414,-0.6340563310296964,-0.6087328018783279,0.3659101611735301,139,-0.4854905192055716,0.1085081361636054
3bfa2xxxx71,-0.4340867522790402,-0.4825348510913342,-0.45911117437810367,0.40685757225382013,253,-0.2010122647604539,1.4630548753380357
3da61xxxx31,-0.5107680777136894,-0.5292718010029571,-0.5334327156243273,0.39097034513603923,220,-0.4241224619921568,0.683534207847216
41218xxx51,-0.25885226190612787,-0.2926309184568855,-0.28250802658450147,0.3988786800354546,307,-0.062448827298878,0.5934673115235204
4561cxxxxxx31,-1.0001679773502226,-1.0899053626003512,-1.0337136428320053,0.25938228427636256,152,-0.8315528679080517,0.7156996293339803
3e6cdxxxxx11,-0.9144283505070557,-1.0140422170136574,-0.9703656159153181,0.16126152033324456,115,-0.7294895835413063,1.0680490727137009
3ee4bxx51,-0.8489152366066764,-0.8919934785302952,-0.8924960269694977,0.16031784954964326,182,-0.7971103740668612,0.3989025272079587
3ee4bxx71,-0.5046921711893606,-0.5107613912983431,-0.5299118347457068,0.2708312649594949,426,-0.4179503272257206,0.7788186059672995
3fa76xxxx51,-0.08753242175022993,-0.12638434658789138,-0.11240933637961412,0.32430458018172703,416,-0.1269387695153468,0.484006156289808
3ff31xxxxx31,-0.39945180758445287,-0.46961884172799356,-0.441327236132089,0.23783883505924536,379,-0.4312183725888706,0.3877340020014529
416b4xxx11,-0.699051908358384,-0.8290569205633903,-0.7629458371179177,0.07390822861274292,86,-0.5539602485220059,0.6853235576880402
416b4xxx31,-0.4004498945941459,-0.4980856760305467,-0.4408573544338996,0.18399216704503457,144,-0.3390457107306018,0.8952892635134235
4225bxxxxxxx51,-0.16954021948857242,-0.30558702144927063,-0.23111852847609113,0.213027227576876,125,-0.135354890333339,0.4708052342858156
42a5cxxx31,-0.5515960347371033,-0.614715240468702,-0.5992848018040534,0.2462978188458714,220,-0.597932137235084,0.7996132176568703
45265xxx31,-0.6920263613917175,-0.7949053763051581,-0.7447742562888097,0.1526990702025922,197,-0.5981273224494905,0.6866425510693586
4634dxxxx71,-0.048890328098416064,-0.14921091352916002,-0.10233555208033909,0.16946492810447947,211,-0.0300886169047803,0.7462540828194119
4a15dx11,-0.9488693549179208,-0.9504974738281493,-0.9575127235157936,0.37789009925797196,190,-0.8633938728607579,0.2961729493165419
4a15dx31,-0.6938676934757265,-0.7085319439519007,-0.718639562654457,0.2984057894448491,256,-0.644070189167157,0.1021046478182886
4a15dx71,0.020685430346338185,0.09409433479601446,0.04069056111408382,0.528068672043351,618,0.1689837744894867,0.6357073012329936
3b4f8x71,-0.47995437767303123,-0.48449616450568816,-0.4889257727738686,0.36479415088326406,575,-0.3979377296853446,0.4745376791541779
3bef7xxx71,-0.6527488496726263,-0.6543725129947268,-0.6710509752796456,0.3705600098877824,345,-0.5919446937025155,0.583575688751435
3cafbxx71,-0.633268295362904,-0.6997953685302669,-0.6616907288207079,0.3411516877448281,123,-0.4698777053985094,0.5550006400753047
3180bxx71,-0.4349942387457663,-0.45438896213352126,-0.45937387999469126,0.3726425889335886,100,-0.2825742117916242,0.574929181413386
2812fxx11,-0.8596086425247027,-0.8859621333924158,-0.8912670339575632,0.3086628894619869,55,-0.8274246416453392,0.3293967570439396
3180bxx51,-0.4721588869911218,-0.46982871182042574,-0.4975532053410562,0.41134197624532154,92,-0.3184733577612522,0.5901279279802925
32e4cxx51,-0.7037294312955656,-0.7334211263995745,-0.7465898220946203,0.3437642416616199,102,-0.5159554246048227,0.7653743241949523
3bef7xxx51,-0.7758737742303978,-0.7836617739175195,-0.8028495414982114,0.37644369918797255,193,-0.6740770826099424,0.4711238558108921
3cafbxx51,-0.874279668354431,-0.9832320544516867,-0.9378598779931916,0.2064661030448426,61,-0.742226698586559,0.3728452468988971
3d2f9xxxxxx71,-0.42827682160676617,-0.48423166462227,-0.46253354826802556,0.2533046897889242,283,-0.3647889232366842,0.9167330405113464
2ceacxxxxx71,0.6007415905577701,0.7392550455233727,0.6466309927230353,0.6260047211849948,109,0.5113661021833209,0.4439718220405897
45365xxx51,-0.23376728755826456,-0.3483342036368928,-0.29372397184920784,0.24302922887464945,149,-0.1464543713565373,0.6008324076010185
4d641x91,0.7524324811544904,0.6849141178733759,0.7526931280051038,0.3708736864336145,183,0.7627200536110307,0.1867300362064458
32e4cxx71,-0.38059297749299686,-0.35898972942948226,-0.3930029496822586,0.4769366938533327,139,-0.2559102184354181,0.669642881114511
34bd4x91,-0.15983574369095574,-0.16330310713681095,-0.16547017327882066,0.4045608095258528,258,-0.0562681701846076,0.9693738898913236
37762x71,-0.4712247967715504,-0.35831250044628693,-0.463021085031102,0.4646759751739308,426,-0.261463673107544,0.5584095167479208
33bd7xxxx51,-0.6063229872177128,-0.5707824306934323,-0.6257611767334813,0.4142662212586063,210,-0.5966017994719952,0.4428712006620119
36520x51,-0.7779312173334042,-0.8627882984125887,-0.8054284677194395,0.4026185471594178,87,-0.7324220389431487,0.8585622766185363
3965b71,0.22494685617951202,0.19262472671518235,0.2082628598745628,0.2725874438852715,114,0.2805171200948316,0.7422621195970194
3e2fbxxx11,-0.6997868788563003,-0.752765797083249,-0.7358536318642765,0.28712848606851965,107,-0.6301565554767888,0.9139364414467146
40e0cxxx51,-0.12572491734131935,-0.15438068662885052,-0.1522880674890277,0.2837034278855067,388,-0.0518669231362164,0.609523323291464
42282xx11,-0.957178279972846,-1.0062604549832455,-0.9858748537960724,0.2607625198518166,150,-0.971290638762697,0.4627918356488218
3aeb1xx31,-0.564253298376924,-0.6447474773256975,-0.6052103009200146,0.3329110092031302,174,-0.5065402891609545,0.8836234082253596
4200fxxx51,-0.4617490188909447,-0.5375246878578314,-0.5063097558255683,0.2363545537379273,224,-0.4064242609172186,0.1561561091643103
2cde3xxx91,0.776778442664198,0.854111039334971,0.8081075504792103,0.443861576869594,105,0.7332435130139472,0.1646886444000505
34f5axxx71,-0.45436507242760366,-0.4509932970780966,-0.4674846965460278,0.4725383844996918,163,-0.256875727401559,0.684418769850536
38419x51,-0.6860691149995217,-0.7382781984856224,-0.7214594406539173,0.3669738998555913,190,-0.509143021392273,0.2953889923925296
2f14ax51,-0.6252050691758274,-0.7060582955579757,-0.6582546786928902,0.2968907486240256,187,-0.5492327477489801,0.1522209794245219
33bd7xxxx11,-1.3146682448814404,-1.216583435042359,-1.286701995486823,0.6274752886611757,155,-0.8063761892809991,0.2239268508032784
517e7xxxxxxxxxx91,0.3398647771927258,0.25388163999977803,0.3195265815165522,0.3185086786401985,68,0.5319495840582981,0.697803762718041
389bcxxx91,0.37965587488491015,0.3505769204273874,0.3579272784314945,0.26047258919459676,235,0.2381905951062106,0.9691842808959378
304bexxxx71,-0.5539171022626116,-0.4699985080938128,-0.557391030629683,0.3985382215590789,184,-0.289966411013461,0.7164640506873123
46e59xx31,-0.8830593260762394,-0.9635560607491132,-0.9258327328941363,0.18700789078606034,198,-0.8077268475239386,0.5592378455815952
46e59xx51,-0.654515180633848,-0.7412423686470474,-0.696872818464644,0.21239312487620413,242,-0.6286180913768394,0.3775746446416636
491b6xx31,-0.745454013366435,-0.8677066605161106,-0.8029683054174203,0.14404854948985577,211,-0.6095844471471411,0.7356796197315776
44196xxx51,-0.9037637871109597,-1.0451872264756406,-0.9679971767419128,0.0998577424517997,30,-0.6986684672502135,0.5375899843330726
44196xxx71,-0.7414779517442245,-0.8461257772298608,-0.7970768256859072,0.15249237972318797,50,-0.5443811459282399,0.4978695958061314
44196xxx91,-0.44823740955469116,-0.562227152929626,-0.4869350986344219,0.21771189000561816,197,-0.2523480430478319,0.6620141451218096
49cacxxx11,-0.8377548298869356,-0.8626554932330164,-0.8973498463255768,0.1614864775585318,68,-0.6779915323051123,1.0111571338510523
49cacxxx31,-0.7130892863171084,-0.8238685398075993,-0.7621513743276425,0.2128736888389852,105,-0.6026454526450402,0.851119896491003
4ad7exx91,-0.36748924035725244,-0.4984806149876678,-0.41767382289487803,0.156387816939876,114,-0.132559505930874,0.1239000729197583
4cb5cxxx51,-0.3411726065911938,-0.4855900405832026,-0.4063285274017965,0.17194868050489115,60,-0.2330238297206853,0.5471775503845684
4d6bdxxx71,-0.4785341179004013,-0.6121655379103438,-0.546131252641987,0.052644089662780655,79,-0.4172243149632407,0.6890999128555123
3f571xxxxx51,-0.7352659473010333,-0.8398447323261024,-0.7906629235433105,0.18262018638449198,137,-0.6768418548705386,0.7797072676303077
47dd6x91,0.0015967840280525693,-0.01557685366823763,-0.0026945054328300763,0.3306763123717463,162,0.0568666352110625,-0.0234716845667836
349aexxxx51,-0.7074264751363449,-0.8084473407092122,-0.7432127004837419,0.3757769148302982,92,-0.6220608060509648,0.3723766722571702
3a73fxxx31,-0.8068321029884578,-0.9100332808891272,-0.8446145531936036,0.39359364195079055,64,-0.6481463092670625,0.7601873847263872
3f72dxxxx31,-0.7551802515565234,-0.8313202946459451,-0.799456821014222,0.2436372026522081,158,-0.5713354583385326,0.3401707577838135
43d05xxx31,-0.5583760767193702,-0.5957944232833201,-0.592963415269309,0.3085925128895315,363,-0.3267003767207577,0.3555840674187792
45365xxx31,-0.6812147757303133,-0.7837812703971533,-0.7298396583936023,0.2659345972346821,126,-0.5338659562754321,0.1680857484579113
41218xxx31,-0.3827975349758593,-0.43396147950732056,-0.41562995342950065,0.3533254650968326,215,-0.2601375859315986,0.3133386806432413
3269311,-0.7187984819671841,-0.815519013311364,-0.7682084087431933,0.25026211114326735,129,-0.759979416484533,0.7525068065732776
3bef7xxx11,-0.7896545556486116,-0.7841518200503952,-0.8072481613044947,0.4260233976699939,120,-0.7556457798089832,0.4733383683547928
3bef7xxx31,-0.8584781887765661,-0.8568193575767341,-0.8925768585350952,0.3456242100698719,119,-0.7742495594610388,0.2150144700212743
402f2xx31,-0.7882380160926621,-0.8347664985578801,-0.8145380933063825,0.2385216631693391,477,-0.6386460137794282,0.6200594123844905
447b5xxxxx91,0.8690979321316538,0.8159054708791597,0.8648085581265315,0.31248349675146414,321,0.8270042676046908,0.1615862792866095
33d6bxxxx51,-0.7545698342757069,-0.8301542555510097,-0.7952156607263882,0.23919348043671487,273,-0.6357381843217824,0.1761252084365748
36a3bxxx51,-0.39766035840031577,-0.5018854070026612,-0.4445297106736233,0.2347120294852088,205,-0.4273118444170693,0.6255275442300865
3be60xxx51,-0.6882270429455674,-0.797245731749112,-0.7515672676765548,0.17943665009960588,121,-0.6977249889839344,0.7684244074776191
3c252x11,-0.9236496832713122,-0.9792993735297426,-0.9610353455634804,0.35225629508778983,59,-0.778453432453057,0.3392312687679232
3c252x31,-0.7066743194652852,-0.7384639741972535,-0.7508468510748013,0.35336876541399476,52,-0.5733848431551608,0.5974805412506523
3c252x51,-0.6079323341777523,-0.6758569596148502,-0.6591276645757832,0.25521623547694217,74,-0.5269809760477122,0.2972795839778321
3c3dfx11,-0.8658236370595523,-0.9598253379755897,-0.9112460434968978,0.3377175461192943,85,-0.7487005936282204,0.4187644135218805
3c3dfx31,-0.6190881720594411,-0.6649142452637054,-0.6467284456524857,0.43154661365569225,100,-0.5424080969952637,0.6302955485273151
3cafbxx11,-1.2365934352010377,-1.3316107351560804,-1.274102039090277,0.2887754642021234,63,-0.9374449744839016,0.2808490883332598
3d2a8xxxx51,-0.6280680196296403,-0.6863183183725254,-0.675322487967743,0.18040207002714131,131,-0.6221076598442908,0.8436581451896912
3e05cxxx31,-0.6668280556053459,-0.7640724905176753,-0.7216784740861407,0.1529635118658135,125,-0.6076879826793851,0.6252333271066132
3e2fbxxx31,-0.4340195624441634,-0.5364433017133984,-0.49006377467309464,0.22903047263729762,92,-0.3803368107779138,0.4216383292663175
3e542xxxxxx51,-0.5824136908258292,-0.6309608565481127,-0.620648987637018,0.32589324929605784,136,-0.5007973700591091,0.090833578128338
3f72dxxxx11,-0.9902083140060113,-1.0805642712495767,-1.0362755244674513,0.22434893653587365,150,-0.7584987737262651,0.6189239781973579
40095xx31,-0.7788435827854895,-0.852998296237179,-0.8273088797028585,0.2832981210261477,106,-0.6857855822849102,0.8983289322184675
402f2xx11,-0.9145174445079561,-0.9901336806047661,-0.9534012740462889,0.19355472002649743,113,-0.7724671325576529,1.2769473816286978
402f4xx71,-0.5978510863512558,-0.6448500629462451,-0.6356806145677596,0.22835739126073082,228,-0.4519741514777734,0.3605125437126891
40e0cxxx11,-0.6831989322684864,-0.7562473314619234,-0.7239438154303056,0.24036399642529704,139,-0.5858464125655991,0.6080279071784158
40e0cxxx31,-0.4315714411470219,-0.48047550862200455,-0.46775043752611134,0.25933761081113255,212,-0.3521718939266172,0.9555230773058446
41cfbxxx31,-0.6749221580739774,-0.7631495135013735,-0.7290997753974865,0.1724766942908434,144,-0.7076842069407202,1.172111540368841
4200fxxx11,-1.0055676304576002,-1.1242339423314416,-1.0684198899879014,0.19814371618374615,92,-0.7943647386129624,1.2959112455121629
4225bxxxxxxx31,-0.4153734101884541,-0.5246472285808641,-0.46577585643685093,0.21397063853467538,139,-0.3064971197701572,0.3447714274762097
427e6xxxx11,-0.9103979420689936,-0.9886491916275361,-0.9508722892241425,0.2189705550693969,151,-0.7438039504401887,0.5118252487872564
428a3xx11,-0.9560458513971934,-1.060067053696978,-0.9941446958001618,0.21537261642784408,127,-0.9342598751862504,1.109046918392621
428a3xx31,-0.6677448251321579,-0.7526654566963329,-0.7125818010408629,0.1868782435223992,118,-0.7591942805426387,0.4674652538412147
42ecexx11,-0.7371358661704893,-0.8159626731227749,-0.7876017546361213,0.19021801182765047,158,-0.7559701499452767,0.8031364915417648
43c6ax11,-0.8151737297240419,-0.8890096986277128,-0.8554105567568864,0.25582975622243537,116,-0.6317300867308615,0.457845929797975
43c6ax31,-0.4751712929601317,-0.5568163226327314,-0.5168468876387482,0.23453892790980055,135,-0.3557153006815081,0.0168678861090048
43d05xxx11,-0.7459019063991291,-0.8298699528628357,-0.7936686506078983,0.22133713384432332,262,-0.6195968042987506,0.4374871238923133
45365xxx11,-0.8836807765165128,-1.0285873896381967,-0.9508141809340964,0.13787004830896832,92,-0.7547077940565867,0.1410970164139412
4561cxxxxxx11,-1.1103887141002071,-1.1700339825343549,-1.1454038114703,0.21372498996937805,165,-0.9360698930583276,0.8434308344575074
46e59xx71,-0.42690750824755336,-0.4984109876583042,-0.46655446411594353,0.23005531939360374,446,-0.3925116553189575,0.6544960811376794
47a42xxxx51,-0.8362981557359926,-0.9491676149765156,-0.8852973411515278,0.20618473617728408,155,-0.6753605467142991,0.0611766086668586
46472xxxxx91,0.46209412113089393,0.4332522961707401,0.4728358498123318,0.3979257262026313,188,0.5991430359536241,0.1343983077611291
30c0a71,-0.5065821753308821,-0.5355317331504853,-0.5170734009946081,0.37050815319746155,197,-0.5175509331044179,0.4676380817049267
40ea7xxx71,-0.3462260996926683,-0.39727355357637845,-0.37857841988402885,0.28007505386698717,391,-0.3493347305606821,0.6942814239337057
48b7axxxxx71,-0.7196334160103773,-0.8071266751197381,-0.7463589876569034,0.30149115447720826,180,-0.4926805207315792,0.5878556013296669
44794xxx51,-0.0595221942885224,-0.18989969808554713,-0.11816942350428417,0.10166158648212531,75,0.031459829145607,0.6926463099152855
25987xxx11,-0.7800960959504323,-0.8561906493599165,-0.8282968456516406,0.1958126344793288,36,-0.8059595633059945,0.6658209900361957
2812fxx31,-0.8009336493197702,-0.6877014220140888,-0.8275802819131357,0.3774318456726257,37,-0.6773112752859168,0.5832984056618665
2812fxx51,-0.5056131702345984,-0.5183996462390803,-0.5323556018688975,0.35384301036722327,55,-0.5091934065076897,0.6097528107128082
2812fxx71,-0.25570312095836417,-0.19873863810055145,-0.27052988505260867,0.4557585009862499,72,-0.4377581023414423,0.4409232472241607
29ef2xxxxx11,-0.8084171151900947,-0.8012245771675655,-0.8217761982845767,0.4070639427223217,98,-0.7039758982483084,0.4590316337822481
2c5b9xxx31,-0.6616941161583174,-0.6349466966982886,-0.6928093688264862,0.4454348517655076,87,-0.4711959492002389,0.5643433774349847
2ee3dx51,-0.6767142028131983,-0.7600371646854508,-0.7242778774141057,0.26863855673383785,37,-0.617664250521113,0.665298466426621
2ee85xx71,-0.3314813357799792,-0.43312147115048244,-0.37730040051160524,0.22771770652399356,102,-0.2828209564228225,1.1496933005230934
2ffd3xxxxx51,-0.48084651896370334,-0.4984243837769298,-0.5101747683105259,0.3449394864607707,205,-0.3835614805995572,0.720084588066734
31cb1x31,-0.7318219423930918,-0.8306828924795935,-0.771351394043677,0.3124156611118709,44,-0.5574744039142036,1.0487343232045474
36ae7x31,-0.7936824468457606,-0.8618097498137068,-0.8318175493251545,0.36421510357183223,59,-0.6499785632650257,0.9678587181146496
37d44x51,-0.7307309096065995,-0.7707048906369695,-0.7550447341171194,0.4074720024125121,129,-0.5454905564138663,0.7223033325352171
38419x11,-0.8667268959184611,-0.9833319845494275,-0.9087000763478978,0.3480324399453544,91,-0.6838953745548491,0.9638346989617306
38670xxxx11,-1.1735172069757271,-1.2030651669227046,-1.2210433349232213,0.2152101545177197,66,-0.916330970491648,0.8170382942969536
38670xxxx31,-0.8847405346276959,-0.9435861075077319,-0.949144348115357,0.2201083341970248,47,-0.7051579434962773,0.8577404739494391
3898fx51,-0.7573287360243542,-0.8436262698858809,-0.8132448972413145,0.17596368231399503,66,-0.7458936024298395,0.5109265200532548
3898fx91,-0.3102462833696246,-0.3682153961046477,-0.35440309088865757,0.20964303996699288,170,-0.4870779053396397,0.3851788742004684
39ba2xxx51,-1.072674252887154,-1.0735242386573238,-1.0528209443207712,0.5847394953448845,179,-0.786375302150648,0.5728740491965681
3b4f8x51,-0.7420268097368916,-0.7615138090345374,-0.7747586045626061,0.3185684171456124,158,-0.6312588480650406,0.4277687742465184
3b62dxxx51,-0.5979927086874618,-0.640277225931626,-0.6258907538614994,0.34146532594130785,168,-0.5189480651240072,0.1812751504786272
3d2a8xxxx31,-0.8334126421571908,-0.9439875277050833,-0.8831666019800305,0.17134543341491928,102,-0.7297832838584802,0.8583362700942178
3e122xxxx51,-0.33480988773399184,-0.3146303350985465,-0.3354785088702243,0.4830626199914731,421,-0.2623237856865555,0.3714507686438361
3f0fdxx51,-0.5152154727234316,-0.6006586834054467,-0.559148199236172,0.23860895993780765,169,-0.4273099378034752,0.6720386892139965
41cfbxxx51,-0.6170200281374306,-0.6522738604415638,-0.6475037357632865,0.28568512461910495,296,-0.4427842162733834,0.6310178765661714
43c96xxxx31,-0.607267838070712,-0.7045362656749616,-0.6571812662135997,0.2709190766214477,84,-0.6304023631407427,0.8196579875694072
455eexxxxxx31,-0.6083498814890412,-0.6909086955992546,-0.6245610978900634,0.5058372380095267,78,-0.3258019849403324,0.6722383741070094
47f84xxxxx71,-0.5627289972219753,-0.6631748482582097,-0.6123687302952808,0.27879693765465313,89,-0.4516384275762822,0.7295480066633016
4b07axx71,0.0684174613424365,0.06926363712460462,0.06859693948430129,0.45915080259816865,353,0.224674437040042,0.5792469759042165
3da61xxxx11,-0.60605514218023,-0.6883155778189376,-0.6454656160678599,0.28363607541688124,171,-0.595278581743414,0.3153757162712589
3b3bdxxx31,-0.5141619471675511,-0.597814176065729,-0.561638121761931,0.2814092470481136,138,-0.3796899714822705,0.917169499827068
47a42xxxx71,-0.4192275176169896,-0.4731726524146798,-0.43190229743985153,0.37766786617445985,398,-0.2025939191150971,0.0968124762391813
2df01xxx91,0.587090675387231,0.5051843329606153,0.5471503619814067,0.239381473249138,56,0.4921055893129903,0.6327415676727306
47dcdxxxxxxxxxx91,1.0943226943034212,1.028329079724435,1.0987415062056598,0.3995576907532067,77,0.9520758988634213,0.0893159843339872
3f0fdxx31,-0.7453514152452247,-0.8191571843049285,-0.7972651118093311,0.19950721248837272,106,-0.5949252876677724,0.8417449409517049
3f0fdxx71,-0.6480283533300446,-0.740167542529995,-0.6997563327910127,0.1914415937474123,209,-0.5205983028748278,0.4095436016334591
48c01xx51,-0.3347171588238763,-0.39383611114829187,-0.36348411572977685,0.3610625478079771,140,-0.0850098041336003,0.5259592467717722
492e7xxx51,-0.27966242505153627,-0.35747673827737464,-0.31180898460407297,0.29554978320953323,199,-0.0842266838580908,0.6401132004381412
455eexxxxxx11,-0.8189690087924328,-0.9432007664940881,-0.8496125600990897,0.424420877288397,60,-0.6164272339862824,0.6284094316191438
455eexxxxxx71,-0.21434697308637535,-0.26882845361087876,-0.2228765630646335,0.48249013346543695,202,-0.0022415970765132,0.8283429486748185
48c01xx31,-0.512037073268975,-0.647432954790072,-0.567314375875152,0.25950275198371264,57,-0.3337526056488691,0.7185471577550411
4c05fxx11,-1.0586346046167678,-1.1422233986321522,-1.1039435747975062,0.26017769401849417,103,-0.7905302253826136,0.7694641805130489
43239xx91,0.6310170620672951,0.5721268155664675,0.6108460746410688,0.29501760945331784,249,0.5155939116212538,0.2471010527011843
46f03xx91,0.6739111924011933,0.5627728256632388,0.6599931464224835,0.3756429316002253,36,0.8502187534014836,
3aae471,-0.4900487166969419,-0.5223850698193779,-0.5241355430418596,0.31956859704910007,196,-0.4711304129091803,0.6833066935672069
43c96xxxx91,0.8757256735948116,0.8482965305767486,0.8663110023649033,0.419707038058578,112,0.7397032904128803,0.3151629355196381
4452axxxxxxxxxxxxxxx91,0.47141330231934053,0.293496700378862,0.3953488957508123,0.09630466152569532,33,,
44794xxx91,0.6692454150069819,0.5256062747108339,0.6126306727967934,0.10530755870778541,96,0.8264379127613308,0.1364106590158443
3717351,-0.6552145979603587,-0.6393386245096822,-0.6622550333884324,0.4606801262727594,215,-0.60050833798936,0.6629248824028454
36520x71,-0.5390403770193131,-0.6052863784025402,-0.5652932973985091,0.4130661553257361,167,-0.413232509780546,0.5812546215461956
3a5e9xxxxx71,-0.7550636488448932,-0.767892983029251,-0.7733805404493157,0.4027172795481242,165,-0.5485231434310389,0.6738090003843544
3af82xxxx31,-0.6374916874444518,-0.6551424317887117,-0.6878090567193544,0.31388032071807653,67,-0.6069570023801677,0.8171675268435508
3c252x91,-0.2117019547432775,-0.21811573911684434,-0.22168944884634117,0.4054442423787614,352,-0.0705630815162043,0.6700756136894285
41873x11,-0.6751799041530276,-0.7230470871086828,-0.7073862847892014,0.3390801987101129,148,-0.70236241275608,0.4356915498234312
2c794xxxx91,0.3136543471518025,0.24790192345245607,0.2932793562487304,0.2690801496656134,71,0.3233719197012655,0.3834367591787996
1ac63x91,-0.051359154318365366,-0.050637505533984335,-0.04715201614625549,0.4495994319420691,184,0.0087064433966156,0.9629387407678548
4bf13xxxxxx71,0.2434246597432485,0.17259077368546236,0.23984289510259835,0.40557467762641963,118,0.3852565966364323,0.5950358387766572
2e409x31,-0.36754380795868846,-0.38918107626090925,-0.3954946461082233,0.3509198665757198,160,-0.3050802096675606,0.4087096563161596
4aafexxxxxx31,-0.7525089643528813,-0.8196637296754437,-0.79039436177685,0.3001280488635552,233,-0.5253617788969827,0.6201025479984722
4c05fxx31,-0.7359043312576425,-0.8133311179826586,-0.7993430998596307,0.2538381116529556,66,-0.4365852789478053,0.6305467039379847
38bddxx71,-0.5388600684391601,-0.5466198290329836,-0.5707084480907552,0.33212424193704404,149,-0.478261371498545,0.2152286600164217
42ecexx51,-0.18012135717271796,-0.22342286638199937,-0.21113803650126725,0.29685423208615824,338,-0.2499988736591852,0.6941971615918232
3c3cexxxxxxxxx91,0.8414821470851048,0.7797614897615505,0.8401421994879504,0.408312149883836,171,0.8153188227097519,0.2914942641251437
3f829xxxxxx91,1.224608441455173,1.2617064137801655,1.2645840983172985,0.477196435773296,85,0.7971053406070877,0.6314911471412797
4d77bxx91,0.45740771834156696,0.36070848090981644,0.42716734176153526,0.29930152075198924,61,0.5597050269975815,
36cf0x11,-0.8135809906781346,-0.8241352775105605,-0.8512001854444115,0.33957345596415406,83,-0.6552215524715952,0.766086586477673
33219xx71,-0.7342154071085258,-0.7862412952010528,-0.7722131225596087,0.28883029805819566,119,-0.6273381130667631,0.4306905135925698
38670xxxx71,-0.3963387879479599,-0.42588730457970614,-0.4104039247581437,0.40290196849285953,256,-0.3897515924031045,0.0768833087278613
3e122xxxx31,-0.44893491007778763,-0.44033525000239626,-0.4681009791867101,0.4104890181484026,160,-0.5364641425501802,0.651274918685704
4cb5cxxx91,0.7063632982994588,0.5908832774589682,0.6760814484217256,0.34044957018541955,135,0.8943356931446302,0.780430968921575
38419x31,-0.685879837156262,-0.7406277052401941,-0.741812568785829,0.3437984023057925,80,-0.5869760144385665,0.332826675613294
397bdxx71,-0.33826158916141497,-0.3862643540591371,-0.37180201969374166,0.3666778113707742,88,-0.1832054070463362,0.2527159155028219
3e2fbxxx51,-0.2185855724253917,-0.23277006290544164,-0.25066032480409645,0.35851175632494087,193,-0.2036091271808481,0.7696365224597642
2c5b9xxx11,-0.8997345644569132,-0.8488088176736794,-0.8984011256569708,0.5187311331479917,100,-0.7225295058937968,0.8642748651895603
3e122xxxx11,-0.7374191119790863,-0.7806078293200599,-0.7632549214728716,0.33233071641307416,122,-0.6792404017492288,0.693711283333119
349aexxxx11,-0.9050072408973892,-0.9539459572334702,-0.9403579798023165,0.37453395121455546,57,-0.795410255861756,0.6703548469625895
39984xx11,-0.9242108536539222,-1.0013959748731043,-0.9742929424154965,0.31424005469856936,73,-0.8028200282941886,0.4898265915124449
31cb1x51,-0.5238380709676004,-0.5848698212358182,-0.5662170772826646,0.2272936355811971,98,-0.4403976956781814,0.5340747736431165
35d5bx51,-1.1410962980044277,-1.2170398828512967,-1.1780201395631413,0.33654362338358346,87,-0.912632196700664,0.8236099456411592
3a5e9xxxxx51,-0.8656204204009134,-0.9578560029951747,-0.8938168992267188,0.36446605978421404,90,-0.6687147422320836,0.5795724325765218
3d124x71,-0.5507833658145551,-0.6050804124285845,-0.5850185493634226,0.3106843470124608,154,-0.3631102196058871,0.7102628523984077
31cb1x11,-0.7878736409438463,-0.8525114800506538,-0.8326390383179259,0.26725420377808173,57,-0.6763571243320049,1.7183100383328325
35829xx11,-0.8429161131261175,-0.9208220441660023,-0.8900891849484573,0.3124947690031041,56,-0.8682501545712193,0.2612200592284296
397bdxx11,-0.940042393301741,-1.0201097888644284,-0.985269246965983,0.2865108485485208,31,-0.7628890058146589,0.4303843080007636
29d32xxxxx11,-0.6548332582935131,-0.6611361108308466,-0.6734371132890598,0.39905203523290494,114,-0.5168494049639644,0.5110603602318554
38670xxxx51,-0.8468479555806396,-0.852275703472732,-0.8852289372074221,0.3072656214511001,85,-0.7073980561044044,0.9500890776591928
3a73fxxx11,-0.8644030913556416,-0.9498114457075842,-0.9064029804983782,0.34206517570433864,52,-0.7423457258954641,0.5756694462843629
3d124x11,-0.9328235644800394,-1.0513061196875226,-0.9786820891595445,0.28862818317679945,74,-0.6515527781588989,0.5264510684839973
3b62dxxx11,-0.8711735653831513,-0.9144441911324469,-0.9094804220074726,0.26996259297128283,67,-0.7490043612352291,0.9135444283082856
3ba4bxx51,-0.7319306038102039,-0.7629269074086964,-0.7785585204080603,0.3133597199176327,92,-0.6930416072178925,0.7178026936070865
471f8xxx91,0.7568175277849057,0.7018826655547465,0.7421517832100559,0.34600983488282994,99,0.5791604283311438,0.5907343540279099
3b62dxxx31,-0.750406295893476,-0.7902969833015464,-0.787688847735877,0.34274574479834485,58,-0.6200109837147467,0.668937302218416
397bdxx31,-0.8663523328778214,-0.9637802677643807,-0.9094538655671127,0.3640151950721242,30,-0.6281997799788777,0.2364493418695091
3af82xxxx11,-0.8414760161626387,-0.9095476648851653,-0.8861004087387989,0.3112325904372941,54,-0.7727706372400265,0.5930433967011862
4c05fxx51,-0.36515245633439464,-0.47112417339890184,-0.4057775611738661,0.31328997804678826,217,-0.1186788897811952,0.3339768152586569
2ee3dx71,-0.5923394715060394,-0.6768908314216507,-0.6349813637936309,0.2842090820997142,63,-0.4939701497192801,0.9537823571448611
36ae7x11,-0.9108146690892093,-0.9660040992639415,-0.9471053451812159,0.34447910879002536,53,-0.7708133218807863,0.3761325176973959
40095xx11,-0.9759596645228419,-1.0463165739914302,-1.031823935278823,0.1803889590454484,78,-0.8385125809356894,0.4135640139018776
43c96xxxx11,-0.8963238217703398,-0.9940283818659513,-0.9502071101311406,0.19307018162212103,43,-0.7928420803453152,0.9440308598586704
47f84xxxxx51,-0.9237473262794956,-1.0068453686659962,-0.9640515823293686,0.3199845239733274,54,-0.7667446978667302,0.7401323115358801
4d77bxx71,-0.11280877519872753,-0.24972414967399273,-0.1728526999171235,0.15959963483707548,59,0.1550865863884169,0.1413807879279882
4cbd0xxxx91,0.754397675061092,0.6226697634445651,0.751419918226617,0.4873821709500328,34,,
3d124x31,-0.7119368346351368,-0.7495549939230288,-0.7495527510519875,0.3367259437000923,59,-0.5352135368003084,0.9808103096195012
25987xxx51,-0.5399854401439602,-0.6943871185939919,-0.6120152114670331,0.16943597747020886,45,-0.5040401397708961,0.7111454063372061
2dd30xxxxxx91,0.78402780136289,0.8686644667296572,0.8457063160524602,0.6477081646795743,48,0.7769393094197051,0.0600317934990984
46f03xx71,0.2964914504473897,0.13563295059108954,0.26095542623651485,0.30267179336647104,42,0.5347450981082029,
397bdxx51,-0.5743832450428726,-0.6478413394040009,-0.6173189131430308,0.39595019731886266,37,-0.4261741103539397,0.3801108755715466
25987xxx71,-0.3353886073609906,-0.3596503993078966,-0.3688638126620546,0.35508035846718083,47,-0.325085263777725,0.4853335720768597
3d124x51,-0.5621382156816305,-0.6501334526543137,-0.6139413923475565,0.25860457313865465,88,-0.420058738171542,0.7423596324765278
48c01xx11,-0.6506555375913786,-0.7163572533109169,-0.7002853227354638,0.23961873210175894,53,-0.5234257600474533,0.9044519622538773
4200fxxx31,-0.5924654537526439,-0.7115771814967671,-0.6539322682157498,0.19670987350671246,96,-0.5699160005626085,0.3105886839806733
4d77bxx51,-0.20102066649977765,-0.3602786083275375,-0.2708793667814719,0.13480757364173798,39,-0.0875622137121912,
44794xxx31,-0.4493228193122136,-0.593034363567034,-0.5316399767849079,0.08943834587870261,31,-0.4092406306765918,
1af5711,-0.41641509981764807,-0.4886792086706773,-0.45181380840826646,0.3014651725793272,76,-0.1718822559155141,0.5480890817119168
4ad7exx71,-0.6831035977644186,-0.8036062169292076,-0.7472517864776338,0.19356005054539455,40,-0.4471053945154811,0.4552526731089351
44794xxx71,0.2655711767959267,0.11952320276423933,0.20529392064662624,0.06561357645606596,59,0.401063866934826,
3cafbxx31,-1.0639132680480714,-1.170237954982532,-1.1247486807417924,0.2143157978434733,31,-0.8997385535807486,0.4930590243824226
47c48xxxx91,1.0561367548256686,0.9827645047301018,1.0691818717311496,0.3772940411381323,41,0.9585962230568416,0.0704011204257959
