lb_id,top_scores,grind,luck,gain,Name,diff,Stars,PassRating,AccRating,TechRating,Megametric,Count,burst,stars2
1ac63x91,18,0.5841661524475312,0.1313694738349804,0.20250927581179337,Full Flavor,ExpertPlus,6.3521552085876465,4.470945358276367,8.20046329498291,3.2575793266296387,0.04464251175522804,580,0.9629387407678548,40.34987579398717
1af5711,18,0.5681838150890991,0.35467929111640245,0.41040732766351723,The Unwritten Chapter,Easy,5.332885265350342,2.894272804260254,7.105393886566162,5.247800350189209,0.1527295708656311,268,0.5480890817119168,28.439665253390785
1af5731,26,0.5508328166856109,0.13768205414350118,0.1522949626698829,The Unwritten Chapter,Normal,7.364516258239746,4.850970268249512,8.557333946228027,7.456701755523682,0.24891312420368195,331,0.0766379353646817,54.23609971787755
1af5751,39,0.5666775102516036,0.46695403195194485,0.34498511642499374,The Unwritten Chapter,Hard,9.282002449035645,7.972201824188232,9.466283798217773,8.444345474243164,0.2673413157463074,480,0.5392840665219637,86.1555694639037
1b341xxxxxxxxxxxxxxx11,13,0.13782765147908116,0.025740154243095743,0.04544247762319284,Galaxy Collapse,Easy,6.20507287979126,3.7729952335357666,7.878442764282227,5.420495986938477,0.34332138299942017,789,0.6241695158211183,38.502929443521
1b341xxxxxxxxxxxxxxx31,15,0.5310363715419995,0.19633371674798655,0.27690936159327406,Galaxy Collapse,Normal,7.703427314758301,5.183022975921631,9.312553405761719,4.860118389129639,0.4650722146034241,1019,0.1810987772298755,59.342792393764284
1b341xxxxxxxxxxxxxxx51,19,0.35587225098968717,0.058969743257850295,0.07317565023744259,Galaxy Collapse,Hard,8.211153030395508,8.212804794311523,8.90666389465332,4.075499534606934,0.09380011260509491,445,0.6304561200731915,67.42303408857333
1b341xxxxxxxxxxxxxxx71,51,0.5747281537299495,0.1048219909461766,0.220851127584251,Galaxy Collapse,Expert,10.345918655395508,10.131583213806152,10.582520484924316,4.093552112579346,0.3164707124233246,330,0.1633009026674313,107.03803282406079
1b341xxxxxxxxxxxxxxx91,74,0.554650313378033,0.13744761120395052,0.21975737779165408,Galaxy Collapse,ExpertPlus,11.84874439239502,11.215496063232422,11.648764610290527,4.835384368896484,0.4040352404117584,342,0.1979878239114088,140.39274367631242
221caxxxx51,21,0.2229586298630581,0.0395070325363195,0.05144696486215922,Light of Nibel,Hard,3.33842134475708,1.2555010318756104,5.634600639343262,1.5843219757080078,0.02865808643400669,637,0.9442817549592788,11.145057075129671
23c7bxxx91,109,0.7015561625103945,0.15964356407616193,0.28383141605878975,Einherjar Joker,ExpertPlus,10.989316940307617,8.43468189239502,11.35511302947998,7.642614364624023,0.06788437813520432,619,0.1397419232708443,120.76508681453197
23f6fxxxxx91,64,0.6075956144654924,0.1381518751270214,0.21839475738518097,Ice Path,ExpertPlus,10.530890464782715,11.216374397277832,10.390948295593262,3.7422220706939697,0.4335402846336365,179,1.125771097740693,110.8996539812515
24d9bx91,151,0.8353357405936929,0.13730646737594845,0.2705816544662454,Yggdrasil,ExpertPlus,13.311366081237793,12.824538230895996,11.932465553283691,8.019341468811035,0.8469259142875671,424,0.6928263357760881,177.192466948728
25987xxx11,17,0.21699290906552565,0.004791839022322249,0.04542220837569527,Halo: CEA - Cloaked in Blackness,Easy,2.0490615367889404,0.45080068707466125,4.191204071044922,0.6047859191894531,0.013544762507081032,174,0.6658209900361957,4.198653181547854
25987xxx91,10,0.13862943611198905,0.044218946452413685,0.07076888800001746,Halo: CEA - Cloaked in Blackness,ExpertPlus,4.213265895843506,1.8762156963348389,6.434849739074707,2.6943812370300293,0.014785750769078732,685,0.4211507347926861,17.75160950907798
262cbxxx91,57,0.5217880483564891,0.11072126955762354,0.20502081686648743,osu!memories 2,ExpertPlus,9.30480670928955,7.12344217300415,10.501775741577148,4.668882369995117,0.14462117850780487,898,0.2302026717344296,86.57942789723984
268a7x71,57,0.5874393460518004,0.21441326930420757,0.31726698689523214,House of Memories,Expert,5.0424981117248535,2.6453607082366943,7.051333904266357,3.9245598316192627,0.08320830762386322,5039,0.8439166764179191,25.426787206748713
2812fxx11,16,0.48390012636348634,0.10434076969564285,0.29748384507716275,Halo Reach - Lone Wolf,Easy,2.0318846702575684,0.5698760151863098,4.0850138664245605,0.699447512626648,0.007860681973397732,232,0.3293967570439396,4.128555313227707
2812fxx31,16,0.5188761131094503,0.14193227342445494,0.38155677284312506,Halo Reach - Lone Wolf,Normal,2.4129080772399902,0.973102331161499,4.417426586151123,1.224802017211914,0.01017381064593792,223,0.5832984056618665,5.822125389209987
2812fxx51,16,0.4725050290638642,0.3082137167259418,0.4259704464233496,Halo Reach - Lone Wolf,Hard,3.056246519088745,1.2010769844055176,5.1966681480407715,1.8305152654647827,0.013770043849945068,284,0.6097528107128082,9.340642785442071
2812fxx71,10,0.3871201010907891,0.13393940444406768,0.21044151421691987,Halo Reach - Lone Wolf,Expert,3.5233864784240723,1.4893211126327515,5.683821678161621,2.285311460494995,0.009404858574271202,291,0.4409232472241607,12.414252276341585
2812fxx91,17,0.3908111607733925,0.25167091762494354,0.3740316073110427,Halo Reach - Lone Wolf,ExpertPlus,3.957308292388916,1.7618097066879272,6.062435150146484,3.024571418762207,0.006520337890833616,780,0.519526224131154,15.660288921010078
28328x51,31,0.3037541437221759,0.11664682300089886,0.16595136799276017,The Empress,Hard,7.272665023803711,4.211800575256348,9.653444290161133,2.034634828567505,0.22520655393600464,1629,0.0736709841986095,52.89165654845783
28328x71,82,0.614682088949677,0.14352437254445233,0.18531443711031115,The Empress,Expert,9.708727836608887,8.951414108276367,10.790928840637207,1.6286532878875732,0.2980039417743683,499,0.0417612976620338,94.25939620534427
28328x91,152,0.5896315817136141,0.1416000614782409,0.2668213408947013,The Empress,ExpertPlus,10.635212898254395,9.867332458496094,11.408961296081543,1.9137239456176758,0.2484455704689026,831,0.0687299162372228,113.10775339119664
28437xxxx51,48,0.7125188840027059,0.09557996872593859,0.21352583562970995,Qrestfall,Hard,6.470707416534424,5.716226100921631,7.8390021324157715,3.5540056228637695,0.2958860993385315,1118,0.8247273342059568,41.8700544703936
28437xxxx71,89,0.7969330904590282,0.09993259983937558,0.22686812067206766,Qrestfall,Expert,8.08980941772461,7.028192043304443,9.285340309143066,3.735137701034546,0.3068418800830841,2140,0.7657861246002206,65.44501641510578
28437xxxx91,315,1.1302647703072317,0.20055927929556056,0.4110851532564498,Qrestfall,ExpertPlus,10.545451164245605,8.356103897094727,11.184024810791016,6.021414756774902,0.2930707037448883,1746,0.212549827875244,111.206540257489
28d74xxxxxx11,48,0.5296756383913243,0.08773384039141292,0.15680834476668234,Vicious Heroism,Easy,4.889057636260986,3.307828903198242,6.653955459594727,3.6647536754608154,0.10728800296783447,893,0.7906314031260048,23.902884570681863
28d74xxxxxx31,63,0.6059915548999302,0.06786026464089669,0.15089667064297216,Vicious Heroism,Normal,6.535229682922363,3.874119281768799,8.42638111114502,4.477715015411377,0.2653949558734894,1532,0.447311971785013,42.70922700854953
28d74xxxxxx51,137,0.7652089468355014,0.10267588378869309,0.18341842394920888,Vicious Heroism,Hard,9.11294937133789,7.407648086547852,9.69609546661377,7.307017803192139,0.6390571594238281,2568,0.7487887108259231,83.04584624456766
28d74xxxxxx71,257,0.9664460180529393,0.1590641958419274,0.3266020414230931,Vicious Heroism,Expert,11.252900123596191,9.291210174560547,11.346293449401855,7.3889665603637695,0.6356574892997742,1352,0.7573692465333705,126.62776119163118
28d74xxxxxx91,273,1.0280891664132266,0.20704008076451685,0.4011747637266111,Vicious Heroism,ExpertPlus,13.429068565368652,9.982141494750977,12.708560943603516,11.28211784362793,0.21408037841320038,630,0.6479823431900616,180.33988253337247
28ec5xx71,17,0.5200596653225819,0.04373865823625686,0.08898521474763571,Love Sux,Expert,4.774527072906494,2.338914632797241,6.961563587188721,3.0592970848083496,0.11123305559158325,700,0.2309270028148032,22.796108769917055
28ec5xx91,27,0.312427748236138,0.06357486985767126,0.10046040156872309,Love Sux,ExpertPlus,7.468557357788086,4.859598159790039,9.168607711791992,4.743195533752441,0.22049668431282043,930,0.669232094313186,55.779349006570556
29d32xxxxx11,21,0.2696647847683784,0.05080132141733516,0.08679131759641867,Trinity Homerun,Easy,3.6494293212890625,1.7921552658081055,5.761535167694092,2.21108341217041,0.034883830696344376,587,0.5110603602318554,13.318334371084347
29d32xxxxx31,12,0.3803623492889863,0.026858338916407987,0.06086860592949691,Trinity Homerun,Normal,5.299281120300293,3.379690170288086,7.257737159729004,3.181276321411133,0.11193053424358368,867,0.5131260806981822,28.082380391971128
29d32xxxxx51,20,0.43616156374137544,0.07502174775555112,0.13989774109017242,Trinity Homerun,Hard,7.267876625061035,5.038751602172852,8.902447700500488,4.5032243728637695,0.304271936416626,1480,0.7185223003521761,52.82203063710858
29d32xxxxx71,29,0.3802005644076398,0.0804330986921637,0.16452296811256378,Trinity Homerun,Expert,9.610250473022461,6.476785182952881,10.866313934326172,5.959409236907959,0.40649518370628357,1288,0.3044888267512278,92.35691415422843
29d32xxxxx91,241,0.8606324899291797,0.12631601524887645,0.25452199242211726,Trinity Homerun,ExpertPlus,10.895456314086914,10.63936996459961,10.800159454345703,5.10260009765625,0.42125141620635986,951,0.8850859496273303,118.7109682921764
29ef2xxxxx11,17,0.32239052490247005,0.07481213655048731,0.1397149295038345,Danzai Democracy,Easy,2.83998441696167,1.0139880180358887,5.13483190536499,0.8009538054466248,0.016070516780018806,426,0.4590316337822481,8.065511488585116
29ef2xxxxx71,17,0.6185288672973861,0.013483047406357156,0.06463916251897117,Danzai Democracy,Expert,5.813018321990967,4.090052604675293,7.786663055419922,2.519062042236328,0.08320191502571106,1471,0.5459754740596819,33.791182011802675
2acd5xxxxxx91,121,0.6108549755687893,0.12463946706458837,0.2808828772025774,Silentphobia,ExpertPlus,11.1124267578125,9.9031400680542,11.493144989013672,4.308642864227295,0.24429872632026672,547,0.1711591696556847,123.48602844774723
2b1d6xxx91,37,0.7161980109414692,0.11632361514652345,0.250461560662571,Infinity,ExpertPlus,10.010890007019043,8.067266464233398,10.845602035522461,5.195340633392334,0.26990649104118347,338,0.3574378641875363,100.21791873263373
2b4f2xxxxxxx51,178,0.7440412906696001,0.08949083721087671,0.20296669988400998,RPG,Hard,9.714691162109375,8.16283893585205,10.583553314208984,4.572121620178223,0.2921934723854065,1370,0.3028777084061194,94.375224375166
2b4f2xxxxxxx71,184,0.791301274912989,0.15163102644188173,0.3014274387157998,RPG,Expert,11.083094596862793,8.186309814453125,11.499377250671387,7.965884208679199,0.19334541261196136,947,0.3085271634820476,122.83498584300924
2b4f2xxxxxxx91,264,1.079855263893574,0.20488272379915815,0.41664528047187677,RPG,ExpertPlus,13.655963897705078,9.566291809082031,13.161772727966309,11.052716255187988,0.39537519216537476,684,0.5927962844037991,186.48534997542447
2bee0xxxx91,87,0.7940792429435523,0.1325940568175915,0.28799905038966234,Looking for Edge of Ground,ExpertPlus,12.053587913513184,9.212492942810059,11.743203163146973,10.225605010986328,0.6741341948509216,500,0.8844082889947407,145.2889815887911
2bf42x91,38,0.5837325866131066,0.12059989472815769,0.23024563955921132,Spectrum,ExpertPlus,9.27281665802002,7.430025100708008,10.064620971679688,6.236323833465576,0.18624724447727203,825,0.4516545068631634,85.98512877325356
2c5b9xxx11,14,0.540005747501559,0.1387750615262508,0.17986792648127156,Dragostea Din Tei,Easy,2.36629056930542,0.8999387621879578,4.4098286628723145,1.0340205430984497,0.016195382922887802,448,0.8642748651895603,5.599331058383768
2c5b9xxx31,13,0.6800780238833763,0.08928576620012438,0.14427464273372312,Dragostea Din Tei,Normal,3.5797221660614014,2.3052480220794678,5.534034252166748,1.8566757440567017,0.059639930725097656,339,0.5643433774349847,12.814410786191331
2c5b9xxx51,18,0.3850817669777474,0.13573018770319883,0.10332356267485353,Dragostea Din Tei,Hard,4.103896617889404,2.5375280380249023,6.069365978240967,2.5222084522247314,0.05388500913977623,620,0.6950534504213887,16.84196745032409
2c5b9xxx71,17,0.29234195879858826,0.02635665803813659,0.052499016042666324,Dragostea Din Tei,Expert,4.840422630310059,2.9184930324554443,6.853767395019531,2.9750096797943115,0.06521443277597427,783,0.7331043415098988,23.429691240017746
2c5b9xxx91,30,0.7169770132646945,0.14442125357916433,0.2763375583376746,Dragostea Din Tei,ExpertPlus,5.907107830047607,3.5596578121185303,7.8144659996032715,4.098721981048584,0.12539412081241608,1889,0.5167219056998201,34.89392291580975
2c794xxxx91,23,0.4807212185429699,0.08102577065547609,0.13874316531584213,And Plague Flowers the Kaleidoscope,ExpertPlus,9.608243942260742,9.502290725708008,10.172374725341797,3.180274248123169,0.2031366378068924,161,0.3834367591787996,92.31835165399025
2c7b1xxxxxx31,82,0.6490614638018071,0.0786652414086451,0.17346034969152957,Glucagon,Normal,6.809720039367676,4.31813383102417,8.334656715393066,5.9913105964660645,0.09718738496303558,594,0.6801815858987065,46.3722870145657
2c7b1xxxxxx51,72,0.6330993551869166,0.07161040738881257,0.15447646241000115,Glucagon,Hard,8.240754127502441,6.932061672210693,9.011509895324707,6.457000732421875,0.2426169067621231,1012,0.7874919343730641,67.91002858994852
2c7b1xxxxxx71,178,0.8482149880289154,0.1396685872139233,0.3162006019556889,Glucagon,Expert,10.329237937927246,9.235397338867188,10.617406845092773,5.855060577392578,0.36680635809898376,566,0.8326374253689348,106.6931563783155
2c7ffxxx91,112,0.8203514435820008,0.17421600414760197,0.32848125972610137,†:OLPHEUX:†,ExpertPlus,11.583751678466797,9.437475204467773,11.72893238067627,6.948569297790527,0.04793631285429001,421,0.0830424945458443,134.18330294838233
2c888xxxxx91,211,0.986757676079629,0.2153184333193397,0.429165500545005,Splatter Party,ExpertPlus,13.991840362548828,16.346324920654297,11.679388046264648,4.01171350479126,0.8682324886322021,414,0.8572218322101169,195.77159673105052
2c973xxxxx91,133,0.9860813740825808,0.22993696887893228,0.4077521460255667,Wommotion,ExpertPlus,10.373098373413086,6.021008491516113,11.297225952148438,9.31828498840332,0.02973906695842743,666,0.128311219462525,107.60116986450521
2c9bfxx91,211,0.9115872216091158,0.160204838275414,0.30397052824349646,Sister's Noise,ExpertPlus,11.722127914428711,12.697847366333008,11.045014381408691,3.7737600803375244,0.41378921270370483,581,0.718945662240839,137.4082828422288
2cde2xxx91,181,0.7383052852750502,0.15424629528276457,0.2528388743658188,Inevitable Misfortune,ExpertPlus,12.691793441772461,13.807847023010254,11.650223731994629,3.394272565841675,0.6741761565208435,343,0.1669481331901731,161.08162076861845
2cde3xxx71,112,0.7096781733315852,0.12484401848923819,0.2824357061522211,Shuenteki Routetsu Sokukakukyoku,Expert,11.906286239624023,14.505650520324707,10.416716575622559,3.6996829509735107,0.6246400475502014,247,0.7765722880261874,141.75965201986037
2cde3xxx91,109,0.6412669220260542,0.18219444717656635,0.30140809549642045,Shuenteki Routetsu Sokukakukyoku,ExpertPlus,13.333581924438477,16.342790603637695,11.12012004852295,3.27547025680542,0.688392698764801,242,0.1646886444000505,177.78440693571247
2ceacxxxxx31,40,0.5398512906598982,0.04500082145923125,0.09964770683365015,G e n g a o z o - f o o n,Normal,7.074897289276123,4.6289448738098145,8.36918830871582,6.98740816116333,0.430146723985672,941,0.7563396799924136,50.054171653806634
2ceacxxxxx51,75,0.6826808840837241,0.21635349047552158,0.31102805065278377,G e n g a o z o - f o o n,Hard,8.029979705810547,6.157466888427734,9.2008638381958,5.643526077270508,0.11221043765544891,944,0.27851687536917,64.48057407572924
2ceacxxxxx71,86,0.6325420158320049,0.13440689404236664,0.27613058767662313,G e n g a o z o - f o o n,Expert,11.063981056213379,10.342743873596191,10.980912208557129,5.834306716918945,0.3799167275428772,184,0.4439718220405897,122.41167681224852
2ceacxxxxx91,67,0.6633390938846214,0.13224358273228254,0.2856355407569693,G e n g a o z o - f o o n,ExpertPlus,12.120241165161133,11.574393272399902,11.425457954406738,6.846489906311035,0.23739445209503174,140,0.1488473286632901,146.9002459016665
2d5bdxxxxxxx51,16,0.17328679513998632,-0.009945616395836743,-0.007604481446692429,The Empress,Hard,8.372737884521484,7.594130039215088,9.29781436920166,4.313172340393066,0.07688755542039871,175,0.6212284303477886,70.1027396829013
2d5bdxxxxxxx71,23,0.3463280683969562,0.06408293150754368,0.13119021714879117,The Empress,Expert,9.396159172058105,8.430248260498047,10.201977729797363,4.077255725860596,0.07431891560554504,263,0.110561665440172,88.28780718665166
2d5bdxxxxxxx91,68,0.5151149059245492,0.10205853777693788,0.16984517370991317,The Empress,ExpertPlus,10.895336151123047,9.887979507446289,11.573232650756836,2.562288284301758,0.27020692825317383,349,0.1100924803755042,118.70834984596877
2d64axx71,114,0.6846470196115844,0.1669840991372394,0.32312375462293874,WYSI,Expert,11.82147216796875,12.532721519470215,11.264628410339355,3.57004976272583,0.4387211501598358,327,0.5699599049030672,139.74720421805978
2d64axx91,223,0.7790380458952529,0.17706741861123879,0.33458648573208477,WYSI,ExpertPlus,12.553743362426758,13.075723648071289,11.791011810302734,3.6749157905578613,0.35930413007736206,562,0.1778020030092729,157.59647240967388
2d7f5xx91,101,0.7630564592589494,0.21243508158775656,0.37845110661780895,Haunted Device,ExpertPlus,10.676837921142578,7.9170050621032715,11.409120559692383,6.550313472747803,0.20737908780574799,973,0.1534770689452333,113.99486799434817
2da0fxx91,58,0.6209187101475979,0.1403416373084358,0.2254510578488612,Mjölnir,ExpertPlus,10.523202896118164,7.9907660484313965,11.333795547485352,5.853914737701416,0.1736072450876236,608,0.126401647967761,110.73779919286972
2dd30xxxxxx91,78,0.7742110391591829,0.21484354660802824,0.339317231852927,Splitting Noise,ExpertPlus,12.44516658782959,14.449369430541992,11.342951774597168,1.941886067390442,0.20700307190418243,142,0.0600317934990984,154.88217139883
2dd6cxx92,89,0.7762293623736145,0.17388594425191428,0.3324212081550484,Bomb The Rave,ExpertPlus,11.438332557678223,4.6460280418396,12.534049987792969,11.831791877746582,0.03243274614214897,384,0.3908687369134795,130.83545170004163
2df01xxx91,65,0.4013754914827202,0.09352019233948305,0.1595577376568687,"The Sun, The Moon, The Star",ExpertPlus,12.064047813415527,14.370107650756836,10.890951156616211,2.376030445098877,0.5340031981468201,101,0.6327415676727306,145.54124964437597
2e09fxx91,47,0.5053288129619552,0.10139563374797753,0.1743549123325526,Borderline Of The Moon,ExpertPlus,9.532241821289062,6.352369785308838,11.02855110168457,4.822754383087158,0.24678847193717957,734,0.1480159114095613,90.86363413953222
2e3fcxxxx91,76,0.7212727577265019,0.12757517375577007,0.28162321980451016,Interceptor of SIREN,ExpertPlus,11.612090110778809,11.166462898254395,11.10255241394043,6.5537638664245605,0.26081550121307373,153,0.690960260848373,134.840636740847
2e409x11,34,0.47892093352498044,0.16864736991181672,0.13397476776183473,666,Easy,4.228724956512451,2.182936429977417,6.331679344177246,2.7500531673431396,0.03249376639723778,401,1.283113478362038,17.882114757831232
2e409x31,23,0.5805759348179441,0.14822003323858798,0.3700936886121745,666,Normal,5.137631893157959,2.958038568496704,7.091169834136963,3.7718396186828613,0.08796123415231705,491,0.4087096563161596,26.395261469593834
2e409x51,33,0.48828523342587693,0.07028543615425158,0.18529131210756927,666,Hard,7.361854076385498,6.074468612670898,8.73592758178711,3.9337384700775146,0.2533874809741974,681,0.930315421548894,54.196895441993775
2e409x71,52,0.5098196232971753,0.13492070687479446,0.26199597852339196,666,Expert,8.180174827575684,6.639562606811523,9.54713249206543,3.700286626815796,0.1632855385541916,924,0.6891011588453434,66.91526020970286
2e409x91,277,1.0150011939085082,0.1744096195174903,0.3490547796937263,666,ExpertPlus,10.794976234436035,10.23649787902832,10.792986869812012,5.468987941741943,0.6601790189743042,1386,0.6720369026547569,116.5315119020388
2e453xx91,161,0.8532074356816582,0.20006815773811976,0.4080802145178376,ORCA,ExpertPlus,12.461977005004883,9.825961112976074,12.003105163574219,9.830170631408691,0.2303493171930313,553,0.6326084071976026,155.30087087327047
2e61dxxxx71,41,0.4593355344091441,0.08589113686717456,0.14105061142827824,abcdefu,Expert,4.104157447814941,1.6288403272628784,6.420625686645508,2.456088066101074,0.04306286945939064,1734,0.4298333173825416,16.844108356454853
2ee2dxx71,128,0.8872704965463174,0.1370501994120676,0.29870119642706244,fall at the same time,Expert,8.887916564941406,3.8087592124938965,10.311664581298828,9.86800479888916,0.19733434915542603,942,0.7284506254990631,78.99506086535985
2ee2dxx91,135,0.8378149604465714,0.11744619068930716,0.21558604143866536,fall at the same time,ExpertPlus,6.346901893615723,3.203914165496826,8.095080375671387,6.351559162139893,0.08123274892568588,1731,0.7515570004303604,40.283163647182846
2ee3bxxxxxx31,107,0.41044502876189415,0.10533072875019793,0.13753459552305208,666,Normal,5.131512641906738,3.79154634475708,6.833398818969727,3.4869799613952637,0.08180992305278778,1480,0.7079976899720436,26.332421994048673
2ee3bxxxxxx51,132,0.4501039100588864,0.09922271587446738,0.16573299622760124,666,Hard,6.618901252746582,5.219400405883789,7.958040237426758,4.940780162811279,0.15730156004428864,3059,0.8952472449167737,43.80985379361027
2ee3bxxxxxx71,377,1.0066398090784507,0.17883621135751798,0.36158229306646344,666,Expert,12.120197296142578,11.103015899658203,11.466835975646973,7.755148410797119,0.8238152861595154,1172,0.662464222865988,146.89918249742186
2ee3bxxxxxx91,386,1.1336549553220112,0.2554310154227509,0.4677765959956265,666,ExpertPlus,13.930147171020508,12.032228469848633,12.77200698852539,8.958353042602539,0.3430164158344269,920,0.6370732126203278,194.04900020629066
2ee3dx91,14,0.24755256448569476,0.05216974000523722,0.09614290138994577,No Matter What (2015),ExpertPlus,6.8146748542785645,3.3527119159698486,8.82181453704834,5.256044387817383,0.054218292236328125,492,0.4418969524608938,46.439793369536574
2ee85xx71,15,0.13862943611198905,0.04213712730025329,0.07512126069434201,RoquiRa : Between Life and Death,Expert,5.474056720733643,3.4669759273529053,7.256957054138184,4.27920389175415,0.09819234907627106,304,1.1496933005230934,29.96529698180916
2ee85xx91,39,0.4880655415286373,0.06695371823925221,0.12908185503303501,RoquiRa : Between Life and Death,ExpertPlus,11.321003913879395,8.618754386901855,11.536979675292969,8.2582426071167,0.3113941550254822,266,0.4898475152074834,128.16512961807257
2f14ax51,16,0.47653868663496235,0.03723187354620361,0.06383948070788542,Play Me Like That Video Game,Hard,3.7309000492095947,1.6889684200286865,5.920647621154785,2.190504312515259,0.06651757657527924,598,0.1522209794245219,13.919615177192156
2f14ax71,50,0.36279219460429923,0.0657850910175675,0.10313687355905315,Play Me Like That Video Game,Expert,5.320928573608398,3.038762331008911,7.505178928375244,2.6480350494384766,0.06842107325792313,1351,0.4138852976053536,28.312280885442306
2f15ax51,15,0.6504870028238697,0.06137900005324711,0.12843477420991728,Guitar to Kodoku to Aoi Hoshi,Hard,6.15443229675293,5.231682300567627,7.61660099029541,3.571746826171875,0.0745415985584259,461,0.736206064594776,37.87703689531554
2f15ax71,10,0.578074351579233,0.07649190387378532,0.10299942250721061,Guitar to Kodoku to Aoi Hoshi,Expert,6.4392218589782715,5.714989185333252,7.888195991516113,3.0639467239379883,0.06090998649597168,596,0.7473142852370648,41.463578149143586
2f15ax91,45,0.5609357574664358,0.09027280342966017,0.164695958436822,Guitar to Kodoku to Aoi Hoshi,ExpertPlus,7.664410591125488,5.754284381866455,9.195155143737793,4.078855514526367,0.1363508403301239,1046,0.7107860722814558,58.74318970935656
2f167xx71,46,0.3789285694062365,0.07644419413103339,0.12025675613637068,Bailandorape,Expert,8.607152938842773,8.127730369567871,9.368167877197266,4.291170597076416,0.19557511806488037,679,0.593837650709435,74.08308171262979
2f167xx91,92,0.5110704594476032,0.11721094781748749,0.23649153010951637,Bailandorape,ExpertPlus,11.495762825012207,10.68851089477539,11.534369468688965,4.586119174957275,0.1346738636493683,365,0.1977348597160753,132.15256292893264
2f1e5xx71,32,0.4908733623420554,0.054480011785771026,0.07588543971896212,Heavy Metal Love,Expert,5.074061870574951,2.7326111793518066,7.05971097946167,3.9340102672576904,0.09458760917186737,1112,0.616498661411694,25.746103866422573
2f1e5xx91,69,0.5798557887310712,0.07366045463815811,0.14791222533980727,Heavy Metal Love,ExpertPlus,5.897966384887695,3.2744312286376953,7.884479522705078,4.2166032791137695,0.1817631870508194,2406,0.0644295529518249,34.78600747726523
2f46291,190,0.8177365063150241,0.15489803485506248,0.3205922087981593,Diabolic Swing,ExpertPlus,10.359099388122559,7.502290725708008,10.952238082885742,8.013328552246094,0.28038257360458374,1334,0.6354572131050998,107.31094013300117
2f625xxx91,52,0.6494562461039308,0.12682272307812317,0.27605476961617714,Memories of the winter storm,ExpertPlus,9.574739456176758,7.361124515533447,10.640530586242676,5.109830856323242,0.29408392310142517,853,0.1742278291551461,91.675635653668
2f6a291,131,0.853127854303865,0.17570225013409235,0.32261326301757653,Color,ExpertPlus,10.32680892944336,5.551076412200928,11.092211723327637,11.140069007873535,0.34054672718048096,1646,0.3753434131186878,106.6429826652311
2f77cx91,47,0.6598517204996477,0.14745031739106654,0.2702891280531441,As You Don't Know,ExpertPlus,5.614734172821045,4.3313889503479,7.431454181671143,2.5878384113311768,0.12431083619594574,2460,0.6164863737584405,31.525239831444424
2f8aaxxxxx91,56,0.4894850497564131,0.0997737496530311,0.19425194305373245,SEITEN NO TERIYAKI NO DENSETSU,ExpertPlus,11.114288330078125,9.567045211791992,11.516037940979004,4.966392517089844,0.16579566895961761,377,0.165241201921926,123.5274050841108
2f9b2xxxx71,51,0.38954569957461654,0.0567957179929993,0.10379441169685255,Embracing intelligences,Expert,5.607020854949951,4.067885398864746,7.377232074737549,3.3639442920684814,0.09295574575662613,1030,0.4592734325667019,31.43868286784368
2f9b2xxxx91,108,0.6131225870784918,0.08139929447768421,0.17504320338932175,Embracing intelligences,ExpertPlus,8.086254119873047,6.181583404541016,9.294105529785156,5.447218418121338,0.09513865411281586,1878,0.7554697415839924,65.38750569116382
2fa03xxxx51,34,0.631654958551163,0.14802034778098674,0.24891473482773302,∞Bit Sequencer,Hard,5.799713134765625,3.4962103366851807,7.752115726470947,3.8077423572540283,0.14287301898002625,1370,0.7062834065464142,33.63667244557291
2fa03xxxx71,54,0.639678809737999,0.10292738190326291,0.21230375513266775,∞Bit Sequencer,Expert,8.480646133422852,6.547908782958984,9.50074577331543,6.123459339141846,0.40631112456321716,2027,0.9417169317667404,71.92135884033996
2fa03xxxx91,212,0.8573058671227596,0.17783806276400246,0.3383013949385395,∞Bit Sequencer,ExpertPlus,10.513469696044922,7.612305641174316,11.248449325561523,7.091142177581787,0.23902428150177002,2174,0.8187599204456146,110.5330450496549
2fd7cxx91,193,0.8804559297691453,0.1638841242578626,0.27161113613031485,A Rape of Sirens,ExpertPlus,10.640959739685059,11.453582763671875,10.618854522705078,2.5860538482666016,0.6744411587715149,762,0.4323625707841373,113.23002418159831
2ffd3xxxxx51,28,0.3362992305495519,0.057823478577588246,0.08732945588919205,Triangles,Hard,3.4387359619140625,2.0651192665100098,5.334552764892578,2.3297712802886963,0.022049570456147194,611,0.720084588066734,11.824905015761033
2ffd3xxxxx71,53,0.43925378452766334,0.08040365568393584,0.13668552603045533,Triangles,Expert,5.068321704864502,3.4830634593963623,6.967668533325195,2.894801139831543,0.036471929401159286,1908,0.5713781968008109,25.68788490400061
304bexxxx71,38,0.5968484577648812,0.08288112881717757,0.1594479315734626,Pop Goes the Weasel,Expert,3.3178839683532715,2.171445369720459,4.974182605743408,3.1362767219543457,0.03350947052240372,622,0.7164640506873123,11.008354027455653
304bexxxx91,66,0.7808393546577681,0.15853402608446285,0.306073023170537,Pop Goes the Weasel,ExpertPlus,3.9791455268859863,1.9410947561264038,6.058340549468994,2.8410983085632324,0.0401160903275013,1567,0.5232115046295391,15.833599124136754
30735xxxxx11,21,0.38238495686988394,0.26848743682847487,0.34353492002105,"Lights, Camera, Action! - Studiopolis Zone Act 1",Easy,2.7906012535095215,1.2496285438537598,4.8852643966674805,1.231438159942627,0.02309749275445938,678,0.1800592555235222,7.787455356088913
30735xxxxx31,19,0.5398989647510808,0.0320795141262265,0.06978044260660077,"Lights, Camera, Action! - Studiopolis Zone Act 1",Normal,3.426147222518921,1.4777652025222778,5.585373401641846,2.0766217708587646,0.027528496459126472,1176,0.2417463936548614,11.738484790374116
30735xxxxx51,24,0.47191337334466216,0.007427698143868307,0.005050079844969228,"Lights, Camera, Action! - Studiopolis Zone Act 1",Hard,6.250527381896973,4.4780049324035645,7.925678730010986,4.059133529663086,0.1962299644947052,1284,0.6977879612697088,39.06909255184382
30735xxxxx71,21,0.35498666425542863,0.04501587612927219,0.07228434873078404,"Lights, Camera, Action! - Studiopolis Zone Act 1",Expert,6.94620418548584,5.274662017822266,8.476116180419922,4.201136112213135,0.07854849845170975,1581,0.4441029231083995,48.249752586461
30735xxxxx91,93,0.4781137929882209,0.21771710992433854,0.33571566326560087,"Lights, Camera, Action! - Studiopolis Zone Act 1",ExpertPlus,8.123563766479492,5.302445888519287,9.737198829650879,5.0465087890625,0.162507563829422,3584,0.5150535109243426,65.99228826805847
30a33xxx91,119,0.8688225404943288,0.17043693554517808,0.3578268853948245,Super Freak,ExpertPlus,12.250773429870605,9.10657024383545,12.147012710571289,9.407151222229004,0.22759899497032166,461,0.3160161386650817,150.0814496300236
30b3991,64,0.6057477407077778,0.10005779589207679,0.18068233649319748,awful,ExpertPlus,6.987446308135986,2.9429168701171875,8.922593116760254,6.7033915519714355,0.11889312416315079,1176,0.4602975622378944,48.824405909083225
30c0a71,25,0.5958806951491777,0.07783525759872893,0.1651506106679417,mental anguish,Expert,4.186823844909668,1.9499883651733398,6.30221700668335,3.0741190910339355,0.053508587181568146,708,0.4676380817049267,17.529493908304175
30c0a91,70,0.8444222949011936,0.17913328315236715,0.3505050769348559,mental anguish,ExpertPlus,7.51554536819458,3.0729269981384277,9.318375587463379,7.8214640617370605,0.06710059940814972,1078,0.6788596557472357,56.483422181391006
30f6axxx91,335,1.270524515897154,0.21406926593771494,0.41702632824997526,sprinter/intercity,ExpertPlus,10.687938690185547,12.013200759887695,10.481264114379883,2.2735507488250732,0.7642726898193359,1104,0.7679011201565225,114.23203344516514
30ff0x71,16,0.37191515953673293,0.026843810669773704,0.04738247556080738,I Think I'm In Love,Expert,6.190549373626709,1.9893795251846313,8.857062339782715,3.488879442214966,0.091986283659935,735,0.3953073901415045,38.32290154731004
3116exxxx91,80,0.5118757085116923,0.13189389743149682,0.2501960536217226,Prism Fountain,ExpertPlus,9.16650390625,6.864889621734619,10.338650703430176,5.239450454711914,0.24940833449363708,1549,0.1540683936675602,84.02479386329651
313aaxxxxx91,104,0.617451802898927,0.09890499946504629,0.18807269151704278,Monsters,ExpertPlus,10.121697425842285,9.39657974243164,10.367310523986816,5.579407215118408,0.5881129503250122,691,0.750090894847857,102.44875878030234
31516xxxxxx91,165,0.6502215235720553,0.16462287377961793,0.2853198923640178,Chocolate Lily,ExpertPlus,10.543320655822754,10.335899353027344,10.869352340698242,3.2517948150634766,0.3121962249279022,1042,0.0805020226697062,111.16161045149875
3180bxx91,29,0.35044035001607626,0.1378988460650653,0.16883343570455028,Fresh,ExpertPlus,5.607138633728027,2.2502949237823486,7.956592082977295,3.8076648712158203,0.1296452283859253,958,0.5486829118719331,31.44000365784541
31a2d91,84,0.5896450846681217,0.1030552154310277,0.22021301173844265,Cupid,ExpertPlus,6.789139747619629,3.660170793533325,8.486352920532227,6.328407287597656,0.120459645986557,3589,0.7077501175441357,46.09241851270872
31cb1x11,12,0.5536491444289727,0.3811825595694058,0.5353705041221467,The Dumb Song,Easy,2.877558708190918,1.1756446361541748,5.023551940917969,1.3618950843811035,0.026320628821849823,230,1.7183100383328325,8.280344119085385
31cb1x31,13,0.48396685688910157,0.08778891232663717,0.140214525445747,The Dumb Song,Normal,3.508985757827759,1.9900354146957397,5.519236087799072,2.0233097076416016,0.06917791068553925,228,1.0487343232045474,12.31298104863805
31cb1x51,18,0.21506672282821615,0.08403300136651887,0.056272060192839035,The Dumb Song,Hard,3.7279295921325684,1.7452138662338257,5.924549102783203,2.026033639907837,0.034833475947380066,431,0.5340747736431165,13.897459043897697
31cb1x71,11,0.3887878290014596,0.04840862169401286,0.06210249121195132,The Dumb Song,Expert,5.473755836486816,3.552286148071289,7.4219512939453125,3.188950300216675,0.17985500395298004,753,0.5117912901197641,29.962002957473487
31cb1x91,44,0.5115986899606837,0.13930646314923592,0.20482243904318292,The Dumb Song,ExpertPlus,7.411495685577393,5.250176906585693,8.954442024230957,4.753567695617676,0.19053789973258972,1622,0.1567861779309034,54.930268297332304
31d13xxxxxxx51,132,0.5307830816502491,0.0701200008113214,0.13734083464279798,Luminency,Hard,7.662674427032471,5.795838356018066,9.36373519897461,3.04441237449646,0.2778592109680176,2301,0.2743950492101047,58.7165793746974
31d13xxxxxxx71,361,0.7710934535835684,0.11990998015193247,0.24170274345179346,Luminency,Expert,10.192914962768555,9.977404594421387,10.525361061096191,3.8125791549682617,0.269529789686203,1436,0.6965091110748166,103.89551543823109
31d13xxxxxxx91,298,0.8900320252350338,0.19363715659787528,0.37597435370612386,Luminency,ExpertPlus,12.711034774780273,11.522015571594238,12.28416919708252,5.73790979385376,0.21213160455226898,724,0.6008191881881934,161.5704050456734
31fbd91,184,0.827801661402599,0.1724315056400559,0.3370131863266149,Sequence Breaker,ExpertPlus,11.003446578979492,7.463188648223877,11.61887264251709,8.386246681213379,0.1847679764032364,1047,0.1359783577370774,121.07583661645549
32266x71,28,0.3955216618568209,0.05583271580656134,0.21084781772255484,We Won't Be Alone,Expert,3.8654379844665527,2.038632392883301,6.084585666656494,1.6043517589569092,0.04096607863903046,1392,0.5465739762704217,14.941610811756846
32266x91,41,0.7592247101814578,0.06417944501606364,0.1912081180707307,We Won't Be Alone,ExpertPlus,5.623225212097168,4.633427619934082,7.350936412811279,2.4866693019866943,0.08149419724941254,2866,0.7376835472584504,31.62066178596524
3232c91,20,0.2831480240067973,0.04932008673614385,0.08560725655595147,Oubliette,ExpertPlus,9.101713180541992,5.654331207275391,10.47326946258545,6.605040550231934,0.14226025342941284,664,0.3730505272502361,82.84118282085183
3248991,30,0.692245768440382,0.1778953733980861,0.27420064959205526,bedroom community,ExpertPlus,6.344130992889404,4.021378993988037,7.912697792053223,5.705972194671631,0.16115200519561768,825,0.997988728255811,40.2479980549399
325e5xx71,25,0.4457439761391175,0.06248076470402428,0.1359241595904178,Mama,Expert,4.9513702392578125,2.7774147987365723,7.06621789932251,2.9018828868865967,0.0623304508626461,947,0.479314384384369,24.516067246207967
32604xxx71,42,0.559609384078104,0.07500020537869707,0.13816046528471848,Retaliation,Expert,9.131362915039062,6.6653923988342285,9.919330596923828,7.766434669494629,0.5527185797691345,1063,0.6880562860478875,83.38178868615068
32604xxx91,113,0.6356093639883157,0.13832921340028592,0.26700698083051366,Retaliation,ExpertPlus,11.529265403747559,8.02120590209961,11.685101509094238,10.025202751159668,0.3186529874801636,732,0.3349720876677693,132.92396075005036
3269311,19,0.24237737820989952,0.04393321218285332,0.21110506373044166,The Phoenix,Easy,2.526498317718506,0.9815009236335754,4.62944221496582,1.013612985610962,0.02016807161271572,878,0.7525068065732776,6.38319374943444
3269331,16,0.37191515953673293,0.43206786170281586,0.49944693433517273,The Phoenix,Normal,3.047795534133911,1.0086045265197754,5.367824077606201,1.252829670906067,0.020502205938100815,1794,0.6198517167813885,9.289057617886613
3269351,14,0.07847230633343641,0.0016642531345305578,0.018082047305264495,The Phoenix,Hard,4.171353340148926,1.640177845954895,6.538393497467041,2.2956583499908447,0.0570928230881691,2818,0.3703336535547605,17.4001886883716
3269371,25,0.36985917674368224,0.1221233488468265,0.1874929846691355,The Phoenix,Expert,5.121973514556885,2.7620604038238525,7.1616597175598145,3.6601200103759766,0.12847185134887695,5048,0.5560711992204941,26.234612683822206
3269391,100,0.5571799701738969,0.08409954341710678,0.15375776340509695,The Phoenix,ExpertPlus,6.369071960449219,3.5675392150878906,8.355043411254883,4.332253932952881,0.12781095504760742,7196,0.4848448891625022,40.565077637380455
3269392,45,0.6405695116543494,0.05370212006339008,0.106399081536072,The Phoenix,ExpertPlus,8.534161567687988,2.03953218460083,11.500661849975586,4.538572788238525,0.6404544711112976,1894,0.0767211964494384,72.8319136634027
326d4xxx91,90,0.7515669991460853,0.14183127831158815,0.33690700015099523,Glooorious!!,ExpertPlus,10.098454475402832,10.631922721862793,10.184765815734863,3.5806543827056885,0.12575283646583557,397,0.8072612095415184,101.97878279178349
32788x71,25,0.554065984183206,0.1025068993935813,0.15279912013039884,Algorithm,Expert,5.467977523803711,3.251296281814575,7.493554592132568,3.3528151512145996,0.050644952803850174,728,0.0223977518106359,29.898778200822562
32788x91,73,0.5558579915072398,0.1171394501678082,0.19993562335190876,Algorithm,ExpertPlus,8.591927528381348,4.849247932434082,10.172948837280273,6.620065212249756,0.14640165865421295,1326,0.2833406382115327,73.82121865295721
327f691,141,0.7499178775936635,0.13243949571777217,0.2913403528977704,You & DIE,ExpertPlus,10.598997116088867,6.511979579925537,11.408127784729004,9.08184814453125,0.20146062970161438,1207,0.6618536850213845,112.33873986686012
327f7x91,103,0.841921168015583,0.1343773456118635,0.22905070352212123,Bocca Della Verita,ExpertPlus,9.786734580993652,5.104986190795898,10.920963287353516,9.610843658447266,0.25358688831329346,1241,0.4367830498229593,95.780173758817
32b80xxx91,92,0.8316203372211011,0.1513300212003305,0.2977160856875948,World's end loneliness,ExpertPlus,10.90858268737793,9.547322273254395,10.761007308959961,7.941995620727539,0.3367939889431,549,0.5248425591957238,118.9971762473615
32bbdxx91,19,0.3923536815454738,0.09242758256041354,0.181827247062266,Fear & Delight,ExpertPlus,6.353157043457031,3.103222131729126,8.265960693359375,5.647716045379639,0.06040095537900925,810,0.4480162791649982,40.36260441882769
32c29xxx51,11,0.5148145891032678,0.10872071241763943,0.14566701449687736,Future Candy,Hard,4.466116905212402,2.5580458641052246,6.589361667633057,2.3624091148376465,0.0742708295583725,594,0.4265936374250545,19.946200211024006
32c29xxx71,14,0.29706307738283366,0.045239942869843244,0.08305532902329953,Future Candy,Expert,6.723586559295654,5.019214630126953,8.367353439331055,3.7972874641418457,0.18143394589424133,747,0.6775929426867522,45.206616220341175
32c29xxx91,54,0.5742672237367293,0.15454303747221929,0.2706354777294105,Future Candy,ExpertPlus,8.472440719604492,6.014384746551514,10.075584411621094,3.990295886993408,0.17364569008350372,1459,0.4675403374173922,71.78225174721229
32cd991,20,0.5054762817973699,0.029507897767655767,0.036589921949875245,THE BADDEST,ExpertPlus,5.128766059875488,3.537125825881958,7.090215682983398,2.5496275424957275,0.07653161138296127,1805,0.7243754814343818,26.30424129693074
32d62x91,120,0.6380600170164322,0.15683234501797358,0.3156423372759692,BUCHiGiRE Berserker,ExpertPlus,12.034844398498535,11.641412734985352,11.429879188537598,6.144149303436279,0.059455618262290955,333,0.5248571825097622,144.83747969607157
32db1xx91,57,0.6771571292719716,0.16198241370789795,0.3373097918152212,Comet Coaster,ExpertPlus,9.173447608947754,9.128242492675781,9.519901275634766,4.880794048309326,0.09067504853010178,469,0.5380088461415015,84.15214103410926
32e4cxx51,12,0.34119538018517503,-0.008046921802453625,-0.00038969679820773556,Unicorn,Hard,3.307072877883911,1.1984565258026123,5.633601665496826,1.4639650583267212,0.0190677922219038,319,0.7653743241949523,10.936731019635374
32e4cxx71,10,0.45643481914678363,0.03224498637010047,0.041239320890715046,Unicorn,Expert,4.995223522186279,2.868870258331299,7.018475532531738,3.3070197105407715,0.04848961532115936,450,0.669642881114511,24.952258036603098
32e4cxx91,25,0.3651478553174269,0.07825888618239109,0.12112911999275555,Unicorn,ExpertPlus,6.24713134765625,3.245380401611328,8.29815673828125,4.441070556640625,0.05497284233570099,870,0.7634487475995845,39.026650074869394
32eb5xxxx71,14,0.4934110913558669,0.028187691022191683,0.07294584996400524,Blue Dragon,Expert,4.941499710083008,2.5332796573638916,7.067023754119873,3.3184919357299805,0.06143539771437645,804,0.3001396863790841,24.41841938475045
32eb5xxxx91,60,0.6258656827635106,0.13527900262975498,0.25560847335181275,Blue Dragon,ExpertPlus,8.36324405670166,3.4613420963287354,10.297904968261719,7.224730968475342,0.18405432999134064,1510,0.3671486551737216,69.94385115195564
33219xx91,37,0.5709202161391944,0.04601941358258562,0.11479119865306929,Bubble Tea (A Dark Cat Orchestration),ExpertPlus,7.223898887634277,3.969834804534912,9.008933067321777,5.7726640701293945,0.25194185972213745,1254,0.316789087852056,52.18471513876375
33321xx31,69,0.6481752745418786,0.09197843137858848,0.2951822281188893,Idol,Normal,3.581052541732788,1.778638243675232,5.7475504875183105,1.7731620073318481,0.024509327486157417,2837,0.0854495059329108,12.823937306650862
33321xx51,35,0.4289942975538808,0.07599439802263347,0.15408717342131367,Idol,Hard,5.033964157104492,3.4467709064483643,6.8553466796875,3.3387436866760254,0.07735929638147354,3667,0.5765603591606157,25.34079513501274
33321xx71,95,0.4981766697772001,0.05891263565602253,0.12315830439235421,Idol,Expert,6.254620552062988,5.080999374389648,7.7549614906311035,3.814089059829712,0.06989899277687073,2830,0.7987782872905117,39.12027825028872
33321xx91,149,0.6308258074122427,0.1570968988180115,0.2654918279967576,Idol,ExpertPlus,7.585835933685303,4.554154396057129,9.315963745117188,5.330756187438965,0.10439290851354599,4524,0.5015465745898563,57.54490681279117
33424x91,81,0.6610458958546394,0.1361513970766082,0.2725732064737477,Okaeri,ExpertPlus,10.703447341918945,10.791746139526367,10.620254516601562,4.554241180419922,0.17948655784130096,336,0.7402629732234443,114.56378500123174
33497xxxx91,55,0.6046626331507098,0.1489285579120564,0.16940641373421966,Overdose,ExpertPlus,4.94553804397583,3.378178119659424,6.781586170196533,3.2329626083374023,0.047868650406599045,2284,0.1245956945927125,24.45834654441228
334e3x91,87,0.49307006141805165,0.09083037140220626,0.19607210266401814,Black Apple,ExpertPlus,11.108296394348145,11.10623550415039,11.125495910644531,3.4924495220184326,0.10556013137102127,191,-0.0588580871587163,123.39424878468799
33514xxx91,34,0.4475806252465447,0.0567851262773748,0.18204638534268872,Hito wo Kidoru,ExpertPlus,9.655563354492188,5.986344337463379,10.803502082824707,7.620279788970947,0.06474529951810837,492,0.620504165835838,93.22990369261242
3354bx91,15,0.5459126082962801,0.018939357499920404,0.04642587039804503,Losing My Religion,ExpertPlus,5.788989067077637,2.867605447769165,7.947758674621582,3.906336784362793,0.1108207255601883,1393,0.6374659732537451,33.51239441874441
33606x91,85,0.7543379255159948,0.16138892889103967,0.3133108499685629,What We Lost,ExpertPlus,10.76718521118164,8.409344673156738,11.540488243103027,5.297444820404053,0.3829079568386078,683,0.1469849997028314,115.93227737188863
3361371,88,0.5111348036593172,0.07169465232911851,0.28716997764778024,May,Expert,2.643592596054077,1.6154916286468506,4.515476703643799,1.2365347146987915,0.02085287868976593,675,0.306586336828363,6.988581813911935
3361391,52,0.5811561375532652,0.140522287164611,0.22180995842645052,May,ExpertPlus,4.947466850280762,3.796231746673584,6.745001792907715,2.612267255783081,0.04340703785419464,1123,0.1693385626978227,24.47742823462704
33698xx51,16,0.37191515953673293,0.020009433479965782,0.056139814247486264,Need Your Love,Hard,4.988999366760254,3.2424323558807373,6.951162338256836,2.8841981887817383,0.10767446458339691,448,0.6279112642538462,24.890114681534214
33698xx71,42,0.45651627375584525,0.09044950698639888,0.13131034931670799,Need Your Love,Expert,7.307212829589844,4.804940223693848,9.094671249389648,4.1762375831604,0.24447321891784668,1070,0.1597475201329228,53.39535933692241
33698xx91,218,1.0838277426574776,0.12059160074374986,0.29709427834964725,Need Your Love,ExpertPlus,10.412848472595215,10.299412727355957,10.311120986938477,5.6276774406433105,0.7501859664916992,1395,0.8085393792817636,108.4274133132285
33705xxxxxx91,96,0.5805109047247529,0.13966118623104626,0.2226235437104519,999,ExpertPlus,14.468893051147461,16.69746208190918,11.78923225402832,5.175282955169678,0.493543803691864,198,0.6569177555647957,209.34886612554328
3377e91,73,0.7753806991140763,0.1787452469912609,0.3561718676763991,HITTIT,ExpertPlus,9.439984321594238,4.188629150390625,10.97002124786377,8.990726470947266,0.08859016001224518,398,0.6011402874969297,89.11330399194503
338afxx71,376,0.9188146666990821,0.1464380617204942,0.3006571102680687,Feral,Expert,12.09921932220459,11.043797492980957,11.565838813781738,7.220513820648193,0.7369397878646851,971,0.5337284221691049,146.3911082068089
338afxx91,144,0.6151486059206188,0.1343071128059089,0.26549990672122675,Feral,ExpertPlus,14.09471607208252,13.151501655578613,12.524368286132812,8.482718467712402,0.3822009265422821,237,0.5443742590673771,198.6610211526213
338f8xx91,172,0.7402533867848241,0.16219447410259058,0.3089141354371957,I Will Fuck You Up Loli,ExpertPlus,11.820798873901367,12.664560317993164,11.51284408569336,1.8553389310836792,0.4738776385784149,501,0.0570626870406894,139.73128601722783
33aa2xxx71,43,0.5991943541803293,0.09251275968059472,0.12881345552549334,Megaburn,Expert,8.084549903869629,5.2466254234313965,9.55062484741211,5.939939498901367,0.2323082685470581,1169,0.4337243487384807,65.35994714815843
33aa2xxx91,133,0.6768954386799433,0.12536840182303197,0.2878955907959303,Megaburn,ExpertPlus,10.893080711364746,6.045803546905518,11.98332691192627,8.679621696472168,0.16476143896579742,929,0.2068573452417,118.65920738430668
33b46xx71,48,0.5160855303488306,0.0984724895699287,0.22182692960610254,dumb dumb,Expert,5.488215923309326,2.5591812133789062,7.514359951019287,4.7783098220825195,0.10733544826507568,1030,0.6037155318893244,30.12051402086604
33b46xx91,56,0.6404010776018393,0.10462312861221193,0.22350103099009275,dumb dumb,ExpertPlus,5.2155256271362305,3.2885539531707764,7.187552452087402,3.1428005695343018,0.15075737237930298,1603,0.7217895913374408,27.20170756731477
33bd7xxxx11,83,1.189007777752312,0.2540257521833973,0.4468767232751017,let you,Easy,1.5021120309829712,0.36910873651504517,3.3757877349853516,0.2528034448623657,0.11211877316236496,595,0.2239268508032784,2.2563405536237866
33bd7xxxx31,40,0.5790666886077445,0.06900192109311379,0.15345079032661257,let you,Normal,1.8357605934143066,0.5976178050041199,3.780693769454956,0.511675238609314,0.008914749138057232,395,0.0113883637836253,3.3700169563328473
33bd7xxxx51,29,0.39824360384779667,0.06625184801465937,0.12420856333167185,let you,Hard,2.9586029052734375,1.6894358396530151,4.89241886138916,1.6430538892745972,0.00907901395112276,683,0.4428712006620119,8.753331151092425
33bd7xxxx71,38,0.4074948432534622,0.09227915284107573,0.1376479401764339,let you,Expert,6.472346782684326,4.097707271575928,8.17000675201416,5.016575336456299,0.08415742963552475,677,0.6049739796472421,41.89127287532415
33bd7xxxx91,92,0.7244807880487693,0.18349748390478915,0.2925221126438865,let you,ExpertPlus,8.94627857208252,5.13184928894043,10.066934585571289,8.932905197143555,0.16191858053207397,1402,0.5659288647973157,80.03590028930284
33ce6xx11,24,0.49810540082059446,0.043308575280544714,0.05182552067485572,Xronièr,Easy,4.6392974853515625,2.8220622539520264,6.478985786437988,3.748723268508911,0.07806744426488876,308,0.7349909893402532,21.52308115758933
33ce6xx31,25,0.5885878328774196,0.02631159871493116,0.15688062293226052,Xronièr,Normal,5.99153995513916,3.502962827682495,7.844772815704346,4.642918109893799,0.15254604816436768,461,0.3046078310675974,35.89855103402897
33ce6xx51,43,0.6410538015392184,0.05402266625163892,0.11108987351571903,Xronièr,Hard,7.552825450897217,5.785238742828369,8.85665512084961,5.148392200469971,0.17700034379959106,808,0.7345202079785712,57.045172291720746
33ce6xx71,79,0.6064126851150247,0.08165599785403792,0.15176497753468507,Xronièr,Expert,9.431686401367188,7.629950046539307,10.246071815490723,5.811410427093506,0.1789890080690384,940,0.1628669555462518,88.95670837373473
33ce6xx91,169,0.8217961818931406,0.15300165532838558,0.3142462284108014,Xronièr,ExpertPlus,12.671274185180664,10.710630416870117,12.086874961853027,8.544859886169434,0.3539344370365143,519,0.4178919409736215,160.5611894760259
33d6bxxxx51,17,0.333115322360938,0.03548378539640493,0.0718648171684072,ULTRA SYNERGY MATRIX,Hard,3.3392410278320312,1.4461146593093872,5.6243157386779785,1.2267967462539673,0.04301721975207329,750,0.1761252084365748,11.15053064195672
33d6bxxxx71,19,0.22508769047452923,0.024896844637728652,0.028815517926931423,ULTRA SYNERGY MATRIX,Expert,4.923951148986816,3.1998887062072754,6.931840419769287,2.595663547515869,0.09109378606081009,1258,0.5716121107789558,24.24529491760859
33d6bxxxx91,86,0.4916253568670568,0.08997048704473387,0.15232848717743083,ULTRA SYNERGY MATRIX,ExpertPlus,7.337410926818848,4.62138032913208,9.413243293762207,2.9815738201141357,0.06453645974397659,2076,0.0775609857260975,53.83759910900062
33d77xx91,55,0.8047999730031952,0.20737668015032093,0.3651622523446894,GET GET DOWN,ExpertPlus,8.91562271118164,3.7247531414031982,10.434642791748047,9.532085418701172,0.08960024267435074,832,0.4439914929463275,79.48832832813787
340c0xxxxx71,124,0.8634529323461618,0.12771482139437548,0.2690804862801016,TremENDouS,Expert,11.968759536743164,10.306172370910645,11.769115447998047,7.050656318664551,0.6328235268592834,510,0.5049108409516696,143.25120484838044
340c0xxxxx91,100,0.8125719991914839,0.1854005561748048,0.3077595341683072,TremENDouS,ExpertPlus,13.677244186401367,11.61027717590332,12.68668270111084,8.989821434020996,0.3705228865146637,256,0.4471376977350695,187.06700853445
342f5x71,24,0.4261378613168243,0.038699058566317925,0.058203296512740255,Glide,Expert,3.7555058002471924,2.371037006378174,5.734582424163818,2.001884698867798,0.023296097293496132,755,0.6973476211948876,14.103823815690305
342f5x91,60,0.39172656885467283,0.04492532718887116,0.08291753002171574,Glide,ExpertPlus,4.993156909942627,3.4680655002593994,6.995061874389648,2.218353033065796,0.053477752953767776,2038,0.8071075243944434,24.931615927307803
34387xxx91,89,0.42158076878996104,0.09898866263814737,0.14700349657046635,Shiawase,ExpertPlus,7.699385643005371,4.358797073364258,9.189703941345215,7.187028884887695,0.12922939658164978,2590,0.7205431192894058,59.28053927971723
343a2xxx91,272,0.9536155837366129,0.26597516903963186,0.4617001064422961,sheaskedifilikespeedcore,ExpertPlus,12.604846954345703,12.695019721984863,11.489532470703125,6.619920253753662,0.3116630017757416,806,0.4303748247874825,158.88216674247815
343cex91,24,0.7967319790252702,0.12050665181324106,0.2029451714824395,Devil Inside Me,ExpertPlus,7.808192729949951,3.8698410987854004,9.712963104248047,5.987995624542236,0.23228885233402252,842,0.7659722948548815,60.96787370804327
343efxxx91,61,0.5988104368737089,0.13444935289205925,0.2550791594765204,VIVIDVELOCITY,ExpertPlus,11.52504825592041,9.660350799560547,11.909208297729492,5.079161643981934,0.34794846177101135,406,0.2161412090043911,132.8267373012941
3442cxxx71,166,0.9639936009354452,0.17395745701815765,0.3278504782880765,Villain Virus,Expert,12.048023223876953,9.68786907196045,11.993104934692383,7.718230247497559,0.5015925168991089,913,0.3025243702478186,145.1548636030784
3442cxxx91,161,0.8020226264319187,0.16130616318586433,0.29944424063122216,Villain Virus,ExpertPlus,13.343454360961914,10.013565063476562,12.880134582519531,9.751914978027344,0.12154960632324219,451,0.1869742579513383,178.04777428307352
344bcxxx91,75,0.6643215039816076,0.20050802092646838,0.36020392014648583,Utakata no Sekai de,ExpertPlus,10.192259788513184,6.978138446807861,11.019577026367188,7.7187604904174805,0.06002526357769966,669,0.1811382758321607,103.8821595965428
345b9xx91,222,0.8452368993721361,0.18149554439822974,0.3328721371134912,GALAXY BURST,ExpertPlus,11.691376686096191,12.619258880615234,11.09786319732666,3.491126537322998,0.1862858682870865,497,0.0371802817570644,136.68828881619356
349aexxxx11,15,0.37753069867572975,0.07958855715456693,0.09321519869816752,Heart Shaker,Easy,1.9766870737075806,0.5639083385467529,4.031269073486328,0.5112651586532593,0.006534332409501076,209,0.6703548469625895,3.907291787362638
349aexxxx31,11,0.372213142020191,0.053326534569439185,0.07765834219310529,Heart Shaker,Normal,2.537775754928589,1.0431249141693115,4.658868789672852,0.8026905059814453,0.005681207403540611,219,0.6096734232930029,6.440305782303369
349aexxxx71,12,0.37498413919418877,0.01926975462551213,0.034970251617487645,Heart Shaker,Expert,5.557891845703125,3.104137897491455,7.583475112915039,3.797658920288086,0.06972666084766388,558,0.427062085047339,30.89016176853329
349aexxxx91,19,0.2767102827383043,0.059113170070174054,0.10758979487874279,Heart Shaker,ExpertPlus,7.288393020629883,4.745112419128418,8.916030883789062,5.163046836853027,0.17034414410591125,996,0.7779030138507437,53.12067282316639
34bd4x91,24,0.3803623492889863,0.0717500202179816,0.15261059008794622,5 minutes of Billie Eilish,ExpertPlus,6.906631946563721,5.179086685180664,8.225761413574219,5.516848564147949,0.2912040948867798,829,0.9693738898913236,47.70156484529457
34e1091,57,0.5738505289983714,0.13088728406254985,0.23813557224922316,Moonfall,ExpertPlus,9.177705764770508,5.575915813446045,10.416779518127441,7.568728446960449,0.21780741214752197,1035,0.5341031038296438,84.23028310470181
34f56xx91,125,0.8612620254184957,0.15657120179604914,0.3505458691885338,Secret Lie,ExpertPlus,10.959416389465332,7.127258777618408,11.118048667907715,11.61948013305664,0.45853060483932495,1030,0.6832061997554596,120.10880759768133
34f5axxx71,18,0.5062748903315296,0.023476552435264055,0.06657899961110621,brokenboys&bitterbitches,Expert,4.503040790557861,2.4470858573913574,6.534053325653076,3.174921989440918,0.04673602059483528,390,0.684418769850536,20.27737636142797
34f5axxx91,26,0.48644910770208505,0.146891879215998,0.2359072128667782,brokenboys&bitterbitches,ExpertPlus,6.753230094909668,2.7986462116241455,8.639361381530762,6.961055755615234,0.057197801768779755,750,0.3426467235847154,45.60611671479364
35046xxx91,41,0.5943083011862368,0.06319811724211431,0.20622948795297935,Song of the Dead,ExpertPlus,7.652471542358398,4.541764259338379,9.325459480285645,5.7494940757751465,0.16949929296970367,1115,0.6661273306731019,58.560320706605125
35062x92,185,0.854792497719958,0.18513940304565243,0.3376534147012331,Spin Eternally,ExpertPlus,11.441518783569336,4.090640068054199,13.205572128295898,9.238598823547363,0.44928228855133057,1459,0.1727617942141812,130.90835207476994
35208xxxx91,136,0.7374536882424939,0.09664211554868127,0.22650429479357023,Childchewer,ExpertPlus,11.797577857971191,12.563239097595215,11.34414005279541,2.9069085121154785,0.7720411419868469,493,0.41517688499541,139.18284331489212
352b0xx91,41,0.44204539934748344,0.10957056360282451,0.14098466699393575,Bruises,ExpertPlus,5.445954322814941,3.3727636337280273,7.221470355987549,4.462022304534912,0.04860386997461319,981,0.5514115539652954,29.658418486186747
35340xxx91,91,0.6059140496938104,0.12213275841684179,0.2563632333842551,NOOT NOOT,ExpertPlus,8.786067962646484,4.872665882110596,10.657901763916016,5.1391282081604,0.1109752431511879,1535,0.6012343234660565,77.19499024424294
35469xxx91,64,0.7163130851992977,0.12727231230226488,0.2167918695082391,Desperate,ExpertPlus,8.069748878479004,4.021547317504883,9.398483276367188,9.167271614074707,0.205193892121315,1502,0.7601613310549501,65.12084696171314
3547axx91,80,0.6005016689588935,0.11431026568839923,0.23807743823427674,mr. sunshine,ExpertPlus,4.476833820343018,2.900919198989868,6.3528337478637695,3.0653395652770996,0.013791665434837341,1083,0.7003468280067947,20.042041054967058
355d3xx71,46,0.44035972672707546,0.09751486926066995,0.15458464009038325,Night Market,Expert,3.0551252365112305,1.3922730684280396,5.190812587738037,1.427789568901062,0.02269209362566471,1059,1.151888436733557,9.333790210767802
355e0xx91,67,0.7706296712296635,0.14341963003679054,0.36007096014484713,Birds of Plague,ExpertPlus,9.551223754882812,6.449420928955078,10.620530128479004,7.0078125,0.0238224845379591,452,0.3443319751851506,91.22587521583773
35651xxxx91,124,0.613405669652222,0.11528494778193032,0.24132223937492578,Onus Regulus,ExpertPlus,10.951521873474121,10.982138633728027,11.227815628051758,2.256422758102417,0.17166303098201752,348,0.108103629821559,119.93583134518212
3574c91,66,0.8089558409074887,0.1484345446805873,0.24385020106917393,Burning Candles,ExpertPlus,7.187044143676758,2.917699098587036,8.96345043182373,7.887001037597656,0.09896627068519592,1110,0.8330824673375683,51.65360352315838
35829xx11,14,0.40449717715256756,0.02707321205103714,0.05356531554683998,What is Love?,Easy,2.048576593399048,0.7537832260131836,4.044775485992432,0.5903924107551575,0.013002503663301468,316,0.2612200592284296,4.196666059022448
35829xx31,12,0.24964435612949923,0.017290157762499165,0.02119893840391855,What is Love?,Normal,3.06160569190979,1.4380125999450684,5.1987433433532715,1.3371118307113647,0.05315312370657921,432,0.8519925692835815,9.373429412734424
35829xx51,13,0.13782765147908116,0.055327293902437964,0.03988704105103876,What is Love?,Hard,3.7034363746643066,1.7461978197097778,5.909920692443848,1.9115617275238037,0.04665861278772354,899,0.4007430449888392,13.715440981186703
35829xx71,16,0.34253993270887445,0.04961468424025908,0.07602894271445024,What is Love?,Expert,5.194358825683594,2.7104849815368652,7.4452972412109375,2.7185487747192383,0.06515153497457504,1053,0.3885401639095955,26.981363609957043
35829xx91,32,0.31960339598761817,0.06674382232401585,0.1156650224794325,What is Love?,ExpertPlus,7.17110013961792,4.317603588104248,8.986836433410645,4.837631702423096,0.11988919973373413,1405,0.7093523869807449,51.42467721242815
3598fxx91,133,0.6073928540301985,0.1415585757844899,0.30048408932928655,Deck The Halls,ExpertPlus,12.060205459594727,13.548430442810059,11.066359519958496,3.528839349746704,0.4817476272583008,284,0.2409529034633258,145.44855572763845
35a61xxxxxxxxx51,26,0.5241733097409976,0.048678375769703096,0.1298874759433855,Lapin Beast,Hard,7.875471115112305,6.866997718811035,8.914283752441406,4.7193732261657715,0.3459317088127136,407,0.7700461771102122,62.02304528496825
35a61xxxxxxxxx71,38,0.522811333639617,0.06870278209162052,0.12991502667484878,Lapin Beast,Expert,8.969120025634766,8.418648719787598,9.819355964660645,3.488792896270752,0.13859538733959198,331,0.7030977486616594,80.44511403424258
35a61xxxxxxxxx91,68,0.5572027336212326,0.16974425426027598,0.2657281952952845,Lapin Beast,ExpertPlus,11.41797924041748,8.94631290435791,11.762333869934082,6.865218162536621,0.11684174835681915,259,0.1038961187208014,130.37024993460454
35ac0x51,18,0.4751851243351173,0.07802439397419586,0.0371131967401275,Forget Me,Hard,5.171046733856201,2.2244465351104736,7.38467264175415,3.8741455078125,0.09486456215381622,489,0.4289963442445965,26.739724323724886
35ac0x71,10,0.5257495372027782,0.18167878102571908,0.2469012183582325,Forget Me,Expert,7.237478256225586,5.225482940673828,8.609659194946289,5.543687343597412,0.20498938858509064,595,0.6751029760108155,52.38109150933815
35ac0x91,31,0.3903455525765273,0.03243375224327974,0.08515404571192599,Forget Me,ExpertPlus,8.518148422241211,5.69867467880249,9.922012329101562,5.796064853668213,0.11321629583835602,856,0.0888259086773352,72.55885254333043
35b17xxxx31,23,0.2638445907932222,0.025349269592005414,0.03932500185223891,Final-Boss-Chan,Normal,4.964484214782715,3.4604532718658447,6.874678611755371,2.6907713413238525,0.0410953052341938,801,0.6301822596351235,24.64610351882675
35b17xxxx51,21,0.19804205158855578,0.03959832603228533,0.07217956592132915,Final-Boss-Chan,Hard,6.409023761749268,5.098862648010254,8.088220596313477,3.005139112472534,0.03100689873099327,965,0.3574879750682774,41.07558557866673
35b17xxxx71,32,0.29794254659511993,0.08119668573127259,0.12197838675285667,Final-Boss-Chan,Expert,7.978936195373535,7.74610710144043,9.001916885375977,3.0322189331054688,0.03676635026931763,829,0.4203707407323474,63.663422809841904
35b17xxxx72,38,0.4222215745149207,0.055172022773555394,0.09123142026723863,Final-Boss-Chan,Expert,8.838333129882812,2.7379961013793945,11.467329025268555,5.27475118637085,0.25313085317611694,621,0.111164987041863,78.11613251478411
35b17xxxx91,93,0.4465099013531069,0.1483676177773377,0.2408669830752352,Final-Boss-Chan,ExpertPlus,9.699477195739746,10.156493186950684,9.96724796295166,3.389164447784424,0.06766777485609055,915,0.7612679743530362,94.07985787067537
35b17xxxx92,112,0.714395702299722,0.13766468565162984,0.27200072873950504,Final-Boss-Chan,ExpertPlus,11.275338172912598,5.3731513023376465,12.836461067199707,7.6750030517578125,0.07652650773525238,316,0.6157929819639206,127.13325091354
35ba6xxxxxx11,22,0.39893071769756006,0.047611909153905924,0.0643294645288314,message within the rift,Easy,4.186580657958984,3.0444447994232178,5.9971818923950195,2.537654161453247,0.07036338001489639,837,0.8775225601697283,17.527457605596283
35ba6xxxxxx31,16,0.24195006318174317,0.12217593994190651,0.1769473704031581,message within the rift,Normal,7.566071033477783,5.105873107910156,9.234293937683105,4.53256893157959,0.2541448473930359,1021,0.7357855954338761,57.24543088363157
35ba6xxxxxx51,17,0.333115322360938,0.033324524400015244,0.05384617562936873,message within the rift,Hard,9.075807571411133,6.144179821014404,10.366827011108398,6.014955043792725,0.22373555600643158,657,0.184745440712584,82.37028307328364
35ba6xxxxxx71,38,0.4453774452439544,0.10053259863465343,0.16525003734632004,message within the rift,Expert,9.803919792175293,6.146925926208496,11.08724308013916,6.648741722106934,0.04036246985197067,383,0.1409831777159327,96.11684329140644
35ba6xxxxxx91,77,0.5288460475539054,0.195286424582379,0.3313508855246421,message within the rift,ExpertPlus,10.126168251037598,6.210318088531494,11.469594955444336,6.420941352844238,0.08937538415193558,833,0.1362714978867305,102.53928344832184
35be7xx71,87,0.685830891756477,0.12421084467012357,0.1967331350255857,Show,Expert,7.851731300354004,3.9044201374053955,9.842291831970215,5.489675521850586,0.27672079205513,1973,0.1057344949677517,61.64968441295878
35be7xx91,260,1.0246039402093057,0.17601946310128794,0.35022850214012013,Show,ExpertPlus,11.30528736114502,7.827780246734619,11.194831848144531,11.80541706085205,0.8096382021903992,1695,0.869391333534847,127.80952231806532
35d5bx31,33,0.44627631339194085,0.06946449881043475,0.13733890662541196,Yuck,Normal,1.1317975521087646,0.31060880422592163,2.6830382347106934,0.3957071602344513,0.0030865108128637075,386,1.479399854919038,1.2809656989593918
35d5bx51,26,0.46632417909575624,0.05151849996599712,0.08236414046403066,Yuck,Hard,1.569631576538086,0.4973525106906891,3.400561571121216,0.38334921002388,0.008904864080250263,495,0.8236099456411592,2.463743286065437
35d5bx71,47,0.523411762793599,0.0877405730798937,0.1568916010796374,Yuck,Expert,4.645469665527344,2.604630708694458,6.702315807342529,2.9933290481567383,0.07376792281866074,1420,0.1444384902072499,21.58038841333473
35f5871,32,0.5538390817340012,0.02211544454552425,0.06105282923687508,Haru Hisagi,Expert,4.4642109870910645,2.685612678527832,6.473645210266113,2.7327098846435547,0.03731328248977661,404,0.2068458403131553,19.929179737264576
35f5891,16,0.4405784275784898,0.05811882465856852,0.0918760637465115,Haru Hisagi,ExpertPlus,6.194507122039795,4.336830139160156,7.984004497528076,3.6263530254364014,0.043934278190135956,712,0.5504086590982847,38.37191848500174
360cexx71,44,0.31388244568317936,0.09451616245195843,0.12623327627468156,Target For Love,Expert,7.824615478515625,5.623112678527832,9.289034843444824,4.897012233734131,0.05240890383720398,584,0.7547570509542217,61.2246073866263
360cexx91,88,0.6228957860347246,0.15583096265141008,0.263503830236174,Target For Love,ExpertPlus,10.438912391662598,10.924337387084961,10.447663307189941,3.5543200969696045,0.09737038612365723,425,0.1665823226278635,108.97089192080693
362c5xx91,169,0.7843170484324334,0.08602025799051516,0.17314153603558127,Data Loss,ExpertPlus,10.537739753723145,6.8787150382995605,11.006016731262207,10.161575317382812,0.5833622813224792,1119,0.6994911492464715,111.04395911719712
362f1xx91,64,0.6297765572585136,0.10944333017229776,0.195238394311341,GiveMe!Kid'sMeal!,ExpertPlus,9.210988998413086,9.113231658935547,9.640149116516113,4.487255573272705,0.2613542675971985,628,0.7229187307541438,84.8423183288869
3639dxxx91,107,0.5467026282753894,0.15183008418420876,0.23004562682989937,HeaveИ's Rain,ExpertPlus,10.289301872253418,10.139911651611328,10.622838020324707,3.4963505268096924,0.07163448631763458,467,0.1864972050618903,105.86973301835769
36520x51,16,0.4291833302788676,0.026549297409111716,0.03690593977877646,ICKY,Hard,2.7118659019470215,1.1135387420654297,4.866938591003418,0.9749139547348022,0.014575128443539143,348,0.8585622766185363,7.354216670142932
36520x71,17,0.5777555037350364,0.02837655313453399,0.08064086336502327,ICKY,Expert,4.428129196166992,2.129971504211426,6.6388373374938965,2.6743433475494385,0.10117639601230621,659,0.5812546215461956,19.608328177946532
36520x91,64,0.44511409717461226,0.07687234283208833,0.08187352427322772,ICKY,ExpertPlus,7.769927501678467,3.0618512630462646,9.534560203552246,8.345438003540039,0.1849186271429062,1068,0.3577428196038746,60.37177338133938
367d0xxx91,52,0.4091961284034126,0.029527443918281805,0.06560086559484693,orchids,ExpertPlus,4.495193004608154,2.4327704906463623,6.460741996765137,3.552157402038574,0.06408331543207169,798,1.3973441858862945,20.206760148678086
36844xxxxx92,238,0.9818885203397549,0.204564992079022,0.39628487228533443,OPEN YOUR 3RD EYE,ExpertPlus,10.954931259155273,4.147197246551514,12.897563934326172,7.853656768798828,0.2927849292755127,1332,0.151353803867528,120.01051889281734
36870xxxx71,35,0.5134203055262733,0.11902476752618507,0.14952093778525036,DEADMAN'S BALLAD,Expert,6.696924209594727,6.01279878616333,8.158333778381348,2.732837200164795,0.19090865552425385,848,0.2501851143369938,44.84879386905595
36870xxxx91,95,0.6452831443927158,0.1326456412042175,0.24384626112373772,DEADMAN'S BALLAD,ExpertPlus,11.124267578125,10.955475807189941,11.311846733093262,2.915658473968506,0.15416379272937775,390,0.1026947344869452,123.74932914972305
36962x91,31,0.5116805895088075,0.06692090705342801,0.16722389838072718,HEARTBEAT,ExpertPlus,7.339730262756348,3.5281713008880615,9.000407218933105,7.4903178215026855,0.04684877768158913,716,0.7932474911164458,53.871640330021364
3697axxxx91,267,1.0052046647415964,0.2184711219661453,0.3889602735159433,Following the Waving Wings -Last Plaudits-,ExpertPlus,13.15097713470459,9.484759330749512,12.628058433532715,11.235458374023438,0.08669326454401016,956,0.2191237585710715,172.94819959752294
369a0xxx71,21,0.47197408200882407,0.07851084999188322,0.1370272321939715,Beyond the Geostationary Orbit Level,Expert,8.888946533203125,7.33720064163208,10.129197120666504,3.607020139694214,0.33658912777900696,631,0.5901922357892012,79.01337047014385
369a0xxx91,65,0.6263256118869698,0.10866715260568616,0.1960045126549676,Beyond the Geostationary Orbit Level,ExpertPlus,11.673417091369629,11.821849822998047,11.287569999694824,4.307012557983398,0.5332470536231995,242,0.8756238202479161,136.26866658908057
36a10x91,174,0.9919678380584865,0.14905930655698843,0.29171444426636844,Queen Aluett,ExpertPlus,11.863646507263184,10.873075485229492,11.338645935058594,7.46912145614624,0.7081548571586609,701,0.5839641672670258,140.74610844929794
36a3bxxx51,14,0.17749333212771432,0.01520287039076467,0.028902072605795994,Deutschland,Hard,4.680891990661621,2.2985730171203613,6.949626445770264,2.5077364444732666,0.08854500204324722,669,0.6255275442300865,21.910749828240114
36a3bxxx71,14,0.35498666425542863,0.13646909910047075,0.22998094447955944,Deutschland,Expert,5.744143486022949,3.391315221786499,7.786377429962158,3.430673599243164,0.09047762304544449,888,0.2176769912283818,32.99518438801988
36a3bxxx91,40,0.17886538392284157,0.0377553764634236,0.06586433493183746,Deutschland,ExpertPlus,7.978327751159668,3.6827540397644043,10.15068531036377,5.061155796051025,0.12049395591020584,1075,0.1698411192804678,63.653713704924485
36ac4x91,183,0.7259354094978308,0.1362367871118677,0.2909282949245616,me & u ,ExpertPlus,9.474527359008789,9.59624195098877,9.976336479187012,3.2042019367218018,0.09226694703102112,624,0.6462609429496108,89.76666867660606
36ae7x11,10,0.13862943611198905,0.013204596115497047,0.13464018698576244,Slow Down,Easy,2.3836233615875244,0.5473653078079224,4.691951751708984,0.525951087474823,0.017230087891221046,243,0.3761325176973959,5.68166032990581
36ae7x31,15,0.2580800673938594,0.006836759390259584,0.03156410304384141,Slow Down,Normal,2.9600560665130615,1.0540413856506348,5.243898391723633,1.1065547466278076,0.03927633538842201,314,0.9678587181146496,8.761931916900778
36ae7x51,13,0.5282256372662986,0.09454156320942059,0.12218828642683517,Slow Down,Hard,3.8054680824279785,1.6280274391174316,6.058590412139893,2.141566753387451,0.07996537536382675,501,0.2707587587272021,14.481587326378076
36ae7x71,12,0.23104906018664842,-0.0010488437281699718,-0.005520463091534015,Slow Down,Expert,5.2217488288879395,2.8450984954833984,7.208191871643066,3.9650185108184814,0.14963853359222412,815,0.6167745358116279,27.266660831992567
36ae7x91,67,0.598621339563922,0.06670338381334817,0.13131980928692766,Slow Down,ExpertPlus,8.578474044799805,6.143260478973389,9.273277282714844,8.8736572265625,0.6619589924812317,1264,1.1322562521525978,73.59021693730392
36afcxx91,91,0.6308097146974212,0.0915192308353906,0.17716559432972823,No Pity for a Coward,ExpertPlus,10.543166160583496,11.146235466003418,10.432775497436523,3.754711151123047,0.6088955998420715,609,0.491486247881316,111.15835268967294
36b62xx71,159,1.0550930996230938,0.1281162699397027,0.2324600098490979,Boy kisser,Expert,3.1592624187469482,2.16288423538208,5.070041179656982,1.326277732849121,0.021353669464588165,2971,0.5552638681918592,9.980939030506818
36b8fxx71,59,0.6557337895332472,0.1154653308984063,0.19114534800431607,Dual Fractal,Expert,7.822112560272217,4.300564289093018,9.470129013061523,6.564578533172607,0.29798993468284607,1441,0.6900232985035842,61.185444905568374
36b8fxx91,163,0.9151972804100058,0.16973384972829247,0.3704650940181457,Dual Fractal,ExpertPlus,11.086715698242188,5.708174705505371,11.929747581481934,10.868922233581543,0.20293201506137848,1155,0.1802903379547072,122.91526497364976
36bce91,381,1.2358921257235636,0.26727472644308287,0.4973636352856453,Accelerate,ExpertPlus,13.732329368591309,10.413336753845215,12.625043869018555,12.518200874328613,0.3992982506752014,1718,0.6978453260729168,188.57686988747537
36c09xx91,275,1.1873309384364437,0.1706910954987631,0.38779511649086923,Virus Funk,ExpertPlus,11.286234855651855,7.271381855010986,11.565287590026855,10.832024574279785,0.7099080681800842,1847,0.587397613815765,127.37909721693086
36c8cxxxx91,68,0.7940536323460853,0.1582007395599119,0.3108288054031698,Say It Back,ExpertPlus,8.943780899047852,7.3952155113220215,9.274714469909668,8.585851669311523,0.09273210912942886,315,0.7478714205177486,79.9912167701732
36cbb91,97,0.6987679168499158,0.15533431868647193,0.3082943104189343,(execute.),ExpertPlus,10.839560508728027,7.194331169128418,11.42789363861084,9.01457405090332,0.05867932736873627,521,0.1981119617174544,117.49607202237621
36cf0x51,15,0.5623699468250485,0.0343030726917136,0.06948609511408105,Teo,Hard,5.841556072235107,3.6849074363708496,7.53846549987793,4.915201663970947,0.22683580219745636,1256,0.5489401268446178,34.123777345066856
36cf0x71,28,0.4082600527117756,0.09243662632855591,0.13238072648714133,Teo,Expert,7.8951497077941895,5.702348709106445,9.206972122192383,5.6590189933776855,0.4078395962715149,1400,0.7724838786742163,62.333388908482675
36cf0x91,88,0.6682975125670766,0.11872533890547567,0.23201437143287107,Teo,ExpertPlus,9.668534278869629,6.131191730499268,10.56662654876709,8.717872619628906,0.422576367855072,1770,0.3543565035646517,93.48055510167706
36f55xx91,88,0.7890008802145584,0.17225915662146601,0.34970428582589447,My My My,ExpertPlus,10.724400520324707,7.09462833404541,11.332121849060059,9.047738075256348,0.21108867228031158,563,0.2636205733175686,115.01276652034085
36fb2xxxx71,171,0.9452205409559437,0.11668887187397198,0.22193200253477322,Come to Life,Expert,8.168992042541504,5.401337146759033,9.47780704498291,6.58540678024292,0.2722908556461334,1661,0.798476541272928,66.73243099110641
36fb2xxxx91,193,1.061635128209291,0.23242922208680772,0.48851720096520773,Come to Life,ExpertPlus,11.561192512512207,7.429803848266602,11.780527114868164,10.973235130310059,0.14704032242298126,649,0.19082909539931,133.66117231136832
3705exxx91,127,0.8416054872507381,0.19509868287653515,0.38064517219003646,+ERABY+E CONNEC+10N,ExpertPlus,11.168577194213867,8.150507926940918,11.540245056152344,8.342280387878418,0.34764593839645386,1242,0.2450143479625732,124.7371165431141
37090x11,133,0.8919600808877187,0.22971289373482834,0.35332918118217,Notion,Easy,1.5404633283615112,0.2318830043077469,3.4556710720062256,0.19803966581821442,0.005711227655410767,2648,0.4182434432206767,2.373027266026625
3712dxxx31,73,0.6032856912812115,0.07463904315441477,0.1271935809740383,Friendly Gigant Fire,Normal,3.3704147338867188,2.0735082626342773,5.316311359405518,1.862493872642517,0.019530463963747025,1427,0.7847638520274213,11.359695478400681
3712dxxx51,112,0.46186618723951256,0.06861665213470995,0.12182797220235664,Friendly Gigant Fire,Hard,7.1251630783081055,4.877329349517822,8.755742073059082,4.677915573120117,0.061641547828912735,1810,0.5887440656725967,50.76794889248504
3712dxxx71,140,0.5897709082969231,0.1210781729103998,0.249302143093099,Friendly Gigant Fire,Expert,10.464320182800293,7.13263463973999,11.317354202270508,7.433660507202148,0.07377268373966217,1029,0.1114308740655569,109.50199688816156
3712dxxx91,242,0.894073002946796,0.21302873280576543,0.39409827472070746,Friendly Gigant Fire,ExpertPlus,11.430704116821289,7.413469314575195,11.842805862426758,9.867098808288574,0.25872671604156494,1509,0.1223407706999227,130.66099660631517
3717351,29,0.7847311184897107,0.06905153167221154,0.11610993654664403,Anytime Anywhere,Hard,3.0069198608398438,1.7412775754928589,4.862476348876953,2.1014506816864014,0.02587384544312954,1176,0.6629248824028454,9.041567049513105
3717371,64,0.6005082000598642,0.10957907192268279,0.21250604739050524,Anytime Anywhere,Expert,4.710006237030029,2.742870569229126,6.758378982543945,2.8860034942626953,0.042816802859306335,2544,0.7272441017927082,22.184158752861777
3725ax71,26,0.6111641981438357,0.10452185937288731,0.1775612629731251,Konton Boogie,Expert,4.564307689666748,2.502828359603882,6.668360233306885,2.77780818939209,0.059964489191770554,1774,0.1280676412994278,20.832904685951007
3725ax91,84,0.6224209255774392,0.0801527963926982,0.18271343993592373,Konton Boogie,ExpertPlus,5.379717826843262,3.7876386642456055,7.3540449142456055,2.4129910469055176,0.08723819255828857,3420,0.384864785747565,28.941363896455186
3730dxx91,47,0.42407168509453225,0.06981671194414729,0.12149111174055897,Hours,ExpertPlus,4.988210201263428,3.210038185119629,6.87047815322876,3.3918192386627197,0.04377589747309685,1435,0.6230055083090217,24.882241011988526
3730dxx92,44,0.43576553403967044,0.11800343886653077,0.17203487651680702,Hours,ExpertPlus,7.723780155181885,2.1529932022094727,10.696803092956543,3.421983480453491,0.41171738505363464,780,-0.0860668123843373,59.6567798855815
3731fx91,87,0.7684858687804373,0.202500103643169,0.3760308457253984,SCREW // owo // SCREW,ExpertPlus,11.85158634185791,11.672804832458496,11.195291519165039,6.264496803283691,0.20596516132354736,282,0.5603767300164909,140.46009881851296
37483x71,44,0.4333709768656289,0.11458289458263791,0.1680416090116184,Moon Halo,Expert,5.6182451248168945,3.481433629989624,7.397469997406006,4.508833885192871,0.09954465180635452,1080,0.3603340477040468,31.564678282528803
37483x91,100,0.7970911682570394,0.1448442294200745,0.25825044567288485,Moon Halo,ExpertPlus,9.057173728942871,4.2425384521484375,10.101729393005371,11.255380630493164,0.447014182806015,2010,0.4957850779491186,82.03239595625291
3755ex91,31,0.32063311610167744,0.1228205763544957,0.17652379420246803,Mushussu,ExpertPlus,9.855396270751953,8.306989669799805,10.727248191833496,4.345843315124512,0.090108223259449,129,0.7122647356769702,97.1288356535515
376dex91,86,0.5586062036826915,0.11402592109992199,0.21121603153507537,crystallized,ExpertPlus,9.580619812011719,8.937334060668945,10.11383056640625,4.610696792602539,0.5159821510314941,1592,0.5605546298138482,91.78827598231146
37762x51,53,0.7304408909436548,0.0881332226467003,0.24887876950013266,Guinea Pig Olympics,Hard,3.823845386505127,2.6265785694122314,5.5516157150268555,3.037311315536499,0.0945340096950531,1004,0.3374104670349235,14.621793539896544
37762x71,42,0.6179133746298213,0.17164016276064167,0.21960170107804813,Guinea Pig Olympics,Expert,4.6108174324035645,3.1179137229919434,6.504170894622803,2.7992682456970215,0.1165582463145256,1347,0.5584095167479208,21.2596373949566
37762x91,118,0.6634213985225966,0.1422942667597858,0.24056014652526264,Guinea Pig Olympics,ExpertPlus,7.486900329589844,4.826718807220459,9.277447700500488,4.328421592712402,0.1678345799446106,2255,0.014738656361515,56.05367654521251
379e9xxxxxx91,93,0.7299797698777872,0.17033401147694388,0.3385605453424766,Future Dash,ExpertPlus,10.107244491577148,5.378514289855957,11.1869535446167,9.592859268188477,0.24158573150634766,1342,0.1969263070477011,102.15639121251661
37a4ax51,13,0.5422503724042951,0.020637150244033658,0.08112793372758412,Cold-Blooded,Hard,3.066042900085449,1.5358332395553589,5.154157638549805,1.4091928005218506,0.03669387102127075,353,0.3796554961148686,9.400619065164392
37a4ax91,42,0.48364566145080634,0.15319592412961375,0.2549195937540012,Cold-Blooded,ExpertPlus,6.959895610809326,2.4852259159088135,9.205938339233398,5.865532875061035,0.09619898349046707,1255,0.2310259137808934,48.44014691336292
37af0x91,129,0.7453962923950426,0.15615260220112243,0.318719666624732,Possessed by the Blood Moon,ExpertPlus,12.797648429870605,12.83974552154541,11.718022346496582,6.132812976837158,0.5392794609069824,447,0.7542603834154856,163.77980533456957
37c1dxx91,110,0.5185751516061072,0.11113368676658424,0.21113413211217133,Affiliate Requiem,ExpertPlus,11.25379753112793,10.695968627929688,11.48196029663086,3.3816866874694824,0.15902268886566162,354,0.1354197242314537,126.64795887162109
37d44x31,19,0.36398544466480603,0.05151208600729653,0.0891225208422034,Coin,Normal,2.127817392349243,1.1703135967254639,3.880122661590576,1.2271243333816528,0.022702863439917564,378,0.373413954683995,4.527606855183933
37d44x51,23,0.499818260742056,0.04786817356502793,0.047966676109139766,Coin,Hard,3.252370595932007,2.207197666168213,5.09495735168457,1.8584433794021606,0.03059229627251625,527,0.7223033325352171,10.577914493283117
37d44x71,42,0.5941530241318531,0.09956951824885299,0.14012371997583956,Coin,Expert,5.999188423156738,2.7812631130218506,8.015207290649414,5.1999831199646,0.3006930947303772,1202,0.5010333274205755,35.99026173653783
37d4bx91,93,0.6946498290762784,0.12648752311577438,0.23673179085329538,Odo,ExpertPlus,9.592287063598633,6.426962375640869,10.757927894592285,6.552306175231934,0.08641601353883743,1120,0.5501573577103791,92.01197111048168
37e07xxx71,46,0.3630695514773056,0.03229804346274192,0.06809202850700011,R U Still xxxx?,Expert,6.149691104888916,4.313930034637451,7.9631667137146,3.473071813583374,0.04847466200590134,1260,0.2791467691832999,37.81870068554986
37e07xxx72,51,0.5433581838982249,0.0915471726851327,0.1898055974024849,R U Still xxxx?,Expert,9.391134262084961,3.125192642211914,11.878408432006836,5.76437520980835,0.3672712445259094,480,0.5610046062632068,88.19340272850604
37e07xxx91,90,0.557426280250675,0.17416008269978536,0.312517878159248,R U Still xxxx?,ExpertPlus,9.451957702636719,7.714043140411377,10.330656051635742,5.288262367248535,0.10028961300849915,1127,0.6305640329440475,89.3395044124336
37e07xxx92,100,0.7591000592569759,0.1478651548603661,0.3206519400984383,R U Still xxxx?,ExpertPlus,11.204557418823242,4.130828857421875,13.371819496154785,6.7847819328308105,0.12953917682170868,396,0.0925951589461567,125.54210695170696
37e08xx91,33,0.25562270310229473,0.06082322354446032,0.09027533998432655,Did I Mention,ExpertPlus,7.348098278045654,3.699371099472046,9.24769401550293,5.829159259796143,0.14825253188610077,811,0.5289708503864466,53.99454830381751
37e81xxxx91,41,0.4375985321086065,0.0974447675652554,0.1897926007094111,TeraVolt,ExpertPlus,8.413541793823242,6.758528232574463,9.486919403076172,5.3168625831604,0.030752936378121376,674,0.572644140919336,70.78768551641042
37eaaxxx51,25,0.5282917035275854,0.04683346326749405,0.08027718594795463,Warzone,Hard,5.2053937911987305,2.57727313041687,7.510879993438721,2.704479694366455,0.06998209655284882,757,0.5670707374649,27.096124521450292
37eaaxxx71,33,0.63587248804975,0.1824754165416786,0.3019608413232149,Warzone,Expert,7.114567279815674,4.1855692863464355,8.963736534118652,4.847344875335693,0.0937461405992508,1150,0.1838889461889769,50.6170675790238
37eaaxxx91,150,0.7788922117403263,0.14800138484650505,0.342917016772629,Warzone,ExpertPlus,9.696145057678223,5.083397388458252,11.046297073364258,8.384702682495117,0.09095535427331924,1277,0.3366158480838884,94.01522897953782
37fa9xxx11,37,0.32483967948194153,0.14411607759256634,0.11835829627255544,Affiliate Requiem,Easy,6.094592571258545,3.7754719257354736,7.926376819610596,4.371330261230469,0.23782804608345032,946,0.803214978472039,37.14405860963984
37fa9xxx31,72,0.5743822470700493,0.05876046313006695,0.11936390005594325,Affiliate Requiem,Normal,8.118682861328125,5.186412811279297,9.659899711608887,5.681065559387207,0.37035563588142395,1469,0.2336851451414854,65.91301140282303
37fa9xxx51,134,0.6871042136006625,0.1461126368136133,0.23280989827434043,Affiliate Requiem,Hard,10.670083999633789,10.1925687789917,10.730829238891602,5.1438188552856445,0.3551120162010193,729,0.7254230360816273,113.850692559241
37fa9xxx71,134,0.6745440826773531,0.13961236356247467,0.2526035232354709,Affiliate Requiem,Expert,11.734106063842773,10.985878944396973,11.433143615722656,5.8900861740112305,0.28834787011146545,601,0.1634329238589531,137.68924511751175
37fa9xxx91,175,0.6935042261560731,0.17540866962268864,0.2662291576184619,Affiliate Requiem,ExpertPlus,12.977299690246582,11.464608192443848,12.139573097229004,8.262458801269531,0.26475006341934204,664,0.5641303712096326,168.41030725047403
3806axx91,255,1.0485700523592933,0.16492095457327996,0.35829337948565004,Mariah Carey Fucking Dies In A Multigenre Death Loop,ExpertPlus,11.481568336486816,9.78189754486084,11.582184791564941,6.352230548858643,0.6792946457862854,1275,0.8124341519379634,131.82641146541664
382fax91,31,0.3075535964852851,0.07481658470141238,0.13451742038185793,Kiss Me Like The World Is Ending,ExpertPlus,7.536487102508545,5.3812255859375,8.964882850646973,5.268538475036621,0.1176014095544815,886,0.6369490067371428,56.79863784627764
3832ex91,75,0.6183216700371864,0.16038098816777496,0.2240906919525701,Loansharks,ExpertPlus,9.294259071350098,4.049857139587402,10.57275676727295,10.546770095825195,0.14948363602161407,955,0.1738320479536393,86.38325168537358
3838axxx92,118,0.7787842566792805,0.16106983827164867,0.36548728931357666,Lace It,ExpertPlus,10.309091567993164,3.0773017406463623,12.355490684509277,9.006287574768066,0.10640474408864975,792,0.1205756652016249,106.27736895726775
383f1xxx91,189,0.9855228944641575,0.2706478857088937,0.45917582908485427,21st Century Humor But It's A Rave Song 2,ExpertPlus,9.062638282775879,5.72917366027832,10.567119598388672,5.677630424499512,0.22277361154556274,2807,0.6389027723558997,82.13141264443493
38419x11,20,0.2772588722239781,0.006413539196267748,0.004013085873404254,Scream,Easy,2.909898042678833,1.1700941324234009,5.068784236907959,1.3940448760986328,0.0515492707490921,381,0.9638346989617306,8.467506618786103
38419x12,22,0.7591454258161844,0.07770693962657339,0.13195875866719542,Scream,Easy,2.9370689392089844,0.5526358485221863,5.481907844543457,0.8506110310554504,0.04182301461696625,248,0.0195999843977119,8.626373953666189
38419x32,13,0.404422720925214,0.06576217932576174,0.14248767296308043,Scream,Normal,3.2360026836395264,0.7964265942573547,5.771770000457764,1.0680547952651978,0.05214525759220123,203,0.1458775279239876,10.471713368522217
38419x51,18,0.2761007388653334,0.04075430922223891,0.0389704172502687,Scream,Hard,3.815596342086792,1.935585379600525,5.998053073883057,1.908452033996582,0.08308941125869751,674,0.2953889923925296,14.558775445746107
38419x52,22,0.4595238925430636,0.04356288516374848,0.08912207464916429,Scream,Hard,4.990599632263184,1.1834145784378052,7.826801776885986,2.3128015995025635,0.35851579904556274,354,0.3993363180250931,24.906084689545423
38419x71,26,0.3822933307366154,0.016580914817080742,0.025282272782642397,Scream,Expert,5.8142595291137695,2.5692296028137207,7.893839359283447,4.989426612854004,0.37909114360809326,1211,0.5130406651742113,33.80561387189027
38419x72,41,0.8209887133557372,0.07557925090801744,0.17551358869328135,Scream,Expert,7.716524600982666,2.1734416484832764,10.479207992553711,4.540812015533447,0.7733646631240845,562,0.8436338386928367,59.54475191757069
38419x91,90,0.5427895970325312,0.11225108819811855,0.1874197142140409,Scream,ExpertPlus,8.308862686157227,4.234361171722412,9.782445907592773,8.18100643157959,0.5385777950286865,2396,0.7323146738604228,69.03719913741588
38419x92,91,0.7700092141732696,0.06713367493021452,0.1145628427431415,Scream,ExpertPlus,9.151765823364258,2.728942394256592,11.301300048828125,8.237043380737305,0.8317319750785828,1151,0.8516663263614359,83.75481768569807
38606xxx91,84,0.5679425607070245,0.11706008522882107,0.18754083745516986,SUPER EMULATOR,ExpertPlus,13.339524269104004,14.798845291137695,11.621318817138672,4.769113540649414,0.4203810691833496,155,0.7723935823828714,177.9429077260147
3861dxxxxxx72,71,0.8949692102961135,0.11419478594575969,0.22137864858055722,Barracuda,Expert,7.381886005401611,3.1656856536865234,9.834924697875977,3.863898515701294,0.2831011414527893,1373,0.5348824298805415,54.49224099674416
3861dxxxxxx92,163,0.819238526758605,0.18559528843304737,0.3368625229124003,Barracuda,ExpertPlus,10.05233097076416,3.7152159214019775,11.927850723266602,8.494301795959473,0.3902837932109833,1264,0.5684012700454254,101.04935794578432
3864bxxxxxxxxxxxxx91,66,0.6376410842197704,0.0792989408270327,0.21135399460943927,So Sorry,ExpertPlus,9.14802360534668,7.613216876983643,9.576189994812012,7.755176067352295,0.18305791914463043,764,0.8129452677926127,83.68633588398006
38670xxxx11,21,0.45400769004970654,0.09181182238792995,0.12130908448471792,Francium,Easy,1.5371239185333252,0.5878366231918335,3.199191093444824,0.9353177547454834,0.004658721387386322,215,0.8170382942969536,2.3627499409272446
38670xxxx31,14,0.22700384502485327,0.04931363884035801,0.1094630539262013,Francium,Normal,2.6448423862457275,1.9478775262832642,4.255558013916016,1.9901806116104126,0.03269043564796448,173,0.8577404739494391,6.995191248081994
38670xxxx51,13,0.05331901388922656,0.011010423371527219,0.01705434033279747,Francium,Hard,2.745481014251709,1.7755738496780396,4.566788196563721,1.4788341522216797,0.03514868766069412,374,0.9500890776591928,7.537665999616593
38670xxxx71,17,0.21079523167388883,0.049093876929231534,0.06949289556997715,Francium,Expert,4.647106647491455,2.3896279335021973,6.795460224151611,2.925001382827759,0.062282100319862366,777,0.0768833087278613,21.59560019315927
38670xxxx91,51,0.4282531706730873,0.06546847409176187,0.11119355772751152,Francium,ExpertPlus,7.801172256469727,5.525156497955322,9.219464302062988,5.329049110412598,0.12917494773864746,1123,0.0132643781563632,60.858288575112965
387a0xxxx91,142,0.9133120543592772,0.16369526070605991,0.3331082952640556,#1f1e33,ExpertPlus,14.050179481506348,9.348034858703613,12.996753692626953,14.7691011428833,0.21626101434230804,396,0.5225886718584433,197.40754346254198
3881axxx91,48,0.6072849529389245,0.09151266004064262,0.13835445323063952,veldt,ExpertPlus,7.634963512420654,3.6741106510162354,9.366105079650879,7.151329040527344,0.09900778532028198,941,0.5964675431161,58.292667835994735
3888491,73,0.6773456233579116,0.09082948957887976,0.196803824932442,Bad Feeling,ExpertPlus,6.7630615234375,2.6294426918029785,9.085258483886719,4.892487525939941,0.31639671325683594,2834,0.1615850238080819,45.73900116980076
3893ax51,42,0.3727578950906371,0.07152734720006719,0.09449096899945283,Hit The Road Jack,Hard,5.279021263122559,3.1668860912323,7.260807991027832,3.443510055541992,0.08822282403707504,1356,0.6941805788088412,27.868065496500094
3898fx51,15,0.3504996914685188,0.08583314121238497,0.14209590724146504,The Spoils,Hard,2.554143190383911,0.6688583493232727,4.816667079925537,0.9869142770767212,0.004994485527276993,267,0.5109265200532548,6.523647436984504
3898fx91,24,0.48390012636348634,0.10587422044579346,0.1170520720220926,The Spoils,ExpertPlus,4.6202473640441895,0.6977294683456421,7.583872318267822,2.0703108310699463,0.04451258108019829,518,0.3851788742004684,21.34668570495728
3898fx92,40,0.5490828421460033,0.10345150292930168,0.16958439731365021,The Spoils,ExpertPlus,6.289473533630371,1.1293959617614746,9.281329154968262,3.686068534851074,0.48571333289146423,419,0.3674367583208033,39.55747733023691
389bcxxx91,41,0.32508296245891705,0.13101471168332676,0.26375598342121354,x=1/0,ExpertPlus,9.059825897216797,7.254707336425781,10.061509132385254,5.262749195098877,0.11063992232084274,460,0.9691842808959378,82.08044528788014
38a54xx11,15,0.7063355634486066,0.07588950507446893,0.343560282519646,The Vampire,Easy,2.6437764167785645,0.9902755618095398,4.771973609924316,1.2091249227523804,0.010743626393377781,277,0.4444073923459906,6.989553741914506
38a54xx31,14,0.7754226665018683,0.21174578825238474,0.2696575734970747,The Vampire,Normal,3.4047141075134277,1.9031016826629639,5.420228958129883,1.9164128303527832,0.04515834152698517,346,0.7783043481186529,11.592078153900957
38a54xx51,13,0.404422720925214,0.037640000132834035,0.08628234479399256,The Vampire,Hard,4.8405656814575195,2.7742416858673096,6.948723793029785,2.7391228675842285,0.07658980786800385,567,0.4758473729229894,23.4310761165043
38a54xx71,28,0.5549303056482277,0.08927514633852641,0.12382873543021486,The Vampire,Expert,6.290046691894531,4.038573265075684,8.17790699005127,3.8190014362335205,0.16528010368347168,887,0.6269263112158718,39.564687386213336
38a54xx91,88,0.6820471972027622,0.1665945714255261,0.3525322850296287,The Vampire,ExpertPlus,9.320183753967285,5.069370269775391,10.69827651977539,7.953984260559082,0.058162227272987366,753,0.5282411737150833,86.86582520771572
38a6axx91,63,0.6124275089968853,0.04663213069801004,0.10693288875625627,PRAGMATISM,ExpertPlus,5.540897846221924,4.760982990264893,7.031475067138672,3.4112839698791504,0.1780061274766922,2177,0.7959163648958595,30.701548942266754
38bddxx71,14,0.6025392287411233,0.01790814821052592,0.06732722503738262,Blue Bird,Expert,3.7450661659240723,1.6015218496322632,6.044615268707275,1.8000985383987427,0.018081942573189735,586,0.2152286600164217,14.02552058714923
38bddxx91,39,0.5912130007346653,0.09083648216469606,0.1956379332171533,Blue Bird,ExpertPlus,5.217086315155029,2.983937978744507,7.349184989929199,2.867696523666382,0.030060280114412308,1214,0.6727975826475112,27.21798961977788
38dcexx91,46,0.6468335060069225,0.15957728815864392,0.22692881100340925,Othello,ExpertPlus,7.715176105499268,4.865170955657959,9.092646598815918,6.807897567749023,0.1412912905216217,1137,0.6594451618716217,59.523942338866846
39017xxxxxxxx71,45,0.545600968265935,0.076330539585536,0.13475822440367308,Rumble,Expert,8.700054168701172,7.00596284866333,9.83817195892334,4.708492755889893,0.10300672054290771,266,0.5426417959712452,75.69094253833464
39017xxxxxxxx91,100,0.7195293517295481,0.16926842346130505,0.3479233230974286,Rumble,ExpertPlus,9.992216110229492,9.167473793029785,10.584637641906738,4.077993392944336,0.08619444072246552,328,0.0891927964803221,99.8443827935298
3906fx91,97,0.7309940800376369,0.1546087106268095,0.31893214106890305,The Illusionista of Love,ExpertPlus,11.205307960510254,7.5887908935546875,11.65506362915039,9.153836250305176,0.3249936103820801,816,0.5649960723609389,125.55892648987447
390f2xxxxxx91,121,0.7138563891361069,0.13961560379683763,0.24777526431201183,golden hour,ExpertPlus,4.660764217376709,4.486547946929932,6.150101184844971,2.3933675289154053,0.03791855648159981,3581,0.849766868316494,21.722723089979127
391e7x91,76,0.4518767709468235,0.11676167853368212,0.19135944216291512,Fireflies,ExpertPlus,5.0270280838012695,2.3239247798919678,7.315946578979492,2.993557929992676,0.07579199969768524,2480,0.8590427616754975,25.271011355326664
3928exxxx91,113,0.7675550228693749,0.19191066684249194,0.36111195758785597,I'm kidding,ExpertPlus,11.842680931091309,8.552347183227539,11.921246528625488,9.443753242492676,0.30758970975875854,757,0.6025549110047334,140.2490916356337
392e6xxx71,172,0.9541216044687743,0.16810790399451303,0.24586570076761616,een vliegtuig,Expert,9.074167251586914,6.538757801055908,10.030391693115234,7.04818058013916,0.5767325758934021,2498,0.9369002616343332,82.34051130977241
392e6xxx91,251,0.8788942906037737,0.2410529732301555,0.4079777879200967,een vliegtuig,ExpertPlus,10.437807083129883,9.34961986541748,10.94279956817627,4.464374542236328,0.15368619561195374,1121,0.6822916279907142,108.94781670463635
3963ex92,308,1.1909858642639812,0.2639767525441079,0.49052681535626863,heaven,ExpertPlus,10.900171279907227,4.819469928741455,12.470524787902832,8.53218936920166,0.46093830466270447,2699,0.5014253883347439,118.81373393131435
3965b51,24,0.33458683726114846,0.21203421261281508,0.30095006577398703,Sweater Weather,Hard,4.469807147979736,2.527876138687134,6.639316558837891,2.173966407775879,0.022652054205536842,767,0.2361731600049162,19.979175940130744
3965b71,24,0.25993019270997947,0.06682140811191718,0.0903686906949937,Sweater Weather,Expert,8.434120178222656,6.084778785705566,9.925761222839355,4.425968647003174,0.08072810620069504,229,0.7422621195970194,71.13438318070257
3965b91,71,0.5129401450235048,0.15919009990937316,0.24117160762365356,Sweater Weather,ExpertPlus,8.692079544067383,6.8547186851501465,9.756253242492676,5.433361530303955,0.15168699622154236,923,0.8464935506245383,75.55224680039464
39660xxxx51,32,0.6440240007198382,0.0897531738127817,0.19216042580615086,Blue Youth,Hard,6.357419013977051,3.9123194217681885,8.235636711120605,4.222936153411865,0.13898153603076935,884,0.4795248213727395,40.41677651927694
39660xxxx91,63,0.5650063104833961,0.09413730764981657,0.1487767619630361,Blue Youth,ExpertPlus,7.534706115722656,5.773664474487305,8.868382453918457,4.985445022583008,0.07998579740524292,1305,0.6621742281227283,56.7717962503084
397bdxx11,16,0.2878231366242557,0.013849681822222792,0.023538550140355052,NextLevelNation,Easy,2.028434991836548,0.34991201758384705,4.226067066192627,0.49082452058792114,0.00714273564517498,162,0.4303843080007636,4.114548516106936
397bdxx31,14,0.3289407275705779,0.053328382370004625,0.09260754300093536,NextLevelNation,Normal,3.0942301750183105,0.762407124042511,5.5441575050354,1.2550989389419556,0.03817225247621536,139,0.2364493418695091,9.574260375993845
397bdxx51,12,0.35638884325133796,-0.0053911247503749165,0.0023250436473114164,NextLevelNation,Hard,4.232874870300293,1.1585942506790161,6.9444804191589355,1.570670247077942,0.0667554959654808,187,0.3801108755715466,17.917229667619722
397bdxx71,12,0.41415110829800006,0.013414825801869442,0.04198169073157165,NextLevelNation,Expert,5.258204460144043,2.708818197250366,7.334924697875977,3.80204176902771,0.13191324472427368,297,0.2527159155028219,27.648714144678706
397bdxx91,20,0.26876392038420827,0.0577107462657279,0.1315569342654125,NextLevelNation,ExpertPlus,6.607642650604248,3.040668487548828,8.70640754699707,5.095497131347656,0.04516343027353287,572,0.2869056740939558,43.66094139808433
397e3xxx91,201,0.8392021041369603,0.17612702408038752,0.38760202290446627,Möbius,ExpertPlus,11.353196144104004,8.405999183654785,11.579584121704102,8.690604209899902,0.14345353841781616,1177,0.2628820301168149,128.89506268649802
398fbxx91,104,0.6620940107621424,0.09497434108631567,0.18361414936561002,Drenched in Air,ExpertPlus,8.287527084350586,6.330046653747559,9.689513206481934,4.2657880783081055,0.2809607684612274,2895,0.1454587059050285,68.68310517384452
39984xx11,21,0.321979655657336,0.06729609265502512,0.10427123045814807,I GOT YOU ,Easy,2.1105291843414307,0.5349921584129333,4.2665486335754395,0.4990938603878021,0.008105290122330189,316,0.4898265915124449,4.454333437956905
39984xx31,14,0.3755353837162701,0.04796979052663786,0.05813042672311156,I GOT YOU ,Normal,2.9873266220092773,1.3536509275436401,5.095887184143066,1.4780892133712769,0.0432727113366127,356,0.727945621129185,8.92412034656536
39984xx71,13,0.2444656792575343,0.02737847577008636,0.015464778411159572,I GOT YOU ,Expert,4.702044486999512,2.407696008682251,6.741916179656982,3.59778094291687,0.10858909040689468,958,0.5009678412858162,22.1092223577225
39984xx91,35,0.46339352053462185,0.10710935598775859,0.19116603650407588,I GOT YOU ,ExpertPlus,5.902131080627441,3.148632764816284,7.821782112121582,4.847189903259277,0.10724516957998276,2096,0.292990773442193,34.83515129290845
39aa2xx91,155,0.7582140989779155,0.16625899534042216,0.3280307460403036,Vicious [ANTi] Heroism,ExpertPlus,10.799653053283691,8.419208526611328,11.24490737915039,7.1192522048950195,0.0792592465877533,795,0.113325324366713,116.63250607129976
39aa6xxxxx91,142,0.8351139810984158,0.22907257787184881,0.48443690286385904,kickstand,ExpertPlus,10.231653213500977,5.752062797546387,11.086897850036621,10.160408020019531,0.07133647054433823,923,0.4257667393877043,104.68672748134486
39ba2xxx51,25,0.5790321565461256,0.11678244315678618,0.18218692646895962,Dead To Me,Hard,1.9663869142532349,0.7219250202178955,3.8965811729431152,0.7460545897483826,0.005733009427785873,566,0.5728740491965681,3.866677496546359
39ba2xxx71,22,0.5033912059995903,0.06835871947121212,0.030628303340404006,Dead To Me,Expert,4.67122220993042,3.05478572845459,6.572240352630615,3.0015783309936523,0.11034790426492691,820,0.6728012444170116,21.820316934547236
39ba2xxx91,35,0.47834346749932316,0.08173600893941009,0.1201964798250698,Dead To Me,ExpertPlus,6.554497718811035,3.5366928577423096,8.440704345703125,5.20857572555542,0.18627043068408966,1442,0.4139029935381617,42.961440345899064
39be5xxx71,63,0.5260812085393973,0.10793796232666915,0.21060884053847181,FAR OUT,Expert,9.699051856994629,5.167815685272217,10.69457721710205,10.185847282409668,0.21112826466560364,998,0.559485178428384,94.07160692467096
39be5xxx91,114,0.8196062917595531,0.18397274834149996,0.3492689824585719,FAR OUT,ExpertPlus,12.207633018493652,7.3190813064575195,12.063490867614746,13.547789573669434,0.225301593542099,554,0.5742067185569594,149.02630391421644
39cb9xxx51,31,0.5645066794894784,0.048986354740390835,0.10717041046625994,Nevxxxxerland,Hard,3.5493953227996826,2.2839977741241455,5.525511741638184,1.7054171562194824,0.0330178402364254,595,0.4101183821514512,12.598207157512263
39cb9xxx71,52,0.510757895685049,0.10607473252193908,0.16452431921503516,Nevxxxxerland,Expert,7.223811149597168,6.6101298332214355,8.596102714538574,2.6549861431121826,0.10983186960220337,902,0.1460820030914113,52.18344752504436
39cb9xxx91,119,0.7811302656610678,0.15119702713832592,0.2964725485208726,Nevxxxxerland,ExpertPlus,10.553792953491211,12.114175796508789,10.206997871398926,2.7159764766693115,0.22870120406150818,213,0.6030961357542322,111.38254570516074
39ebbxxx92,99,0.7921383353107387,0.15965843565151067,0.31280772142463753,ANOMALY,ExpertPlus,12.283773422241211,5.680874824523926,13.328224182128906,10.420367240905762,0.1878950148820877,386,0.5079845863870139,150.89108948895955
39ec8xxx91,46,0.5152132712259379,0.11671616123707375,0.2376489827417422,Rivers Is A Vampire,ExpertPlus,8.36953067779541,5.757152080535889,9.477669715881348,7.1725568771362305,0.27083805203437805,1215,0.8271694790418187,70.0490437665585
3a02fxxxxxx91,65,0.6409818945953548,0.06943335163962745,0.142786298272045,Locals (Girls like us),ExpertPlus,5.869217872619629,3.8868229389190674,7.867275714874268,2.8795645236968994,0.07328501343727112,925,0.1372384867124245,34.44771843627768
3a111xxxxxxxxxxxxxxxxx11,56,0.5686863202777113,0.04005121983004256,0.11931324795501057,PISSCORD,Easy,3.9537625312805176,2.0638504028320312,6.120497226715088,2.0428311824798584,0.03476693853735924,829,0.5552163565037986,15.632238153757726
3a111xxxxxxxxxxxxxxxxx31,48,0.47977366982677605,0.06957541856654083,0.12755296519583445,PISSCORD,Normal,6.103992938995361,3.3489346504211426,8.014448165893555,4.803451061248779,0.06351181119680405,602,0.3870914279254844,37.25872979930523
3a111xxxxxxxxxxxxxxxxx51,79,0.6310744868011054,0.061892241639057745,0.15428037135902303,PISSCORD,Hard,7.335606098175049,3.678403615951538,9.256178855895996,5.739630699157715,0.12063117325305939,624,0.1159436201756042,53.811116827582964
3a111xxxxxxxxxxxxxxxxx71,68,0.85373588966868,0.19887403023415412,0.44048576075295387,PISSCORD,Expert,10.038140296936035,6.382467269897461,10.609699249267578,10.287322044372559,0.46855688095092773,399,0.5706832387273542,100.76426062097107
3a111xxxxxxxxxxxxxxxxx91,212,1.0240739376421193,0.23923167644049295,0.47181639281752574,PISSCORD,ExpertPlus,11.510336875915527,6.66621208190918,11.867288589477539,11.809141159057617,0.12632113695144653,856,0.4988615181587971,132.48785499706082
3a1a0xxxxx91,96,0.7197458877318743,0.18383445473490198,0.27563938722199616,Nevxxxxerland,ExpertPlus,10.388039588928223,12.12364673614502,10.091718673706055,2.3012208938598633,0.2377319484949112,174,0.6182798410468294,107.91136650114004
3a3b9xxxxxxx91,98,0.5843511247753675,0.09366180790351149,0.16866698666259694,this is what heartbreak feels like,ExpertPlus,5.427825450897217,2.6922526359558105,7.771908283233643,2.640300750732422,0.04274213686585426,2392,0.1429922803305769,29.461289125407575
3a4b4xx92,124,0.6504211397065321,0.13189705482579905,0.2546733410518339,Rushiest Rush,ExpertPlus,10.243674278259277,4.3042683601379395,12.133477210998535,7.367985248565674,0.27032914757728577,924,0.6388001562136253,104.93286271907073
3a539xxxxxxx91,100,0.46763253941577454,0.07825990287661884,0.13176434750496824,this is what space feels like,ExpertPlus,6.172554969787598,4.188542366027832,8.098055839538574,3.136669635772705,0.0933632105588913,2257,0.6560229317742586,38.10043485504957
3a5afxxx91,156,0.921234474100227,0.218073562927146,0.3921039694057857,Abstruse Dilemma ,ExpertPlus,12.70932388305664,10.151070594787598,12.032342910766602,10.389760971069336,0.24955977499485016,640,0.7723020065646414,161.52691356443393
3a5e9xxxxx51,23,0.44185957175940044,0.07297718964029176,0.1155712462741162,BAD SAD AND MAD,Hard,2.7397334575653076,1.090595006942749,4.855557918548584,1.3277513980865479,0.019309543073177338,383,0.5795724325765218,7.506139418502755
3a5e9xxxxx71,20,0.5257495372027782,0.08676080719537849,0.154630580375795,BAD SAD AND MAD,Expert,3.305736780166626,1.5003536939620972,5.464827537536621,1.7233846187591553,0.036461200565099716,541,0.6738090003843544,10.927895659746412
3a5e9xxxxx91,51,0.2456841914627025,0.07965363911155991,0.09464639648966769,BAD SAD AND MAD,ExpertPlus,6.191246032714844,2.7790274620056152,8.221712112426758,5.411619663238525,0.09026825428009033,1014,0.7783809476578685,38.33152743760729
3a6abxxx12,32,0.3714230233814786,0.05329857804675665,0.08010028687271685,Mystery Circles Ultra / U.U.F.O.,Easy,2.8285000324249268,0.5713330507278442,5.315979480743408,0.8108240365982056,0.036268968135118484,309,0.2817469953686787,8.000412433427812
3a6abxxx32,23,0.3484493798825837,0.03455678792570999,0.03397528946088273,Mystery Circles Ultra / U.U.F.O.,Normal,5.133443832397461,1.6715139150619507,7.804045677185059,2.421556234359741,0.2905212640762329,427,0.7317758773442642,26.35224558037953
3a6abxxx52,36,0.35425103655311213,0.09237708383073691,0.14514663534695907,Mystery Circles Ultra / U.U.F.O.,Hard,6.95586633682251,2.406608819961548,9.722461700439453,3.1271843910217285,0.33830952644348145,642,0.6791634119218514,48.3840764957406
3a6abxxx72,50,0.41486855858078286,0.06399786574574436,0.11082240148348797,Mystery Circles Ultra / U.U.F.O.,Expert,8.562013626098633,3.0965652465820312,11.307011604309082,3.6480302810668945,0.36614325642585754,892,0.0235565188046163,73.30807733349866
3a6abxxx92,103,0.6484971294279682,0.16074961256298576,0.3177550982017383,Mystery Circles Ultra / U.U.F.O.,ExpertPlus,10.438942909240723,3.449396848678589,12.938615798950195,5.828801155090332,0.3443227708339691,1271,0.0896817656129142,108.97152906238716
3a6b1xx91,62,0.5714508528065797,0.1283282439981343,0.1619566643707368,BPOT,ExpertPlus,5.833855628967285,3.6122100353240967,7.885678291320801,3.076301336288452,0.04257714003324509,1444,0.2969015252435472,34.03387149963328
3a73fxxx71,11,0.12602676010180824,0.023188659109925635,0.0436018381561521,CHEER UP,Expert,6.270813465118408,2.8366219997406006,8.291875839233398,5.46392297744751,0.17297843098640442,567,0.295924688342997,39.32310151431034
3a73fxxx91,30,0.3910462022793352,0.2324698554907254,0.3080947789234385,CHEER UP,ExpertPlus,7.75150728225708,5.110199928283691,9.096254348754883,6.531980514526367,0.15669018030166626,1005,0.7984706905157981,60.085865146884544
3a751x51,61,0.6120498529269344,0.09277446037150162,0.13708818229624914,Salamander,Hard,3.736457347869873,2.472566843032837,5.657874584197998,2.0709733963012695,0.042987752705812454,1076,0.2529856993262913,13.961113512450765
3a751x71,64,0.5143049724424756,0.10243718490247507,0.14421054771106645,Salamander,Expert,6.579880714416504,5.557906627655029,8.013298034667969,3.6695802211761475,0.2070971131324768,1736,0.1489695606340685,43.29483021595024
3a751x91,195,0.962107183085602,0.15975089866533604,0.35714660096418804,Salamander,ExpertPlus,10.34195327758789,9.636835098266602,10.373950958251953,6.371850967407227,0.3993346691131592,981,0.6784390913038088,106.95599759581091
3a8dbx91,42,0.39764760399895377,0.10604876313030001,0.14011368623884918,Disciples of Babylon,ExpertPlus,9.99637508392334,8.395892143249512,10.745615005493164,4.9359941482543945,0.20894987881183624,383,0.386112065358893,99.92751481848336
3a954xxxxxxx91,162,0.9303722303949299,0.2180751372035409,0.4312960916479153,RAIN GOD,ExpertPlus,10.558542251586914,9.247692108154297,10.54840087890625,7.639315128326416,0.18053755164146423,546,0.9930475002388496,111.48281447854606
3a97cxx91,92,0.6095118319697134,0.10964335287591072,0.19704484811167883,PLANET//SHAPER,ExpertPlus,12.143768310546875,11.256113052368164,11.667057991027832,6.416064739227295,0.7228001356124878,320,0.9113720216604534,147.4711087802425
3aa01xx91,287,1.001163006662098,0.1500612646792639,0.2905524144618879,wish you were here,ExpertPlus,9.530365943908691,6.957846641540527,11.100419044494629,3.133739709854126,0.3040215075016022,2090,-0.0268772568592053,90.8278750248146
3aa79xxxxxxxxx11,81,0.63212887642088,0.1345261663911663,0.18754100756813086,Gleodream,Easy,4.330710411071777,2.53273344039917,6.450533390045166,2.155466079711914,0.054065510630607605,1206,0.320524382730013,18.755052664565483
3aa79xxxxxxxxx31,96,0.615399712547204,0.09357083449044257,0.16024553546450165,Gleodream,Normal,8.481706619262695,5.808675289154053,9.921406745910645,5.334157466888428,0.3206544518470764,1397,0.7217571966795343,71.93934717524462
3aa79xxxxxxxxx51,210,0.9310407236742713,0.15555404743195983,0.3298471318321192,Gleodream,Hard,10.272058486938477,7.869998455047607,10.917489051818848,6.865177154541016,0.5381376147270203,1820,0.7529260954489554,105.51518555908478
3aa79xxxxxxxxx71,193,0.9952035858066747,0.19536167063264678,0.4161577174807,Gleodream,Expert,12.524209022521973,9.839027404785156,12.338549613952637,8.307616233825684,0.5722098350524902,803,0.9599586914963324,156.85581163982079
3aa79xxxxxxxxx91,237,1.077766132421427,0.2205478148321992,0.40849389837107003,Gleodream,ExpertPlus,14.100022315979004,10.725275039672852,12.890284538269043,12.451700210571289,0.25750017166137695,733,0.6377875434105889,198.8106293111059
3aae451,14,0.3260248708191312,0.023819220026498167,0.035977692188718456,Feel The Same,Hard,3.1965556144714355,1.2553762197494507,5.457511901855469,1.4131784439086914,0.027300802990794182,389,0.4714613744230493,10.217967796408857
3aae452,21,0.6182928112797821,0.034328602295726963,0.08671788213413507,Feel The Same,Hard,5.211768627166748,1.1070760488510132,8.197758674621582,2.051178216934204,0.33145931363105774,282,0.4411639394468309,27.16253222311957
3aae471,16,0.17328679513998632,0.02880777000319587,0.05199268670812873,Feel The Same,Expert,4.2196831703186035,2.2637672424316406,6.332882404327393,2.5079336166381836,0.04601351171731949,616,0.6833066935672069,17.80572605787006
3aae472,18,0.3371347549024506,0.19511539343916598,0.24682156017924095,Feel The Same,Expert,7.083861351013184,2.641997814178467,9.851236343383789,2.807304859161377,0.4015776515007019,358,0.7305321767292052,50.18109164037833
3aae491,48,0.4694595601018208,0.0797034746518168,0.08696424749200886,Feel The Same,ExpertPlus,6.158979415893555,5.0156941413879395,7.526827812194824,4.5431742668151855,0.17017862200737,1602,0.6560896058688375,37.93302744540051
3aae492,58,0.6736819997112455,0.11070864863134869,0.18994486714297842,Feel The Same,ExpertPlus,8.886018753051758,3.18799090385437,11.517189025878906,4.400442600250244,0.6411621570587158,750,0.056177608709197,78.96132927958752
3abf8xx91,125,0.660841492837718,0.10740649596315234,0.1933071046436351,Rap God,ExpertPlus,7.6244378089904785,8.900218963623047,7.844284534454346,4.555325031280518,0.3997650742530823,2168,1.1593028581891405,58.13205190316353
3acab71,29,0.3666473717142051,0.022685164506744567,0.034619820280751425,Psychedelic Breakdown,Expert,7.1419172286987305,5.077329635620117,8.679715156555176,4.80765962600708,0.042291413992643356,460,0.434533466027372,51.006981701583754
3acab91,89,0.47860519368022875,0.09356958341147034,0.21381623461123792,Psychedelic Breakdown,ExpertPlus,10.358352661132812,7.573429584503174,10.856745719909668,8.385760307312012,0.055625658482313156,450,0.2861480935381374,107.29546985239722
3ad60xxxxxx11,44,0.5970847387084266,0.11365064443427496,0.15112737273080096,DA'AT -The First Seeker of Souls-,Easy,2.9359664916992188,2.2431676387786865,4.724068641662598,1.2355618476867676,0.028680631890892982,461,1.0329486768089755,8.619899240380619
3ad60xxxxxx31,44,0.7144662381157791,0.07579438965807336,0.1319721924493396,DA'AT -The First Seeker of Souls-,Normal,5.767119884490967,4.831371784210205,7.593015670776367,1.7713253498077393,0.21097512543201447,1036,0.5555037182668873,33.2596717620911
3ad60xxxxxx51,118,0.7847354472343652,0.1402226089360449,0.2942245915763418,DA'AT -The First Seeker of Souls-,Hard,10.303763389587402,8.419233322143555,10.913881301879883,5.876829624176025,0.23832425475120544,943,0.1628309231831347,106.16753998860167
3ad60xxxxxx71,140,0.8544029036727864,0.19853078924565334,0.365063576147904,DA'AT -The First Seeker of Souls-,Expert,11.363333702087402,13.982985496520996,10.276954650878906,2.5570931434631348,0.2632090449333191,249,0.6751121734591612,129.1253528249954
3ad60xxxxxx91,199,1.1973584302420794,0.24345792305375294,0.46244245441931053,DA'AT -The First Seeker of Souls-,ExpertPlus,13.777650833129883,13.023944854736328,12.329079627990723,8.045119285583496,0.799126923084259,562,0.6559114382141885,189.82366247964455
3aeb1xx31,12,0.43274640424085087,0.018822197904480992,0.044320001461349255,CALAMITY RHAPSODY,Normal,4.14276123046875,3.020998239517212,5.957760334014893,2.4663686752319336,0.07275348901748657,532,0.8836234082253596,17.16247061267495
3aeb1xx51,17,0.4277881407394145,0.29229192249206737,0.20211658111784092,CALAMITY RHAPSODY,Hard,6.81138801574707,6.721029758453369,7.871526718139648,3.6316566467285156,0.25315871834754944,552,0.9648822666171024,46.39500670106281
3aeb1xx71,22,0.11295030226309093,0.07150783388929162,0.040786024778662604,CALAMITY RHAPSODY,Expert,8.202409744262695,7.450901508331299,9.204304695129395,4.022799491882324,0.16739816963672638,622,0.3433596276904279,67.27952561277561
3aeb1xx91,51,0.5791386010831141,0.12409085833125226,0.2704475692242664,CALAMITY RHAPSODY,ExpertPlus,10.171588897705078,8.09954833984375,10.653241157531738,7.20281982421875,0.06275858730077744,331,0.3995990917278939,103.4612207039172
3aef5xx91,164,0.6725138082435415,0.15072409824311436,0.2562754006468252,Break,ExpertPlus,8.651113510131836,7.580085277557373,9.716095924377441,3.836888074874878,0.1439383327960968,1457,-0.0088380607383722,74.84176496518558
3af6axxx91,214,0.8300899332187497,0.19386037504064826,0.3721238363589479,fissa x 13,ExpertPlus,9.753767013549805,7.557750225067139,10.425029754638672,7.019322395324707,0.12602771818637848,1604,0.3844047404384556,95.13597095461228
3af6axxx92,167,0.7522236483217465,0.17863936222491428,0.33085661109142717,fissa x 13,ExpertPlus,10.754963874816895,5.5779948234558105,12.266879081726074,7.217689037322998,0.2595977783203125,795,0.7377983335006706,115.66924794861643
3af82xxxx11,11,0.16288722447527773,0.1637537315086194,0.22670746901560698,ONE SPARK,Easy,2.4250049591064453,1.0221227407455444,4.479366779327393,0.8705770373344421,0.014971327036619186,232,0.5930433967011862,5.8806490516908525
3af82xxxx71,12,0.17328679513998632,0.01929422195227463,0.03580413569198234,ONE SPARK,Expert,6.204568862915039,4.35191535949707,7.772212028503418,4.843801498413086,0.12431305646896362,540,0.6813212491983447,38.49667477465482
3af82xxxx91,41,0.3368494539038998,0.07508048076449057,0.12591817928944027,ONE SPARK,ExpertPlus,7.866246700286865,5.389767646789551,9.234002113342285,5.9593682289123535,0.19752137362957,1023,0.5574547137396824,61.877837149773995
3b036x91,32,0.5063445269294883,0.08905595448877619,0.17072091162616448,Wish You the Worst,ExpertPlus,3.998241662979126,3.298563241958618,5.748874664306641,1.9508886337280273,0.018236294388771057,1083,0.4121576858474265,15.985936395582087
3b283xx91,147,0.7465987187829548,0.1051178607318162,0.2260658030264699,Dance with Silence,ExpertPlus,10.508218765258789,7.54860782623291,10.961779594421387,8.789533615112305,0.7711607217788696,1901,0.9195803911781864,110.42266161853695
3b2bcxxxx51,255,0.8967988395055193,0.1898637441173264,0.34250121680192513,Count down 321,Hard,10.830439567565918,9.972445487976074,10.554221153259277,7.629750728607178,0.734790027141571,2009,0.7132298154436765,117.29842122669743
3b2bcxxxx71,270,1.0508683483046737,0.208139719828344,0.4155894000970956,Count down 321,Expert,12.691385269165039,11.492286682128906,11.829292297363281,8.221295356750488,0.6191727519035339,1215,0.6657139251313166,161.07126005037935
3b2bcxxxx91,241,0.845923917363349,0.1843252092234441,0.3353098040071524,Count down 321,ExpertPlus,14.506437301635742,12.138073921203613,13.066588401794434,10.403088569641113,0.24592599272727966,522,0.6104424744480073,210.43672318628887
3b34171,178,0.9891867563907907,0.18251458148004074,0.3526099778456013,-Totsuka no Tsurugi-,Expert,11.392789840698242,9.605232238769531,11.42703914642334,7.079006671905518,0.1727127581834793,595,0.3132142454506199,129.79566035431708
3b34191,188,0.8207735188500093,0.20855287245566337,0.350126961396143,-Totsuka no Tsurugi-,ExpertPlus,12.174701690673828,15.347551345825195,10.514196395874023,2.5065255165100098,0.3488568365573883,384,0.7301624081501785,148.22336125689617
3b35bxxxxxx71,60,0.4292155784959267,0.0678153799831825,0.1453425012346742,Forbidden Noise,Expert,8.393210411071777,3.307914972305298,10.609143257141113,5.998991012573242,0.26074105501174927,889,0.4168681472711002,70.44598100452367
3b35bxxxxxx91,164,0.7920688828034217,0.11263324593781873,0.24302836213308357,Forbidden Noise,ExpertPlus,9.52486801147461,6.261964321136475,10.678951263427734,6.908034324645996,0.7387367486953735,1928,1.1575755563342287,90.72311063601228
3b37bx51,30,0.472937394706712,0.03904552128990012,0.06157379058392503,Magnetic,Hard,3.0736641883850098,1.3978487253189087,5.24716854095459,1.2555873394012451,0.021437443792819977,1184,0.8509643656415782,9.44741154296048
3b37bx71,28,0.5520226130951739,0.15580015741851486,0.11775047680068598,Magnetic,Expert,4.327314853668213,2.3751065731048584,6.345685005187988,3.0331599712371826,0.04630082845687866,1857,0.5019939966526227,18.725653842777547
3b37bx91,87,0.4914306582496207,0.07862130713117851,0.1449097457653973,Magnetic,ExpertPlus,7.322021484375,3.411830425262451,9.07218074798584,7.204953193664551,0.21779122948646545,2465,0.4965210714407462,53.61199861764908
3b3bdxxx11,33,0.4333084963022371,0.04046032335096815,0.07298191522561996,SEITEN NO TERIYAKI NO DENSETSU,Easy,3.3726301193237305,2.464844226837158,5.135457992553711,2.083174228668213,0.03236063942313194,318,0.5853168815557472,11.3746339217696
3b3bdxxx31,20,0.3668468456853809,0.035128950366813294,0.0650797329469733,SEITEN NO TERIYAKI NO DENSETSU,Normal,4.735756874084473,3.4434921741485596,6.554331302642822,2.8043107986450195,0.1437843143939972,468,0.917169499827068,22.427393170438336
3b3bdxxx51,26,0.21780617231292101,0.007822209196081053,0.006759807667888768,SEITEN NO TERIYAKI NO DENSETSU,Hard,5.600357532501221,3.8174588680267334,7.548722743988037,2.865689516067505,0.20139195024967194,1098,0.5634835390678675,31.36400449184316
3b3bdxxx71,41,0.3685392827851257,0.063115579457897,0.11232670586830983,SEITEN NO TERIYAKI NO DENSETSU,Expert,9.119977951049805,8.3638277053833,9.882152557373047,4.232641220092773,0.1400865763425827,568,0.7007409042127056,83.1739978276346
3b3bdxxx91,93,0.45012788239204465,0.10043890022607428,0.20309351836435813,SEITEN NO TERIYAKI NO DENSETSU,ExpertPlus,11.008228302001953,9.017162322998047,11.540166854858398,5.429248809814453,0.11364521831274033,559,0.4134486732787157,121.1810903489968
3b463x71,33,0.47047351630763085,0.05255061455567744,0.0804953497553557,Loyal to myself,Expert,3.994856595993042,2.361240863800049,6.015225887298584,2.3366715908050537,0.04541521519422531,635,0.4674166014190073,15.958879222549115
3b463x91,54,0.6672043249172002,0.11316983783553143,0.1857366490369154,Loyal to myself,ExpertPlus,6.202423095703125,2.5623764991760254,8.476877212524414,4.510312557220459,0.1461009532213211,1166,0.4653314527486635,38.47005225811154
3b4f8x51,17,0.2684910700863433,0.03873639993847303,0.048193367109215686,LEveL,Hard,2.777878999710083,1.170729160308838,4.924739837646484,1.082708716392517,0.010581649839878082,535,0.4277687742465184,7.716611737030291
3b4f8x71,45,0.3753715042656487,0.021868301410424954,0.032764004256626185,LEveL,Expert,4.970282554626465,2.8766367435455322,7.118578910827637,2.5506789684295654,0.09300024807453156,1612,0.4745376791541779,24.703708672824177
3b531xxxxx91,214,0.9049428632445771,0.23311455874454837,0.39918878005071917,Meteoric Impact,ExpertPlus,12.903825759887695,11.693800926208496,12.292106628417969,6.421189308166504,0.17495757341384888,758,0.1005659728623675,166.50871924154126
3b5a9xxxx71,71,0.49219957202575837,0.06381844456293066,0.12886457155342462,Flashback Flicker,Expert,6.993951797485352,5.899921417236328,8.253392219543457,4.478733062744141,0.16526292264461517,1463,0.6596950230995609,48.91536174554858
3b5a9xxxx72,67,0.7006160754867342,0.11017558459610566,0.22825842670791166,Flashback Flicker,Expert,9.317667007446289,2.8614511489868164,11.959166526794434,5.37659215927124,0.5444535613059998,719,0.1507654570706572,86.81891846165308
3b5a9xxxx91,153,0.8266781026538143,0.19939198090038193,0.40901454510251656,Flashback Flicker,ExpertPlus,11.846842765808105,10.042790412902832,11.465133666992188,8.617535591125488,0.12660005688667297,752,0.5585289021768935,140.34768351777984
3b5a9xxxx92,88,0.8230357838877016,0.13810904016914455,0.35315692319151687,Flashback Flicker,ExpertPlus,11.847455978393555,5.2813496589660645,13.396175384521484,8.233827590942383,0.13315589725971222,243,0.5171955332790312,140.36221315997318
3b62dxxx11,21,0.4196592111198664,0.06389438366556698,0.26847120660545687,SHEESH,Easy,2.6567182540893555,1.1238219738006592,4.741094589233398,1.1806484460830688,0.03464158624410629,295,0.9135444283082856,7.058151881611593
3b62dxxx31,12,0.17328679513998632,0.019764904796018373,0.035641478526757364,SHEESH,Normal,3.0877130031585693,1.359344244003296,5.245046615600586,1.4681507349014282,0.03449041023850441,338,0.668937302218416,9.533971589874511
3b62dxxx51,17,0.21079523167388883,0.021270639733871867,0.03536085804137891,SHEESH,Hard,3.9643125534057617,1.607325553894043,6.2812819480896,2.1914994716644287,0.07328283041715622,627,0.1812751504786272,15.71577402109051
3b62dxxx71,21,0.321979655657336,0.0425428216719314,0.0791886565052397,SHEESH,Expert,5.406869888305664,3.1214473247528076,7.434710502624512,3.4979615211486816,0.16848325729370117,942,0.657240044516474,29.234241989066504
3b62dxxx91,61,0.4215898958273761,0.0793800097633654,0.16287687533167375,SHEESH,ExpertPlus,7.752888202667236,5.807741165161133,8.733412742614746,7.126001834869385,0.4026738703250885,1541,1.128181881718924,60.10727548305681
3b77fxxxxxxxx91,152,0.7722895407774064,0.19653405885414701,0.3351601153598295,Rabbit Hole,ExpertPlus,9.411672592163086,8.956708908081055,9.821149826049805,5.117934226989746,0.1442278027534485,1168,0.5326274121188952,88.57958098207382
3b838xxxxxx91,51,0.554331042485194,0.10888183168331556,0.20570385855577786,Bluenation,ExpertPlus,10.501952171325684,6.485741138458252,11.506582260131836,7.986597061157227,0.07520585507154465,435,0.1519027929602176,110.29099940881224
3b8bf72,39,0.5808164595011227,0.08411572380686395,0.13825707549266597,Cupid Shuffle,Expert,6.765256881713867,1.8491082191467285,9.483819007873535,4.296438217163086,0.3165806829929352,1369,0.0181494849376726,45.76870067557684
3b952xxxxxx91,145,0.9038841913760893,0.2245979194911223,0.37034417419896903,danser,ExpertPlus,8.94667911529541,6.867032051086426,10.068822860717773,5.319275856018066,0.19110709428787231,1325,0.5737994109435027,80.04306719206306
3ba4bxx51,19,0.20374742162673112,0.005573973916022966,0.013536300063954156,Click,Hard,2.67214298248291,0.9952367544174194,4.845278739929199,1.0323373079299927,0.011730949394404888,338,0.7178026936070865,7.140348118832662
3ba4bxx71,15,0.30428987943118907,0.0023383438079472483,-0.00876694706833705,Click,Expert,3.979177951812744,1.9387141466140747,6.124035835266113,2.48117995262146,0.03282511234283447,524,0.466636635982433,15.833857172192666
3ba4bxx91,58,0.4714935218141648,0.0916814327396279,0.163255520468392,Click,ExpertPlus,7.194686412811279,3.719167947769165,8.907853126525879,6.639233112335205,0.11521315574645996,1168,0.7898950328962331,51.763512578691234
3ba66xxxxxxxxxxxxxxxx71,42,0.1288487155203581,0.10856594679956581,0.05366517378985919,Duallel Spirit,Expert,5.684049606323242,2.385680913925171,7.984273433685303,3.929114818572998,0.05507051572203636,665,0.5994680987092121,32.308419927143404
3ba66xxxxxxxxxxxxxxxx91,93,0.6156464109824435,0.10724882213317473,0.23323653580608328,Duallel Spirit,ExpertPlus,10.57115364074707,6.776960849761963,11.08359432220459,10.153718948364258,0.2204522043466568,539,0.6637363365309349,111.74928929628004
3ba9bxx91,77,0.6461247546471925,0.18302513563243147,0.3119035395397352,liquated,ExpertPlus,10.810404777526855,6.612828254699707,11.27331829071045,10.928452491760254,0.23515573143959045,805,0.6448695528047244,116.86485145397546
3bb99x11,102,0.717830010906637,0.12012984383831743,0.22461188455781544,Masquerade,Easy,1.2616448402404785,0.20664502680301666,2.961487293243408,0.18194663524627686,0.0037846523337066174,1437,0.526094314165796,1.5917477029054226
3bbebxxxxx91,287,1.0841704300247814,0.19733072205245406,0.4040060468603566,� (null),ExpertPlus,10.750422477722168,8.962495803833008,11.136380195617676,6.205482006072998,0.3011791706085205,1579,0.3517277242747869,115.57158344951404
3bc7bxxxx71,25,0.33742196809502906,0.009135672279054017,0.010824929405700807,Bad Side,Expert,4.394951820373535,2.2783238887786865,6.542200565338135,2.654301881790161,0.08671080321073532,783,0.5995552686323624,19.31560150340465
3bc7bxxxx91,62,0.5299867174578233,0.052029618794894025,0.09443774127618967,Bad Side,ExpertPlus,5.67457914352417,3.7204463481903076,7.530470371246338,3.6948509216308594,0.1841835230588913,1725,0.6127001341711099,32.2008484561195
3bcf5xxxxxxxx51,155,0.7125532878926087,0.13497628694361133,0.2582066732357558,nieuwe tune,Hard,8.365216255187988,7.2662353515625,9.459089279174805,4.073629379272461,0.29383590817451477,2327,0.3715987514438622,69.97684299606135
3bcf5xxxxxxxx71,313,1.0777133401369052,0.17408934845533114,0.33808222830426865,nieuwe tune,Expert,10.500880241394043,10.482001304626465,10.22990894317627,6.198713302612305,0.6340304017066956,1754,0.7568134934877261,110.26848584409981
3bcf5xxxxxxxx91,264,1.1156491208742099,0.23012603624365097,0.4288166694936703,nieuwe tune,ExpertPlus,13.395673751831055,11.018515586853027,12.464882850646973,9.999000549316406,0.25290578603744507,765,0.685844258824394,179.44407526549548
3bd5cx91,103,0.7740098214953666,0.15775051165761395,0.3332530111814695,It's Juicy,ExpertPlus,11.038640022277832,5.88098669052124,11.704649925231934,11.46721363067627,0.0677013099193573,533,0.7842352316931417,121.85157354143394
3be60xxx51,19,0.34967314384987747,0.04269129763758374,0.05287004134396161,Discord,Hard,2.9555130004882812,1.1404638290405273,5.184731960296631,1.1981663703918457,0.02766234800219536,443,0.7684244074776191,8.735057096055243
3be60xxx71,23,0.4321576782240001,0.043866884748347997,0.07182133152348338,Discord,Expert,5.232295036315918,2.943528175354004,7.260163307189941,3.554974317550659,0.11894940584897995,923,0.6597768310171936,27.376911347056193
3be60xxx91,75,0.5514069571872473,0.07957018038162965,0.1800051246004356,Discord,ExpertPlus,8.573421478271484,4.151701927185059,10.02019214630127,8.757155418395996,0.1633663773536682,1322,0.4735458253977623,73.5035558440868
3be75xx51,38,0.4922021018026254,0.07899101700064262,0.11732313708022032,Cosmic Diffusion,Hard,3.653181552886963,1.6447749137878418,5.968953609466553,1.4006849527359009,0.045712877064943314,690,0.7862680432824448,13.345735458353602
3be75xx71,38,0.5441516024874151,0.07796970020448919,0.12418576261274712,Cosmic Diffusion,Expert,5.978426456451416,3.910317897796631,7.804257869720459,3.9581573009490967,0.19418032467365265,1245,0.8539403250862078,35.741582895198235
3be75xx91,167,0.8666894693172182,0.1322359665610743,0.27027083773897653,Cosmic Diffusion,ExpertPlus,10.133543014526367,8.248387336730957,10.430785179138184,7.873400688171387,0.6594938635826111,1759,1.0364866774542612,102.68869402725613
3be79xxxxx92,132,0.8582910276873432,0.18247743844046,0.3661237185494734,arm and a leg,ExpertPlus,10.607396125793457,3.1317219734191895,12.63036060333252,9.22712516784668,0.37336599826812744,1050,0.2298561207380359,112.51685256949804
3be9fxxxxx71,41,0.4099160947222898,0.038726555284543454,0.09059717682591752,Purple hat,Expert,5.72699499130249,3.359520673751831,7.605225563049316,4.378596305847168,0.07793327420949936,814,0.4155184747674803,32.79847163040381
3be9fxxxxx91,155,0.5917345786190439,0.07399157851644256,0.15944934449460518,Purple hat,ExpertPlus,9.421212196350098,3.806889057159424,10.780476570129395,10.691280364990234,0.4106331765651703,1268,0.3915616516889048,88.75923924865583
3bebdxx91,94,0.5974968159564183,0.1401499744318278,0.276136706179124,ULTRA BOOST,ExpertPlus,12.186991691589355,8.098593711853027,12.204635620117188,10.94752025604248,0.33315277099609375,468,0.3005401820249799,148.52276649086798
3bed8xxxx71,136,0.9334637741129646,0.1701374264174691,0.3089639455925238,The Promise of an Azure Sky,Expert,12.65363597869873,11.452881813049316,11.722712516784668,8.684348106384277,0.5893850326538086,290,0.5469512184372176,160.11450348141898
3bef7xxx11,22,0.5879708578502724,0.03949596947615289,0.13452789852428096,Higher Ground,Easy,1.8240852355957031,0.33089765906333923,3.884417772293091,0.508906364440918,0.0053275455720722675,462,0.4733383683547928,3.3272869467182318
3bef7xxx12,20,0.7499526028708845,0.07720902342706029,0.19065341639852512,Higher Ground,Easy,1.7999616861343384,0.29200711846351624,3.847785234451294,0.48735424876213074,0.0016880289185792208,242,0.2644126735890961,3.2398620715515705
3bef7xxx31,19,0.3097949490236924,0.01606014469809618,0.03864868940888098,Higher Ground,Normal,2.4552345275878906,0.557725727558136,4.795341968536377,0.5477871894836426,0.011872918345034122,439,0.2150144700212743,6.0281765854597325
3bef7xxx32,16,0.35393503000849663,0.028531278131982557,0.05314290834974447,Higher Ground,Normal,2.873706340789795,0.5942221879959106,5.381910800933838,0.7618831992149353,0.024513348937034607,249,0.1932235658251926,8.258188133095473
3bef7xxx51,12,0.41415110829800006,0.10115991440005485,0.14778983680929322,Higher Ground,Hard,3.0912246704101562,1.1816474199295044,5.372287273406982,1.1874337196350098,0.030583957210183144,704,0.4711238558108921,9.55566996295238
3bef7xxx52,23,0.19844992136816678,0.02388569963628484,0.0442327844735041,Higher Ground,Hard,4.6025190353393555,1.4745204448699951,7.291816234588623,1.7469193935394287,0.17751549184322357,339,0.4086750280547391,21.18318147066111
3bef7xxx71,15,0.44291931554317815,0.083144211277095,0.11110269760684961,Higher Ground,Expert,3.6684367656707764,1.8885841369628906,5.840583324432373,1.7200297117233276,0.04553163796663284,1199,0.583575688751435,13.457428303725067
3bef7xxx72,28,0.4802208748739994,0.10800937233107712,0.19188261318791927,Higher Ground,Expert,6.300320148468018,2.2835075855255127,8.9879150390625,2.9248766899108887,0.3746645450592041,491,0.5532555453461937,39.69403397319206
3bef7xxx91,72,0.41544191379326767,0.05195996536895567,0.09111368052799279,Higher Ground,ExpertPlus,5.138728141784668,3.388015031814575,7.088557243347168,2.9309463500976562,0.07052849978208542,3030,0.5011296195603684,26.406526915169707
3bef7xxx92,52,0.6776001691772198,0.08235623351653777,0.1781575366736887,Higher Ground,ExpertPlus,7.382888317108154,2.380643606185913,10.052139282226562,4.249581336975098,0.5024258494377136,1111,0.5520030559762078,54.507039902892075
3bfa2xxxx71,18,0.3814962935812157,0.02962741000936764,0.06665764514958632,Grain in Ear,Expert,5.526871204376221,4.156848907470703,6.883450508117676,5.352165699005127,0.27316001057624817,513,1.4630548753380357,30.546305309763056
3bfa2xxxx91,44,0.6029827204239967,0.1095322815990699,0.1836756844336856,Grain in Ear,ExpertPlus,7.167898178100586,5.678465843200684,8.027803421020508,7.3756818771362305,0.3730050325393677,1213,1.533125684082636,51.3787642916177
3c010xxxxxx91,177,0.8360112552508354,0.21559954769983997,0.37939440616987363,Evacuate The Moshpit,ExpertPlus,13.472566604614258,14.470807075500488,11.820542335510254,5.320802688598633,0.43700364232063293,402,0.6775224620156867,181.51005091576735
3c0b8xxx91,170,0.9058850243409823,0.19318043840779767,0.3542259143941372,Hello (BPM) 2024,ExpertPlus,12.383519172668457,9.85955810546875,12.444478034973145,6.829822540283203,0.12794698774814606,666,0.1991129149763642,153.35154709984727
3c0bexxxxx11,48,0.3921138105032531,0.028549204355620934,0.04337802632273726,ENDYMION,Easy,5.213263511657715,3.2082340717315674,7.152077674865723,3.4845995903015137,0.1438482254743576,968,0.4934881495420607,27.17811644198173
3c0bexxxxx31,69,0.469697782071041,0.07664559070990776,0.12192590404844211,ENDYMION,Normal,8.750954627990723,6.950090408325195,9.8538236618042,5.070916652679443,0.39442160725593567,1344,0.8099569385130817,76.57920690115225
3c0bexxxxx91,214,0.7912041769366979,0.14829143221043245,0.2862582828906874,ENDYMION,ExpertPlus,12.423857688903809,8.180987358093262,12.784364700317383,8.96529483795166,0.10754065960645676,512,0.2085926662902083,154.35223987413428
3c252x11,13,0.43561234462584203,0.05123827905523623,0.11964117913844599,Cloud Nine,Easy,2.096416473388672,0.49081483483314514,4.252483367919922,0.5756450891494751,0.013136539608240128,222,0.3392312687679232,4.394962029895396
3c252x31,12,0.23104906018664842,0.013327827045921245,0.02579301513194099,Cloud Nine,Normal,2.9893455505371094,1.2999296188354492,5.085419654846191,1.6721774339675903,0.030131030827760696,185,0.5974805412506523,8.936186820516014
3c252x91,23,0.34913409105511145,0.07091415822602584,0.09312317897369073,Cloud Nine,ExpertPlus,5.866011619567871,2.897703170776367,7.805084705352783,5.1876983642578125,0.08965323865413666,855,0.6700756136894285,34.41009232090528
3c27771,49,0.576910469759395,0.14941080159685133,0.21175918965255616,B.Y.O.B.,Expert,8.852785110473633,6.037301540374756,10.271583557128906,5.327436923980713,0.12543654441833496,1188,0.256385924706698,78.37180421222365
3c326xxx91,102,0.4779794116124917,0.07010232173574012,0.14508825552799465,Leave it to Fate,ExpertPlus,8.765993118286133,6.453889846801758,10.25369930267334,3.9942610263824463,0.26812323927879333,1121,0.1359158877065514,76.84263534983984
3c3cexxxxxxxxx51,30,0.2079441541679836,0.02788455894668666,0.04332710803729964,Mo-no/liTH,Hard,5.877627849578857,4.172905921936035,7.609549045562744,3.797078847885132,0.21864928305149078,638,0.4567382056278016,34.546509138144984
3c3cexxxxxxxxx71,55,0.3590131237396269,0.09132271109875022,0.10007456704269896,Mo-no/liTH,Expert,9.636086463928223,9.170561790466309,10.185548782348633,4.038321018218994,0.41490575671195984,617,0.4222607914894654,92.85416234030072
3c3cexxxxxxxxx91,81,0.6546022952613735,0.08031804825166215,0.17650145593959676,Mo-no/liTH,ExpertPlus,12.550660133361816,10.511955261230469,12.162221908569336,7.876160621643066,0.2654705047607422,242,0.2914942641251437,157.51906978315765
3c3dfx11,18,0.35311709226088284,0.10653591753572161,0.15452811481307388,Blue Heart,Easy,2.1712520122528076,0.8456847667694092,4.146853446960449,0.8993553519248962,0.007876588962972164,283,0.4187644135218805,4.714335300711866
3c3dfx31,14,0.3755353837162701,0.0349272920376073,0.053281996889914654,Blue Heart,Normal,3.1509134769439697,1.7631521224975586,5.15363073348999,1.626170039176941,0.03300488367676735,338,0.6302955485273151,9.928255739187136
3c3dfx51,16,0.5158267278488607,0.040357623695378736,0.10665059485853709,Blue Heart,Hard,4.8208417892456055,2.372234344482422,6.881242752075195,3.782954216003418,0.12415148317813873,561,0.4002804920348139,23.24051555693677
3c3dfx71,21,0.5605813363285863,0.025956696994638845,0.053489973760996075,Blue Heart,Expert,6.258308410644531,4.118279933929443,7.912482738494873,4.911623954772949,0.2649122178554535,906,0.6942352649815655,39.16642416274408
3c3dfx91,59,0.6046917449481265,0.06784639062433985,0.12826223591537522,Blue Heart,ExpertPlus,8.294081687927246,4.730868816375732,9.857525825500488,6.664244174957275,0.3220876455307007,1641,0.2717960370452613,68.79179104601008
3c433xxx51,24,0.29254516517871415,0.17791411707450833,0.22300140388449172,Accendio,Hard,4.119359970092773,1.8051575422286987,6.296017169952393,2.8920183181762695,0.11127103120088577,730,0.3059823907980566,16.969126563202735
3c433xxx71,31,0.40419012143863964,0.04295307740189748,0.06928596796969992,Accendio,Expert,6.475263595581055,3.4780359268188477,8.282255172729492,5.656408309936523,0.3635203540325165,1089,0.7542982604370326,41.92903863225729
3c433xxx91,107,0.7573094984715095,0.1423798931995591,0.30136861255651254,Accendio,ExpertPlus,9.778301239013672,3.9992470741271973,11.038864135742188,11.137470245361328,0.16009502112865448,1021,0.2679535598833471,95.61517512089631
3c48fxxxxxxx91,38,0.20652006677562126,0.05367576966572574,0.081713308343695,1982,ExpertPlus,5.436638355255127,2.728139877319336,7.523146152496338,4.014232635498047,0.0869612768292427,1105,0.6785407076927881,29.557036605831172
3c532xx11,119,0.8786678548494986,0.18607593914048332,0.2978288085597882,i like the way you kiss me,Easy,1.1694273948669434,0.13853080570697784,2.8013319969177246,0.12825585901737213,0.0038494926411658525,2067,0.0265568730309835,1.3675604318652859
3c5f9x91,81,0.6008486688411586,0.12563311005107794,0.2705557993938015,Rodents Kingdom,ExpertPlus,9.46534538269043,6.242768287658691,10.65025806427002,6.728550434112549,0.08055713027715683,1018,0.1439468240822979,89.59276321361904
3c7d7xxxxx91,48,0.6465173643912421,0.07988540247568081,0.18091060422597574,Fingertips,ExpertPlus,7.9979119300842285,3.074639320373535,10.06119441986084,6.9083027839660645,0.20009179413318634,1010,0.8405628417349913,63.96659524138363
3c7d9xxxx71,66,0.40069821045932646,0.10465630345515553,0.12230063295794658,Ashed Wings,Expert,6.7003607749938965,5.369552135467529,8.240144729614258,3.6286962032318115,0.06205933913588524,1973,0.4787912467041579,44.89483451507681
3c7d9xxxx91,184,0.7673515018993942,0.194311795137963,0.3269538662817322,Ashed Wings,ExpertPlus,10.850427627563477,9.92546558380127,10.934761047363281,5.74699068069458,0.3524618148803711,1202,0.4472534406560162,117.73177970099277
3c7d9xxxx92,75,0.6424185187807067,0.10596894597292823,0.27004896813761187,Ashed Wings,ExpertPlus,13.129379272460938,5.9607954025268555,14.20828914642334,9.985325813293457,0.1937345564365387,168,0.3296752435897794,172.3806000801269
3c8d6xxxxx71,18,0.3146089155631081,0.03155528633129068,0.09094972691862536,"Hello, Morning",Expert,7.534667491912842,4.9895806312561035,9.429988861083984,3.4708545207977295,0.11108850687742233,413,0.416729811811909,56.771214213688154
3c8d6xxxxx91,46,0.5721088010443566,0.12653944309187223,0.24582877958183838,"Hello, Morning",ExpertPlus,9.651590347290039,7.053890228271484,10.47439956665039,7.17891263961792,0.2442569136619568,691,0.3424761705231862,93.15319623190226
3c908xxxxxx71,79,0.3772969275627525,0.07737100546968773,0.15671897036809793,OUTERHEAVEN,Expert,9.008150100708008,7.329100131988525,10.314297676086426,3.365246295928955,0.12139871716499329,873,0.1192626913423833,81.14676823688569
3c908xxxxxx91,96,0.544802617487077,0.14418646224608625,0.2617739108650436,OUTERHEAVEN,ExpertPlus,11.759358406066895,13.733153343200684,10.640783309936523,3.5969672203063965,0.14907309412956238,190,0.7383393892247434,138.28251012233613
3ca7dxxxxx31,24,0.45501899384015526,0.09661327074385723,0.18671728570327548,Envy Cat Walk,Normal,4.917555332183838,2.786043643951416,6.890087127685547,3.6129398345947266,0.06837860494852066,546,0.3794882045300057,24.182350445089696
3ca7dxxxxx71,35,0.3826554280558048,0.10405441032799745,0.1611589333913567,Envy Cat Walk,Expert,9.300622940063477,6.352015495300293,10.180468559265137,8.059235572814941,0.09157421439886093,345,0.607601957959917,86.50158707323499
3ca7dxxxxx91,50,0.4909792381085933,0.06693474443639208,0.168538937838009,Envy Cat Walk,ExpertPlus,9.889103889465332,6.874249458312988,10.77354621887207,7.400991439819336,0.142999067902565,626,0.410472812770413,97.79437573663836
3cafbxx11,18,0.4200044702789904,0.09192592072144443,0.14635239499301417,Girls' Night,Easy,1.559265375137329,0.23060113191604614,3.4573709964752197,0.3705233335494995,0.010857642628252506,203,0.2808490883332598,2.4313085101021557
3cafbxx31,12,0.4381246143356485,0.05648034280057557,0.17047116802099152,Girls' Night,Normal,1.948456048965454,0.23955897986888885,4.12800407409668,0.30520376563072205,0.017014840617775917,166,0.4930590243824226,3.796480974750068
3cafbxx71,13,0.15995704166767968,0.034930981905386425,0.060195503596825045,Girls' Night,Expert,3.959167957305908,1.9537150859832764,6.087972640991211,2.4944937229156494,0.08292323350906372,385,0.5550006400753047,15.675010914157838
3cafbxx91,20,0.468213122712422,0.1193316118665629,0.1579362370950981,Girls' Night,ExpertPlus,6.1082258224487305,2.7817258834838867,8.354649543762207,4.082846164703369,0.165190190076828,931,0.2507334598305171,37.31042269802947
3cbc3xxxxx31,68,0.4119808501210205,0.03273008133332154,0.07942901768797157,Armageddon,Normal,4.056889533996582,2.6490511894226074,6.06470251083374,1.958268642425537,0.04425087571144104,1231,0.4099857890142666,16.458352691051005
3cbc3xxxxx51,72,0.4861029740048286,0.02084042313016957,0.05456259080082,Armageddon,Hard,6.6870222091674805,5.138881206512451,8.253222465515137,3.9354684352874756,0.15818963944911957,1671,0.5265356448997383,44.71626602589913
3cbc3xxxxx71,140,0.5679322635134793,0.09781036403482157,0.181461383509787,Armageddon,Expert,8.946451187133789,6.44744348526001,10.154869079589844,5.724970817565918,0.31847521662712097,2629,0.2958113992653231,80.03898884376758
3cbc3xxxxx91,224,0.7815500523807322,0.13494482564096555,0.2838210613575036,Armageddon,ExpertPlus,11.772879600524902,7.459403991699219,12.15842056274414,10.09467601776123,0.18675409257411957,1147,0.216295015236672,138.60069408845538
3cc81x91,110,0.6557853203920778,0.19167605294577303,0.330733730270626,PSYCHOPATH LoVE,ExpertPlus,10.955337524414062,9.621694564819336,11.168534278869629,5.794795989990234,0.23204728960990906,766,0.2278743523940464,120.01942027383484
3ccc5x91,73,0.5548037306697587,0.13876614993487246,0.20145066187854624,4GET,ExpertPlus,6.856118202209473,3.4863834381103516,8.840982437133789,5.166190147399902,0.10679412633180618,1638,0.5831965049600233,47.00635680266805
3cd56xxxxx91,117,0.5897878325099462,0.10263011152497971,0.19021643149667838,Dernière danse,ExpertPlus,8.953591346740723,4.964135646820068,10.205818176269531,8.549749374389648,0.3249388337135315,1602,0.3921049011492461,80.16679800443035
3ce66x52,64,0.7942160579195968,0.1276647118463989,0.23796004854322783,BLAH BLAH BLAH,Hard,5.479222774505615,1.312192440032959,8.403528213500977,2.388801336288452,0.41136500239372253,1095,0.7762239354848736,30.021882212661012
3ce66x72,70,0.7383356065074801,0.1202611243296128,0.19968277615080984,BLAH BLAH BLAH,Expert,8.05728816986084,3.359327554702759,10.323017120361328,5.274713039398193,0.6179237961769104,1487,0.798003519818643,64.91989265217944
3ce66x92,189,0.8708183567352535,0.1858950321909086,0.32306528199784845,BLAH BLAH BLAH,ExpertPlus,10.763004302978516,4.3387064933776855,12.364828109741211,9.244078636169434,0.5641816258430481,1562,0.3548374739288276,115.84226162593404
3ce7axxxxxxxxxxx31,109,0.7097780896678914,0.08595641385990863,0.16216723832960697,The Purple Dimension,Normal,7.558825969696045,7.041090488433838,8.609905242919922,3.92549991607666,0.3210758864879608,1632,0.7740166502977014,57.135850040151354
3ce7axxxxxxxxxxx51,138,0.6765843972820216,0.12836812397394257,0.2227754877609826,The Purple Dimension,Hard,9.238455772399902,7.8840718269348145,10.130255699157715,4.667469501495361,0.2895331084728241,2113,0.1400004027564278,85.34906505858908
3ce7axxxxxxxxxxx71,190,0.76277976925099,0.20888590754526865,0.3516128768194664,The Purple Dimension,Expert,10.760461807250977,8.40652847290039,11.534066200256348,5.297784805297852,0.1755179613828659,1604,0.123578867969047,115.78753830530695
3ce7axxxxxxxxxxx91,202,1.0897135145165289,0.26329995805098694,0.4301008245317477,The Purple Dimension,ExpertPlus,15.764710426330566,17.461748123168945,12.434931755065918,6.801638126373291,0.6765181422233582,447,0.7621046547459549,248.52609482605567
3cf22xx91,104,0.5383647185853204,0.14227283501214577,0.24303023892343356,GHOUL,ExpertPlus,11.147909164428711,8.820419311523438,11.558932304382324,6.625420093536377,0.11676248908042908,625,0.2989553559854147,124.27587873835364
3cf75xxxxxxx71,200,0.9463182967736813,0.2318551428071383,0.4485165487053662,keep out!,Expert,10.39652156829834,6.1315507888793945,11.40666675567627,8.62614631652832,0.27293679118156433,1684,0.576978089062888,108.08766072009257
3cf75xxxxxxx91,166,0.8991599984398941,0.33370827197913167,0.5696103337068492,keep out!,ExpertPlus,10.103778839111328,6.635600566864014,10.566082000732422,10.409961700439453,0.08393453061580658,1141,0.5660709503908588,102.08634682967386
3cf75xxxxxxx92,164,0.9512378000586973,0.22738705923932687,0.44330980716652796,keep out!,ExpertPlus,10.54752254486084,3.87257719039917,12.367018699645996,8.832788467407227,0.2648024260997772,1247,0.7352768510956971,111.25023183434769
3d06axxxxxxxxxxxx71,168,0.8854014111439253,0.11921672382252912,0.23340335567749404,driving with my eyes closed,Expert,10.099044799804688,5.247611999511719,11.333127975463867,8.996822357177734,0.33128708600997925,1289,0.0307814597802672,101.9907058684621
3d06axxxxxxxxxxxx91,247,1.0188301727001345,0.18224487824085475,0.37988424480972577,driving with my eyes closed,ExpertPlus,11.78006362915039,8.852644920349121,11.788302421569824,9.13306713104248,0.31757697463035583,1051,0.4944861991486606,138.76989910683187
3d06axxxxxxxxxxxx92,172,1.1409746795393831,0.16847660935658088,0.3881757081602785,driving with my eyes closed,ExpertPlus,11.756540298461914,5.293691158294678,13.33669376373291,7.9885406494140625,0.4531911015510559,604,0.5448196315076959,138.21623978935895
3d124x11,15,0.31214208180828135,0.053231579402167266,0.0824869203552118,Inertia,Easy,2.861250877380371,0.5103018283843994,5.409843921661377,0.7352599501609802,0.024704067036509514,216,0.5264510684839973,8.186756583309943
3d124x31,10,0.2890371757896165,0.07445276202198774,0.3126640031063785,Inertia,Normal,3.4871227741241455,1.086327314376831,5.882749080657959,1.7892640829086304,0.08702565729618073,212,0.9808103096195012,12.160025241815276
3d124x71,13,0.2444656792575343,0.10168530919801198,0.3298300876830317,Inertia,Expert,4.34344482421875,2.1926536560058594,6.488356590270996,2.7370495796203613,0.08267886936664581,451,0.7102628523984077,18.865512941032648
3d124x91,35,0.514941577369668,0.09112454708713454,0.28337533469290027,Inertia,ExpertPlus,5.56636905670166,3.092593193054199,7.531786918640137,4.169223308563232,0.10036738216876984,1461,0.7529900164561835,30.98446447540573
3d124x92,36,0.5460589546205082,0.012379070031512404,0.09147505469929995,Inertia,ExpertPlus,7.695095539093018,2.405724287033081,10.242091178894043,5.239726543426514,0.6599439382553101,607,0.7738958223258923,59.21449535576926
3d2a8xxxx31,14,0.2765143579219922,0.0775746945927547,0.11608866814714329,Sonic Blaster,Normal,2.386956214904785,0.4499209523200989,4.7596893310546875,0.4585314691066742,0.012844371609389782,318,0.8583362700942178,5.697559971872579
3d2a8xxxx71,10,0.2772588722239781,0.005378973697462941,0.044100213340297276,Sonic Blaster,Expert,4.705536842346191,3.6183435916900635,6.413604736328125,3.0097529888153076,0.09099707007408142,800,0.8708786012255849,22.142076974677366
3d2a8xxxx91,56,0.20528249994763015,0.037827332452476166,0.07397167387173835,Sonic Blaster,ExpertPlus,6.065089225769043,4.135499477386475,7.836740016937256,3.93831205368042,0.07426450401544571,2288,0.563266351894283,36.78530731653973
3d2a8xxxx92,34,0.43624937816446685,0.08573192093403141,0.17226712177361792,Sonic Blaster,ExpertPlus,9.405069351196289,2.506878137588501,12.188436508178711,5.378031253814697,0.42115965485572815,722,0.0717821980022612,88.45532950081179
3d2c511,170,0.6882014069217512,0.088648113531835,0.16850139842403714,Retroscope,Easy,2.9321300983428955,2.4022889137268066,4.617914199829102,1.4680770635604858,0.04152645543217659,1048,0.656429728925654,8.597386913608318
3d2c531,53,0.4891100706896415,0.08026663186463587,0.11589988002091722,Retroscope,Normal,5.157961845397949,3.9806716442108154,7.088648796081543,1.8827319145202637,0.1234094575047493,1038,0.7138637538888661,26.604570398581018
3d2c551,68,0.4227090093082384,0.041847663868654614,0.08096008668200684,Retroscope,Hard,6.494050979614258,5.732457160949707,8.023099899291992,2.6596429347991943,0.07776869088411331,1080,0.3994531302310242,42.1726981258289
3d2c571,147,0.7993687347137767,0.12705230239663104,0.2155853310709122,Retroscope,Expert,8.111629486083984,8.767219543457031,8.796104431152344,2.8035342693328857,0.24753384292125702,972,0.7355646107553384,65.79853291950712
3d2c591,241,0.7818881482369943,0.11737587080697406,0.23062543027231017,Retroscope,ExpertPlus,9.250372886657715,8.813876152038574,10.11565113067627,2.770277261734009,0.15294496715068817,1186,0.0493040173165441,85.56939854221218
3d2f9xxxxxx71,37,0.26863855673383785,0.0041944236826638665,0.017763400420307947,this is what autumn feels like,Expert,4.115323066711426,2.3468759059906006,6.173530578613281,2.4198007583618164,0.03142502158880234,711,0.9167330405113464,16.935883943407134
3d2f9xxxxxx91,85,0.5877893946069938,0.08276202741219485,0.15260162061905813,this is what autumn feels like,ExpertPlus,6.092402458190918,4.150031566619873,7.784228324890137,4.3937482833862305,0.16347843408584595,1971,0.9480080214206557,37.11736771257074
3d395xxx91,123,0.5423673833975217,0.1555702521198118,0.27163713660850825,Himegoto * Crisisters,ExpertPlus,10.267492294311523,8.382447242736816,11.031665802001953,5.076829433441162,0.26366424560546875,998,0.1019231568207789,105.42139801374651
3d3d0xxx71,62,0.6684162598510267,0.08664718186862708,0.1697772938487274,Minder Gezeur En Meer Kleur,Expert,9.91269588470459,8.251384735107422,10.640148162841797,5.3141279220581055,0.3975025415420532,291,1.36672544744589,98.26153970263931
3d3d0xxx91,101,1.0634019786509281,0.10459450053093,0.2594746340529171,Minder Gezeur En Meer Kleur,ExpertPlus,11.265077590942383,9.734517097473145,10.978042602539062,8.496697425842285,0.7457441091537476,473,1.4710328391830545,126.90197312995224
3d556x92,48,0.49041587032190087,0.06247507378774775,0.09060529592822104,Bad Liar,ExpertPlus,6.682632923126221,0.982869029045105,9.998291969299316,2.776383638381958,0.5966035723686218,1670,0.1487494218845288,44.6575827852505
3d6abxxxxx91,156,0.7993264734366721,0.2089232804559559,0.3479086893059055,414 PER SPEED,ExpertPlus,12.238504409790039,14.827969551086426,10.914307594299316,2.0737013816833496,0.425231397151947,286,0.1280806876970575,149.78099018845023
3d8caxxx71,42,0.3627021336988252,0.10254348148047293,0.14169593779730352,From The Start,Expert,4.546624660491943,2.318675994873047,6.738326072692871,2.6309468746185303,0.04007876291871071,836,0.78414741226854,20.67179580339348
3d8caxxx91,112,0.5363160573638168,0.09681263479981864,0.15654845786601332,From The Start,ExpertPlus,5.685697555541992,3.380005121231079,7.733670711517334,3.327817916870117,0.05381028726696968,2815,0.5369475244222152,32.327156693096185
3da61xxxx11,20,0.31780538303479455,0.09380722091177743,0.13806970600159194,ABCD,Easy,3.4631459712982178,1.251820683479309,5.777830600738525,1.8032047748565674,0.044158194214105606,527,0.3153757162712589,11.993380018519076
3da61xxxx31,14,0.3755353837162701,0.008418285581049734,0.007844052932264407,ABCD,Normal,4.747803688049316,2.0396978855133057,7.0941948890686035,2.738213062286377,0.14450989663600922,640,0.683534207847216,22.54163986025469
3da61xxxx51,22,0.3019904424158033,0.00630425469978432,-0.007532300168728815,ABCD,Hard,5.932744979858398,2.644169807434082,8.177038192749023,4.1065754890441895,0.2564859986305237,955,0.3845215495958012,35.19746299603503
3da61xxxx71,25,0.258955627854091,0.021564699273812077,0.03564533699846516,ABCD,Expert,7.29593563079834,3.654660224914551,9.09194564819336,6.431732177734375,0.19560888409614563,996,0.3852818003822785,53.23067672875277
3da61xxxx91,94,0.5576351680961275,0.08486439698744144,0.17181590196979224,ABCD,ExpertPlus,9.03614330291748,4.090984344482422,10.844294548034668,7.29760217666626,0.36186954379081726,1743,0.2657219652284663,81.65188579086043
3db1fxxxx71,12,0.34657359027997264,0.02411694864296639,0.06239200934402648,Drift,Expert,7.8167948722839355,4.926671028137207,9.588753700256348,4.60351037979126,0.3882603943347931,420,0.5189878034494537,61.10228207536443
3db1fxxxx91,56,0.7297377759371482,0.12970176244018486,0.2423227175958822,Drift,ExpertPlus,10.496821403503418,9.763030052185059,10.733122825622559,5.050782203674316,0.49999892711639404,425,0.8128405275908116,110.18325957704747
3db71x91,188,1.0995168619638285,0.20259886963976126,0.42456122850849953,The Master,ExpertPlus,12.659006118774414,7.672628879547119,12.600318908691406,12.502581596374512,0.14957664906978607,949,0.5101756246752257,160.25043591516805
3dc0cxxxxxx71,98,0.6000340964248303,0.10691036327282603,0.23695203442952215,A Lasting Promise,Expert,12.130148887634277,11.06560230255127,11.749244689941406,6.335121154785156,0.2821821868419647,232,0.1751055199136859,147.1405120361751
3dc0cxxxxxx91,181,0.870063645137513,0.19051521419709788,0.3784963013257535,A Lasting Promise,ExpertPlus,12.618417739868164,11.201092720031738,11.855754852294922,8.34305191040039,0.7563844919204712,449,0.1512086991047692,159.22446625781959
3ddf9xx71,21,0.3430193105277664,0.04153786990373789,0.04864985156092699,Leave It All Behind,Expert,5.520386695861816,4.127302646636963,7.139066696166992,3.9440648555755615,0.24112044274806976,764,0.9608347369786155,30.474669271848143
3ddf9xx91,40,0.4852312392264567,0.13722276042222764,0.1903692823594884,Leave It All Behind,ExpertPlus,7.596738815307617,5.034826755523682,9.255414962768555,4.7656402587890625,0.2139306217432022,1359,0.2656754345359931,57.71044062800138
3df2axx51,23,0.3718840103492222,0.08251446097272913,0.12634703610268547,Macaron,Hard,3.5867714881896973,1.5694069862365723,5.7842183113098145,2.0606374740600586,0.034815091639757156,495,0.5772515509778791,12.864929708490536
3df2axx71,19,0.36141754128746745,0.04003314149228663,0.025809261341761477,Macaron,Expert,5.88126277923584,3.091827869415283,7.9903154373168945,3.8762099742889404,0.2094310224056244,853,0.1281804197218527,34.589251878424875
3df2axx91,39,0.5475681979003482,0.06795176695087433,0.15341575693327916,Macaron,ExpertPlus,8.911989212036133,4.438249588012695,10.302382469177246,8.809290885925293,0.3285115659236908,1178,0.3392246430299919,79.42355171544841
3dfc4xx31,36,0.512565706672746,0.054038123124109036,0.09392393009504343,Joker's Cranberrybox,Normal,4.500482082366943,4.297617435455322,6.029513359069824,2.236774444580078,0.0806301161646843,565,0.6804624982788836,20.2543389737059
3dfc4xx51,62,0.5312632536344519,0.09411879955958113,0.13901542615441123,Joker's Cranberrybox,Hard,7.319161415100098,6.3452467918396,8.69057559967041,3.3321478366851807,0.2285587191581726,965,0.3234994614173114,53.570123820290064
3dfc4xx71,91,0.4732512732613856,0.11544672602412581,0.17098845382793013,Joker's Cranberrybox,Expert,10.500899314880371,9.322854042053223,10.90764331817627,5.11349630355835,0.3237241506576538,482,0.4229374965201966,110.26888642125505
3dfc4xx91,177,0.8334711112758579,0.15872453443415,0.3200721503328245,Joker's Cranberrybox,ExpertPlus,10.788543701171875,11.502387046813965,10.563714027404785,3.6881518363952637,0.15332503616809845,375,0.5948036586050618,116.39267519209534
3dfd6x91,84,0.4879470576010245,0.10841695414743865,0.21503823228235164,GHOST,ExpertPlus,11.353291511535645,8.337299346923828,11.9385986328125,6.847670555114746,0.14022789895534515,809,0.1492113973012497,128.89722814590732
3e05cxxx31,15,0.16566044331920002,-0.00327162751767478,0.0030253636131743517,AMBERGRIS,Normal,3.19905686378479,1.2074975967407227,5.519227981567383,1.1983915567398071,0.022722896188497543,259,0.6252333271066132,10.233964817728577
3e05cxxx51,14,0.14853153869141683,0.0864790293811388,0.014442644614169886,AMBERGRIS,Hard,5.0991973876953125,2.854543685913086,7.315273284912109,2.452420234680176,0.09112422913312912,663,0.4266420725127585,26.0018139986787
3e05cxxx71,22,0.10466295877245663,0.08755579394074324,0.02740233840762286,AMBERGRIS,Expert,7.858127117156982,6.631077766418457,9.041519165039062,4.395833969116211,0.34627997875213623,1052,0.4638730447781139,61.75016178939791
3e05cxxx91,63,0.21632549290898312,0.04152782207023426,0.07796746793478564,AMBERGRIS,ExpertPlus,9.748791694641113,8.902355194091797,10.292452812194824,4.763143539428711,0.25132670998573303,827,0.5442252133578819,95.03893950550355
3e0dexxx71,44,0.36838006551950603,0.07951855339212117,0.11425574499912489,fun TIME,Expert,9.198945045471191,6.380225658416748,10.30849838256836,6.637085914611816,0.17734888195991516,523,0.4571214840645305,84.62058994959898
3e0dexxx91,97,0.7332931989888481,0.14275648949093125,0.29882288480958363,fun TIME,ExpertPlus,11.484283447265625,8.62797737121582,11.687029838562012,8.40056324005127,0.19656310975551605,578,0.2030646465015462,131.88876629713923
3e122xxxx11,27,0.19472205081584376,0.04581868408701165,0.04741765637944503,I Don't Know Anything,Easy,2.611356258392334,0.7145219445228577,4.841238021850586,1.2238730192184448,0.02485877461731434,388,0.693711283333119,6.81918150824481
3e122xxxx31,19,0.3710134126976756,0.043197674135322106,0.06270827454736096,I Don't Know Anything,Normal,3.818063259124756,2.0180137157440186,5.783410549163818,2.9492924213409424,0.057342030107975006,489,0.651274918685704,14.577607050678353
3e122xxxx51,21,0.5723365781348494,0.1172914273750772,0.2034372075176333,I Don't Know Anything,Hard,5.362347602844238,2.9790937900543213,7.163064956665039,4.970726490020752,0.1388075202703476,959,0.3714507686438361,28.75477181372935
3e122xxxx71,67,0.7143019185045185,0.10557298495589662,0.16418464103286357,I Don't Know Anything,Expert,8.477785110473633,6.049457550048828,9.400335311889648,7.705384731292725,0.6374495625495911,1199,0.717833832699301,71.87284037936843
3e122xxxx91,146,0.7791932587435714,0.17108890083588316,0.2773831775454534,I Don't Know Anything,ExpertPlus,9.795782089233398,5.767105579376221,10.7265625,9.39001178741455,0.3498627245426178,1505,0.4876075586047525,95.95734673974584
3e1e0xxxxxx91,94,0.6499284619688708,0.16372341558989248,0.277429061927848,Poke Her Face,ExpertPlus,9.619253158569336,7.769152641296387,10.645109176635742,4.485196113586426,0.1531815379858017,864,0.6471687193014473,92.53003132864615
3e209x91,111,0.5798620164951918,0.10994921410089578,0.2178133298505876,Flashkick,ExpertPlus,10.916329383850098,8.268588066101074,11.634553909301758,6.006776332855225,0.1642104983329773,427,0.3630093466394348,119.16624721670905
3e291xx91,83,0.7451013197229808,0.10773195315153497,0.22347200177217394,Himitsu dial,ExpertPlus,8.38676929473877,3.888698101043701,10.026144027709961,8.03231143951416,0.17319650948047638,1344,0.2393450087772599,70.33789920317304
3e2aexx71,26,0.35110370703598737,0.08149331892453342,0.18000478461317393,dB doll,Expert,3.8949978351593018,3.341491460800171,5.553688049316406,2.14444899559021,0.03415469452738762,565,0.4080858541860266,15.171008135895647
3e2aexx91,56,0.8051356325325499,0.1324070003234945,0.3167704168140025,dB doll,ExpertPlus,6.363182544708252,6.423311233520508,7.118389129638672,5.338615894317627,0.1601526439189911,1327,0.6576975300714752,40.490092097279785
3e2c2xxxxx91,307,1.26055845436959,0.25975287359536997,0.4841941069208515,Dual Doom Deathmatch,ExpertPlus,15.306661605834961,13.721665382385254,12.956884384155273,11.588214874267578,0.7118094563484192,819,0.7159240121445888,234.2938895155421
3e2c2xxxxx92,249,1.1199219873948005,0.2587100025129676,0.477196782599129,Dual Doom Deathmatch,ExpertPlus,12.79507827758789,5.909313678741455,13.521864891052246,11.925772666931152,0.2543545365333557,1115,0.5284079904583383,163.7140281296015
3e2fbxxx11,19,0.4405795095388503,0.05109238760504647,0.09342419088880788,Shin FAKE STYLE,Easy,3.007375955581665,1.2636157274246216,5.175721168518066,1.4011644124984741,0.019953761249780655,266,0.9139364414467146,9.044310138210733
3e2fbxxx91,43,0.6889938721479895,0.13897242038830365,0.3245210333976637,Shin FAKE STYLE,ExpertPlus,9.059060096740723,6.087944984436035,10.168542861938477,7.126333713531494,0.04357689619064331,836,0.4689769391081796,82.06656983636003
3e4afxxxxx91,65,0.42874990608625096,0.05749384432771113,0.10012807776163272,Swimming Pools (Drank),ExpertPlus,7.560732841491699,5.262565612792969,9.174110412597656,4.511346817016602,0.1808117926120758,1205,0.6614019929481106,57.164681100411144
3e50bxxx91,182,0.9312565628417161,0.21334405117358107,0.40494982630215504,I Love It,ExpertPlus,9.623542785644531,3.9388625621795654,11.039871215820312,10.272405624389648,0.03878490999341011,1292,0.0617541891538542,92.6125757471309
3e542xxxxxx11,25,0.29089593570280187,0.05800043021393316,0.07715091651357801,This is SPARTA !!!,Easy,1.3058103322982788,0.10033857077360153,3.057424783706665,0.09507431089878082,0.0032499702647328377,254,0.3430094025171771,1.7051406239369413
3e542xxxxxx31,11,0.22590060452618185,0.1171450982771511,0.036181229067573734,This is SPARTA !!!,Normal,2.833552122116089,0.7825168371200562,5.176852226257324,1.0739235877990723,0.0395258292555809,225,0.6011776172888355,8.02901762874859
3e542xxxxxx51,10,0.20794415416798356,0.059520253049218354,0.07890441816190492,This is SPARTA !!!,Hard,3.686373710632324,1.4657937288284302,6.030736446380615,1.7062768936157227,0.05026213824748993,352,0.090833578128338,13.58935113444113
3e542xxxxxx71,17,0.40773363562349724,0.03738824379150372,0.042242670566497775,This is SPARTA !!!,Expert,6.3166680335998535,3.577705144882202,8.358719825744629,3.925128936767578,0.1134708970785141,439,0.528871666518915,39.90029504670224
3e542xxxxxx91,56,0.38487910056920843,0.03402317256567979,0.07153117118075605,This is SPARTA !!!,ExpertPlus,7.199126243591309,3.7003955841064453,9.17524528503418,5.220852851867676,0.13765645027160645,1185,0.7159377444141384,51.827418671165105
3e6cdxxxxx11,13,0.2444656792575343,0.012412948634740645,0.0017789758245852793,lustre,Easy,2.6673483848571777,0.8944646716117859,4.93136739730835,0.7537168860435486,0.015757746994495392,271,1.0680490727137009,7.114747406200195
3e6cdxxxxx12,12,0.24964435612949923,0.02411498248000843,0.034865927684308996,lustre,Easy,3.506136178970337,0.7717973589897156,6.1559295654296875,1.1795421838760376,0.07508467882871628,126,0.7213689749216261,12.292990905484714
3e6cdxxxxx31,16,0.04332169878499658,0.014634994987898525,0.02648492952175993,lustre,Normal,3.7146494388580322,2.049851655960083,5.841920852661133,1.7428094148635864,0.04878152161836624,452,1.0491593509103485,13.798620453608294
3e6cdxxxxx51,27,0.025672117798516494,-0.0012873327424609477,-0.0026209440790724414,lustre,Hard,5.713046073913574,4.0936126708984375,7.57066535949707,2.99798583984375,0.20685257017612457,999,0.5178580582005868,32.638895442659305
3e6cdxxxxx52,15,0.1997154849035994,0.014482991652733665,0.02092219620646067,lustre,Hard,8.805646896362305,2.8909595012664795,11.470170974731445,4.738682746887207,0.6155607104301453,389,0.1187079715406052,77.53941726341509
3e6cdxxxxx71,37,0.2841889390285287,0.05536657962166318,0.10245708239125306,lustre,Expert,7.962240219116211,6.11614465713501,9.2717866897583,4.886577606201172,0.30429157614707947,1663,0.2261449838161143,63.39726930691177
3e6cdxxxxx72,29,0.28681952299032215,0.09708162526020442,0.06619526056048869,lustre,Expert,10.508562088012695,3.473308563232422,12.900446891784668,6.426458358764648,0.626271665096283,378,0.1208227478129487,110.42987715761774
3e6cdxxxxx91,92,0.3859808668708005,0.05808793521266726,0.12463356337902702,lustre,ExpertPlus,12.173002243041992,10.228911399841309,11.84891128540039,8.018484115600586,0.3913915157318115,436,0.6002802348675035,148.18198360910537
3e6cdxxxxx92,28,0.38771133325093415,0.0996225973993086,0.16071755576156257,lustre,ExpertPlus,12.549239158630371,6.195925712585449,13.4838285446167,10.076461791992188,0.27388066053390503,73,,157.4834034605019
3e7d8xx91,247,1.1590698168070281,0.26248206882318675,0.4573712068985358,stasis,ExpertPlus,12.542680740356445,7.938605785369873,11.97485637664795,14.706172943115234,0.039769697934389114,900,0.367329980017223,157.3188401545085
3e87191,139,0.7361907749693993,0.15784381473458828,0.2992459301675442,Muzik Overload,ExpertPlus,12.371076583862305,9.927977561950684,11.821015357971191,10.062262535095215,0.09138282388448715,335,0.3073163420946942,153.04353584378623
3e96dxxxxx11,75,0.611194441365409,0.15634110543989516,0.31870604886599335,Wheels on the Bus,Easy,1.364898681640625,0.3967989981174469,3.0114474296569824,0.8389095067977905,0.0030387931037694216,871,1.475832356290157,1.8629484111443162
3e96dxxxxx12,114,1.0126664609078209,0.05683953531364311,0.2129902825030829,Wheels on the Bus,Easy,2.0605902671813965,0.25091084837913513,4.220015048980713,0.8163343071937561,0.006292079575359821,753,0.351227001749219,4.246032249202699
3e96dxxxxx31,46,0.4321576782240001,0.04276133725317233,0.1646074605944393,Wheels on the Bus,Normal,2.102543592453003,0.7772053480148315,3.954987049102783,1.5185047388076782,0.01129900198429823,709,0.5547687949289016,4.420689558165179
3e96dxxxxx32,46,0.6581166014627957,0.05227879045334571,0.16339138335185874,Wheels on the Bus,Normal,2.878403663635254,0.7283020615577698,5.129826545715332,1.8494853973388672,0.026095928624272346,482,0.3185447417936621,8.285207650828852
3e96dxxxxx51,126,0.518972705010259,0.19646245330292783,0.2765608254819411,Wheels on the Bus,Hard,3.4451866149902344,1.1827185153961182,5.681771755218506,2.3485593795776367,0.012873504310846329,2464,0.2318764209170644,11.86931081210787
3e96dxxxxx52,108,0.8621433715171446,0.1003997818242654,0.1707596289437433,Wheels on the Bus,Hard,4.937013626098633,0.9482096433639526,7.7285637855529785,3.009038209915161,0.12449371814727783,1480,0.5262879801574628,24.37410354428357
3ee0cxxxx91,136,0.7562274950736514,0.17882483117666426,0.3325756511172738,UMMU,ExpertPlus,10.843740463256836,7.8390727043151855,11.3283109664917,8.202042579650879,0.24393059313297272,753,0.2664876182643658,117.58670723447358
3ee10xx91,233,0.9064029445999255,0.19220903746602047,0.37175320939664974,Theme for Psychopath Justice,ExpertPlus,13.38131332397461,11.835914611816406,12.426440238952637,8.147851943969727,0.27942708134651184,726,0.0909599126723893,179.0595462743804
3ee4bxx11,91,0.9903954367475697,0.46879795865445767,0.5563208434365279,RTX 20000,Easy,0.37462562322616577,0.0038298279978334904,1.1747983694076538,0.010155752301216125,0.0015470818616449833,1024,-0.2099412358415846,0.14034435757759312
3ee4bxx12,37,0.8811487238650054,0.15531298687112377,0.39453477189228825,RTX 20000,Easy,0.6636916399002075,0.006797377020120621,1.8250336647033691,0.009824425913393497,0.0008879405213519931,282,0.0867633958548661,0.44048659287342673
3ee4bxx31,42,0.6758861609671,0.23932265422905624,0.17350909027624883,RTX 20000,Normal,0.7010074853897095,0.08667189627885818,1.8957133293151855,0.05333186686038971,0.0018248403212055564,440,1.2333051984544328,0.49141149457240374
3ee4bxx32,22,0.39357694334954263,0.04078905309818212,0.26433186215916277,RTX 20000,Normal,1.375844120979309,0.18651600182056427,3.1456570625305176,0.30539649724960327,0.0017749388935044408,194,0.7847902049815603,1.8929470452333277
3ee4bxx51,31,0.27931266947386896,0.05277620123510168,0.09688671601471285,RTX 20000,Hard,1.5973745584487915,0.5903360247612,3.3415658473968506,0.7186980843544006,0.004894389770925045,596,0.3989025272079587,2.5516054799794716
3ee4bxx52,17,0.29234195879858826,0.16002003696071074,0.042891684182854016,RTX 20000,Hard,4.482250690460205,1.0058879852294922,7.305014133453369,1.8212412595748901,0.12747064232826233,335,0.1103305712113484,20.090571252130985
3ee4bxx71,29,0.2529978246106075,0.09642927400353725,0.16133856461667329,RTX 20000,Expert,4.546421527862549,3.5212275981903076,6.3396477699279785,2.4192588329315186,0.08104117214679718,1188,0.7788186059672995,20.669948709012033
3ee4bxx72,28,0.5417482533647531,0.14264767152794058,0.21146167933500745,RTX 20000,Expert,7.551281452178955,2.4977376461029053,10.289427757263184,3.825833559036255,0.49584677815437317,765,0.1383210424737628,57.02185157002191
3ee4bxx91,134,0.4925180723144215,0.06501419109435863,0.15536665306875946,RTX 20000,ExpertPlus,6.275435924530029,4.830207347869873,7.949622631072998,3.387986898422241,0.127790629863739,3520,0.1123161780108855,39.381096042882064
3ee4bxx92,80,0.4321718289115247,0.2199687134421803,0.29567770440217694,RTX 20000,ExpertPlus,10.286734580993652,4.916462421417236,12.258734703063965,5.703005790710449,0.1470879167318344,379,0.6302479720402274,105.81690833981065
3eedfxxx71,27,0.3744268754054592,0.050906869255671686,0.08921084445050845,Re: End of a Dream,Expert,6.0663042068481445,5.375891208648682,7.390826225280762,3.910191059112549,0.13260877132415771,847,0.6412920855251948,36.800046730023496
3eedfxxx91,89,0.6081034856461701,0.10553474040851091,0.24424414345809062,Re: End of a Dream,ExpertPlus,10.892426490783691,9.035653114318848,11.154579162597656,6.817070960998535,0.30683696269989014,789,0.3115960023340836,118.64495485712632
3f0fdxx11,15,0.3504996914685188,0.05407516184350829,0.08583079324098503,Chiyu,Easy,1.7187072038650513,0.30838242173194885,3.740683078765869,0.3190458416938782,0.016511645168066025,235,0.4794152839249849,2.953954452617623
3f0fdxx31,10,0.2772588722239781,0.009637262246546463,0.011380073748300657,Chiyu,Normal,3.1497132778167725,1.7653001546859741,5.133421421051025,1.7240937948226929,0.05299403890967369,235,0.8417449409517049,9.920693732455277
3f0fdxx51,16,0.25993019270997947,0.04216405970596776,0.06931662871860822,Chiyu,Hard,3.9560282230377197,2.189976453781128,6.019750118255615,2.3601913452148438,0.07750006020069122,341,0.6720386892139965,15.650159301470978
3f0fdxx71,15,0.2580800673938594,0.01529843054986948,0.04966260686381399,Chiyu,Expert,3.8716886043548584,1.8462272882461548,6.021839618682861,2.4033987522125244,0.07922302931547165,430,0.4095436016334591,14.989972649091271
3f0fdxx91,48,0.2877255752095811,0.11120729079551635,0.1486251363050082,Chiyu,ExpertPlus,5.2576704025268555,2.380643129348755,7.407787322998047,4.059445858001709,0.07885046303272247,1041,0.6449778475651257,27.643098061606906
3f19dxxxxx91,196,0.8628676815392454,0.23605504793477983,0.40410018511407836,i_need_u,ExpertPlus,10.671224594116211,12.944514274597168,10.071651458740234,2.116539716720581,0.2633814215660095,658,0.4281971536558623,113.87503433807069
3f1aaxxxxx71,54,0.42142967474447424,0.037732809005636164,0.1559083215983506,lightbearer,Expert,7.5700459480285645,6.091440200805664,9.068364143371582,3.452267646789551,0.313157320022583,1124,0.6744664253891635,57.30559565526369
3f1aaxxxxx91,98,0.8422041403152813,0.12824419851063348,0.2814757164207159,lightbearer,ExpertPlus,12.251458168029785,13.621476173400879,11.008307456970215,4.812966346740723,0.7089781165122986,173,0.8610495809714614,150.09822724298374
3f571xxxxx51,13,0.2665950694461328,0.008954861635807209,0.017670877813354028,The Devil in I,Hard,3.2497828006744385,1.7617676258087158,5.390829086303711,1.1200212240219116,0.027329184114933014,640,0.7797072676303077,10.561088251559397
3f571xxxxx71,16,0.28527176196673976,0.01546209355962988,0.027905507436526394,The Devil in I,Expert,5.756246089935303,5.165310382843018,7.2914252281188965,2.6903769969940186,0.2531138062477112,1001,0.9740854129845172,33.13436904789546
3f571xxxxx91,64,0.45489547026402344,0.08236818141195207,0.14244381311249832,The Devil in I,ExpertPlus,8.582549095153809,10.095508575439453,9.03138256072998,1.555619716644287,0.11002179235219955,289,0.6935056629523494,73.66014897072546
3f6d391,87,0.681929117978887,0.14043907108396067,0.29392215564511576,Arachnid,ExpertPlus,9.921466827392578,8.791909217834473,10.607427597045898,4.350904941558838,0.1895245760679245,699,0.2380915152292909,98.43550400705135
3f72dxxxx11,18,0.3305912529215404,0.014836440661647318,0.021023744113234377,Curious,Easy,2.069333076477051,0.7575742602348328,4.047052383422852,0.7562391757965088,0.008132963441312313,309,0.6189239781973579,4.282139381401976
3f72dxxxx31,15,0.18483924814931874,0.01399578654784041,0.027332368134018202,Curious,Normal,3.4122884273529053,1.6105865240097046,5.486907482147217,2.225600004196167,0.06724695861339569,363,0.3401707577838135,11.643712311446563
3f72dxxxx71,16,0.4479398673070138,0.03020554832243466,0.06587527141119903,Curious,Expert,6.5549445152282715,4.961557388305664,7.925511360168457,5.203897476196289,0.3983158469200134,638,0.8351314298922247,42.9672975977212
3f72dxxxx91,51,0.5590151975495538,0.060080393378677766,0.14631007345954386,Curious,ExpertPlus,9.050859451293945,5.183229923248291,10.313902854919434,8.12974739074707,0.7362294793128967,1399,0.8225162507875614,81.91805680707694
3f829xxxxxx91,152,0.7414258235060784,0.33387410767221726,0.3920341447255667,Extratongue,ExpertPlus,14.165471076965332,17.533872604370117,11.528976440429688,2.455897092819214,0.3453163206577301,378,0.6314911471412797,200.66057083234136
3f9a5xxxxx91,120,0.7440539374617757,0.12976918109336316,0.2761511546792936,5g,ExpertPlus,9.374942779541016,5.047239303588867,10.690610885620117,8.39166259765625,0.21778452396392822,1089,0.6758548896764842,87.88955211966822
3fa33xx91,201,0.6467818273972663,0.10329270149016463,0.21235406395810505,GIRL HELL 1999,ExpertPlus,10.49216365814209,6.040789604187012,11.674471855163574,7.922402381896973,0.3045957088470459,1968,0.0889423172785222,110.0854982292376
3fa34xx91,133,0.7259029417823292,0.06898776616507485,0.13213793421305967,UR EMBARRASSING !!!,ExpertPlus,4.057336330413818,1.806171178817749,6.209086894989014,2.893251419067383,0.0501086451113224,1672,0.0769223457486354,16.46197809809587
3fa34xx92,71,0.7201105652549326,0.052726765992615054,0.12803113928906998,UR EMBARRASSING !!!,ExpertPlus,8.104557037353516,2.1809966564178467,10.898707389831543,4.7712812423706055,0.7258840203285217,892,0.0111624311186187,65.6838447717164
3fa68xxxx51,28,0.19804205158855578,0.118884625587831,0.1602923982914539,ATE THAT,Hard,5.108816146850586,2.5327069759368896,7.315278053283691,3.17397141456604,0.1638876348733902,595,0.0531241878375779,26.100002422321268
3fa68xxxx71,30,0.26766946980891876,0.04300272345173104,0.08195268198802158,ATE THAT,Expert,6.5824384689331055,3.1647932529449463,8.710469245910645,4.648958683013916,0.2865621745586395,940,0.1495473641061654,43.328496197290406
3fa68xxxx91,163,0.9804062418241274,0.14099068440892562,0.34379989484927265,ATE THAT,ExpertPlus,11.337992668151855,5.671351909637451,11.872857093811035,12.801115989685059,0.5098147988319397,860,0.7026728690630125,128.55007774306523
3fa76xxxx51,29,0.21511464224274165,0.06849406230356905,0.1591141244631242,Night of Knights,Hard,5.7371039390563965,4.335829734802246,7.54783821105957,2.809601306915283,0.08124642074108124,1153,0.484006156289808,32.91436160753642
3fa76xxxx71,42,0.28182729961994957,0.048029231018586076,0.09161212129093321,Night of Knights,Expert,7.4281392097473145,5.70643949508667,9.072988510131836,3.269991397857666,0.1919877827167511,1528,-0.0155422724679272,55.17725211938546
3fa76xxxx91,86,0.5679042991431285,0.12125294817920787,0.23120599626208146,Night of Knights,ExpertPlus,10.647029876708984,6.487516403198242,11.853605270385742,6.955379962921143,0.12700386345386505,892,0.1053698576793319,113.35924519553373
3fad4xxx71,70,0.6412256601854406,0.08767485111269122,0.14246779474709476,Truth Or Dare,Expert,5.9120283126831055,4.245957851409912,7.20302152633667,6.154107093811035,0.3520626127719879,1462,0.8060570011391528,34.95207876996665
3fad4xxx91,126,0.7146437448407551,0.12615724323649077,0.2669265179862631,Truth Or Dare,ExpertPlus,8.154764175415039,4.301173210144043,9.639273643493652,7.827977657318115,0.15147612988948822,2055,0.5872071214400701,66.50017875663252
3fbe5xxxx51,90,0.5154581191187991,0.12105398356513442,0.19869722035173573,115,Hard,7.753389358520508,6.837439060211182,9.001381874084473,3.4847335815429688,0.24861350655555725,1789,0.1686890683278472,60.11504654481905
3fbe5xxxx71,60,0.46494857954288343,0.12656093672502425,0.2084878542250141,115,Expert,10.728498458862305,8.463623046875,11.360347747802734,5.938994884490967,0.15240773558616638,432,0.2654440666221612,115.10067918181085
3fbe5xxxx91,178,0.8229531072455798,0.1444594144395748,0.275171880363652,115,ExpertPlus,11.43205738067627,11.596521377563477,10.717713356018066,6.555802822113037,0.4821031391620636,468,0.5899957665435704,130.69193595507477
3fd2bxx91,44,0.4658054394938141,0.10854718632376409,0.23834322069074762,The Clock Strikes 12,ExpertPlus,9.26272964477539,3.8989999294281006,10.844012260437012,9.140212059020996,0.0654640644788742,549,0.0744354714955799,85.79816047220083
3fe0axxxx91,103,0.3239010227082219,0.0672111999126509,0.1332341838845278,Final-Boss-Chan,ExpertPlus,10.552651405334473,10.84221363067627,10.632965087890625,3.4278969764709473,0.13292326033115387,447,0.7167000084718309,111.35845168250762
3ff08xxxx51,73,0.4590104007064375,0.05642557773663584,0.12263299655987257,CLAUDIA,Hard,8.994354248046875,7.69718599319458,9.701117515563965,5.889866828918457,0.3374774754047394,808,0.4580520506178698,80.89840833935887
3ff08xxxx71,92,0.513141310795409,0.07809523629023585,0.14741813792423142,CLAUDIA,Expert,11.367768287658691,9.09187126159668,11.51628589630127,7.598186016082764,0.2965244948863983,610,0.2446548866763308,129.22615584189862
3ff08xxxx91,120,0.6971602669242131,0.12305350323718359,0.2486615142942147,CLAUDIA,ExpertPlus,13.046659469604492,9.871129989624023,12.723752975463867,9.199017524719238,0.2411474734544754,324,0.4760755881936702,170.21532331582057
3ff31xxxxx11,46,0.4554281436957699,0.04235671129146662,0.08844898796078517,Saishuu Kichiku Imouto Flandre-S,Easy,2.945575475692749,1.903969168663025,4.826740741729736,1.4472424983978271,0.030054263770580292,542,0.476315421467722,8.676414883002565
3ff31xxxxx31,35,0.17001835864536363,0.018664434925016973,0.035039728503200224,Saishuu Kichiku Imouto Flandre-S,Normal,4.409534454345703,2.3920938968658447,6.522096633911133,2.6443612575531006,0.05528341233730316,793,0.3877340020014529,19.443994104061858
3ff31xxxxx51,37,0.23117114156843543,0.027840920738824458,0.07540402803114346,Saishuu Kichiku Imouto Flandre-S,Hard,7.123368263244629,3.5054006576538086,9.097272872924805,5.5302863121032715,0.24977461993694305,1175,0.2724748379485208,50.7423754138008
3ff31xxxxx71,67,0.4391285292022689,0.07812602450757543,0.15441159026974177,Saishuu Kichiku Imouto Flandre-S,Expert,9.189085006713867,5.830212593078613,10.504907608032227,6.627294540405273,0.3463137745857239,1324,0.7460798702057414,84.43928326061359
3ff31xxxxx91,164,0.8144560297273891,0.13785687502408187,0.28918271679889623,Saishuu Kichiku Imouto Flandre-S,ExpertPlus,11.72311782836914,8.154624938964844,11.845098495483398,10.021513938903809,0.6364405751228333,1278,0.8879408133614268,137.4314916178264
3ff43xxxxxxx91,126,0.7892694334194805,0.20335436365367357,0.2693608379748518,Romantic Homicide,ExpertPlus,0.6723854541778564,0.02943042851984501,1.8425530195236206,0.014605534262955189,0.001897884183563292,1871,0.471498332108885,0.4521021989899623
4003fxx91,53,0.5465538902693288,0.054593727190257506,0.1581092069048928,Bruises,ExpertPlus,6.110761642456055,4.661424160003662,7.2736592292785645,6.329558372497559,0.1133243516087532,1519,0.7064398670639799,37.34140785091222
40095xx11,10,0.42766661190160554,0.08438276044090882,0.15406786579872037,Run Away,Easy,2.120046854019165,0.5752866268157959,4.256627082824707,0.5282120704650879,0.025943702086806297,242,0.4135640139018776,4.494598663236559
40095xx71,17,0.1630934542493989,0.014316272457318924,0.025674057845511414,Run Away,Expert,7.085023880004883,2.854863166809082,9.27785873413086,5.572117328643799,0.2706165015697479,584,0.6227568847963733,50.197563380239444
40095xx91,43,0.3990414064465868,0.05452684038586871,0.11136378996959938,Run Away,ExpertPlus,8.911885261535645,3.882894277572632,10.5088472366333,8.778244018554688,0.41894403100013733,1013,0.5975190680612281,79.42169891477624
40127xxx11,45,0.4981394633162448,0.03241094787903097,0.06618733432177386,Apocalypse Simulator v2.0,Easy,5.334095478057861,5.478537559509277,6.674023628234863,2.436771869659424,0.20937010645866394,762,0.767951515912531,28.452574569037324
40127xxx31,53,0.4293811780415398,0.09410823838702405,0.15603021950126783,Apocalypse Simulator v2.0,Normal,7.574331283569336,6.963134288787842,8.657094955444336,3.9332449436187744,0.34903842210769653,879,0.8895306455076152,57.370494393257104
40127xxx51,95,0.47534452556278406,0.11745130980127792,0.15244585827975402,Apocalypse Simulator v2.0,Hard,9.56608772277832,7.842170238494873,10.686229705810547,3.7599925994873047,0.36474183201789856,958,0.169757572746517,91.51003431989011
40127xxx71,211,0.8552552056673952,0.12084367074276524,0.24253788690035147,Apocalypse Simulator v2.0,Expert,11.412181854248047,13.65807056427002,10.371299743652344,3.177953004837036,0.7064181566238403,511,0.6754390975283396,130.2378946744284
40127xxx91,244,1.0141763145817593,0.2325402751304772,0.39875317126015986,Apocalypse Simulator v2.0,ExpertPlus,12.977258682250977,14.985220909118652,11.179943084716797,4.580611705780029,0.8220969438552856,534,0.7620786188667877,168.40924290605835
401ebxxxx51,49,0.541798297326608,0.03611836806847414,0.06934270237236072,Executioner,Hard,5.161808967590332,3.782233238220215,6.967531204223633,2.982379674911499,0.14338046312332153,1478,0.4980244992689125,26.64427181789597
401ebxxxx71,75,0.32277380424612095,0.05268563511066556,0.09311511519005694,Executioner,Expert,9.016875267028809,8.751440048217773,9.483213424682617,4.924652576446533,0.43142175674438477,1203,0.7906684610496867,81.30403958115585
401ebxxxx91,166,0.6414262029310398,0.09287180649914799,0.20931382643634552,Executioner,ExpertPlus,12.11221981048584,10.396687507629395,12.036494255065918,6.217238426208496,0.529437780380249,988,0.1888077977864076,146.70586873752563
402f2xx11,24,0.3514812167656553,0.021565165069942938,0.05100836049507712,Do you love me?,Easy,2.2995409965515137,0.7512999773025513,4.390115261077881,0.9235697388648987,0.02107950486242771,327,1.2769473816286978,5.287888794821129
402f2xx31,49,0.4589361122942454,0.07541779673950534,0.15503454112021164,Do you love me?,Normal,2.864572048187256,1.517365574836731,4.871196746826172,1.3433427810668945,0.01658818870782852,1221,0.6200594123844905,8.20577301925573
402f4xx71,13,0.21327605555690624,0.03260378910075859,0.03647764770043205,Past And Future,Expert,3.8282601833343506,1.897432565689087,6.02792501449585,1.9216327667236328,0.060710083693265915,514,0.3605125437126891,14.655576031303156
402f4xx91,39,0.26223868388727645,0.024898750594147395,0.0452612395784712,Past And Future,ExpertPlus,6.2314453125,3.6096415519714355,8.265061378479004,3.7844488620758057,0.13873238861560822,1524,0.483278942475742,38.83091068267822
40370xxxxxxxx51,38,0.5155676612066374,0.0325593306597239,0.0773107406747654,SONG REQUEST,Hard,5.319188594818115,3.302426815032959,7.260220050811768,3.4674274921417236,0.19221964478492737,863,0.972515488498921,28.293767307243115
40370xxxxxxxx71,111,0.5362581937581983,0.07824260095156112,0.177807110649225,SONG REQUEST,Expert,8.607748031616211,5.115137100219727,9.980324745178223,7.252902984619141,0.2907038927078247,1198,0.2864845867437171,74.09332617579275
40370xxxxxxxx91,193,0.9068763572632875,0.1939909087329721,0.34737062589585765,SONG REQUEST,ExpertPlus,11.740285873413086,8.32960319519043,11.75397777557373,10.24662971496582,0.04189959540963173,541,0.5378908626485868,137.83431238946287
405c3xx91,130,0.5691744864114938,0.13238564978143474,0.2320525844490893,search & destroy,ExpertPlus,10.28724479675293,4.825558662414551,11.336133003234863,11.018582344055176,0.20331226289272308,1189,0.1358328768069102,105.82740550832023
409cexx91,235,1.147543960082625,0.21567905268910223,0.4277793950291884,Viyella's Melancholy,ExpertPlus,13.204741477966309,12.168166160583496,11.833024978637695,9.586357116699219,0.7794500589370728,1115,0.6971649334519583,174.36519749992385
409ebxxxxx71,65,0.46641973694189903,0.08139190429008335,0.1694164178144514,Scatman,Expert,6.548535346984863,3.5792131423950195,8.460272789001465,4.973191738128662,0.151960551738739,1792,0.5801541559203413,42.883315190710164
409ebxxxxx91,144,0.6936914712213393,0.1688111734286357,0.3140651390574966,Scatman,ExpertPlus,8.878668785095215,5.299286365509033,10.099729537963867,7.971695423126221,0.05985866114497185,1964,0.2583589679265812,78.83075939542414
40c6fxxx91,86,0.343992020071433,0.04818996159020455,0.10991369834417566,Resurrection,ExpertPlus,8.203604698181152,6.597418785095215,9.463726997375488,4.407078266143799,0.2136014997959137,1641,0.1242551537907815,67.29913004401988
40d3axxxxx51,98,0.5302634970704433,0.028785605500710746,0.0627394151691236,Bookmaker,Hard,6.542050361633301,5.235537528991699,7.876359462738037,4.829150199890137,0.4499211311340332,2580,0.8588436767818327,42.7984229341464
40d3axxxxx71,241,0.7593150099332899,0.16952994382452233,0.26321568166141274,Bookmaker,Expert,11.059199333190918,6.752277374267578,11.585894584655762,10.430368423461914,0.5575582981109619,1775,0.1767518818829767,122.30588989125044
40d3axxxxx91,225,0.6502619195668975,0.16619725091689677,0.254170034998731,Bookmaker,ExpertPlus,12.949748992919922,10.817280769348145,12.095956802368164,9.896224975585938,0.4537859261035919,570,0.521610539845695,167.69599897963053
40e0cxxx11,33,0.3790127548104778,0.13073725179693702,0.05844245375649054,Final Hope,Easy,3.319088935852051,1.6002839803695679,5.526640892028809,1.2727982997894287,0.055402450263500214,385,0.6080279071784158,11.016351364095499
40e0cxxx31,20,0.15890269151739728,0.02401786710507947,0.03992012090579844,Final Hope,Normal,4.472501277923584,2.93865704536438,6.399844169616699,2.6952433586120605,0.08205418288707733,505,0.9555230773058446,20.003267681028092
40e0cxxx51,38,0.5588783337488735,0.12154566165260053,0.2001200188733087,Final Hope,Hard,6.083303451538086,4.460484504699707,7.816688060760498,3.523761510848999,0.09914993494749069,753,0.609523323291464,37.00658088349519
40e0cxxx71,49,0.5217583429104544,0.10257941486641606,0.18218620934372434,Final Hope,Expert,7.4603800773620605,5.758788585662842,8.925344467163086,4.199714183807373,0.08089002966880798,1125,0.601695863838854,55.657270898700745
40e0cxxx91,119,0.6852108992276075,0.1536455575666411,0.3327989568882516,Final Hope,ExpertPlus,10.349884033203125,8.389322280883789,10.826642036437988,6.715986728668213,0.10241278260946274,790,0.1172225726509508,107.12009950075299
40e10xxxxxxx11,98,0.6585361068573624,0.05455266880159885,0.12929516961120338,Medicine,Easy,5.83881139755249,2.8966987133026123,7.907168865203857,4.428643226623535,0.112545907497406,1427,0.3466343114991473,34.091718536188864
40e10xxxxxxx31,125,0.5018504063548789,0.09330645408343255,0.16705451375099734,Medicine,Normal,7.878732681274414,4.072919845581055,9.670266151428223,6.286972522735596,0.15530084073543549,2088,0.5715655901593801,62.07442866298152
40e10xxxxxxx51,128,0.8551966178495923,0.17273111265446794,0.35685848693600786,Medicine,Hard,11.05196762084961,5.490202903747559,11.703765869140625,12.360026359558105,0.11474961042404175,639,0.0492310084666799,122.14598829230818
40e10xxxxxxx71,245,1.0219154606242973,0.18056448391868915,0.4089473609377966,Medicine,Expert,10.90377140045166,7.615422248840332,11.239083290100098,9.55410385131836,0.27999556064605713,1090,0.2477028078830964,118.89223075330756
40ea7xxx71,13,0.10663802777845312,0.0050569957426368235,0.027626676334530857,Feel It,Expert,5.529394149780273,3.087491750717163,7.748284816741943,2.7096095085144043,0.13321848213672638,659,0.6942814239337057,30.574199663624313
40ea7xxx91,40,0.15890269151739728,0.04035669787815664,0.048656475932137275,Feel It,ExpertPlus,6.831952095031738,3.743255138397217,8.828289985656738,4.555682182312012,0.19248545169830322,1540,0.3061710429515263,46.67556942880856
41218xxx11,14,0.6740712673278706,0.08083792278953081,0.1278253599412455,Cherish (My Love),Easy,3.9618427753448486,1.6541591882705688,6.2442708015441895,2.2778208255767822,0.09687680006027222,443,0.2647687282858356,15.696198176552173
41218xxx31,22,0.6509842379011764,0.04895379548939351,0.09927903388990043,Cherish (My Love),Normal,5.197934150695801,2.147648334503174,7.516878128051758,3.4942362308502197,0.11702282726764679,431,0.3133386806432413,27.018519434969676
41218xxx51,13,0.3903979857872174,0.035857423566959756,0.11350547474463069,Cherish (My Love),Hard,6.689788341522217,2.975896120071411,8.72502613067627,5.690269470214844,0.413370281457901,548,0.5934673115235204,44.75326805436657
41218xxx71,27,0.4597078047756091,0.051132057221495414,0.10356215590020607,Cherish (My Love),Expert,7.619330883026123,3.3377482891082764,9.689285278320312,5.924839973449707,0.4810115396976471,782,0.6013070471591377,58.05420310503564
41218xxx91,63,0.5914472575685944,0.0947180428008218,0.2389498737181394,Cherish (My Love),ExpertPlus,8.708944320678711,3.788633108139038,10.607126235961914,7.106182098388672,0.3552411198616028,1338,0.6710975977244543,75.84571118068197
41293xxx91,103,0.5807797063035045,0.08782680612298355,0.19812183855773086,Emergency Curtain Call,ExpertPlus,12.463428497314453,9.473255157470703,12.656434059143066,7.017352104187012,0.2003406137228012,293,0.2744207430287373,155.33704990767
416b4xxx11,15,0.1997154849035994,-0.004303468889610122,0.01270126818645417,Towa no Yakusoku to Nanika,Easy,3.1815333366394043,0.9539126753807068,5.45832633972168,1.980868935585022,0.02407824993133545,181,0.6853235576880402,10.122154372147861
416b4xxx31,15,0.4045617058829407,-0.030116847985736033,0.006382773799604102,Towa no Yakusoku to Nanika,Normal,4.7791876792907715,2.6501495838165283,6.565767288208008,4.661106586456299,0.14876824617385864,230,0.8952892635134235,22.84063487388471
416b4xxx51,34,0.4893135543181908,-0.005546355531684209,-0.029772336818821174,Towa no Yakusoku to Nanika,Hard,5.86274528503418,3.1813976764678955,7.749237060546875,4.90447473526001,0.12428640574216843,536,0.4848190989797894,34.371782277190505
416b4xxx71,58,0.36028362233597594,0.023250227862000726,0.05818318995617264,Towa no Yakusoku to Nanika,Expert,9.008620262145996,4.878001689910889,10.43270206451416,7.8187255859375,0.25425589084625244,689,0.1553793862151326,81.1552390275474
416b4xxx91,76,0.8431620325488044,0.15582215753707407,0.33466780151458336,Towa no Yakusoku to Nanika,ExpertPlus,12.01911449432373,5.955398082733154,12.639243125915527,12.089695930480957,0.08598163723945618,246,0.2003800340792514,144.45911322766278
41864xxx91,28,0.45400769004970654,0.06366384931556802,0.11265324892771791,Turning Out Pt. iii,ExpertPlus,4.116452217102051,2.000753164291382,6.338127136230469,2.226442575454712,0.03266296163201332,741,0.7993688888265829,16.94517885568439
41873x11,23,0.5084193800172699,0.14578347149750834,0.20114784652606302,Lian'ai Gaoji,Easy,3.0447115898132324,1.279653787612915,5.110151767730713,2.0393195152282715,0.03596044331789017,391,0.4356915498234312,9.270268665143021
41873x31,15,0.2772588722239781,0.04558277401675435,0.13442730413850015,Lian'ai Gaoji,Normal,4.396725177764893,2.4102139472961426,6.317037105560303,3.6497273445129395,0.1469213366508484,444,0.5413252120549882,19.331192288791726
41873x51,32,0.4782025777136753,0.13470205473843844,0.09119583676545291,Lian'ai Gaoji,Hard,6.007381916046143,3.0474154949188232,7.798764228820801,5.924975395202637,0.18403489887714386,733,0.634356394598812,36.08863748523822
41873x71,45,0.6085109313198319,0.06348343932948171,0.13752929584409976,Lian'ai Gaoji,Expert,8.922934532165527,6.238452434539795,9.693748474121094,8.57357406616211,0.8570913076400757,750,1.0948705910624403,79.61876066531204
41873x91,88,0.7894779648882791,0.107648185145111,0.21376417883027027,Lian'ai Gaoji,ExpertPlus,8.15415096282959,3.1965463161468506,9.5429048538208,10.57699966430664,0.14671020209789276,1138,0.6249130064818659,66.49017792461473
41a23xxxxx91,270,1.325795446342265,0.26226771620656625,0.4518357689034538,Unwelcome School,ExpertPlus,15.139008522033691,11.6281099319458,13.484137535095215,12.970297813415527,0.20977681875228882,657,0.4306230959499087,229.18957903020873
41a76xxxxxx51,66,0.4672132832521001,0.0756586102245403,0.0877977462725696,Totsuka no Tsurugi,Hard,5.324760437011719,5.667492866516113,6.601099491119385,2.3854148387908936,0.14015141129493713,1283,0.6341439217398532,28.35307371156523
41a76xxxxxx71,104,0.5786248528192278,0.057835501200967615,0.12614477230942212,Totsuka no Tsurugi,Expert,7.522934913635254,7.9332594871521,8.409418106079102,2.874277353286743,0.23941534757614136,1773,0.1737749778818427,56.594549714792265
41a76xxxxxx91,193,0.6946109335532401,0.1300290241624075,0.2292590612669381,Totsuka no Tsurugi,ExpertPlus,9.783736228942871,8.197059631347656,10.532052040100098,5.220145225524902,0.26145339012145996,1944,0.1574726340561552,95.72149459752927
41b58xxx51,31,0.48212282396447986,0.07213779794211263,0.24916658442705916,Sudden Appearance Image,Hard,5.889313220977783,3.939455270767212,7.5581207275390625,4.635141372680664,0.1485290229320526,697,0.6566203622978873,34.68401021478371
41b58xxx71,37,0.4058054166050224,0.06794418899943912,0.1085027569243459,Sudden Appearance Image,Expert,7.21752405166626,5.440105438232422,8.6670560836792,4.64993143081665,0.19144269824028015,1005,0.1663849647557778,52.09265343638094
41b58xxx91,102,0.5604787245063446,0.12471893860402883,0.22100780134946985,Sudden Appearance Image,ExpertPlus,8.671175003051758,5.5666656494140625,9.994363784790039,6.663089275360107,0.08567119389772415,1543,0.1392476758729,75.18927593354965
41c18xxxxxxxx91,215,0.9157262198238443,0.1545532592373686,0.35501431403178857,Ephemera,ExpertPlus,12.242555618286133,10.080845832824707,11.813299179077148,8.979524612426758,0.6444392800331116,710,1.0163815897470756,149.88016806682936
41c67xxxx51,94,0.38358728109037776,0.0654641760181779,0.12101255187662062,QUATTUORUX,Hard,5.799465656280518,3.975520610809326,7.468776702880859,4.419288158416748,0.08404016494750977,1245,0.3790565662476854,33.633801898377214
41c67xxxx71,173,0.7196114914979669,0.11886639954500659,0.25039477400133503,QUATTUORUX,Expert,10.139510154724121,7.117820739746094,10.842034339904785,8.077120780944824,0.3151451647281647,1168,0.6915364382237591,102.80966617775357
41c67xxxx91,259,1.0047435510137857,0.1590764740039642,0.33157052932776276,QUATTUORUX,ExpertPlus,12.297471046447754,7.93205451965332,12.461090087890625,10.550192832946777,0.2836216986179352,852,0.194939189118459,151.22779413822082
41cfbxxx11,26,0.36669851888630145,0.02315357846807612,0.07526114137306592,The Intense Voice of Hatsune Miku,Easy,2.166304111480713,0.8036919236183167,4.131568431854248,1.043857216835022,0.010017876513302326,354,1.2701717170286355,4.692873503418241
41cfbxxx31,18,0.07701635339554948,0.0015820563006227288,0.0026816002446564064,The Intense Voice of Hatsune Miku,Normal,2.940645933151245,1.3899028301239014,4.9810638427734375,1.6474876403808594,0.018976254388689995,438,1.172111540368841,8.647398504158957
41cfbxxx51,26,0.14889234657338044,-0.003561234588993421,0.008088546790835406,The Intense Voice of Hatsune Miku,Hard,4.4655375480651855,2.8702147006988525,6.31313943862915,3.2622244358062744,0.12022791802883148,870,0.6310178765661714,19.94102559318003
41cfbxxx71,30,0.25362902097304196,0.05092460192017216,0.04843100463978164,The Intense Voice of Hatsune Miku,Expert,5.404260635375977,4.382981300354004,6.9935832023620605,3.397714853286743,0.12400462478399277,1707,0.9495608053186964,29.206033015074354
41cfbxxx72,29,0.7831885014606972,0.07175309941827064,0.11332537864031239,The Intense Voice of Hatsune Miku,Expert,7.564748287200928,2.0944294929504395,10.31330680847168,4.609552383422852,0.7292488217353821,572,0.4745355746452911,57.22541664870937
41cfbxxx91,135,0.5414316249775405,0.04096564635658379,0.057897907324103305,The Intense Voice of Hatsune Miku,ExpertPlus,8.357481956481934,7.3283467292785645,9.157740592956543,5.564523220062256,0.44874274730682373,3217,0.4640082785893504,69.84750465292109
41cfbxxx92,88,0.5072678488556345,0.059439582150067845,0.1066346256579473,The Intense Voice of Hatsune Miku,ExpertPlus,9.968011856079102,3.610562324523926,12.048940658569336,7.500669479370117,0.7559764385223389,970,0.3271780791813159,99.36126036293354
41d08x91,158,0.9392185014257303,0.18521654726765388,0.38871916981363275,Amenemhat,ExpertPlus,11.08122444152832,5.956360816955566,11.753616333007812,11.300638198852539,0.22010885179042816,988,0.4077015737822604,122.79353512352463
41d0cxxxxx71,64,0.49234315154579084,0.09266416942031974,0.16466535753818093,- Divine Light of Myriad -,Expert,9.440790176391602,7.64498233795166,10.226149559020996,5.94764518737793,0.14868205785751343,624,0.4269149373170127,89.12851915465217
41d0cxxxxx91,88,0.6845653614987758,0.143973497973178,0.2591496823619766,- Divine Light of Myriad -,ExpertPlus,12.81314754486084,11.495777130126953,11.799832344055176,9.101004600524902,0.18851238489151,281,0.7460911067493431,164.17675000637337
41d18xxxx91,150,0.8859534463274324,0.15003095674187833,0.27168931626936654,song for when the bar closes,ExpertPlus,10.144430160522461,4.860300064086914,11.348042488098145,9.987602233886719,0.20157809555530548,1348,0.1832886236332571,102.90946328171776
41d75xx91,54,0.524635307170661,0.03766598472889408,0.0808494866656865,Two Faced,ExpertPlus,6.136221885681152,4.7224884033203125,7.591327667236328,4.6197333335876465,0.1996789276599884,2198,0.8032775103490069,37.65321903031236
41e55xxxx71,13,0.21327605555690624,0.004265701338465027,0.001574995250922853,Kusari Unparallel,Expert,4.644153594970703,2.542151927947998,6.829094886779785,2.4055213928222656,0.10331632196903229,387,0.6100012099106114,21.568162613679306
41e55xxxx91,41,0.27881174331535896,0.1063056307395534,0.09006286153637963,Kusari Unparallel,ExpertPlus,6.907565116882324,4.021440505981445,8.877965927124023,4.240123271942139,0.05815448239445686,816,0.450702930888847,47.71445584396952
41effxxxx51,21,0.31637093967369867,0.012276475079711927,0.022091138865182842,Official,Hard,5.690752983093262,3.1628971099853516,7.711056709289551,3.925372838973999,0.1459437608718872,561,0.3953274639522853,32.38466951458486
41effxxxx91,65,0.5587149453468988,0.07735702169416606,0.19162013153660537,Official,ExpertPlus,11.37287712097168,4.674709320068359,12.215035438537598,13.147262573242188,0.35635894536972046,371,0.2834948198393688,129.34233400872108
41fbdxxxx91,61,0.40504208091157873,0.06025666462611221,0.152705436131359,Heat Abnormal,ExpertPlus,9.181269645690918,10.36605167388916,9.245121955871582,3.607988119125366,0.18515361845493317,619,0.6649296644248268,84.29571230688543
4200fxxx11,18,0.2920830762237656,0.03778847309560815,0.0345333139912095,It's Okay Now,Easy,2.0149729251861572,1.0614862442016602,3.7641780376434326,1.1004482507705688,0.01636175625026226,207,1.2959112455121629,4.060115889233259
4200fxxx31,11,0.18904014015271234,-0.006591783751390609,-0.016225563334361315,It's Okay Now,Normal,3.2780559062957764,1.6437944173812866,5.227636814117432,2.5080204010009766,0.029912631958723068,203,0.3105886839806733,10.745650524800624
4200fxxx51,13,0.13782765147908116,-0.008014756044450276,-0.02224582605947247,It's Okay Now,Hard,4.251503944396973,2.3107144832611084,6.267151355743408,3.0212604999542236,0.058353688567876816,397,0.1561561091643103,18.075285789223017
4200fxxx71,11,0.12602676010180824,0.03450335609083774,0.0631787793000123,It's Okay Now,Expert,7.042470455169678,3.214459180831909,8.96412181854248,6.3026509284973145,0.11793839931488037,355,0.4909761716462171,49.59639011193781
4200fxxx91,47,0.2627143022936994,0.08244574398263871,0.14382653547704233,It's Okay Now,ExpertPlus,8.217852592468262,4.032062530517578,9.783581733703613,7.982987403869629,0.200038880109787,897,0.5961754097709384,67.53310123153733
420b7xxxxx31,49,0.405699044863347,0.014522386248475332,0.046770299997075666,Gold Rush,Normal,4.9070234298706055,1.9232163429260254,7.439362525939941,2.24743390083313,0.11708401888608932,802,0.5988356934410268,24.07887894129908
420b7xxxxx51,38,0.45017538094905846,0.0363052704125271,0.09353565787995681,Gold Rush,Hard,5.9556193351745605,3.2586798667907715,8.054842948913574,3.710681676864624,0.2468012422323227,1173,0.2504962369591961,35.469401665505075
420b7xxxxx71,105,0.7393619154380351,0.12030044047052366,0.1913731140610972,Gold Rush,Expert,8.059297561645508,3.543426513671875,9.759496688842773,8.050912857055664,0.2390037178993225,1160,0.6596745839969387,64.95227718714523
420b7xxxxx91,146,0.5350974145942958,0.07411604490346994,0.11425744443876641,Gold Rush,ExpertPlus,8.82049560546875,5.644191741943359,10.304167747497559,5.750760555267334,0.6093011498451233,2407,0.6551084060832303,77.80114272609353
42148xx51,64,0.47903452325303175,0.16159866283991398,0.11688776197029199,Rushiest Rush,Hard,7.557152271270752,5.209318161010742,9.005903244018555,5.531010150909424,0.24638916552066803,1540,0.735547380565254,57.110550451172685
42148xx71,195,0.9956440073297211,0.15461548428146188,0.2838312818785371,Rushiest Rush,Expert,11.076446533203125,9.039273262023926,11.137957572937012,8.0344820022583,0.6379581689834595,1631,0.84358272024398,122.68766780290753
42148xx91,164,0.9904177714852728,0.21288917386904407,0.407270727286908,Rushiest Rush,ExpertPlus,13.213323593139648,10.190935134887695,12.628257751464844,9.97205924987793,0.24189691245555878,508,0.4668533174600349,174.59192037702087
4225bxxxxxxx31,15,0.2580800673938594,0.1400169962638435,0.21494388450573695,Mai Mai Mai,Normal,4.865501403808594,2.3650062084198,6.992420196533203,3.512007474899292,0.11806314438581467,242,0.3447714274762097,23.673103910463396
4225bxxxxxxx51,11,0.06301338005090412,-0.00034331816312035713,-0.0006877351585690341,Mai Mai Mai,Hard,5.7344136238098145,2.868241786956787,7.852558612823486,4.044147491455078,0.06365030258893967,205,0.4708052342858156,32.88349960893561
4225bxxxxxxx91,28,0.22279730803712527,0.032328716374540996,0.06943093928999863,Mai Mai Mai,ExpertPlus,8.940911293029785,5.31143856048584,10.143885612487793,8.103662490844727,0.08971928060054779,559,0.5340033434889532,79.93989474982754
42282xx11,38,0.446748918958139,0.042442678210290206,0.08569827927947701,Birds of Time,Easy,1.161826252937317,0.2349451184272766,2.764090061187744,0.25669753551483154,0.003541775280609727,529,0.4627918356488218,1.3498402420143663
42282xx31,71,0.5610661413422413,0.07871304246453112,0.14172502972006015,Birds of Time,Normal,2.432769775390625,1.1816318035125732,4.308577537536621,1.5198243856430054,0.014011597260832787,1745,0.8935135653512402,5.918368780054152
4229bxx91,141,0.7664627713476698,0.10113969101382475,0.1881871015270417,rvp7vre,ExpertPlus,10.451186180114746,9.737622261047363,10.322469711303711,7.107590675354004,0.7096043229103088,1067,0.6252549721273627,109.22729257142146
42461xx91,78,0.7064988835171372,0.12399887283244003,0.28336568482050795,mythoclast,ExpertPlus,9.287704467773438,4.169097423553467,10.6217622756958,9.992720603942871,0.09938891977071762,921,0.6015322855693749,86.26145428069867
4277axxxx91,128,0.9359497490719734,0.2073657468075004,0.40526818862293695,Dies Irae,ExpertPlus,13.867318153381348,12.547709465026855,12.363718032836914,9.578943252563477,0.4913272559642792,316,0.8056157183576279,192.30251276709987
427e6xxxx11,30,0.3640151950721242,0.20620735149636912,0.24802941695393374,Nobody's Christmas!,Easy,2.4137237071990967,0.7246741056442261,4.607773303985596,0.7847193479537964,0.030832547694444656,292,0.5118252487872564,5.826062134694951
427e6xxxx31,25,0.26575158932590687,0.03880961402778505,0.0663250333990694,Nobody's Christmas!,Normal,2.954617977142334,1.2371410131454468,5.111687183380127,1.3774888515472412,0.04643266275525093,270,0.592891357283381,8.729767390852658
427e6xxxx51,31,0.20843445730173282,0.04995120074666765,0.03110972436394655,Nobody's Christmas!,Hard,4.003689289093018,2.1509199142456055,6.051507949829102,2.635068655014038,0.10907428711652756,426,0.5482642259206917,16.029527923598152
427e6xxxx71,29,0.26237484928245725,0.017647904232936888,0.033236095129328215,Nobody's Christmas!,Expert,5.408945560455322,2.942662000656128,7.430117130279541,3.898016929626465,0.1445290893316269,651,0.6785003235697483,29.25669207596934
427e6xxxx91,92,0.35394888742096836,0.03831777865493035,0.0756465133260559,Nobody's Christmas!,ExpertPlus,7.8511223793029785,5.0403733253479,9.103960037231445,7.295245170593262,0.4447365999221802,1696,0.9508464302150664,61.64012261479206
428a3xx11,23,0.31161034247444436,0.014182193371978945,0.07883579178917187,Winter (The Wind Can Be Still),Easy,1.3446922302246094,0.18076756596565247,3.1415860652923584,0.01737719401717186,0.008528019301593304,352,1.109046918392621,1.8081971940264339
428a3xx31,17,0.3631638884648198,0.05685638467387012,0.08606345355389591,Winter (The Wind Can Be Still),Normal,2.645219087600708,0.7013644576072693,4.951659679412842,0.9341379404067993,0.02869950234889984,320,0.4674652538412147,6.997184021407122
428a3xx51,48,0.4512206280736146,0.07368176384031826,0.13707143101539582,Winter (The Wind Can Be Still),Hard,3.861809015274048,1.3603579998016357,6.2976226806640625,1.836376428604126,0.03310895338654518,1668,0.7948639466697329,14.913568870451911
42a5cxxx31,17,0.33931299975257484,0.005459395067534397,0.04121443435094735,epitaxy,Normal,3.5373270511627197,1.7230279445648193,5.703106880187988,1.788581371307373,0.0309610478579998,456,0.7996132176568703,12.512682666887542
42a5cxxx51,14,0.14853153869141683,0.04659973183092186,0.08987179042838278,epitaxy,Hard,5.2482099533081055,3.6564905643463135,7.132839679718018,2.947925567626953,0.08066282421350479,748,0.488244394522443,27.543707714002267
42a5cxxx71,22,0.5196037034513509,0.059952829123643685,0.11538773806399934,epitaxy,Expert,6.774239540100098,5.649446487426758,8.191689491271973,3.8321940898895264,0.24876739084720612,1264,0.6999374525932465,45.89032134665558
42a5cxxx72,24,0.5825302769523037,0.01499920743031822,0.018873923446060554,epitaxy,Expert,7.899409770965576,1.6733800172805786,11.029498100280762,3.7460010051727295,0.7255659699440002,568,0.3480419228027495,62.40067472962642
42a5cxxx91,99,0.49256618541351693,0.0763920090235392,0.17338849609826162,epitaxy,ExpertPlus,8.884084701538086,7.538549423217773,9.69809627532959,5.537939548492432,0.3823240399360657,2285,0.2541639345446286,78.92696098410306
42a5cxxx92,67,0.5502740781532365,0.0660601980194146,0.14919241070262274,epitaxy,ExpertPlus,11.039658546447754,3.4820542335510254,13.245626449584961,7.77559232711792,0.5243841409683228,679,0.1874546662250345,121.87406082215693
42affxxxx91,131,0.6286057824077301,0.10826415183101891,0.18409191341060627,Winter Death,ExpertPlus,11.501791000366211,12.936166763305664,10.729915618896484,3.583115577697754,0.5788393616676331,349,0.7264525675573226,132.29119621610516
42de8xxxx71,32,0.25791336392443037,0.009807112088501047,0.030169599935465988,Clouds in the Blue,Expert,5.119160175323486,4.377442359924316,6.789740562438965,2.461110830307007,0.10224045813083649,1265,0.8471289171429945,26.205800900617987
42de8xxxx91,82,0.4402198343538508,0.07266089312434629,0.12660729337195226,Clouds in the Blue,ExpertPlus,7.293578147888184,5.657833576202393,8.833442687988281,3.792797088623047,0.12479842454195023,1920,0.9109645728189376,53.19628219935203
42e3axxx91,118,0.4909439536574513,0.08033258263445238,0.15868753691823254,Dash,ExpertPlus,8.880680084228516,6.692716598510742,9.72366714477539,7.180141925811768,0.3837844133377075,2583,0.5764649923870295,78.866478758413
42ecexx11,19,0.20994652876654077,0.18783763307619217,0.20113356418768435,Extraterrestrial,Easy,2.481781005859375,0.7568671703338623,4.68126916885376,0.8868898749351501,0.013908136636018753,285,0.8031364915417648,6.159236961044371
42ecexx31,14,0.2669764013059549,0.029459873005893953,0.02040969741287903,Extraterrestrial,Normal,4.063986301422119,1.8271373510360718,6.260552406311035,2.6146042346954346,0.04560386762022972,324,0.3851092457217251,16.515984658146635
42ecexx51,18,0.2611377980995787,0.023137850613664062,0.03262295708389759,Extraterrestrial,Hard,6.10280704498291,2.4153637886047363,8.522171020507812,3.8562705516815186,0.18397516012191772,495,0.6941971615918232,37.24425382829304
42ecexx71,32,0.4707372055798519,0.07264359112825124,0.11394142912354147,Extraterrestrial,Expert,6.447757244110107,2.902346611022949,8.515788078308105,5.323074817657471,0.0638497993350029,781,0.6349803084688445,41.57357347897437
42ecexx91,80,0.7298590433799284,0.1382356874614012,0.2863061811205445,Extraterrestrial,ExpertPlus,8.357767105102539,3.1397147178649902,10.40385627746582,7.245217800140381,0.04983208701014519,566,0.5262061112536851,69.85227098313408
42fd0xxxxxx31,58,0.3087098650393447,0.05564512231181855,0.042027411501828586,Vortex,Normal,4.605743408203125,2.831735849380493,6.681636333465576,2.350578546524048,0.09838595986366272,748,0.3124591120791238,21.212872342206538
42fd0xxxxxx51,49,0.2570292303211306,0.022293257086870282,0.03938322791018114,Vortex,Hard,6.893971920013428,4.762848377227783,8.653925895690918,3.8968591690063477,0.1338459849357605,1116,0.5573770929231845,47.52684883393363
42fd0xxxxxx71,92,0.28045353123831557,0.04797599068279484,0.08090495634016244,Vortex,Expert,9.859028816223145,6.363476276397705,11.056157112121582,6.717230319976807,0.43445348739624023,1280,0.353728573034825,97.20044919911834
42fd0xxxxxx91,142,0.6342938612139243,0.09597314907740341,0.21134984493903103,Vortex,ExpertPlus,11.802741050720215,7.214991092681885,12.37857723236084,9.576984405517578,0.1691170334815979,839,0.2240885497912433,139.30469631035612
43018xx11,159,1.073254166168738,0.2308127119676054,0.42061272894178936,Oh No,Easy,0.8190063834190369,0.13501113653182983,2.1118953227996826,0.19802843034267426,0.0025648928713053465,3275,0.1175425374387636,0.6707714560811304
43222xxxxx11,65,0.5267272934815501,0.039801353065404846,0.08059702106622678,psychology,Easy,4.451518535614014,3.422588586807251,6.2741923332214355,2.262752056121826,0.046195972710847855,970,0.6141297827816423,19.816017272915133
43222xxxxx31,77,0.558458796696734,0.059296242686634124,0.11492951434979931,psychology,Normal,6.867866039276123,6.690710544586182,8.05439567565918,3.0672976970672607,0.1331460177898407,963,0.8352493332218229,47.1675839334423
43222xxxxx51,207,0.7775980241786467,0.0677927625819484,0.14762992719270346,psychology,Hard,8.994831085205078,9.35143756866455,9.475242614746094,3.4736127853393555,0.3598663806915283,703,0.7454392556745546,80.90698625137156
43222xxxxx71,236,0.7749021430538622,0.08316463278519551,0.16967583035175715,psychology,Expert,10.337798118591309,10.580362319946289,10.337674140930176,4.35128927230835,0.4851507246494293,571,0.1862205453910824,106.87006994075
43222xxxxx91,197,0.5879599840244432,0.0830128135965272,0.1606561512972777,psychology,ExpertPlus,11.246954917907715,9.75839614868164,11.590108871459961,4.928877830505371,0.23805329203605652,356,0.0739615912414068,126.49399492544853
43239xx51,14,0.3607040005178241,0.010433822489518851,0.022752167505649297,Thunder,Hard,5.076187610626221,1.3303921222686768,7.882767677307129,2.3033230304718018,0.12930099666118622,366,0.354751107998111,25.76768065827514
43239xx71,27,0.3481714851266413,0.05382581459283214,0.10133926661148328,Thunder,Expert,8.398677825927734,4.1312665939331055,10.192215919494629,6.700042724609375,0.39392074942588806,456,0.2823894668089258,70.53778922373021
43239xx91,46,0.5584031004341022,0.06976852650306042,0.15558273715909926,Thunder,ExpertPlus,10.10641860961914,4.339563846588135,11.410073280334473,10.457273483276367,0.09063389152288437,322,0.2471010527011843,102.13969711285608
4324exxxx91,155,0.8879579407354093,0.1430489756261465,0.265455125595776,Gravisphere Crisis,ExpertPlus,13.317888259887695,11.795510292053223,11.977263450622559,10.370063781738281,0.7172573804855347,387,0.4705726166845513,177.3661477028545
4344cxxxx71,39,0.44061164396808594,0.04260487302615766,0.0987549798058143,Nxde,Expert,5.981945514678955,2.959249496459961,7.950892448425293,5.076640605926514,0.08625767379999161,809,0.6704677351562002,35.78367214058767
4344cxxxx91,57,0.4464825312339593,0.07753103598394788,0.20324578786337616,Nxde,ExpertPlus,8.211394309997559,3.72643780708313,9.845303535461426,8.210831642150879,0.08313356339931488,1166,0.83637147299305,67.42699651426028
43615xx91,167,0.7547649456343848,0.07992729164212743,0.14886142746754463,doodle,ExpertPlus,6.75580358505249,3.877911329269409,8.466018676757812,5.775124549865723,0.18486809730529785,5412,0.3928567338446594,45.64088207980808
4372cxxx91,62,0.22929504384142027,0.036345050551396994,0.03867103424644911,Tetoris,ExpertPlus,8.899901390075684,6.199298858642578,9.68213176727295,8.571022987365723,0.15641243755817413,1414,0.8464135675950011,79.20824475307109
43785xx91,50,0.7683792129735602,0.17866904929575397,0.384071160817251,Blue Zenith,ExpertPlus,11.428109169006348,7.337762832641602,12.354220390319824,7.171610355377197,0.036715127527713776,145,0.0914592914063579,130.60167917872695
43ab4xxx91,140,0.7141819063031828,0.13064381536971428,0.2598162099091924,throw it up,ExpertPlus,9.694185256958008,4.444498538970947,10.80007553100586,11.035892486572266,0.10144194215536118,877,0.326811217928769,93.977227796222
43bdaxx71,127,0.5896753642366207,0.09327862947060503,0.2141715754298235,ATTACK FROM MANDRAKE,Expert,10.954707145690918,9.057706832885742,10.844391822814941,8.875377655029297,0.2826133966445923,623,1.1514524111940063,120.00560864785166
43bdaxx91,214,0.9345261937365102,0.14101808112802008,0.30741293143551757,ATTACK FROM MANDRAKE,ExpertPlus,13.166746139526367,10.841254234313965,12.17237377166748,10.698453903198242,0.7916515469551086,484,0.9856336819250682,173.3632039027325
43c6ax51,11,0.06301338005090412,0.004682560312459919,0.009135829193733064,Iikanji!!,Hard,5.687520980834961,4.226888179779053,7.320318698883057,3.9384872913360596,0.24263089895248413,706,0.478757049823896,32.347894907437876
43c6ax71,29,0.43960630915733295,0.07128423755310234,0.14314771254947325,Iikanji!!,Expert,9.828126907348633,5.734655857086182,11.160892486572266,7.247453212738037,0.14003263413906097,322,0.1157026276106569,96.5920785069502
43c6ax91,83,0.6551906440193344,0.09615231479638152,0.22028520043779887,Iikanji!!,ExpertPlus,10.752065658569336,6.051517009735107,11.741913795471191,9.138165473937988,0.5156744122505188,1001,0.1539395344469243,115.60691592618605
43c96xxxx11,14,0.589516260398698,0.0387561427232184,0.07991924706511076,Hyper Bass,Easy,2.096742868423462,0.5740938186645508,4.180736064910889,0.7432515025138855,0.006878701038658619,143,0.9440308598586704,4.396330656284647
43c96xxxx51,12,0.5874379034379864,0.09576979832256605,0.05276638835285289,Hyper Bass,Hard,7.379210472106934,4.607919692993164,8.77487564086914,6.839174270629883,0.20803982019424438,327,0.62987943844006,54.452747191652634
43c96xxxx71,24,0.6452001684846485,0.07021048332307306,0.11836679162921755,Hyper Bass,Expert,9.155282974243164,4.916814804077148,10.360297203063965,9.085987091064453,0.11014536023139954,276,0.4550486396638068,83.81920633846676
43c96xxxx91,42,0.5667547315173977,0.09731458163082683,0.19237479074237487,Hyper Bass,ExpertPlus,11.162749290466309,6.228344440460205,11.812310218811035,10.908910751342773,0.08558687567710876,158,0.3151629355196381,124.60697172180608
43ca2xxx51,23,0.5322700735715672,0.031829891126149944,0.09835514466620364,Fireside,Hard,3.907515287399292,1.9314497709274292,6.108499050140381,2.02370285987854,0.04609215632081032,723,0.4356815365640102,15.268675721259171
43ca2xxx91,52,0.49708163249153703,0.05469904703412297,0.1051830131311037,Fireside,ExpertPlus,5.996799945831299,2.095367193222046,8.618376731872559,3.22888445854187,0.1981588453054428,2046,0.3407910528675426,35.96160959032227
43d05xxx11,25,0.09939626599152002,0.03842891004297156,0.013190392190762647,APT.,Easy,3.310051202774048,1.338145136833191,5.5218658447265625,1.7966368198394775,0.04804151877760887,857,0.4374871238923133,10.95643896498592
43d05xxx31,13,0.2665950694461328,0.12203346961492191,0.17662779854248878,APT.,Normal,5.083613395690918,2.0682787895202637,7.294967174530029,4.052755355834961,0.2600667178630829,880,0.3555840674187792,25.843125156848146
43d05xxx51,28,0.3787358179551875,0.012031960982827026,0.02461614457344679,APT.,Hard,6.775870323181152,3.279773712158203,8.651999473571777,6.079221248626709,0.4749414622783661,605,0.5384061995092313,45.912418636567054
43d05xxx71,30,0.24849066497880004,0.030393390540388247,0.04897576786007079,APT.,Expert,6.763044357299805,2.582063913345337,9.02449893951416,5.326073169708252,0.36071255803108215,1471,0.3584473106173131,45.73876897880473
43d05xxx91,83,0.40619308352453265,0.05315106619400892,0.14078268280465522,APT.,ExpertPlus,9.29454231262207,3.4346070289611816,11.224800109863281,8.158857345581055,0.2878890335559845,1527,0.5295769097736313,86.38851680112202
43d09xxx91,83,0.5306430034075691,0.08806508957796864,0.17796928877700205,INTERDIXION,ExpertPlus,13.188348770141602,10.019603729248047,12.679438591003418,9.938941955566406,0.2605118751525879,282,0.1517869455416276,173.9325432828955
43d09xxx92,52,0.5267912361703164,0.06802557880191948,0.12325867004006838,INTERDIXION,ExpertPlus,12.042196273803711,5.307555675506592,13.585535049438477,8.303995132446289,0.3818814158439636,121,0.22189705534499,145.01449109681198
43fb6xxx71,26,0.2411190878348562,0.00047423069302787724,0.015228758804345769,Ground Pound,Expert,6.396191596984863,3.5943470001220703,8.128030776977539,5.7295355796813965,0.10980959981679916,590,0.6509452280000178,40.911266945339776
43fb6xxx91,67,0.5092461349349907,0.06542871628393089,0.13536399337721697,Ground Pound,ExpertPlus,9.412774085998535,8.074201583862305,9.471744537353516,9.026540756225586,0.21648648381233215,689,0.8431145640831472,88.60031599404556
440c1xxx31,34,0.494310584812173,0.03184724357203198,0.05144237069504912,Renegade (We Never Run),Normal,6.32993221282959,4.248807430267334,8.013797760009766,4.587466239929199,0.10316658020019531,538,0.2547154962302368,40.06804181901771
440c1xxx51,33,0.3796937504423584,0.03246028135351215,0.0740938454392978,Renegade (We Never Run),Hard,7.925638198852539,4.481649398803711,9.59002685546875,6.2214813232421875,0.08001434803009033,662,0.0593040323616696,62.81574085911052
440c1xxx91,132,0.7708895347157105,0.1333293625677204,0.2899778165360504,Renegade (We Never Run),ExpertPlus,10.656803131103516,5.038353443145752,11.514477729797363,11.895857810974121,0.20367223024368286,750,0.2841260524140186,113.5674529750977
44178xxxx91,149,0.7491787977997134,0.10879750214055108,0.23867466726997635,Higher Than the Sky,ExpertPlus,11.494455337524414,8.401188850402832,11.720294952392578,8.781193733215332,0.642919659614563,1019,0.3455030242846899,132.1225035063435
44196xxx91,12,0.6789889274936622,0.01577480404168674,0.012949278076973289,DIVA,ExpertPlus,5.711103439331055,3.9608216285705566,7.489923477172852,3.699619770050049,0.1981971263885498,467,0.6620141451218096,32.616702494739
44289x91,49,0.47966518635266053,0.06327622111990724,0.15534971257416835,Darkness Swallows Life,ExpertPlus,11.073162078857422,12.15745735168457,10.886728286743164,2.0408225059509277,0.5783836841583252,116,0.3145993066944463,122.61491842464602
443daxxx91,26,0.5110607487036671,0.07181868526482157,0.11639745801308023,INTERDIXION,ExpertPlus,11.512149810791016,9.220833778381348,11.767502784729004,6.7909650802612305,0.293765127658844,198,0.470806397086097,132.52959326609562
44758xxx91,67,0.3730634180307177,0.09132421703122995,0.13160795585730745,Silentphobia,ExpertPlus,12.053038597106934,10.226432800292969,11.913369178771973,6.943775177001953,0.11895815283060074,243,0.3109804133679216,145.27573942334948
44794xxx11,11,0.1463125374940091,0.004337778201783251,0.005410505796256712,ENÛMA∇ELIŠ,Easy,3.0220577716827393,1.4602633714675903,5.152193069458008,1.2197792530059814,0.0056984457187354565,53,,9.132833175388043
44794xxx71,12,0.09155102405567582,0.00420832135754845,0.004271035634277072,ENÛMA∇ELIŠ,Expert,9.751248359680176,8.099566459655762,10.616774559020996,4.757901668548584,0.3672586679458618,91,,95.08684457216532
44794xxx91,24,0.2479434396911553,0.012433963808733498,0.022980892913655387,ENÛMA∇ELIŠ,ExpertPlus,11.919169425964355,9.030632972717285,12.108664512634277,7.794127464294434,0.26287713646888733,119,0.1364106590158443,142.06659980484346
447a8xxx91,153,0.5413511691154378,0.10867529724622606,0.12215952869478941,Mimi's Delivery Service,ExpertPlus,4.541832447052002,3.5321855545043945,6.467397212982178,1.6526159048080444,0.03322882577776909,1826,0.9268516651567964,20.628241977094376
447b5xxxxx51,24,0.39725672879349316,0.045532251580851966,0.0996241082612807,Ascension to Heaven,Hard,6.189286231994629,4.2242350578308105,7.77442741394043,4.9812331199646,0.18523921072483063,766,0.4452074148758356,38.30726406155827
447b5xxxxx71,55,0.40728231804114323,0.030325027071276395,0.056423482830777895,Ascension to Heaven,Expert,10.493559837341309,7.688454627990723,10.754361152648926,9.548434257507324,0.7445520758628845,1104,0.1551504426580445,110.11479805986255
447b5xxxxx91,57,0.4983230624450775,0.04452174091879263,0.10163224494277247,Ascension to Heaven,ExpertPlus,11.937348365783691,7.948925495147705,12.099586486816406,10.35461711883545,0.14188922941684723,459,0.1615862792866095,142.50028600607857
449dexxx91,65,0.4194345024043463,0.08802880004169446,0.11219504156283742,Three Bastards,ExpertPlus,12.368559837341309,14.421613693237305,11.170377731323242,2.516089677810669,0.8378931283950806,135,0.4219265891046156,152.98127244989246
44b4dxxxxxxxxxxx11,54,0.2632646799660751,0.09127920416619412,0.05954151813533913,Konpeito Extremists,Easy,5.023628234863281,1.4424456357955933,7.737813949584961,2.475334405899048,0.035064470022916794,420,0.5410429598443782,25.236840642115567
44b4dxxxxxxxxxxx31,45,0.22322193588466285,0.013961437972599109,0.0335064201897608,Konpeito Extremists,Normal,5.970633506774902,2.594665765762329,8.10948657989502,4.851070404052734,0.07866501063108444,593,0.3645532689842288,35.64846447222317
44b4dxxxxxxxxxxx51,54,0.40402213292055816,0.040830464064131,0.07923902733549323,Konpeito Extremists,Hard,7.915955066680908,4.579713344573975,9.282700538635254,7.6672186851501465,0.31197336316108704,1049,0.6246007486422238,62.66234461771114
44b4dxxxxxxxxxxx71,87,0.37656744317805957,0.05299004860483345,0.1082692066482962,Konpeito Extremists,Expert,9.473380088806152,5.810571670532227,10.351665496826172,9.337489128112793,0.1937071979045868,864,0.8346696545806622,89.74493030698886
44b4dxxxxxxxxxxx91,231,0.793412850959639,0.11430069104042152,0.22544371191055296,Konpeito Extremists,ExpertPlus,12.000886917114258,9.308989524841309,11.473679542541504,11.18684196472168,0.7050867676734924,1265,1.0929675994071624,144.02128679736416
44d9exxxx51,10,0.0,-0.010184009135401028,0.0,TRUST!,Hard,5.592839241027832,3.3920934200286865,7.463129997253418,4.140316486358643,0.1574309766292572,345,0.7957592272986328,31.279850775980776
44d9exxxx91,17,0.1630934542493989,0.06939929660200168,0.11276094725457968,TRUST!,ExpertPlus,7.016546249389648,3.7338309288024902,8.901472091674805,5.4322991371154785,0.20289897918701172,731,0.428844506878734,49.23192126982394
44eaaxxxxxxx71,42,0.34784131681613484,0.07408106372518526,0.13984258227671498,Superhero,Expert,7.436675548553467,3.6975159645080566,9.304530143737793,6.1146368980407715,0.3003549873828888,857,0.7013548162205248,55.304143214453006
44eaaxxxxxxx91,85,0.8164248934303121,0.15263583149331525,0.35476628948705646,Superhero,ExpertPlus,10.50270938873291,4.484443664550781,11.714364051818848,10.950457572937012,0.2666088938713074,639,0.7783172827072437,110.30690450417842
45234xxx31,70,0.22532123022976205,0.053758029511885935,0.034437100301404594,OverDrive,Normal,6.03029727935791,4.467246055603027,7.736724376678467,3.5800678730010986,0.24152247607707977,892,0.5052827193549259,36.36448527743141
45234xxx51,70,0.3450845616760008,0.08155646373792602,0.07489643492782078,OverDrive,Hard,7.49266242980957,8.065196990966797,8.154683113098145,3.797917604446411,0.12758252024650574,870,0.9926904205724004,56.139990287079854
45234xxx71,138,0.6203693421313206,0.08062664470281408,0.1595912016909467,OverDrive,Expert,9.434751510620117,9.50927448272705,9.828471183776855,3.971540689468384,0.19638119637966156,466,0.0014480576557744,89.01453606714858
45234xxx91,138,0.6346967208663683,0.11174320438683917,0.20265978072463758,OverDrive,ExpertPlus,11.703652381896973,9.99878215789795,11.84911823272705,5.717771053314209,0.23274922370910645,338,0.0131091301782159,136.97547907628268
4525491,147,0.6335809972148013,0.10113438714064722,0.1914199836714767,Bad Apple!!,ExpertPlus,11.872319221496582,9.395337104797363,11.338500022888184,10.964993476867676,0.2865983545780182,503,0.7170801095947387,140.9519636971172
45265xxx31,14,0.30547615135828965,-0.0044704481537489104,-0.012476269431556743,Guns Blazing,Normal,3.2712483406066895,1.5682047605514526,5.279468059539795,2.3265440464019775,0.02860136143863201,401,0.6866425510693586,10.70106570592202
45265xxx91,43,0.2995840548415623,0.021096512099384804,0.018246600299678922,Guns Blazing,ExpertPlus,5.16627836227417,3.1609063148498535,7.052524089813232,3.788947820663452,0.036098022013902664,1211,0.3009595426606149,26.69043211650228
45274xx91,142,0.5134494317027761,0.08355235208633086,0.17035837352747862,Mesmerizer,ExpertPlus,9.361924171447754,5.784322261810303,10.516189575195312,7.766183853149414,0.20492562651634216,2328,0.4139587878025764,87.64562419193771
452f4xxxx51,64,0.3066865432816109,0.02039957891582375,0.049109379056112915,VIVIDVELOCITY,Hard,3.7880055904388428,1.8260838985443115,6.0103631019592285,1.8523383140563965,0.05552370101213455,801,0.2888070643867106,14.348986353195926
452f4xxxx71,84,0.30050129864273345,0.027164017237328014,0.04454616537478882,VIVIDVELOCITY,Expert,5.999029159545898,3.586534261703491,8.014303207397461,3.586134910583496,0.18944233655929565,1760,0.1553824373205477,35.98835085708197
452f4xxxx91,217,0.6837919254957151,0.11988238612612469,0.2363444985299725,VIVIDVELOCITY,ExpertPlus,10.830641746520996,8.944998741149902,11.195453643798828,6.412526607513428,0.40480488538742065,1658,0.5343394517316887,117.30280064148337
45365xxx91,29,0.35266581626219934,0.03847549189560453,0.07238526487951935,HOT,ExpertPlus,7.651242733001709,3.1597812175750732,9.544523239135742,7.300281524658203,0.16955500841140747,928,0.6298164670359788,58.54151535931146
45431xxx71,30,0.19835475175292422,0.08798918657528103,0.05475438137320035,Ain't Nobody,Expert,6.846949577331543,3.7952370643615723,8.468183517456055,6.555905342102051,0.27457982301712036,675,0.4310574124677739,46.880718514520595
45431xxx91,65,0.5669633058353647,0.07394318954799772,0.15166030725724491,Ain't Nobody,ExpertPlus,10.319352149963379,4.234734535217285,11.309288024902344,12.562042236328125,0.24963068962097168,603,0.2468395554156509,106.48902879495381
455eexxxxxx11,13,0.443716999676444,-0.0004517134843149588,0.002887791993828535,toxic till the end,Easy,3.1713480949401855,1.3591097593307495,5.34359884262085,1.609035611152649,0.038411643356084824,218,0.6284094316191438,10.057448739280744
455eexxxxxx31,10,0.40253516907351494,0.031503990719793463,0.08266530336182329,toxic till the end,Normal,4.794023513793945,2.922403573989868,6.721981048583984,3.354015588760376,0.19561618566513062,249,0.6722383741070094,22.982661450809246
455eexxxxxx51,10,0.2995732273553991,0.005694686921113768,0.03551181994332575,toxic till the end,Hard,6.235261917114258,3.3066747188568115,8.013641357421875,5.816154479980469,0.1685754805803299,250,0.4811345656376564,38.87849117501537
455eexxxxxx71,18,0.40402213292055816,0.01162597898033773,0.010834004869423887,toxic till the end,Expert,7.5521240234375,4.764334201812744,8.83584976196289,7.347682952880859,0.5001680254936218,449,0.8283429486748185,57.03457726538181
455eexxxxxx91,55,0.7098480488987409,0.06579154208292178,0.12131478059799022,toxic till the end,ExpertPlus,9.159021377563477,5.038022041320801,10.153535842895508,10.01264762878418,0.3102973997592926,559,0.8874585164814295,83.88767259466476
4561cxxxxxx11,31,0.40196454493906053,0.15464713801828486,0.2242979847629561,Yearn to Bloom - Aeldra's Theme,Easy,1.1161946058273315,0.31615564227104187,2.656345844268799,0.38146787881851196,0.0024521665181964636,349,0.8434308344575074,1.245890398078032
4561cxxxxxx31,34,0.48526487461794415,0.04661215216449679,0.13808861662411484,Yearn to Bloom - Aeldra's Theme,Normal,1.9058151245117188,0.696600079536438,3.800051689147949,0.7910622954368591,0.009736559353768826,316,0.7156996293339803,3.632131288817618
4561cxxxxxx51,63,0.3955841553368532,0.03141422750978428,0.06514320738963243,Yearn to Bloom - Aeldra's Theme,Hard,2.8098509311676025,1.259701132774353,4.851475238800049,1.5591504573822021,0.014180701225996017,1285,0.4742336849213682,7.895262255383443
456d0xxxx91,33,0.3198731132901763,0.03948805799229304,0.09300663921716415,Oxycodone,ExpertPlus,7.772494316101074,3.4980862140655518,9.667699813842773,6.7471699714660645,0.1282709240913391,757,0.5370483698723165,60.411667893823505
45733x91,28,0.2742094107385075,0.02815925899426262,0.05024149677470883,Chrono Diver -PENDULUMs-,ExpertPlus,7.851817607879639,5.461432456970215,9.205750465393066,5.8734025955200195,0.3456289768218994,1029,0.7980728069136817,61.65103974740873
45a94xx91,79,0.3997780808824983,0.08859049535298015,0.0656457730504011,Up From The Bottom,ExpertPlus,6.075106143951416,4.524657249450684,7.425575256347656,5.510141372680664,0.16146862506866455,2815,0.5352487545703812,36.90691466027624
45f7fxx91,49,0.2685408657963307,0.0773353603139805,0.08631859039393598,DRUM GO DUM,ExpertPlus,8.18485164642334,5.9405131340026855,9.46517276763916,5.648514747619629,0.1873832494020462,1012,0.9369230789186068,66.99179647395886
4634dxxxx91,26,0.05331901388922656,0.022240062664179796,0.039324856726394936,Great Distance,ExpertPlus,9.090617179870605,6.73870325088501,10.060379028320312,6.565644264221191,0.12287981063127518,441,0.2053196531576341,82.6393207109586
46395xx51,17,0.333115322360938,0.14131131947388748,0.06951896991143969,Into Dust,Hard,5.064940452575684,1.923294186592102,7.507912635803223,3.0331625938415527,0.05399147421121597,316,0.6547841881097952,25.65362178813757
46395xx71,15,0.3924069354300104,0.06017209394200392,0.11703621146327009,Into Dust,Expert,7.453375816345215,2.7547783851623535,9.977823257446289,4.378713130950928,0.14425547420978546,380,0.2992539928566161,55.5528110596797
46395xx91,71,0.5095502693618211,0.07970513480120818,0.1604290476750466,Into Dust,ExpertPlus,10.27204418182373,4.181093215942383,11.840934753417969,9.419367790222168,0.20532484352588654,558,0.4653584445925097,105.51489167333875
46472xxxxx91,44,0.48330789907781574,0.07616440446750565,0.13660394712888976,FINAL_ROAD_MEGAMIX,ExpertPlus,11.012224197387695,9.326988220214844,11.322622299194336,5.961713790893555,0.3770020604133606,360,0.1343983077611291,121.26908177353107
4685exx91,91,1.0333670179537213,0.15580671148430347,0.3795338346373537,Tic! Tac! Toe!,ExpertPlus,11.085469245910645,6.79119873046875,11.196188926696777,12.675468444824219,0.5191667079925537,631,0.8367547305060058,122.88762840203071
468ddxx91,42,0.2998674353746524,0.023372335176578534,0.03529029530328666,Unshatter,ExpertPlus,4.288088798522949,2.737013339996338,6.109927654266357,3.309156894683838,0.04571156203746796,1476,0.6176057663109952,18.38770554401799
46a9exxx91,111,0.9596382146811477,0.13674235180698957,0.2568678260165594,Sacrifice of Fools,ExpertPlus,12.53049373626709,7.161149024963379,12.450800895690918,13.667956352233887,0.5821753144264221,578,0.6518636346159138,157.01327327462877
46e4fxxx71,34,0.4265874938417599,0.0751475856476165,0.10785592530170549,Lay Down,Expert,6.332496166229248,3.877683401107788,8.18549919128418,4.396925449371338,0.11382902413606644,436,0.5063304060208559,40.100507695308124
46e4fxxx91,54,0.2746755343998495,0.0493530291531512,0.07681716717853888,Lay Down,ExpertPlus,7.492727279663086,4.008285045623779,9.325728416442871,5.750513076782227,0.10679782181978226,1025,0.5156248932923986,56.14096208740739
46e59xx31,39,0.5147237403243978,0.04059842825262883,0.08565335213503603,did i tell u that i miss u,Normal,1.8423058986663818,0.5306282043457031,3.8241171836853027,0.5160883069038391,0.0065239486284554005,482,0.5592378455815952,3.3940910242609448
46e59xx51,30,0.32524350141193487,0.021886724370676493,0.05084034366652803,did i tell u that i miss u,Hard,2.8322978019714355,1.4479185342788696,4.754688739776611,1.870397925376892,0.013301919214427471,512,0.3775746446416636,8.021910839052225
46e59xx71,40,0.3855066380623498,0.02486812681440361,0.0732680852820679,did i tell u that i miss u,Expert,4.342255115509033,2.1872382164001465,6.395740509033203,3.2538788318634033,0.057935215532779694,933,0.6544960811376794,18.855179488164367
46e59xx91,79,0.4211249030795897,0.05870882030731731,0.08642645319629672,did i tell u that i miss u,ExpertPlus,6.350196838378906,3.0132761001586914,8.514938354492188,4.423991680145264,0.09655983000993729,1976,0.5573785934161319,40.32499988615746
46f03xx51,21,0.2503569224775134,0.004108871288913758,-0.003165338958243124,Calamitous Demise,Hard,8.923168182373047,7.2044596672058105,10.302952766418457,3.1471054553985596,0.6273864507675171,376,0.1475890980773978,79.6229304109147
46f03xx71,43,0.28620349333217715,0.022471797598197195,0.05122263989144915,Calamitous Demise,Expert,12.148123741149902,14.913018226623535,10.636588096618652,2.84505558013916,0.8279079794883728,71,,147.5769104302899
46f03xx91,34,0.523523872253652,0.05132644315666446,0.10255723030076606,Calamitous Demise,ExpertPlus,14.070054054260254,16.180631637573242,11.826927185058594,4.111915588378906,0.8703829646110535,57,,197.9664210898054
46f3dxx91,76,0.747487601530182,0.11453052940050235,0.23658538748904478,NO NAME,ExpertPlus,11.325465202331543,5.047399044036865,12.019227027893066,13.18923568725586,0.23491261899471283,503,0.4736578967538083,128.26616204922266
47000x91,32,0.30123506270942696,0.0319905382410116,0.06352602910224277,Let You Fade,ExpertPlus,4.976089000701904,3.6432623863220215,6.587396144866943,4.006768703460693,0.06225442513823509,1010,0.5903739035759209,24.761461742906477
471b7xxx71,23,0.15068416968694462,0.019334635638696817,0.02742527389414187,On My Lips,Expert,5.025522232055664,3.2219436168670654,6.892550945281982,3.520678997039795,0.1749681532382965,712,0.4160757326798941,25.255873704885744
471b7xxx91,54,0.39947368093599755,0.062310756144198585,0.12294694429419419,On My Lips,ExpertPlus,8.260797500610352,3.6511390209198,10.260936737060547,6.3768696784973145,0.3716673254966736,1341,0.2633240425598584,68.24077534609023
471f8xxx71,35,0.3183885543850839,0.05947952307035336,0.09769265105801633,OVER:Acceleration,Expert,7.578402042388916,5.832158088684082,9.2730712890625,2.908576488494873,0.22442133724689484,1049,0.1476277223254972,57.432177516084494
471f8xxx91,48,0.3501366642419559,0.09008953762956846,0.1553946036459104,OVER:Acceleration,ExpertPlus,12.152853965759277,13.391504287719727,11.276837348937988,3.3215415477752686,0.2736016809940338,135,0.5907343540279099,147.691859513071
474c5xxx91,31,0.28519401001560946,0.059837160720850914,0.11129644025619087,Namae no Nai Kaibutsu,ExpertPlus,6.687653064727783,5.061095714569092,8.316301345825195,3.7477805614471436,0.0705617144703865,882,0.6865092352152324,44.72470351416291
47a42xxxx51,35,0.3989993797110615,-0.004781342722973519,-0.020961850264943925,Protect Me,Hard,2.5757699012756348,1.5471878051757812,4.455832004547119,1.1329089403152466,0.02786208875477314,370,0.0611766086668586,6.634590584317493
47a42xxxx71,43,0.2847025974917685,0.03351767085170979,0.036841994470292454,Protect Me,Expert,5.821184158325195,4.660797119140625,7.621433734893799,2.344881772994995,0.2102586030960083,748,0.0968124762391813,33.88618500513621
47a42xxxx91,101,0.787529321382909,0.14231341178239063,0.23095240653310048,Protect Me,ExpertPlus,8.915444374084473,8.886716842651367,9.825565338134766,2.064265489578247,0.24042683839797974,436,0.6733071367096507,79.48514838739447
47c48xxxx91,42,0.6897258261346243,0.07614232240865494,0.23528001660777895,SLIDE THE BPM (UP TO) 420!!,ExpertPlus,14.023810386657715,15.029022216796875,12.165421485900879,5.1304521560668945,0.3722446858882904,107,0.0704011204257959,196.6672577609288
47dcdxxxxxxxxxx91,107,0.573002238979151,0.10795140688658615,0.17716940866029682,MELANCHOLY passing into MANIA,ExpertPlus,14.705519676208496,15.688321113586426,12.464273452758789,5.614704132080078,0.5985158085823059,202,0.0893159843339872,216.25230894735523
47dd6x71,14,0.6315010221774209,-0.054657597597953585,-0.0815389061992147,I Feel Fine,Expert,4.9683918952941895,3.600618600845337,6.889035701751709,2.358847141265869,0.05929079279303551,298,0.4082741564663432,24.684918025224988
47dd6x91,17,0.7370525743881076,0.013491551161502436,-0.004352408297421562,I Feel Fine,ExpertPlus,7.237329959869385,5.119476795196533,8.902397155761719,4.131999492645264,0.11703324317932129,466,-0.0234716845667836,52.37894494802299
47df0xxxxxx91,58,0.5012731933329664,0.09742971543784223,0.18985548271823266,Rainbow Rave Parade,ExpertPlus,10.506804466247559,7.451493740081787,11.038558959960938,8.563536643981934,0.2123401015996933,580,0.4229316390680007,110.39294009195964
47ec2xxxxx91,40,0.44295990662846646,0.031249613103206696,0.1588398327026013,Claw Finger,ExpertPlus,3.9322431087493896,0.6693925261497498,6.797754764556885,1.2445733547210693,0.06292729824781418,1406,0.0306262246184207,15.462535866307064
47f84xxxxx51,10,0.6173786103901937,0.018268846430081663,0.017977084417654776,Sis Puella Magica!,Hard,2.462479591369629,1.209663987159729,4.371833324432373,1.3634796142578125,0.010276878252625465,185,0.7401323115358801,6.063805737911935
47f84xxxxx91,18,0.3305912529215404,0.008251470563289898,0.03368976822993251,Sis Puella Magica!,ExpertPlus,6.456706523895264,2.509779930114746,8.646531105041504,5.452487945556641,0.07135564833879471,533,0.7367275110964843,41.68905913571166
48374xxxx91,57,0.6122515172030328,0.12478371668665034,0.221622038964116,One More,ExpertPlus,7.89888334274292,4.565864562988281,9.50992488861084,6.318883895874023,0.15501901507377625,1535,0.6134181663488215,62.392358062261565
48445x71,52,0.3400390119416882,0.08989395917284952,0.08783121313961849,Astrum,Expert,5.154189586639404,2.404512643814087,7.257077693939209,4.09133243560791,0.037529055029153824,1296,0.1602298831040015,26.565670295022073
484bbxxxxxx91,66,0.5324415498208539,0.0741559069071461,0.11750258374853623,Big Foot,ExpertPlus,9.846457481384277,5.888513565063477,10.897845268249512,8.507089614868164,0.278953492641449,652,0.7277452051144172,96.9527249327084
48acexx91,84,0.4745725655931052,0.06252528121602999,0.12112322888444399,Huh,ExpertPlus,8.776782035827637,5.012170314788818,10.155257225036621,7.589047431945801,0.09198425710201263,650,0.6760283424023075,77.03190290442672
48b7axxxxx71,37,0.37743184567262567,0.023576569267196493,0.03162074038920289,Osmosis,Expert,3.458784341812134,2.0580430030822754,5.487611770629883,1.6550114154815674,0.024112794548273087,541,0.5878556013296669,11.963189123164796
48b7axxxxx91,110,0.4583607240985605,0.04336391512254996,0.07427747893929423,Osmosis,ExpertPlus,6.45845890045166,4.053046226501465,8.2206392288208,4.728278160095215,0.14011497795581818,1418,0.5102038394083867,41.71169136882327
48c01xx31,13,0.3903979857872174,0.013506411269931599,0.012482775292609275,Splush Sunbeach,Normal,4.405069828033447,2.967808485031128,6.278923511505127,2.7968366146087646,0.0802292451262474,248,0.7185471577550411,19.404640189850625
48c01xx51,12,0.41415110829800006,0.006836738377665889,0.03094559575464891,Splush Sunbeach,Hard,6.476304054260254,4.210422992706299,8.18858814239502,4.71414041519165,0.26892033219337463,431,0.5259592467717722,41.9425142032278
48c01xx71,26,0.5689098793489084,0.03286984898591876,0.07116570472809705,Splush Sunbeach,Expert,8.415484428405762,5.6160993576049805,9.75759506225586,6.208730697631836,0.4314824640750885,573,0.6502503513056962,70.82037816473985
48c01xx91,68,0.5479584886297272,0.03641882076862365,0.0622819286829477,Splush Sunbeach,ExpertPlus,11.057188987731934,6.022731304168701,11.95256233215332,9.909330368041992,0.4980444312095642,677,0.504882212993908,122.26142831042034
491b6xx31,19,0.18860625991874264,0.011602514114288903,0.034183963855495,Danger,Normal,3.1716761589050293,1.155503273010254,5.491131782531738,1.2482165098190308,0.026735922321677208,435,0.7356796197315776,10.05952965696656
491b6xx51,15,0.21187025535652973,0.0729225410084665,0.11095387292791159,Danger,Hard,5.128293037414551,3.7603049278259277,6.889712333679199,3.2130236625671387,0.18016675114631653,756,0.7992783310031716,26.29938947759456
491b6xx71,40,0.4969813299576001,0.05831263087799725,0.12555611503501057,Danger,Expert,7.919899940490723,6.529129505157471,8.86208724975586,6.018422603607178,0.4933762550354004,1135,0.4063691429114793,62.72481506738495
491b6xx91,97,0.6270050323808338,0.09690341775517027,0.20061677718281523,Danger,ExpertPlus,10.70647144317627,7.912190914154053,11.15196704864502,8.173696517944336,0.3076363205909729,751,0.4890190128552015,114.62853076354895
492e7xxx51,24,0.4523298887927565,-0.00652152702922959,0.011969903379349334,Challenger,Hard,6.637879371643066,3.29496431350708,8.701996803283691,4.818653106689453,0.23942919075489044,410,0.6401132004381412,44.06144255248455
492e7xxx71,23,0.3064893409241668,0.01580451999417222,0.04186477134970598,Challenger,Expert,8.319025039672852,4.366907596588135,9.983030319213867,6.865909099578857,0.2447625994682312,686,0.2063990792256707,69.20617761070389
492e7xxx91,80,0.5325039573486217,0.09392361017184611,0.1386367429116045,Challenger,ExpertPlus,10.978830337524414,7.624236583709717,11.242627143859863,9.977957725524902,0.3604263365268707,610,0.7131961100437516,120.53471558014644
4936axxxxxxxxxxx11,64,0.31960339598761817,0.12025574006551262,0.10914806710529826,G4M3-0V3R,Easy,6.4011101722717285,3.4747347831726074,8.305593490600586,5.016768932342529,0.11532224714756012,634,0.1204472510765776,40.9742114375606
4936axxxxxxxxxxx31,61,0.21118220259323245,0.09145352616008592,0.11962265869211433,G4M3-0V3R,Normal,7.763705253601074,3.9665920734405518,9.638482093811035,5.911141872406006,0.10762346535921097,785,0.2189558488590753,60.27511926479292
4936axxxxxxxxxxx51,132,0.6469328263798472,0.08182552975418327,0.16810390361443517,G4M3-0V3R,Hard,11.469165802001953,7.223901271820068,11.833596229553223,10.559883117675781,0.5340539216995239,979,0.6911585089216002,131.5417641938111
4936axxxxxxxxxxx71,131,0.6058449732262886,0.08982158738347108,0.17321292208370304,G4M3-0V3R,Expert,12.430582046508789,8.833100318908691,12.46941089630127,9.30845832824707,0.5142626166343689,562,0.2189236166900784,154.51937001498663
4936axxxxxxxxxxx91,151,0.6257696676201098,0.10598970971490727,0.17912591263118655,G4M3-0V3R,ExpertPlus,13.781311988830566,9.785541534423828,13.47569751739502,9.537490844726562,0.2578687071800232,325,0.1798413704760668,189.9245601334851
49389xxx91,95,0.44688802816070167,0.07156193543410641,0.1342154366576195,CHUTEN,ExpertPlus,10.611515998840332,12.473301887512207,9.833128929138184,4.2590765953063965,0.5003826022148132,730,0.7893781425758691,112.60427179364433
497a7xxxxxx71,166,0.701194311714406,0.058215822774582614,0.12630916345109552,UmbЯal,Expert,10.606301307678223,10.974130630493164,10.49838638305664,4.194561958312988,0.585765540599823,451,0.6910228148539552,112.49362742925678
497a7xxxxxx91,99,0.7023155677508565,0.10325406542498931,0.21194630118589614,UmbЯal,ExpertPlus,13.795615196228027,11.477527618408203,12.93842887878418,8.605636596679688,0.4535301625728607,174,0.159657051243815,190.31899864239767
49cacxxx11,21,0.3493779482717913,0.011454131631134682,0.026930742618782883,Slash Inferno,Easy,2.799131155014038,1.238531470298767,4.874326229095459,1.3891913890838623,0.019409453496336937,236,1.0111571338510523,7.835135222970223
49cacxxx31,18,0.17655854613044142,0.0011456113875696339,-0.006154116105650519,Slash Inferno,Normal,3.4868311882019043,1.3711758852005005,5.809885025024414,1.5499930381774902,0.04242143779993057,344,0.851119896491003,12.157991735017504
49cacxxx51,25,0.2704629107521622,0.0007397482797034627,0.0171940630207437,Slash Inferno,Hard,5.889716625213623,4.359370708465576,7.507787704467773,4.073194980621338,0.322707861661911,929,0.8148093591075097,34.68876192531775
49cacxxx71,33,0.34640246896756727,0.03213262080015971,0.03251579518812952,Slash Inferno,Expert,8.813508033752441,4.887207508087158,10.447510719299316,6.456800937652588,0.3415825366973877,1040,0.5119810886707867,77.67792386101883
49cacxxx91,100,0.9282315442285739,0.12146756425843652,0.2300319941372054,Slash Inferno,ExpertPlus,12.43655776977539,9.393616676330566,12.004941940307617,10.659261703491211,0.7089800238609314,687,0.8432697641271967,154.66796916096064
4a15dx11,38,0.64630649488236,0.07350535588984917,0.2134503453685507,Strawberry Rush,Easy,1.6403045654296875,0.9539021253585815,3.223294496536255,0.8680393695831299,0.007905406877398491,488,0.2961729493165419,2.690599067369476
4a15dx31,30,0.4176631254865943,0.04041412003426303,0.062201295722580464,Strawberry Rush,Normal,3.53678035736084,1.9019873142242432,5.51182222366333,2.470632553100586,0.06747507303953171,556,0.1021046478182886,12.50881529621347
4a15dx51,28,0.47399396819025735,0.013898518327631226,0.06200521672376862,Strawberry Rush,Hard,5.142642498016357,3.814997911453247,6.7180562019348145,4.162679195404053,0.23736263811588287,855,0.6942541843809098,26.44677186240392
4a15dx71,37,0.362307094647344,0.0413631573584061,0.09724114295284444,Strawberry Rush,Expert,7.361205101013184,4.748013973236084,8.46651554107666,8.147893905639648,0.3287349045276642,940,0.6357073012329936,54.187340539182514
4a15dx91,80,0.6760414955356808,0.15006833299346137,0.28559135186853013,Strawberry Rush,ExpertPlus,8.345330238342285,4.41616678237915,9.635286331176758,8.872000694274902,0.24047330021858215,1571,0.5643005900721072,69.6445367869901
4a646xxx91,52,0.7097019669785138,0.10732928329508731,0.1756823025619486,Hito Mania,ExpertPlus,10.238931655883789,5.894277095794678,10.96229362487793,10.604339599609375,0.09928832203149796,547,0.315490293387052,104.83572145385915
4a752xxx91,23,0.1946668180207916,0.012759294476749172,0.016066490661161798,Make 'Em Afraid,ExpertPlus,7.0791192054748535,4.4859700202941895,8.837813377380371,4.700462341308594,0.17735330760478973,964,0.5573636830291038,50.11392872532292
4aafexxxxxx31,47,0.35611844706653045,0.018337094444032646,0.11549824105907305,Shy Toy Soldier,Normal,3.6673331260681152,3.4146389961242676,5.2208099365234375,2.054678440093994,0.04399343580007553,584,0.6201025479984722,13.449332257556534
4aafexxxxxx51,36,0.28409190754454955,0.09465078427143434,0.04462617808732183,Shy Toy Soldier,Hard,6.875233173370361,4.77592134475708,8.308197975158691,5.663383960723877,0.3238123655319214,823,0.0427793650944721,47.26883118821229
4aafexxxxxx71,49,0.3691325250831826,0.03625042515046256,0.06319425481092378,Shy Toy Soldier,Expert,9.199440002441406,5.7971577644348145,10.269485473632812,8.070574760437012,0.41791993379592896,1216,0.1255039312436361,84.62969635851914
4aafexxxxxx91,74,0.4890221429149386,0.10994825833150498,0.19459628300567014,Shy Toy Soldier,ExpertPlus,12.187292098999023,6.518266201019287,12.65438461303711,11.842704772949219,0.06459847837686539,216,0.1956993066778599,148.53008870632402
4ad0dxxxx91,60,0.5146892173251374,0.08371878035865365,0.15886759940553055,laced up,ExpertPlus,9.851394653320312,4.484752178192139,11.220358848571777,9.613279342651367,0.23771965503692627,549,0.3352317498808312,97.04997661546804
4ad7exx11,11,0.3150669002545206,0.14946504578009215,0.22679240715496202,Raised by Bats,Easy,1.2932662963867188,0.26478782296180725,3.025148868560791,0.148049458861351,0.004405345302075148,78,,1.6725377133698203
4ad7exx51,10,0.3871201010907891,0.047196121333225836,0.08992035304858081,Raised by Bats,Hard,2.370286226272583,1.0255486965179443,4.360549449920654,1.0441839694976807,0.00854320079088211,76,,5.618256794457523
4b07axx51,20,0.4238185598447991,0.07912977904417061,-0.027905870287081202,gigolo,Hard,5.430636882781982,2.805542469024658,7.466757297515869,4.1278977394104,0.1575974076986313,786,0.1164990542880994,29.491816952632007
4b07axx71,19,0.516110274027762,0.1321584096581266,0.1417815796058302,gigolo,Expert,8.48302173614502,4.819458484649658,9.713696479797363,8.522245407104492,0.43472030758857727,598,0.5792469759042165,71.96165777590886
4b07axx91,68,0.6354679379324879,0.06433729308882594,0.09013359924404757,gigolo,ExpertPlus,9.51102352142334,4.62518310546875,10.589627265930176,10.677125930786133,0.34034132957458496,1103,0.5382166485864909,90.45956842506803
4b51fxxx71,28,0.3652610239858493,0.00022913291914992775,0.013587437105891307,Yggdrasil,Expert,8.621740341186523,6.839907169342041,9.847883224487305,4.4978742599487305,0.4671241343021393,540,0.1691191029403364,74.33440651084311
4b51fxxx91,47,0.5495722500189729,0.03727753245798086,0.08150488273737527,Yggdrasil,ExpertPlus,12.341609954833984,12.80668830871582,11.252213478088379,6.083080768585205,0.8701967597007751,129,0.7183840995305721,152.3153362772573
4b8f4xx71,17,0.4215904633477776,-0.00681519323634767,-0.019075317452193975,Odo,Expert,6.829404354095459,5.458507061004639,8.27651596069336,4.1328325271606445,0.24443913996219635,426,0.5355092661723665,46.64076383173801
4b8f4xx91,41,0.363341887286084,0.010218557198006028,0.02134158855435905,Odo,ExpertPlus,8.909728050231934,6.877041339874268,9.736056327819824,6.908863544464111,0.44682028889656067,635,0.4568056240641682,79.38325392908973
4b9fcxx91,34,0.24274198957593446,0.033368671420000044,0.04536673225488136,CR SPEEDRAVER,ExpertPlus,11.212133407592773,13.517659187316895,10.426121711730957,2.0130810737609863,0.330938458442688,92,,125.71193554965794
4bbe5xx71,19,0.34967314384987747,0.04360344376514109,0.07779797529166164,Wavetapper,Expert,7.078592300415039,4.546125888824463,8.718026161193848,5.241156101226807,0.06033877655863762,218,0.7466446163013906,50.106468955495075
4bbe5xx91,35,0.3004283069730161,0.08934777671637775,0.145817615982927,Wavetapper,ExpertPlus,10.543364524841309,7.369600772857666,11.103565216064453,8.605860710144043,0.03628795966506004,146,0.1313996220263593,111.1625355036822
4bc4exxxxx91,19,0.3923536815454738,0.04529911940039832,0.04433303580724875,I Can Fly In The Universe,ExpertPlus,13.021187782287598,12.604236602783203,12.057618141174316,6.165143966674805,0.6245156526565552,34,,169.5513312615958
4bf13xxxxxx71,65,0.5904137689752692,0.07012575081677824,0.10831720077613456,Distortion,Expert,10.050206184387207,12.057557106018066,9.447237968444824,3.9312965869903564,0.6132891178131104,227,0.5950358387766572,101.00664434869486
4bf13xxxxxx91,27,0.18406715924355557,0.011003327295075895,0.022220414301502837,Distortion,ExpertPlus,11.632988929748535,11.890494346618652,11.07565975189209,5.070736408233643,0.2737150192260742,78,,135.32643143965197
4c006xx91,42,0.5349885800892816,0.055869867558926305,0.0967398221908503,Itchy Scratchy,ExpertPlus,10.374431610107422,8.517801284790039,10.668837547302246,7.461529731750488,0.7046467065811157,252,1.0444630370956274,107.62883123279607
4c05fxx11,30,0.3640151950721242,0.13297901677441254,0.18616892098686824,MOSHI,Easy,2.0960593223571777,0.7356901168823242,4.112118244171143,0.6917566657066345,0.009362018667161465,270,0.7694641805130489,4.393464682840431
4c05fxx71,27,0.34636444200925487,0.014965308505235302,0.05765891360138102,MOSHI,Expert,9.3601713180542,7.1119890213012695,10.197546005249023,6.738253116607666,0.6328125,714,0.8128816763848471,87.61280710332449
4c05fxx91,73,0.5307060013284988,0.11592533436282895,0.12098197832616661,MOSHI,ExpertPlus,11.564787864685059,7.78848934173584,11.643305778503418,10.981535911560059,0.7259625196456909,727,0.6502191652571156,133.7443183551668
4c356xxxx51,25,0.3740735973699953,0.014415037082843068,0.033586879513576647,Classical VIP,Hard,7.627030372619629,3.7668895721435547,9.350197792053223,7.000543594360352,0.47178414463996887,478,0.7718345710635602,58.171592304862315
4c356xxxx91,75,0.6895861684662922,0.0746972501085552,0.15319714732379494,Classical VIP,ExpertPlus,12.120235443115234,6.227929592132568,12.488929748535156,12.967240333557129,0.8210625648498535,505,0.8866970397545153,146.90010719654674
4c5e3xx51,78,0.3430414912686214,0.03716003336197304,0.08011073529810485,Godspeed,Hard,9.402566909790039,8.59849739074707,10.4080810546875,2.5990848541259766,0.30845126509666443,661,0.0691180199814528,88.4082644930786
4c5e3xx71,105,0.5448587667586965,0.1772821218043229,0.21358100645875183,Godspeed,Expert,13.01947021484375,16.527509689331055,10.738104820251465,3.0228190422058105,0.6892058253288269,195,0.7184210063625954,169.50660467520356
4c5e3xx91,157,0.7504027999883678,0.17465402844129874,0.2059602850681342,Godspeed,ExpertPlus,14.017548561096191,16.48990249633789,11.604063987731934,4.175177574157715,0.8513768911361694,369,0.6871838300919876,196.4916676626899
4cb5cxxx11,12,0.28881132523331055,0.017814616593368953,0.08701933987795822,MIREN,Easy,1.668835997581482,0.5093153119087219,3.5298378467559814,0.5809136629104614,0.004719927906990051,57,,2.78501358682378
4cb5cxxx31,12,0.28881132523331055,0.02628454099174408,0.058157888116473266,MIREN,Normal,2.6486024856567383,1.1242778301239014,4.667827606201172,1.5174448490142822,0.01691552624106407,53,,7.0150951270270525
4cb5cxxx51,16,0.25993019270997947,0.019564075654979834,0.021769749576370012,MIREN,Hard,5.282939434051514,3.319504976272583,7.016970634460449,4.52105712890625,0.13020649552345276,124,0.5471775503845684,27.909449063856528
4cb5cxxx71,17,0.2684910700863433,0.008555916865879375,0.010186676577510254,MIREN,Expert,9.566572189331055,5.748060703277588,10.474966049194336,9.374505043029785,0.48316895961761475,192,0.502293365134497,91.51930345368237
4cb5cxxx91,49,0.4951281598566915,0.06889970771943718,0.13667025823465312,MIREN,ExpertPlus,12.954483032226562,8.750213623046875,12.399272918701172,13.00418472290039,0.8393315672874451,175,0.780430968921575,167.8186306322459
4cbd0xxxx91,33,0.5231557876624564,0.06904376144121782,0.11390358442293323,Sound Chimera,ExpertPlus,13.97084903717041,14.562811851501465,11.96321964263916,7.197717666625977,0.781151294708252,50,,195.18462281940538
4cdf0xxxx91,74,0.6975117874033597,0.07139047054379422,0.11028942336533827,Tic! Tac! Toe!,ExpertPlus,11.092535018920898,6.159170150756836,11.59142017364502,11.84986400604248,0.7066040635108948,656,0.7977896395545562,123.04433314598646
4cf6axx91,37,0.30151410603990525,0.0770382622885971,0.07698922576965805,Ronald,ExpertPlus,9.022584915161133,10.616474151611328,8.939441680908203,3.696810245513916,0.18650643527507782,295,0.7350321506477119,81.40703855129323
4d641x71,40,0.2311619854648014,0.021753783884639756,0.044662706306652325,Interdixion,Expert,10.28653335571289,9.039990425109863,10.776474952697754,5.145928382873535,0.2201058566570282,402,0.3926475212855007,105.8127684781939
4d641x91,64,0.5925265496885206,0.0704388172420449,0.17677506090719963,Interdixion,ExpertPlus,12.039478302001953,9.570555686950684,12.109564781188965,7.288592338562012,0.22456876933574677,280,0.1867300362064458,144.94903778437583
4d6f5x91,244,0.9712110620424266,0.14138068903376622,0.3145345051842836,Sanity Krush,ExpertPlus,13.225373268127441,10.208856582641602,11.933429718017578,13.863194465637207,0.8732753396034241,782,1.2068148196776587,174.91049808129992
4d77bxx71,12,0.17328679513998632,-0.014824234919789977,-0.03162714602511729,"jane didn't ""invent dariacore"", i did",Expert,8.379947662353516,6.799131393432617,9.616745948791504,4.289239406585693,0.3861579895019531,102,0.1413807879279882,70.22352282378415
4d77bxx91,26,0.36216840213028667,0.08162031706098384,0.07986799982570554,"jane didn't ""invent dariacore"", i did",ExpertPlus,11.646316528320312,12.078913688659668,11.025861740112305,4.964176654815674,0.6423786282539368,83,,135.6366886778269
4d8eax91,65,0.5748698114227581,0.041089829692299955,0.08289713886474809,it's a seal!,ExpertPlus,5.4212446212768555,2.581559658050537,7.765122413635254,2.8544673919677734,0.04609173536300659,1710,-0.0534892005485464,29.389893243723236
4e47axx91,28,0.43952679333155775,0.0638590757553056,0.1512357078777446,BIKE,ExpertPlus,9.91840648651123,6.170438289642334,10.744972229003906,9.224838256835938,0.10921633243560791,210,0.6400044500410318,98.37478723166805
4e5f4x91,35,0.37097568676786924,0.04582755809052654,0.10476224499066507,Helianthus annuus,ExpertPlus,9.859018325805664,6.001519680023193,10.79018497467041,8.95037841796875,0.31859126687049866,532,0.7016486035970604,97.20024234857192
4e6afxxx71,15,0.5894009540322594,0.08547588963935672,0.14104928976962122,D/N/A,Expert,7.1241278648376465,4.997718334197998,8.671294212341309,4.895537376403809,0.12321394681930542,402,0.2513279203739723,50.753197834556204
4e6afxxx91,32,0.46288362969607355,0.1093252799809369,0.13503839523070743,D/N/A,ExpertPlus,10.206405639648438,5.099143028259277,11.358125686645508,9.834192276000977,0.048099711537361145,211,0.1444160197848208,104.17071608104743
503f091,59,0.4921415094196843,0.05373777314703572,0.12701829697641592,Strawberry's Daughters,ExpertPlus,6.9326324462890625,7.1710710525512695,8.12857437133789,2.0782039165496826,0.07856891304254532,380,-0.0454866306296922,48.06139263533987
517e7xxxxxxxxxx91,41,0.4392812850717029,0.0849836968559516,0.13393033494861617,I want you to know.,ExpertPlus,10.336766242980957,11.001165390014648,10.154541015625,4.362824440002441,0.3176099956035614,116,0.697803762718041,106.84873636203065
6aa7xxxxx91,98,0.5519824797582419,0.0707082226663739,0.1457228446307289,Boss Rush,ExpertPlus,10.922475814819336,7.490830421447754,11.687702178955078,7.4452433586120605,0.7461195588111877,999,0.2996643186206099,119.30047792531332
6c4fxx91,67,0.6435191723035123,0.10433968923533338,0.2242387164479477,Sudden Visitor,ExpertPlus,11.254308700561523,8.724133491516113,11.518595695495605,7.717258453369141,0.4369829297065735,317,0.2470195140870055,126.6594643275348
