lb_id,name,difficulty,Mapper,year,n,e_old,e_new,se,e_top25,evidence
1a55e91,My Album Is Out On Dance Corps So Now I Am Allowed To Do A Dancecore Yay!,ExpertPlus,Emilia,2021,1619,-0.534,-0.461,0.011,-0.456,players reset/repeat directions the analyzer does not expect
2ceacxxxxx91,G e n g a o z o - f o o n,ExpertPlus,ComplexFrequency,2022,116,0.373,0.433,0.047,0.429,heavily retried; few scores (noisy)
25737xx91,Tool-Assisted Speedcore,ExpertPlus,Denyah_,2022,261,0.351,0.376,0.024,0.378,
6b5f71,Break,Expert,Souk & Oddloop,2019,202,0.342,0.374,0.046,0.395,few scores (noisy)
281b711,Thunder,Easy,Semdol,2022,706,-0.34,-0.374,0.019,-0.388,long jump distance (28 m)
4003fxx91,Bruises,ExpertPlus,Loloppe,2024,1281,-0.414,-0.371,0.008,-0.356,
63671,Burn,Expert,bennydabeast,2018,1700,-0.279,-0.366,0.009,-0.265,long jump distance (28 m); many horizontal cuts / crossovers; top players see it differently
3f829xxxxxx91,Extratongue,ExpertPlus,Cratornugget,2024,142,0.332,0.358,0.036,0.383,heavily retried
2713cx11,Burn,Easy,Rashed,2022,714,-0.378,-0.343,0.021,-0.361,
355e0xx91,Birds of Plague,ExpertPlus,Cratornugget,2023,418,0.272,0.342,0.016,0.359,many horizontal cuts / crossovers
194291,Chrome Vox,ExpertPlus,moriik,2018,569,0.377,0.336,0.018,0.38,long jump distance (35 m); many horizontal cuts / crossovers
1689431,Merry-Go-Round,Normal,Zelazowa,2021,181,0.214,0.32,0.045,0.207,short jump distance (11 m); top players see it differently; few scores (noisy)
15571,Midnight City,Expert,bennydabeast,2018,1121,-0.352,-0.32,0.01,-0.255,many horizontal cuts / crossovers
1551271,The Glock,Expert,Tseska,2021,1071,-0.094,-0.316,0.01,-0.321,many horizontal cuts / crossovers
126c51,iLLness LiLin,Hard,mystikmol,2018,1019,0.292,0.307,0.01,0.351,many horizontal cuts / crossovers
3cf75xxxxxxx91,keep out!,ExpertPlus,UglyApe,2024,963,0.398,0.306,0.016,0.348,many horizontal cuts / crossovers
28251,Awe (One Saber),Hard,rustic,2018,377,-0.386,-0.305,0.022,-0.206,many horizontal cuts / crossovers
2713cx31,Burn,Normal,Rashed,2022,831,-0.281,-0.304,0.014,-0.341,
6b3571,Legend of Millennium,Expert,Hoppaw,2019,528,-0.343,-0.303,0.014,-0.333,
4adb31,Deja Vu (Short Ver.),Normal,redmagi,2019,837,0.336,0.298,0.022,0.211,long jump distance (28 m); many horizontal cuts / crossovers
32d491,MariannE (Lanota Edit),ExpertPlus,redmagi,2019,3537,-0.264,-0.295,0.005,-0.203,many horizontal cuts / crossovers
447b5xxxxx71,Ascension to Heaven,Expert,PnfrlEnm,2025,901,-0.332,-0.294,0.01,-0.276,
36c09xx91,Virus Funk,ExpertPlus,GalaxyMaster,2023,1666,-0.241,-0.29,0.008,-0.319,many horizontal cuts / crossovers
36c8cxxxx91,Say It Back,ExpertPlus,oddloop,2023,264,0.243,0.288,0.025,0.298,
212091,OKAY,ExpertPlus,hexagonial,2018,587,0.359,0.288,0.013,0.386,long jump distance (28 m); many horizontal cuts / crossovers
4cb5cxxx91,MIREN,ExpertPlus,ZeCube,2025,155,-0.225,-0.287,0.026,-0.292,many horizontal cuts / crossovers
194271,Chrome Vox,Expert,moriik,2018,505,0.339,0.282,0.017,0.25,long jump distance (30 m); many horizontal cuts / crossovers
1e8fe91,Get Get Down,ExpertPlus,Pink,2021,1548,0.389,0.28,0.011,0.256,
18ea051,changes,Hard,nolan121405,2021,1001,0.187,0.28,0.016,0.342,
2812fxx71,Halo Reach - Lone Wolf,Expert,Sp234,2022,186,0.27,0.279,0.026,0.174,top players see it differently
46a9exxx91,Sacrifice of Fools,ExpertPlus,The Witch feat. Poochy,2025,507,-0.226,-0.277,0.014,-0.285,many horizontal cuts / crossovers
2b43ax91,Saw-Saw.,ExpertPlus,Emilia,2022,367,0.274,0.276,0.026,0.293,
2b411,Happy Synthesizer,Easy,mystikmol,2018,264,0.134,0.269,0.027,0.235,players reset/repeat directions the analyzer does not expect; many horizontal cuts / crossovers
70d771,Chocolate Planet,Expert,Mystikmol,2019,1743,-0.202,-0.264,0.008,-0.259,long jump distance (34 m); many horizontal cuts / crossovers
41f391,Magnetism,ExpertPlus,squeaksies,2019,995,0.272,0.264,0.012,0.32,long jump distance (27 m); many horizontal cuts / crossovers
6b3551,Legend of Millennium,Hard,Hoppaw,2019,567,-0.385,-0.264,0.016,-0.303,
22717x91,Waifu,ExpertPlus,fqrb,2022,3063,-0.235,-0.263,0.005,-0.258,
3fad4xxx71,Truth Or Dare,Expert,Slayx,2024,1173,-0.285,-0.262,0.009,-0.25,many horizontal cuts / crossovers
35829xx11,What is Love?,Easy,Lalahti,2023,175,0.208,0.259,0.046,0.222,few scores (noisy)
3e7d8xx91,stasis,ExpertPlus,GojiCringer,2024,684,0.239,0.258,0.014,0.285,many horizontal cuts / crossovers; heavily retried
fc4c71,Naughty little demon,Expert,Hoppaw,2020,1194,-0.181,-0.257,0.013,-0.134,long jump distance (36 m); many horizontal cuts / crossovers; top players see it differently
11b4911,Purple People Eater,Easy,FatBeanzoop & ExUnReal,2020,194,0.131,0.256,0.041,0.226,short jump distance (4 m); few scores (noisy)
d90a11,Watch Me Dance!,Easy,SlimyBlob & Victonator,2020,532,-0.154,-0.25,0.026,-0.276,long jump distance (32 m); many horizontal cuts / crossovers
36cf0x91,Teo,ExpertPlus,chikinbiskit,2023,1647,-0.233,-0.25,0.007,-0.257,
bc311,Crack Traxxxx,Easy,mystikmol,2018,235,-0.267,-0.249,0.027,-0.261,many horizontal cuts / crossovers
449dexxx91,Three Bastards,ExpertPlus,Slayx,2025,102,-0.228,-0.249,0.031,-0.25,
2812fxx91,Halo Reach - Lone Wolf,ExpertPlus,Sp234,2022,572,0.257,0.248,0.017,0.175,
270b71,TIERRA,Expert,rogdude,2018,772,0.249,0.248,0.011,0.279,long jump distance (27 m)
427e6xxxx91,Nobody's Christmas!,ExpertPlus,Poochy & azu,2024,1488,-0.252,-0.245,0.007,-0.274,many horizontal cuts / crossovers
1e0b511,Sleeping With Roses,Easy,FatBeanzoop & VeryMerryChicken,2021,1665,0.205,0.245,0.018,0.279,short jump distance (13 m)
497a7xxxxxx71,UmbЯal,Expert,VoltageO & THMX,2025,420,-0.207,-0.243,0.016,-0.244,many horizontal cuts / crossovers
3a1a0xxxxx91,Nevxxxxerland,ExpertPlus,ComputerHackerMan,2024,150,-0.228,-0.243,0.026,-0.243,heavily retried
c24b91,Es Isso,ExpertPlus,xScaramouche & JohnnyDee,2020,1496,-0.24,-0.242,0.007,-0.175,long jump distance (26 m)
3b463x91,Loyal to myself,ExpertPlus,Jonas_0_0,2024,1031,-0.166,-0.242,0.009,-0.244,many horizontal cuts / crossovers
2bf61xx71,Anti-Hero,Expert,symphonic,2022,341,0.225,0.242,0.018,0.16,
38a54xx91,The Vampire,ExpertPlus,Xarope93,2024,700,0.296,0.242,0.014,0.243,short jump distance (16 m); many horizontal cuts / crossovers
59751,Buttonmasher,Hard,moriik,2018,300,0.16,0.242,0.018,0.228,many horizontal cuts / crossovers
30c0a91,mental anguish,ExpertPlus,Phøenix & GojiCrafter,2023,945,0.254,0.241,0.013,0.228,many horizontal cuts / crossovers
43615xx91,doodle,ExpertPlus,BurntSandwich,2025,4088,-0.3,-0.24,0.005,-0.199,
a54c71,Galaxy Collapse,Expert,Skeelie,2020,577,0.219,0.239,0.012,0.281,
46f03xx51,Calamitous Demise,Hard,ViSi,2025,308,-0.24,-0.238,0.013,-0.219,
4c356xxxx51,Classical VIP,Hard,"3psilon9, Swell, The_Editor",2025,357,-0.295,-0.235,0.015,-0.279,
4324exxxx91,Gravisphere Crisis,ExpertPlus,shrado,2025,304,-0.278,-0.235,0.022,-0.242,many horizontal cuts / crossovers
392e6xxx71,een vliegtuig,Expert,Classicstar,2024,2077,-0.29,-0.235,0.006,-0.222,
35208xxxx91,Childchewer,ExpertPlus,The Witch,2023,419,-0.239,-0.231,0.015,-0.213,
1ccb951,Pink Soldiers,Hard,nolan121405,2021,969,0.362,0.231,0.016,0.293,
3e96dxxxxx31,Wheels on the Bus,Normal,bobthezealot,2024,355,-0.248,-0.23,0.022,-0.069,many horizontal cuts / crossovers; top players see it differently
2ee3dx91,No Matter What (2015),ExpertPlus,Phøenix & Zyxi,2023,444,0.219,0.23,0.012,0.204,
1791491,Feast Ov Goreglutton,ExpertPlus,Emilia,2021,628,-0.213,-0.23,0.013,-0.231,
3b34191,-Totsuka no Tsurugi-,ExpertPlus,Anammelech & Excess10n,2024,320,0.254,0.229,0.022,0.242,heavily retried
1a7f991,Animosity,ExpertPlus,ThySpoon,2021,3985,-0.218,-0.229,0.005,-0.241,
28489xx91,RUSH E 2,ExpertPlus,Fireluke Gaming,2022,870,0.268,0.229,0.01,0.262,long jump distance (27 m)
2bf61xx51,Anti-Hero,Hard,symphonic,2022,272,0.213,0.228,0.027,0.244,long jump distance (28 m)
4344cxxxx91,Nxde,ExpertPlus,Jabob,2025,1077,0.196,0.228,0.011,0.236,many horizontal cuts / crossovers
4c356xxxx91,Classical VIP,ExpertPlus,"3psilon9, Swell, The_Editor",2025,424,-0.216,-0.227,0.017,-0.222,many horizontal cuts / crossovers
3aeb1xx91,CALAMITY RHAPSODY,ExpertPlus,Cratornugget,2024,313,0.187,0.227,0.015,0.247,
15b191,Blood Hunter,ExpertPlus,rustic,2018,641,0.155,0.226,0.013,0.22,many horizontal cuts / crossovers
9d051,Fake Love,Hard,bennydabeast,2018,411,-0.107,-0.226,0.019,-0.162,long jump distance (31 m); many horizontal cuts / crossovers
3c5f9x91,Rodents Kingdom,ExpertPlus,Cratornugget,2024,937,0.207,0.225,0.009,0.229,short jump distance (15 m)
1d331,Click Bait,Normal,calijor,2018,355,-0.183,-0.225,0.019,-0.195,long jump distance (27 m); many horizontal cuts / crossovers
4c651,Uprising,Hard,rustic,2018,959,0.167,0.224,0.015,0.195,many horizontal cuts / crossovers
132dc31,GLORY: ROAD,Normal,abcbadq & Aimedhades16,2021,262,0.232,0.224,0.016,0.23,long jump distance (26 m)
132cb71,Here We Go,Expert,Astrella,2021,349,0.105,0.224,0.017,0.23,
35b17xxxx71,Final-Boss-Chan,Expert,Darkrealm7,2023,759,0.27,0.224,0.012,0.225,
16abf31,The Nights,Normal,Nolanimations,2021,898,0.229,0.223,0.021,0.168,
338f8xx91,I Will Fuck You Up Loli,ExpertPlus,Devilcat,2023,411,-0.217,-0.223,0.019,-0.225,heavily retried
28b5a91,Queen,ExpertPlus,BigSlick,2022,1988,-0.25,-0.223,0.007,-0.194,many horizontal cuts / crossovers
6aa7xxxxx91,Boss Rush,ExpertPlus,Loloppe,2019,916,-0.215,-0.223,0.009,-0.216,
6b5f51,Break,Hard,Souk & Oddloop,2019,713,0.187,0.223,0.013,0.218,
1040591,Splatter Party,ExpertPlus,Skeelie & AaltopahWi,2020,1122,0.232,0.222,0.009,0.209,many horizontal cuts / crossovers
3965b51,Sweater Weather,Hard,Luna & Yasu,2024,644,0.214,0.22,0.014,0.226,players reset/repeat directions the analyzer does not expect
4cb5cxxx71,MIREN,Expert,ZeCube,2025,160,-0.147,-0.22,0.02,-0.242,many horizontal cuts / crossovers
1ba191,ACE FOR ACES,ExpertPlus,Krydar,2018,1476,-0.281,-0.22,0.008,-0.207,
18fdf11,Amogus,Easy,April Fools,2021,951,0.183,0.22,0.022,0.177,
7ced71,For UltraPlayers,Expert,Mystikmol & Loloppe,2020,743,-0.253,-0.219,0.01,-0.247,
1abd371,Rainbow Road,Expert,lobsterrrrrrrr,2021,1635,-0.238,-0.219,0.007,-0.155,
d4b831,You Are Mine,Normal,Ramen Noodle,2020,1854,-0.227,-0.219,0.006,-0.126,
9e6891,MARENOL,ExpertPlus,Skeelie,2020,843,0.24,0.218,0.01,0.241,many horizontal cuts / crossovers
281b791,Thunder,ExpertPlus,Semdol,2022,1237,0.271,0.218,0.01,0.128,
1689a11,Among Us,Easy,xScaramouche & nolan121405,2021,727,0.195,0.217,0.018,0.24,
362c5xx91,Data Loss,ExpertPlus,GalaxyMaster,2023,986,-0.212,-0.214,0.01,-0.225,many horizontal cuts / crossovers
f2f191,I Said Meow,ExpertPlus,CyanSnow & Pixelguy,2020,1172,0.287,0.214,0.009,0.272,many horizontal cuts / crossovers
1df6891,Astrid,ExpertPlus,Spledgey & Emilia,2021,1887,-0.24,-0.213,0.007,-0.197,
4c05fxx91,MOSHI,ExpertPlus,"Huh, GalaxyMaster & Gibro",2025,669,-0.16,-0.212,0.01,-0.214,many horizontal cuts / crossovers
79371,Hyper Drive,Expert,rustic,2018,775,-0.107,-0.212,0.013,-0.138,many horizontal cuts / crossovers
3697axxxx91,Following the Waving Wings -Last Plaudits-,ExpertPlus,GojiCrafter,2023,803,0.238,0.211,0.011,0.236,many horizontal cuts / crossovers; heavily retried
2c9e4x91,Make Me,ExpertPlus,Avexus & Dirty Alex,2022,1406,-0.22,-0.211,0.007,-0.186,
16abf11,The Nights,Easy,Nolanimations,2021,785,0.225,0.211,0.026,0.071,long jump distance (26 m); top players see it differently
12d2411,Half Of It,Easy,jafdy,2021,184,-0.163,-0.21,0.049,-0.264,long jump distance (34 m); many horizontal cuts / crossovers; few scores (noisy)
33bd7xxxx11,let you,Easy,Nebelmonster & August,2023,341,-0.356,-0.21,0.038,-0.279,players reset/repeat directions the analyzer does not expect; short jump distance (12 m)
1b49e91,Darling Dance,ExpertPlus,Emir,2021,959,0.227,0.207,0.011,0.222,many horizontal cuts / crossovers
11b6291,Bustin,ExpertPlus,CyanSnow & Teuflum,2020,1000,0.28,0.206,0.009,0.24,many horizontal cuts / crossovers
42ecexx91,Extraterrestrial,ExpertPlus,The Lunar Carver,2025,523,0.222,0.205,0.017,0.187,many horizontal cuts / crossovers
1b49e71,Darling Dance,Expert,Emir,2021,1216,0.191,0.204,0.008,0.213,many horizontal cuts / crossovers
12af071,PYRO,Expert,Checkthepan & Teuflum,2021,544,0.246,0.204,0.013,0.192,many horizontal cuts / crossovers
1689411,Merry-Go-Round,Easy,Zelazowa,2021,498,0.248,0.203,0.031,0.033,long jump distance (30 m); many horizontal cuts / crossovers; top players see it differently
3bebdxx91,ULTRA BOOST,ExpertPlus,GalaxyMaster,2024,417,-0.188,-0.203,0.014,-0.189,many horizontal cuts / crossovers
8eb671,All Night,Expert,Teuflum,2020,1498,-0.206,-0.202,0.007,-0.058,long jump distance (27 m); top players see it differently
6b5f91,Break,ExpertPlus,Souk & Oddloop,2019,926,0.25,0.202,0.012,0.214,
9d071,Fake Love,Expert,bennydabeast,2018,975,-0.111,-0.202,0.01,-0.147,long jump distance (31 m); many horizontal cuts / crossovers
4aafexxxxxx71,Shy Toy Soldier,Expert,Cush,2025,1046,-0.224,-0.201,0.009,-0.243,many horizontal cuts / crossovers
3ca7dxxxxx71,Envy Cat Walk,Expert,"Dr_Marc, Comyute, Cratornugget",2024,314,0.181,0.2,0.017,0.149,many horizontal cuts / crossovers
27e38x11,BREAKSH!T,Easy,Timeweaver,2022,305,0.249,0.199,0.037,0.122,many horizontal cuts / crossovers
44794xxx91,ENÛMA∇ELIŠ,ExpertPlus,"Dark as ""Ex Nihilo""",2025,110,-0.2,-0.197,0.026,-0.201,many horizontal cuts / crossovers
10f6b11,Say So,Easy,Hoppaw,2020,451,0.192,0.196,0.033,0.128,
2351cxx71,Lancer,Expert,AlephCubed,2022,1898,-0.223,-0.196,0.011,-0.053,top players see it differently
1e19991,Cinco,ExpertPlus,Timbo,2021,3120,-0.191,-0.195,0.005,-0.169,
427e6xxxx31,Nobody's Christmas!,Normal,Poochy & azu,2024,186,-0.219,-0.195,0.022,-0.224,
d4b811,You Are Mine,Easy,Ramen Noodle,2020,1483,-0.174,-0.194,0.007,-0.016,long jump distance (26 m); top players see it differently
6b8c31,MAYDAY,Normal,"Oddloop, RedMagi & AaltopahWi",2019,389,0.229,0.193,0.03,0.062,long jump distance (29 m); many horizontal cuts / crossovers; top players see it differently
43c6ax91,Iikanji!!,ExpertPlus,Sasugano BigSlick & Sasugano Hiromiru,2025,924,-0.153,-0.193,0.009,-0.205,many horizontal cuts / crossovers
1bfe511,Teetee no Uta,Easy,Rusty,2021,2180,-0.232,-0.193,0.008,-0.077,top players see it differently
275bf91,Unprepareness,ExpertPlus,shrado,2022,116,0.057,0.192,0.025,0.202,
6b3591,Legend of Millennium,ExpertPlus,Hoppaw,2019,761,-0.226,-0.192,0.012,-0.192,
5d9f31,Dreamin' Tonight,Normal,Yun0,2019,145,-0.119,-0.191,0.033,-0.185,long jump distance (32 m)
243b71,Lifelight,Expert,todokete,2018,837,-0.068,-0.19,0.012,-0.122,many horizontal cuts / crossovers
1f6b1xxxxxxxx91,Ludicrous Speed,ExpertPlus,"Helloiamdaan, cerret & Olaf",2021,570,-0.159,-0.19,0.015,-0.184,
81b471,Cupid,Expert,shrado,2020,742,-0.227,-0.189,0.015,-0.019,top players see it differently
33ce6xx11,Xronièr,Easy,GalaxyMaster,2023,224,0.195,0.189,0.025,0.179,
fc4c91,Naughty little demon,ExpertPlus,Hoppaw,2020,3178,-0.177,-0.189,0.008,-0.206,many horizontal cuts / crossovers
1aae291,King Dedede's Theme,ExpertPlus,yabje,2021,1882,-0.156,-0.188,0.007,-0.166,many horizontal cuts / crossovers
1a80e91,The X Is On Fire,ExpertPlus,Cobayo,2021,1170,-0.154,-0.188,0.009,-0.18,
4b51fxxx91,Yggdrasil,ExpertPlus,Komeijisan051,2025,110,-0.203,-0.187,0.021,-0.194,
284d0x91,Raindrop,ExpertPlus,GojiCrafter,2022,920,0.233,0.187,0.012,0.204,many horizontal cuts / crossovers
11dcb91,chrono diver -fragment-,ExpertPlus,kizuflux,2020,394,0.246,0.187,0.014,0.21,many horizontal cuts / crossovers
b36691,Star Gate,ExpertPlus,Fnyt,2020,402,0.155,0.187,0.015,0.19,
45274xx91,Mesmerizer,ExpertPlus,Poochy,2025,1994,-0.189,-0.187,0.007,-0.254,many horizontal cuts / crossovers
90e691,Melancholia,ExpertPlus,Astrella,2020,814,0.176,0.187,0.013,0.197,
471f8xxx91,OVER:Acceleration,ExpertPlus,Komeijisan051,2025,120,0.168,0.186,0.028,0.187,
2185bxxxx71,Distorted Heavens,Expert,Timbo,2022,3819,-0.214,-0.186,0.004,-0.174,
b33671,Le Train Fantome,Expert,Vilawes,2020,745,-0.196,-0.186,0.011,-0.191,
1044e91,Dream of Winds,ExpertPlus,Mystikmol,2020,1049,0.167,0.186,0.011,0.154,
4d6f5x91,Sanity Krush,ExpertPlus,Shio,2025,658,-0.305,-0.185,0.014,-0.188,many horizontal cuts / crossovers
3acab71,Psychedelic Breakdown,Expert,Poochy & chikinbiskit,2024,419,0.194,0.185,0.015,0.173,
49cacxxx51,Slash Inferno,Hard,D7oomyAli x Undeceiver x LunarByte,2025,656,-0.21,-0.185,0.01,-0.145,
3361371,May,Expert,yabje,2023,528,-0.146,-0.185,0.015,-0.282,
392e6xxx91,een vliegtuig,ExpertPlus,Classicstar,2024,896,0.147,0.185,0.012,0.204,
2ad5411,KICK BACK,Easy,CookedChili,2022,570,0.193,0.185,0.02,0.172,
e1ff11,Jackknife,Easy,Bush,2020,141,-0.11,-0.185,0.029,-0.219,long jump distance (33 m); many horizontal cuts / crossovers
fa3371,Drop That Low (When I Dip),Expert,Uninstaller,2020,532,0.183,0.185,0.015,0.189,long jump distance (28 m)
2c973xxxxx91,Wommotion,ExpertPlus,Frost,2022,625,0.077,0.184,0.013,0.204,many horizontal cuts / crossovers
e5cd51,Shinbatsu o Tadori Kyoukotsu ni Itaru,Hard,altrewin & ExUnReal,2020,1122,-0.238,-0.184,0.008,-0.154,
108c671,OniiChan High Tech,Expert,Vilawes & altrewin,2020,1184,-0.184,-0.184,0.007,-0.161,
3be9fxxxxx91,Purple hat,ExpertPlus,Pleo,2024,1186,-0.186,-0.184,0.01,-0.215,many horizontal cuts / crossovers
2c7b1xxxxxx71,Glucagon,Expert,ComplexFrequency,2022,541,0.158,0.184,0.016,0.178,
57c31,Zzz,Normal,todokete,2018,169,-0.126,-0.184,0.031,-0.151,long jump distance (31 m); many horizontal cuts / crossovers
4c05fxx11,MOSHI,Easy,"Huh, GalaxyMaster & Gibro",2025,185,-0.209,-0.183,0.042,-0.207,few scores (noisy)
3dc0cxxxxxx91,A Lasting Promise,ExpertPlus,"vOid, Slayx, Azu",2024,396,-0.186,-0.183,0.016,-0.188,many horizontal cuts / crossovers
1af5791,The Unwritten Chapter,ExpertPlus,Emilia,2021,135,0.102,0.183,0.052,0.176,few scores (noisy)
f0ea91,To Be Beautiful,ExpertPlus,Rayman9515,2020,959,0.259,0.183,0.011,0.29,many horizontal cuts / crossovers; top players see it differently
37eaaxxx91,Warzone,ExpertPlus,Jevk,2023,1185,0.184,0.183,0.011,0.172,many horizontal cuts / crossovers
1d05051,me & u,Hard,Bitz,2021,2251,-0.187,-0.182,0.007,-0.199,many horizontal cuts / crossovers
2d20591,I Gotchu,ExpertPlus,"Phøenix, AkaBaka",2022,1893,-0.152,-0.181,0.008,-0.17,many horizontal cuts / crossovers
48c01xx91,Splush Sunbeach,ExpertPlus,Poochy,2025,613,-0.185,-0.181,0.013,-0.238,many horizontal cuts / crossovers
42282xx11,Birds of Time,Easy,The Lunar Carver,2024,275,0.044,0.181,0.031,0.241,short jump distance (15 m)
4b51fxxx71,Yggdrasil,Expert,Komeijisan051,2025,479,-0.183,-0.18,0.011,-0.18,
194911,Black Emperor,Easy,mystikmol,2018,230,-0.121,-0.18,0.041,-0.156,long jump distance (27 m); many horizontal cuts / crossovers; few scores (noisy)
32d451,MariannE (Lanota Edit),Hard,redmagi,2019,738,-0.094,-0.18,0.014,-0.143,long jump distance (44 m); many horizontal cuts / crossovers
f12411,Avalanche,Easy,That_Narwhal,2020,1424,-0.184,-0.179,0.01,-0.212,long jump distance (27 m)
2d20571,I Gotchu,Expert,"Phøenix, AkaBaka",2022,952,-0.183,-0.178,0.01,-0.109,
43bdaxx91,ATTACK FROM MANDRAKE,ExpertPlus,shrado & Voidless,2025,435,-0.16,-0.178,0.014,-0.174,many horizontal cuts / crossovers
4a2a11,Crying for Rain,Easy,squeaksies,2019,964,-0.127,-0.178,0.02,-0.256,long jump distance (35 m); many horizontal cuts / crossovers
11b6271,Bustin,Expert,CyanSnow & Teuflum,2020,796,0.147,0.178,0.01,0.199,
16b3391,Last Kingdom,ExpertPlus,Uninstaller,2021,833,0.219,0.178,0.012,0.216,many horizontal cuts / crossovers
1aacd91,Carry Me Away,ExpertPlus,harbgy & Edmard,2021,948,-0.163,-0.177,0.01,-0.183,
29c091,Teopacito feat. Will Stetson,ExpertPlus,psyc0pathic,2019,792,0.205,0.177,0.012,0.226,many horizontal cuts / crossovers
2f1e5xx91,Heavy Metal Love,ExpertPlus,Nebelmonster,2023,2015,-0.215,-0.177,0.006,-0.129,
3f72dxxxx91,Curious,ExpertPlus,"Danny, Lalahti",2024,1271,-0.216,-0.177,0.007,-0.178,many horizontal cuts / crossovers
a46051,Takoyaki,Hard,Vilawes,2020,557,-0.164,-0.176,0.012,-0.157,long jump distance (28 m)
32bbdxx91,Fear & Delight,ExpertPlus,BrightKnight,2023,728,0.174,0.176,0.012,0.178,many horizontal cuts / crossovers
47a42xxxx71,Protect Me,Expert,CyphFrix,2025,614,-0.169,-0.176,0.012,-0.155,
287171,Redo (TV Size),Expert,rogdude,2018,820,0.201,0.175,0.012,0.128,many horizontal cuts / crossovers
427e6xxxx51,Nobody's Christmas!,Hard,Poochy & azu,2024,340,-0.181,-0.174,0.016,-0.176,
24f9dxxxx91,Deathstalker,ExpertPlus,TG90,2022,549,0.153,0.174,0.012,0.195,
402f4xx91,Past And Future,ExpertPlus,Spinvvy,2024,1319,-0.114,-0.174,0.007,-0.161,
1887091,NEVER MET!,ExpertPlus,Fvrwvrd,2021,1075,0.156,0.174,0.009,0.15,
41f371,Magnetism,Expert,squeaksies,2019,1180,0.142,0.174,0.01,0.237,many horizontal cuts / crossovers
194251,Chrome Vox,Hard,moriik,2018,333,0.194,0.173,0.021,0.177,many horizontal cuts / crossovers
220f2xxx91,Atomic,ExpertPlus,A Jhintleman & GojiCrafter,2022,1998,0.143,0.173,0.008,0.185,many horizontal cuts / crossovers
3725ax91,Konton Boogie,ExpertPlus,Schloss,2023,2454,-0.187,-0.173,0.006,-0.104,
11c9c91,Scratch,ExpertPlus,CyanSnow,2020,1027,0.264,0.172,0.01,0.212,many horizontal cuts / crossovers
85811,citrus,Easy,mystikmol,2018,319,-0.223,-0.172,0.034,-0.168,long jump distance (28 m); many horizontal cuts / crossovers
37762x51,Guinea Pig Olympics,Hard,Light Ai,2023,658,-0.208,-0.172,0.017,-0.07,top players see it differently
2804axx71,FIRST,Expert,SSnowy,2022,921,-0.215,-0.172,0.01,-0.07,top players see it differently
17e471,HONESTY,Expert,hexagonial,2018,358,-0.194,-0.171,0.02,-0.245,long jump distance (34 m)
ba4071,Chocolate Lily,Expert,Rogdude,2020,2671,-0.142,-0.171,0.005,-0.1,
18d3e91,Heart of Witch,ExpertPlus,Uninstaller,2021,1855,0.239,0.171,0.009,0.14,many horizontal cuts / crossovers
1b6fc71,Sjeng Oan de Geng,Expert,Gordon Feetman & Shark,2021,1046,0.171,0.171,0.01,0.153,players reset/repeat directions the analyzer does not expect
513091,Saint's Beat,ExpertPlus,ejiejidayo,2019,602,0.207,0.171,0.012,0.196,long jump distance (28 m); many horizontal cuts / crossovers
27bac91,Slytherin,ExpertPlus,Emilia,2022,464,0.125,0.171,0.014,0.177,
35b17xxxx91,Final-Boss-Chan,ExpertPlus,Darkrealm7,2023,838,0.211,0.171,0.011,0.175,
3aa79xxxxxxxxx51,Gleodream,Hard,ViSi & SL4SH,2024,1623,-0.093,-0.17,0.007,-0.187,many horizontal cuts / crossovers
1edfc51,La Lune,Hard,TzurS11 & Tomerisnice,2021,860,0.146,0.17,0.01,0.141,
2777cx91,Aien-Jihen,ExpertPlus,Gabriel & take_nyan,2022,1577,0.253,0.17,0.008,0.166,many horizontal cuts / crossovers
4c006xx91,Itchy Scratchy,ExpertPlus,"hwowhu, Nugget",2025,218,-0.145,-0.17,0.021,-0.164,many horizontal cuts / crossovers
2b431,Happy Synthesizer,Normal,mystikmol,2018,266,0.114,0.17,0.034,0.213,players reset/repeat directions the analyzer does not expect; many horizontal cuts / crossovers
33698xx91,Need Your Love,ExpertPlus,Avexus,2023,1204,-0.168,-0.17,0.008,-0.171,
bc7f71,Pumpin' Junkies,Expert,checkthepan & Vilawes,2020,216,0.109,0.169,0.021,0.161,short jump distance (5 m)
2e409x11,666,Easy,Emilia,2023,279,0.135,0.169,0.026,0.146,
45a94xx91,Up From The Bottom,ExpertPlus,Loloppe,2025,2209,-0.278,-0.168,0.006,-0.177,short jump distance (16 m)
1306951,Quon,Hard,+1 Rabbit,2021,1074,-0.217,-0.168,0.009,-0.114,
1ec971,Another Dimension,Expert,bakuenjin,2018,791,0.118,0.168,0.013,0.253,
11b4971,Purple People Eater,Expert,FatBeanzoop & ExUnReal,2020,2326,-0.204,-0.168,0.006,-0.075,
1ad3b51,Megalovania,Hard,Joshabi & Olaf,2021,3015,-0.201,-0.168,0.005,-0.066,top players see it differently
40370xxxxxxxx91,SONG REQUEST,ExpertPlus,"Cratornugget, Slipknotfan",2024,476,0.179,0.168,0.014,0.191,many horizontal cuts / crossovers; heavily retried
41fbdxxxx91,Heat Abnormal,ExpertPlus,Spectral,2024,562,0.132,0.167,0.014,0.135,
d6171,Golden Hour,Expert,squeaksies,2018,619,0.316,0.167,0.014,0.229,many horizontal cuts / crossovers
1b341xxxxxxxxxxxxxxx51,Galaxy Collapse,Hard,Emilia,2021,387,0.18,0.166,0.015,0.138,
427e6xxxx71,Nobody's Christmas!,Expert,Poochy & azu,2024,548,-0.176,-0.166,0.013,-0.198,many horizontal cuts / crossovers
41cfbxxx91,The Intense Voice of Hatsune Miku,ExpertPlus,Darkrealm7,2024,2403,-0.184,-0.166,0.006,-0.187,
2698d31,Yoru ni Kakeru,Normal,chikinbiskit,2022,544,0.141,0.166,0.029,0.078,
2f15ax51,Guitar to Kodoku to Aoi Hoshi,Hard,CookedChili & Rusty,2023,388,0.181,0.166,0.016,0.104,
2946431,STAY,Normal,RFCaps & FatBeanzoop,2022,370,0.092,0.166,0.029,0.013,short jump distance (16 m); top players see it differently
f98851,Sound Chimera,Hard,ComplexFrequency,2020,720,-0.153,-0.165,0.008,-0.116,
eb2811,Holdin' On,Easy,Hoppaw,2020,1104,-0.197,-0.165,0.011,-0.171,
169b171,Succession,Expert,Helloiamdaan & FatBeanzoop,2021,518,-0.19,-0.165,0.012,-0.166,
3712dxxx51,Friendly Gigant Fire,Hard,oegoe & yabje,2023,1628,0.232,0.165,0.007,0.123,many horizontal cuts / crossovers
44196xxx91,DIVA,ExpertPlus,Spinvvy,2025,357,-0.147,-0.165,0.014,-0.136,
1551291,The Glock,ExpertPlus,Tseska,2021,874,0.051,-0.165,0.011,-0.161,many horizontal cuts / crossovers
1a37b91,Hip To Be Scared,ExpertPlus,Bytrius,2021,2742,-0.163,-0.164,0.005,-0.138,
4a2a31,Crying for Rain,Normal,squeaksies,2019,466,0.214,0.164,0.033,0.099,long jump distance (35 m); many horizontal cuts / crossovers
26d82x91,Play With Fire / Hiasobi,ExpertPlus,BrightKnight,2022,1263,0.171,0.164,0.009,0.197,many horizontal cuts / crossovers
4225bxxxxxxx91,Mai Mai Mai,ExpertPlus,Dr_Marc & Ge2toro,2024,528,0.083,0.164,0.012,0.153,
1ee2931,Towel in the Air,Normal,Tomerisnice,2021,334,0.173,0.164,0.022,0.164,
2d42791,Suíte 14,ExpertPlus,Emilia & TeEniTe12,2022,764,0.241,0.164,0.014,0.149,
4dd71,Those Everyday Feels,Expert,bakuenjin,2018,849,0.097,0.164,0.014,0.148,many horizontal cuts / crossovers
43fb6xxx91,Ground Pound,ExpertPlus,The Lunar Carver,2025,635,-0.123,-0.163,0.012,-0.179,
4229bxx91,rvp7vre,ExpertPlus,wangyufy,2024,965,-0.24,-0.163,0.009,-0.183,
4aafexxxxxx31,Shy Toy Soldier,Normal,Cush,2025,456,-0.173,-0.163,0.016,-0.214,
38419x91,Scream,ExpertPlus,"Serephor, CMP1111, LaidBackAries",2023,2088,-0.154,-0.163,0.007,-0.172,many horizontal cuts / crossovers
3e50bxxx91,I Love It,ExpertPlus,BrightKnight,2024,1147,0.109,0.162,0.011,0.17,many horizontal cuts / crossovers
d64491,Biquette,ExpertPlus,Astrella,2020,396,0.138,0.162,0.014,0.182,
16b071,Little Kandi Raver 2012,Expert,edzo,2018,953,-0.159,-0.162,0.011,-0.136,many horizontal cuts / crossovers
1728b91,YURUSHITE,ExpertPlus,Atomosophere,2021,496,0.147,0.162,0.012,0.168,
428a3xx31,Winter (The Wind Can Be Still),Normal,UglyApe,2024,185,0.126,0.162,0.043,0.129,few scores (noisy)
449a91,Fallen (Short Ver.),ExpertPlus,Uninstaller,2019,598,0.26,0.162,0.011,0.181,many horizontal cuts / crossovers
3bef7xxx11,Higher Ground,Easy,Darkrealm7,2024,279,0.056,0.162,0.034,0.092,
4c05fxx51,MOSHI,Hard,"Huh, GalaxyMaster & Gibro",2025,488,-0.192,-0.162,0.012,-0.15,
281c5xx71,Immortal Flame,Expert,Jevk,2022,287,0.176,0.161,0.015,0.141,
3fbe5xxxx91,115,ExpertPlus,Slayx & ViSi,2024,391,-0.177,-0.161,0.016,-0.162,heavily retried
f0cc91,Intro -U.R.U.K.TOO.-,ExpertPlus,scoop__,2020,1304,0.181,0.161,0.01,0.129,
38670xxxx91,Francium,ExpertPlus,Loloppe,2023,1016,0.071,0.161,0.01,0.113,
27ada91,The Fallout,ExpertPlus,Phøenix,2022,502,0.158,0.161,0.013,0.129,
3aeb1xx71,CALAMITY RHAPSODY,Expert,Cratornugget,2024,575,0.141,0.161,0.011,0.163,
455eexxxxxx31,toxic till the end,Normal,"Lalahti, Danny",2025,179,-0.232,-0.161,0.021,-0.096,
76c231,It's Raining Somewhere Else,Normal,Skeelie,2019,281,0.152,0.16,0.026,0.22,long jump distance (26 m)
43239xx91,Thunder,ExpertPlus,Undeceiver,2025,294,0.088,0.16,0.016,0.159,many horizontal cuts / crossovers
12cf311,I'm A Fucking Car,Easy,Emilia & dibl,2021,364,0.117,0.16,0.022,0.183,
35829xx31,What is Love?,Normal,Lalahti,2023,210,0.098,0.159,0.034,0.164,
3e122xxxx31,I Don't Know Anything,Normal,ZeCube,2024,314,0.152,0.159,0.023,0.128,many horizontal cuts / crossovers
833971,"Saufen morgens, mittags, abends",Expert,Various Mappers,2020,661,-0.14,-0.159,0.011,-0.126,long jump distance (27 m)
28ceaxxxx71,Death (Remix),Expert,TG90,2022,169,0.113,0.158,0.029,0.178,
36b62xx71,Boy kisser,Expert,ItsNoot3rch,2023,1930,-0.185,-0.158,0.009,-0.147,
f27931,Break,Normal,Emilia,2020,624,0.206,0.158,0.013,0.071,many horizontal cuts / crossovers
1a45971,Freedom Dive,Expert,That_Narwhal,2021,2464,0.178,0.158,0.006,0.173,
2713cx51,Burn,Hard,Rashed,2022,750,-0.133,-0.157,0.012,-0.184,
3a6b1xx91,BPOT,ExpertPlus,steeak,2024,1250,0.205,0.157,0.01,0.076,
17a7011,ListENiNg to spEEDcorE turNs you iNto A fuckiNg idiot,Easy,Emilia,2021,254,0.242,0.157,0.019,0.155,many horizontal cuts / crossovers
2f15ax71,Guitar to Kodoku to Aoi Hoshi,Expert,CookedChili & Rusty,2023,493,0.129,0.157,0.014,0.06,
25368x91,Drain of Incarnation,ExpertPlus,ThySpoon,2022,759,-0.176,-0.157,0.011,-0.163,
1ee2951,Towel in the Air,Hard,Tomerisnice,2021,382,0.178,0.157,0.017,0.16,
3269311,The Phoenix,Easy,Bytrius,2023,363,0.121,0.157,0.031,0.174,long jump distance (27 m)
491b6xx71,Danger,Expert,Darkrealm7,2025,979,-0.148,-0.156,0.008,-0.163,
2cda4xx91,115,ExpertPlus,Slayx,2022,854,0.225,0.156,0.01,0.177,many horizontal cuts / crossovers
2990axx91,Do you love me?,ExpertPlus,SpaceDorito,2022,564,0.212,0.156,0.013,0.155,
1ae1231,Kill Kill Kill Kill Kill,Normal,Helloiamdaan & cerret,2021,631,0.167,0.156,0.011,0.165,
81b451,Cupid,Hard,shrado,2020,508,-0.257,-0.155,0.018,-0.123,
3c8931,99.9,Normal,todokete,2019,495,0.217,0.155,0.023,0.178,long jump distance (29 m); many horizontal cuts / crossovers
22717x71,Waifu,Expert,fqrb,2022,1115,0.148,0.155,0.009,0.07,
87771,A New Frontier,Expert,edzo,2018,1105,0.159,0.155,0.01,0.153,
3c0bexxxxx11,ENDYMION,Easy,"Joshabi, Bitz & Fnyt",2024,805,-0.161,-0.155,0.01,-0.153,
12ed791,NUCLEAR-STAR,ExpertPlus,abcbadq,2021,1001,0.176,0.155,0.008,0.161,
304bexxxx71,Pop Goes the Weasel,Expert,LaidBackAries,2023,406,-0.179,-0.155,0.02,-0.07,long jump distance (27 m)
2c7ffxxx91,†:OLPHEUX:†,ExpertPlus,dibl,2022,384,0.166,0.155,0.016,0.167,many horizontal cuts / crossovers
11bde31,Phantom's Wonderland,Normal,"Skeelie, ETAN, AaltopahWi",2020,183,0.185,0.155,0.022,0.086,long jump distance (27 m); many horizontal cuts / crossovers
1689a31,Among Us,Normal,xScaramouche & nolan121405,2021,845,0.155,0.154,0.012,0.187,
35d5bx51,Yuck,Hard,August,2023,306,-0.162,-0.154,0.022,-0.199,
1685811,Falling,Easy,nolan121405,2021,967,-0.136,-0.154,0.009,-0.168,
1feabxxx91,Turn It Up,ExpertPlus,abcbadq,2022,782,0.18,0.154,0.01,0.162,many horizontal cuts / crossovers
43c6ax51,Iikanji!!,Hard,Sasugano BigSlick & Sasugano Hiromiru,2025,607,-0.175,-0.153,0.011,-0.145,
1ee2571,Ori and the Blind Forest - The Waters Cleansed,Expert,Sp234,2021,915,-0.158,-0.153,0.011,-0.029,many horizontal cuts / crossovers; top players see it differently
1e44531,"Ori, Lost in the Storm",Normal,Phoenix,2021,553,0.155,0.153,0.021,0.141,
344bcxxx91,Utakata no Sekai de,ExpertPlus,Light Ai,2023,623,0.103,0.153,0.013,0.16,
997851,toromi hearts 2,Hard,Souk & fraies,2020,2167,-0.198,-0.153,0.007,-0.067,
2e16b91,The Search,ExpertPlus,Phøenix,2023,650,0.211,0.153,0.013,0.172,many horizontal cuts / crossovers
1ed471,Inferno,Expert,hexagonial,2018,608,-0.151,-0.153,0.015,-0.214,long jump distance (32 m)
3b5a9xxxx91,Flashback Flicker,ExpertPlus,BlAck_vOid-1001 & Darkrealm7,2024,667,0.124,0.153,0.012,0.158,many horizontal cuts / crossovers
2a1b391,II. Anal Prolapse Suffocation,ExpertPlus,Vilawes,2022,332,-0.154,-0.153,0.02,-0.149,
3acab91,Psychedelic Breakdown,ExpertPlus,Poochy & chikinbiskit,2024,415,0.151,0.152,0.014,0.149,
32d471,MariannE (Lanota Edit),Expert,redmagi,2019,2156,-0.132,-0.152,0.006,-0.091,long jump distance (30 m); many horizontal cuts / crossovers
a06391,Weeble Wobble VIP,ExpertPlus,+1 Rabbit,2020,1840,-0.139,-0.152,0.007,-0.179,long jump distance (29 m)
1fccd71,Escaping the Ruins,Expert,Sp234,2022,3914,-0.11,-0.152,0.005,0.008,many horizontal cuts / crossovers; top players see it differently
4aafexxxxxx51,Shy Toy Soldier,Hard,Cush,2025,682,-0.193,-0.152,0.012,-0.231,
9eff71,Senorita,Expert,simplymarvellous,2020,1000,-0.123,-0.152,0.009,-0.077,long jump distance (28 m)
3888491,Bad Feeling,ExpertPlus,Nebelmonster,2024,2297,-0.168,-0.151,0.006,-0.103,many horizontal cuts / crossovers
39cb9xxx91,Nevxxxxerland,ExpertPlus,ViSi,2024,173,-0.148,-0.151,0.024,-0.149,heavily retried
48c01xx71,Splush Sunbeach,Expert,Poochy,2025,502,-0.148,-0.151,0.013,-0.192,many horizontal cuts / crossovers
12ab391,Just the Way You Are,ExpertPlus,Uninstaller,2021,735,0.207,0.151,0.01,0.164,many horizontal cuts / crossovers
2cc5d91,Signal (7_7 bootleg),ExpertPlus,Hener,2022,530,0.168,0.151,0.014,0.165,
3ca391,Stereo Future (TV Size),ExpertPlus,squeaksies,2019,617,0.082,0.151,0.012,0.159,many horizontal cuts / crossovers
23f2e51,Cut The Line,Hard,Bytrius,2022,689,-0.127,-0.15,0.011,-0.074,
1886491,Shoulda Known Better,ExpertPlus,shrado & Fvrwvrd,2021,1440,-0.141,-0.15,0.006,-0.135,
fb71,Kids,Expert,bennydabeast,2018,1178,-0.173,-0.15,0.01,-0.082,many horizontal cuts / crossovers
3d8caxxx71,From The Start,Expert,ben,2024,607,0.091,0.15,0.015,0.106,
41cfbxxx31,The Intense Voice of Hatsune Miku,Normal,Darkrealm7,2024,221,0.084,0.15,0.034,0.061,
3b35bxxxxxx91,Forbidden Noise,ExpertPlus,shrado & Anodize,2024,1714,-0.169,-0.15,0.007,-0.167,many horizontal cuts / crossovers
5b071,aLIEz,Expert,bakuenjin,2018,1158,0.026,0.15,0.011,0.2,many horizontal cuts / crossovers
4ad7exx91,Raised by Bats,ExpertPlus,Craedien,2025,206,-0.176,-0.15,0.018,-0.13,
24ae3x91,Weeaboo Spookfest II,ExpertPlus,"Bitz, Luck, Joshabi & Aquaflee",2022,757,0.167,0.149,0.011,0.155,many horizontal cuts / crossovers
3864bxxxxxxxxxxxxx91,So Sorry,ExpertPlus,Rain Jur,2023,709,0.132,0.149,0.012,0.127,
fdd351,Brain Power,Hard,Redmagi,2020,1743,-0.135,-0.149,0.009,-0.201,long jump distance (30 m)
c24b71,Es Isso,Expert,xScaramouche & JohnnyDee,2020,669,-0.109,-0.149,0.01,-0.017,long jump distance (31 m); top players see it differently
11c7491,DONUT HOLE,ExpertPlus,Kizuflux & Uninstaller,2020,785,0.212,0.149,0.012,0.171,many horizontal cuts / crossovers
3547axx91,mr. sunshine,ExpertPlus,charlie1epicdude,2023,911,0.082,0.148,0.015,0.108,
24d40x51,The Grey,Hard,Bytrius,2022,471,-0.149,-0.148,0.013,-0.076,
420b7xxxxx71,Gold Rush,Expert,"Dereknalox123, Tseska, Taddus & Tpenny68",2024,1080,-0.049,-0.148,0.01,-0.176,many horizontal cuts / crossovers
3f571xxxxx71,The Devil in I,Expert,Contradictions,2024,711,-0.196,-0.147,0.011,-0.069,
44178xxxx91,Higher Than the Sky,ExpertPlus,GalaxyMaster,2025,946,-0.153,-0.147,0.009,-0.173,many horizontal cuts / crossovers
3bed8xxxx71,The Promise of an Azure Sky,Expert,Huanqiu&wangyufy,2024,242,-0.158,-0.147,0.022,-0.148,heavily retried
29715xxx91,Introduction,ExpertPlus,fqrb & yabje,2022,4957,-0.131,-0.147,0.005,-0.095,
e1ff51,Jackknife,Hard,Bush,2020,305,-0.149,-0.146,0.017,-0.106,long jump distance (27 m)
12fae91,Extra Credit on the Chromosome Test! VICTORY ROYALE​!​!​!,ExpertPlus,shrado,2021,805,-0.155,-0.146,0.01,-0.137,
449a71,Fallen (Short Ver.),Expert,Uninstaller,2019,261,0.183,0.146,0.019,0.201,many horizontal cuts / crossovers
3b37bx51,Magnetic,Hard,"minsiii, Jonas_0_0",2024,578,0.152,0.145,0.019,0.173,
18d2591,The Edge,ExpertPlus,ItsVasili & TG90,2021,609,0.153,0.145,0.012,0.142,many horizontal cuts / crossovers
40d3axxxxx51,Bookmaker,Hard,Slayx & azu,2024,2159,-0.207,-0.145,0.006,-0.079,
1989b11,Illuyanka,Easy,nolan121405,2021,636,-0.178,-0.145,0.014,-0.171,
2bf61xx91,Anti-Hero,ExpertPlus,symphonic,2022,1013,0.126,0.145,0.01,0.111,many horizontal cuts / crossovers
2971bxx71,cardinal,Expert,Phøenix,2022,206,0.118,0.145,0.026,0.177,
360cexx91,Target For Love,ExpertPlus,Anammelech,2023,395,0.141,0.144,0.018,0.136,
2ba9771,QUEEN,Expert,shad & GalaxyMaster,2022,614,0.142,0.144,0.013,0.115,many horizontal cuts / crossovers
27e38x31,BREAKSH!T,Normal,Timeweaver,2022,361,0.159,0.144,0.029,0.102,many horizontal cuts / crossovers
447a8xxx91,Mimi's Delivery Service,ExpertPlus,abbad,2025,1469,-0.184,-0.144,0.009,-0.189,short jump distance (16 m)
36870xxxx91,DEADMAN'S BALLAD,ExpertPlus,Cratornugget,2023,361,0.116,0.144,0.016,0.143,
f92251,Tool,Hard,Rusty,2020,654,-0.175,-0.144,0.016,-0.136,
2971bxx91,cardinal,ExpertPlus,Phøenix,2022,226,0.115,0.144,0.018,0.12,
47a42xxxx51,Protect Me,Hard,CyphFrix,2025,259,-0.144,-0.144,0.025,-0.098,
d90a31,Watch Me Dance!,Normal,SlimyBlob & Victonator,2020,349,-0.146,-0.144,0.026,-0.143,long jump distance (30 m); many horizontal cuts / crossovers
1f0d91,Hyadain no Joujou Yuujou,ExpertPlus,todokete,2018,649,-0.033,-0.144,0.013,-0.143,long jump distance (34 m); many horizontal cuts / crossovers
166c31,Just be Friends feat. Luka,Normal,todokete,2018,222,0.075,0.143,0.035,0.012,many horizontal cuts / crossovers; top players see it differently
4200fxxx11,It's Okay Now,Easy,wangyufy,2024,130,-0.154,-0.143,0.041,-0.158,few scores (noisy)
28ce9xx91,Grave of the Fireflies,ExpertPlus,TG90,2022,193,0.144,0.143,0.019,0.144,
3b34171,-Totsuka no Tsurugi-,Expert,Anammelech & Excess10n,2024,546,-0.095,-0.143,0.013,-0.139,many horizontal cuts / crossovers
1ed491,Inferno,ExpertPlus,hexagonial,2018,907,-0.22,-0.143,0.012,-0.121,many horizontal cuts / crossovers
35b17xxxx51,Final-Boss-Chan,Hard,Darkrealm7,2023,825,0.193,0.143,0.011,0.151,
ccac31,Secret World,Normal,Mystikmol,2020,232,-0.128,-0.143,0.026,-0.198,long jump distance (31 m)
c61b11,Blaster,Easy,That_Narwhal,2020,1295,-0.094,-0.142,0.009,-0.163,long jump distance (33 m)
2f9b2xxxx91,Embracing intelligences,ExpertPlus,shrado,2023,1697,0.158,0.142,0.007,0.109,many horizontal cuts / crossovers
46f3dxx91,NO NAME,ExpertPlus,GojiCrafter,2025,454,-0.274,-0.142,0.013,-0.12,many horizontal cuts / crossovers
23f2e91,Cut The Line,ExpertPlus,Bytrius,2022,2294,-0.14,-0.142,0.005,-0.106,
fcfd91,Rude Buster,ExpertPlus,"Xhera, Samuel & Rune",2020,533,0.136,0.142,0.014,0.153,
47ec2xxxxx91,Claw Finger,ExpertPlus,ElectronXI,2025,882,-0.208,-0.142,0.012,0.084,top players see it differently
3e6cdxxxxx71,lustre,Expert,"UglyApe, Darkrealm7, edgii",2024,1387,-0.159,-0.142,0.007,-0.172,
10f6b31,Say So,Normal,Hoppaw,2020,441,0.107,0.142,0.029,0.057,
f60d91,"I still think about y​%​#'​(​)​_​*​{​\​\​""'&36​)​%​(​""'​$​&''&​(​15y​!​!​!​_​?​?​*​`​~​​",ExpertPlus,Vilawes,2020,884,0.069,0.142,0.011,0.168,
1a8d491,Death From Above,ExpertPlus,Skeelie,2021,1136,0.26,0.141,0.008,0.141,many horizontal cuts / crossovers
1331e91,Dark Sky,ExpertPlus,ItsVasili,2021,702,0.121,0.141,0.011,0.137,
3c908xxxxxx91,OUTERHEAVEN,ExpertPlus,SpaceDorito,2024,156,0.14,0.141,0.029,0.143,heavily retried
2b451,Happy Synthesizer,Hard,mystikmol,2018,901,-0.157,-0.141,0.012,-0.056,players reset/repeat directions the analyzer does not expect; many horizontal cuts / crossovers
a40591,Dolphin On Wheels,ExpertPlus,Checkthepan,2020,637,0.158,0.141,0.013,0.131,
3e2fbxxx91,Shin FAKE STYLE,ExpertPlus,symphonic,2024,780,0.176,0.141,0.011,0.116,many horizontal cuts / crossovers
3aa01xx91,wish you were here,ExpertPlus,Classicstar,2024,1879,-0.16,-0.141,0.007,-0.154,
3ba4bxx91,Click,ExpertPlus,Jonas_0_0,2024,1031,0.099,0.141,0.011,0.123,many horizontal cuts / crossovers
1216291,Fresh!,ExpertPlus,ItsVasili,2020,5248,-0.17,-0.141,0.004,-0.134,
33bd7xxxx51,let you,Hard,Nebelmonster & August,2023,523,0.076,0.141,0.016,0.089,short jump distance (15 m)
1ad2b31,Toxic Violet Cubes,Normal,BSWC Team,2021,605,0.166,0.14,0.013,0.131,
1b7d691,You'll Be Gone,ExpertPlus,EmotionalFlight,2021,1758,0.2,0.14,0.007,0.161,many horizontal cuts / crossovers
d7f791,"BANGER A.F., BROOOO!!!",ExpertPlus,abcbadq,2020,466,0.14,0.14,0.013,0.142,
48c01xx51,Splush Sunbeach,Hard,Poochy,2025,335,-0.158,-0.139,0.017,-0.173,
3bfa2xxxx71,Grain in Ear,Expert,Bellus,2024,422,-0.177,-0.139,0.014,-0.12,
12bdc51,Monochrome Butterfly,Hard,muffn,2021,618,0.151,0.139,0.015,0.158,
21705xxxxx71,Another Xronixle,Expert,Fnyt & Helloiamdaan,2022,1675,-0.107,-0.139,0.006,-0.109,
3ba66xxxxxxxxxxxxxxxx71,Duallel Spirit,Expert,Baguette,2024,603,0.101,0.139,0.015,0.069,many horizontal cuts / crossovers
3725ax71,Konton Boogie,Expert,Schloss,2023,1110,-0.167,-0.139,0.01,-0.108,
34f56xx91,Secret Lie,ExpertPlus,GalaxyMaster,2023,961,-0.103,-0.138,0.01,-0.138,many horizontal cuts / crossovers
198db71,Felis,Expert,ComplexFrequency & Checkthepan,2021,1160,0.133,0.138,0.01,0.134,many horizontal cuts / crossovers
25671,Rainbow Notes,Expert,rustic,2018,499,0.102,0.138,0.015,0.155,players reset/repeat directions the analyzer does not expect; many horizontal cuts / crossovers
20db5xxxx71,Speedcore Sonata in the Moonlight,Expert,Vilawes,2022,636,-0.168,-0.138,0.013,-0.138,
389bcxxx91,x=1/0,ExpertPlus,Alpha Cancri,2024,435,0.177,0.138,0.015,0.137,
b2c091,Fellow Feeling,ExpertPlus,FatBeanzoop & TheRealZeroz,2020,1613,-0.159,-0.138,0.009,-0.132,
100991,G1ll35 d3 R415,ExpertPlus,hexagonial,2018,900,0.044,0.138,0.011,0.203,many horizontal cuts / crossovers
3cafbxx11,Girls' Night,Easy,"SomeTimothy, vivifromloona",2024,123,-0.12,-0.138,0.061,-0.096,many horizontal cuts / crossovers; few scores (noisy)
44196xxx71,DIVA,Expert,Spinvvy,2025,111,-0.113,-0.138,0.024,-0.088,
258d191,Solid Ground,ExpertPlus,Phøenix,2022,988,-0.128,-0.137,0.008,-0.091,
7ced51,For UltraPlayers,Hard,Mystikmol & Loloppe,2020,637,-0.191,-0.137,0.012,-0.131,
2576dxxxxx91,666,ExpertPlus,Bitz & Luck,2022,1988,0.118,0.137,0.008,0.154,many horizontal cuts / crossovers
1fb9c51,DANGEROOOOUS JUNGLE,Hard,Jabob,2022,2290,-0.167,-0.137,0.006,-0.122,
1a3e171,Go Insane,Expert,Helloiamdaan & miitchel,2021,1405,-0.153,-0.137,0.008,-0.149,
b63991,Sono Gunjou ga Itoshikatta Youdatta,ExpertPlus,Uninstaller,2020,483,0.233,0.137,0.014,0.137,many horizontal cuts / crossovers
1ace931,Start menu,Normal,D7oomyAli,2021,660,0.089,0.136,0.023,0.163,
39660xxxx91,Blue Youth,ExpertPlus,"Cratornugget, LackWiz",2024,1192,0.142,0.136,0.01,0.094,
268391,Routine,ExpertPlus,hexagonial,2018,958,0.171,0.136,0.008,0.187,
41873x11,Lian'ai Gaoji,Easy,"Lalahti, Danny, Jonas_0_0, Bellus",2024,259,0.074,0.136,0.023,0.176,
3bfa2xxxx91,Grain in Ear,ExpertPlus,Bellus,2024,1082,-0.168,-0.136,0.008,-0.15,
1685891,Falling,ExpertPlus,nolan121405,2021,1651,0.118,0.136,0.007,0.132,many horizontal cuts / crossovers
a49b71,Hold Angel,Expert,Rogdude,2020,688,0.108,0.136,0.015,0.126,
37eaaxxx71,Warzone,Expert,Jevk,2023,1039,0.114,0.136,0.009,0.075,
3d2c511,Retroscope,Easy,ViSi,2024,811,-0.094,-0.136,0.015,-0.184,
4685exx91,Tic! Tac! Toe!,ExpertPlus,GalaxyMaster,2025,555,-0.134,-0.136,0.016,-0.167,many horizontal cuts / crossovers
ce4211,Vicious Heroism,Easy,"ComplexFrequency, muffn & shadowlord723",2020,430,0.158,0.135,0.018,0.133,long jump distance (26 m)
3269331,The Phoenix,Normal,Bytrius,2023,568,0.089,0.135,0.027,0.26,top players see it differently
16a2f71,Collapse Of Ego,Expert,Helloiamdaan,2021,2496,-0.086,-0.135,0.006,-0.087,
398fbxx91,Drenched in Air,ExpertPlus,Darkrealm7,2024,2409,-0.116,-0.135,0.005,-0.132,
1d351,Click Bait,Hard,calijor,2018,506,-0.092,-0.135,0.015,-0.106,players reset/repeat directions the analyzer does not expect; long jump distance (27 m); many horizontal cuts / crossovers
ff8371,Long Times,Expert,Teuflum & xScaramouche,2020,1083,0.149,0.135,0.008,0.093,
1ad3b71,Megalovania,Expert,Joshabi & Olaf,2021,3578,-0.155,-0.135,0.005,-0.075,
2d5bdxxxxxxx71,The Empress,Expert,Emilia,2022,235,0.12,0.135,0.019,0.12,
246c9xxxx71,Cheatcode,Expert,TG90,2022,482,0.17,0.134,0.011,0.146,
1a56871,Forever,Expert,Teuflum & muffn,2021,1197,0.131,0.134,0.009,0.109,
1b4f931,Our Generation,Normal,nolan121405,2021,483,0.17,0.134,0.015,0.101,
1689a51,Among Us,Hard,xScaramouche & nolan121405,2021,1375,0.135,0.134,0.01,0.092,
297f191, Get Through,ExpertPlus,Davaayy,2022,1904,0.132,0.134,0.007,0.122,
15ac051,Nine Circles,Hard,Jabob & lobster,2021,380,0.12,0.134,0.022,0.139,
fa3351,Drop That Low (When I Dip),Hard,Uninstaller,2020,262,0.125,0.133,0.027,0.076,long jump distance (29 m)
1877431,It's Been So Long,Normal,shrado & Schwank,2021,384,0.107,0.133,0.022,0.156,
5d9f51,Dreamin' Tonight,Hard,Yun0,2019,207,-0.093,-0.133,0.022,-0.165,long jump distance (34 m)
e97051,Shiny Happy Days,Hard,VRMasked & Dr_Marc,2020,586,0.171,0.133,0.016,0.206,long jump distance (28 m)
79331,Hyper Drive,Normal,rustic,2018,284,-0.011,-0.133,0.028,-0.185,long jump distance (34 m); many horizontal cuts / crossovers
243d51,Flat Zone 2,Hard,todokete,2018,213,-0.039,-0.133,0.034,-0.174,long jump distance (33 m); many horizontal cuts / crossovers
33698xx71,Need Your Love,Expert,Avexus,2023,913,-0.136,-0.133,0.009,-0.123,
45431xxx71,Ain't Nobody,Expert,"minsiii, Danny",2025,609,-0.196,-0.132,0.012,-0.169,
2f167xx91,Bailandorape,ExpertPlus,Emilia,2023,327,0.105,0.132,0.016,0.131,
40370xxxxxxxx51,SONG REQUEST,Hard,"Cratornugget, Slipknotfan",2024,727,-0.157,-0.132,0.011,-0.132,
cca831,In My Heart,Normal,Mystikmol,2020,205,-0.114,-0.132,0.022,-0.089,long jump distance (29 m)
3ce7axxxxxxxxxxx91,The Purple Dimension,ExpertPlus,Cratornugget & ViSi,2024,247,0.16,0.132,0.02,0.15,many horizontal cuts / crossovers; heavily retried
39ba2xxx51,Dead To Me,Hard,Nebelmonster,2024,409,-0.16,-0.132,0.02,-0.24,top players see it differently
101a051,Haachama Channel,Hard,Light Ai & xtpn,2020,824,-0.125,-0.132,0.013,-0.092,
1adae91,D E A T H W I S H,ExpertPlus,Helloiamdaan,2021,344,-0.15,-0.132,0.016,-0.137,
402f2xx11,Do you love me?,Easy,Loloppe,2024,228,-0.135,-0.132,0.028,-0.167,many horizontal cuts / crossovers
23f2e71,Cut The Line,Expert,Bytrius,2022,1191,-0.124,-0.132,0.008,-0.075,
2ad5451,KICK BACK,Hard,CookedChili,2022,1231,0.13,0.131,0.011,0.071,
2934191,Cheat Codes,ExpertPlus,Avexus,2022,2210,-0.153,-0.131,0.005,-0.112,
22971x71,FLYING OUT TO THE SKY,Expert,Spicy Baguette,2022,819,0.149,0.131,0.01,0.106,
10f6b51,Say So,Hard,Hoppaw,2020,732,0.092,0.131,0.014,0.078,
2b85fxx91,At Least Speedcore Artists Aren't In It For The Money,ExpertPlus,Slayx,2022,2015,-0.13,-0.131,0.006,-0.112,
36f55xx91,My My My,ExpertPlus,Blackjack,2023,521,0.155,0.131,0.014,0.14,many horizontal cuts / crossovers
21f471,Brain Power (SDVX Mix),Expert,hexagonial,2018,565,0.133,0.131,0.012,0.152,
43222xxxxx71,psychology,Expert,ViSi,2025,539,-0.18,-0.131,0.014,-0.135,
32db1xx91,Comet Coaster,ExpertPlus,Cratornugget,2023,446,0.073,0.131,0.015,0.132,
304bexxxx91,Pop Goes the Weasel,ExpertPlus,LaidBackAries,2023,1134,-0.135,-0.131,0.011,-0.034,many horizontal cuts / crossovers
2433e91,ARIGA THESIS,ExpertPlus,Gabriel,2022,985,0.141,0.131,0.01,0.064,
ca3071,The Beast,Expert,Ramen Noodle,2020,359,0.169,0.131,0.014,0.139,
3d2c551,Retroscope,Hard,ViSi,2024,956,0.155,0.131,0.011,0.017,top players see it differently
ca0331,Ding Dong Song,Normal,Teuflum,2020,263,0.19,0.13,0.023,0.083,long jump distance (30 m)
42a5cxxx31,epitaxy,Normal,Darkrealm7,2024,361,0.104,0.13,0.02,0.087,
401ebxxxx91,Executioner,ExpertPlus,wangyufy,2024,914,-0.158,-0.13,0.008,-0.12,
41cfbxxx11,The Intense Voice of Hatsune Miku,Easy,Darkrealm7,2024,191,0.066,0.13,0.038,0.064,
3f1aaxxxxx91,lightbearer,ExpertPlus,Komeijisan051,2024,153,-0.161,-0.13,0.02,-0.129,
48b7axxxxx91,Osmosis,ExpertPlus,UglyApe,2025,1119,-0.223,-0.13,0.009,-0.199,
226e7xx51,Who's Not In Paris,Hard,Touqai,2022,755,-0.114,-0.13,0.011,-0.149,
355d3xx71,Night Market,Expert,UglyApe,2023,712,-0.112,-0.13,0.013,-0.02,top players see it differently
41e55xxxx71,Kusari Unparallel,Expert,Spinvvy,2024,318,-0.094,-0.13,0.016,-0.064,
34387xxx91,Shiawase,ExpertPlus,Rain Jur,2023,2215,0.034,0.129,0.006,0.122,
1a2f651,Digital World,Hard,SlimyBlob,2021,1338,-0.126,-0.129,0.008,-0.136,
468ddxx91,Unshatter,ExpertPlus,Loloppe,2025,1077,-0.202,-0.129,0.009,-0.084,
37af0x91,Possessed by the Blood Moon,ExpertPlus,oddloop,2023,418,0.114,0.129,0.015,0.132,
4c05fxx71,MOSHI,Expert,"Huh, GalaxyMaster & Gibro",2025,635,-0.076,-0.129,0.011,-0.149,many horizontal cuts / crossovers
37d4bx91,Odo,ExpertPlus,SpaceDorito,2023,1053,0.178,0.128,0.01,0.138,many horizontal cuts / crossovers
1a80e71,The X Is On Fire,Expert,Cobayo,2021,1651,-0.147,-0.128,0.007,-0.115,
4cdf0xxxx91,Tic! Tac! Toe!,ExpertPlus,thenamesashley,2025,583,-0.048,-0.128,0.013,-0.151,many horizontal cuts / crossovers
420b7xxxxx31,Gold Rush,Normal,"Dereknalox123, Tseska, Taddus & Tpenny68",2024,680,-0.105,-0.128,0.013,-0.123,many horizontal cuts / crossovers
1b98451,Crimson Night,Hard,"GalaxyMaster, Mr. Mrow & 3Stans",2021,855,0.107,0.128,0.012,0.122,
2ba9791,QUEEN,ExpertPlus,shad & GalaxyMaster,2022,1249,-0.145,-0.128,0.008,-0.132,many horizontal cuts / crossovers
41c18xxxxxxxx91,Ephemera,ExpertPlus,shrado,2024,670,-0.062,-0.128,0.013,-0.136,many horizontal cuts / crossovers
26daf91,Hot & Cold,ExpertPlus,Voidless,2022,668,-0.101,-0.127,0.015,-0.124,many horizontal cuts / crossovers
37a4ax71,Cold-Blooded,Expert,"ben208, Phøenix",2023,393,0.077,0.127,0.015,0.067,
2576dxxxxx51,666,Hard,Bitz & Luck,2022,1473,0.177,0.127,0.008,0.105,
16b3351,Last Kingdom,Hard,Uninstaller,2021,678,0.119,0.127,0.013,0.185,
31d13xxxxxxx91,Luminency,ExpertPlus,Fnyt,2023,672,0.153,0.127,0.012,0.132,many horizontal cuts / crossovers; heavily retried
d4b851,You Are Mine,Hard,Ramen Noodle,2020,532,0.127,0.127,0.011,0.125,
1b09491,Six Feet,ExpertPlus,BrightKnight,2021,877,0.166,0.127,0.012,0.133,long jump distance (28 m)
3c532xx11,i like the way you kiss me,Easy,decimate,2024,1244,-0.186,-0.126,0.014,-0.165,
132cb51,Here We Go,Hard,Astrella,2021,489,0.151,0.126,0.013,0.099,
1f0d71,Hyadain no Joujou Yuujou,Expert,todokete,2018,450,-0.042,-0.126,0.016,-0.192,long jump distance (29 m); many horizontal cuts / crossovers
119f051,THE LAUNCH OF THE MEGANTO METEOR,Hard,Kuurama & miitchel & ExUnReal,2020,630,0.142,0.126,0.012,0.109,many horizontal cuts / crossovers
1cab771,Imprinting,Expert,SlimyBlob & Shad,2021,1952,-0.177,-0.125,0.007,-0.163,
46e59xx71,did i tell u that i miss u,Expert,Rail Zen,2025,647,0.023,0.125,0.014,0.023,top players see it differently
46e59xx51,did i tell u that i miss u,Hard,Rail Zen,2025,324,0.028,0.125,0.023,0.003,top players see it differently
166591,Two-Faced Lovers feat. Miku,ExpertPlus,todokete,2018,678,0.149,0.125,0.012,0.177,many horizontal cuts / crossovers
40127xxx51,Apocalypse Simulator v2.0,Hard,ViSi,2024,870,-0.09,-0.125,0.009,-0.131,many horizontal cuts / crossovers
eb2831,Holdin' On,Normal,Hoppaw,2020,386,0.133,0.125,0.016,0.1,
1963291,Funk Assembly,ExpertPlus,Night Xrose & TheWildDash,2021,1007,0.126,0.125,0.009,0.133,
17dc431,Opa,Normal,Fatalution,2021,390,-0.1,-0.125,0.022,-0.005,top players see it differently
48445x71,Astrum,Expert,Serephor,2025,1073,0.066,0.124,0.011,0.064,many horizontal cuts / crossovers
38a54xx51,The Vampire,Hard,Xarope93,2024,475,0.105,0.124,0.015,0.026,
39017xxxxxxxx71,Rumble,Expert,Rain Jur,2024,242,0.112,0.124,0.017,0.147,
26d75x71,Space Invaders,Expert,Avexus,2022,876,-0.165,-0.124,0.009,-0.057,
1aacd51,Carry Me Away,Hard,harbgy & Edmard,2021,631,0.102,0.124,0.01,0.067,
5b671,"No, Thank you!",Expert,squeaksies,2018,694,-0.1,-0.124,0.015,-0.059,long jump distance (27 m); many horizontal cuts / crossovers
1a01271,Farewell,Expert,shrado,2021,643,0.069,0.124,0.013,0.095,
3cd56xxxxx91,Dernière danse,ExpertPlus,Nebelmonster,2024,1448,-0.102,-0.124,0.007,-0.142,many horizontal cuts / crossovers
28328x91,The Empress,ExpertPlus,Dailyy,2022,773,-0.077,-0.124,0.012,-0.126,
3c7d7xxxxx91,Fingertips,ExpertPlus,spacky,2024,929,0.064,0.124,0.011,0.089,many horizontal cuts / crossovers
32604xxx71,Retaliation,Expert,Huh & Jojobanana,2023,977,-0.189,-0.124,0.009,-0.122,
74a71,EC1-I'm on Fire,Expert,rustic,2018,664,0.128,0.124,0.013,0.183,many horizontal cuts / crossovers
3f72dxxxx11,Curious,Easy,"Danny, Lalahti",2024,205,-0.19,-0.124,0.031,-0.165,
4e5f4x91,Helianthus annuus,ExpertPlus,wangyufy,2026,473,-0.081,-0.124,0.013,-0.135,many horizontal cuts / crossovers
833991,"Saufen morgens, mittags, abends",ExpertPlus,Various Mappers,2020,1136,-0.078,-0.123,0.008,-0.106,long jump distance (27 m); many horizontal cuts / crossovers
401ebxxxx51,Executioner,Hard,wangyufy,2024,1173,-0.127,-0.123,0.008,-0.102,
43ab4xxx91,throw it up,ExpertPlus,Parapass & GojiCrafter,2025,806,-0.041,0.123,0.013,0.111,many horizontal cuts / crossovers
12ac811,Rocket Cider,Easy,SmileEaglet,2021,210,0.049,-0.123,0.034,-0.092,long jump distance (30 m); many horizontal cuts / crossovers
ff0231,Your Best Friend,Normal,Various Mappers,2020,911,0.176,0.123,0.019,0.161,many horizontal cuts / crossovers
3bcf5xxxxxxxx71,nieuwe tune,Expert,Stupidity-101,2024,1407,-0.151,-0.123,0.008,-0.123,
4adb91,Deja Vu (Short Ver.),ExpertPlus,redmagi,2019,5674,-0.042,-0.123,0.004,0.012,long jump distance (28 m); many horizontal cuts / crossovers; top players see it differently
16ac151,Envy Baby,Hard,CoolingCloset & Nolanimations,2021,719,0.098,0.122,0.011,0.121,
3269391,The Phoenix,ExpertPlus,Bytrius,2023,4505,-0.169,-0.122,0.004,-0.076,
a7971,Boku no Pico,Expert,squeaksies,2018,732,0.051,0.122,0.016,0.101,players reset/repeat directions the analyzer does not expect; many horizontal cuts / crossovers
b72411,Falling,Easy,Teuflum,2020,440,0.157,0.121,0.02,0.146,long jump distance (29 m)
bc7f91,Pumpin' Junkies,ExpertPlus,checkthepan & Vilawes,2020,518,0.057,0.121,0.014,0.128,short jump distance (5 m)
1499b91,Labyrinth,ExpertPlus,Shappy & Checkthepan,2021,558,0.144,0.121,0.011,0.12,
1895851,You & DIE,Hard,Timbo & eZconfirmed,2021,1181,-0.148,-0.121,0.008,-0.072,
11b4951,Purple People Eater,Hard,FatBeanzoop & ExUnReal,2020,1344,-0.156,-0.121,0.008,0.003,top players see it differently
18f4991,Get Busy Spongebob,ExpertPlus,Bitz & Luackci,2021,1018,0.149,0.121,0.009,0.122,many horizontal cuts / crossovers
1a46a71,dnd,Expert,harbgy,2021,1146,0.121,0.121,0.01,0.125,
1b68171,Scare Me,Expert,Fatalution,2021,1497,-0.11,-0.121,0.008,-0.038,
1e1d71,Silicon XX,Expert,edzo,2018,773,-0.106,-0.121,0.012,-0.101,many horizontal cuts / crossovers
1ea8cxxxxx71,Zhuzhzhalka76,Expert,"yabje, Irish & fqrb",2021,1006,0.155,0.121,0.008,0.114,
e97031,Shiny Happy Days,Normal,VRMasked & Dr_Marc,2020,348,0.147,0.121,0.018,0.124,long jump distance (29 m)
1b9b671,Crisis,Expert,Checkthepan,2021,387,-0.185,-0.121,0.013,-0.082,
3755ex91,Mushussu,ExpertPlus,edgii,2023,118,0.128,0.121,0.021,0.139,
2fd7cxx91,A Rape of Sirens,ExpertPlus,Emilia,2023,628,-0.1,-0.121,0.012,-0.113,
1685871,Falling,Expert,nolan121405,2021,554,0.128,0.12,0.013,0.089,
10d0851,VVelcome!!,Hard,Mystikmol & muffn & Moriik,2020,689,0.096,0.12,0.014,0.093,
3bcf5xxxxxxxx91,nieuwe tune,ExpertPlus,Stupidity-101,2024,568,0.222,0.12,0.014,0.147,many horizontal cuts / crossovers; heavily retried
3e2fbxxx71,Shin FAKE STYLE,Expert,symphonic,2024,505,0.139,0.12,0.012,0.085,
1079351,Planetes,Hard,Uninstaller,2020,285,0.112,0.12,0.02,0.053,
1b67751,Toilet,Hard,Fatalution,2021,459,0.145,0.12,0.016,0.074,
3b036x91,Wish You the Worst,ExpertPlus,ItsNoot3rch,2024,853,0.127,0.12,0.013,0.095,
3cf22xx91,GHOUL,ExpertPlus,CyberTurtle & fraies,2024,567,0.132,0.12,0.011,0.138,many horizontal cuts / crossovers
74371,EC1-Everything Goes,Expert,rustic,2018,469,0.106,0.12,0.015,0.062,many horizontal cuts / crossovers
1a2af51,Darkness Swallows Life,Hard,"Fvrwvrd, Daan & Nolanimations",2021,452,-0.094,-0.12,0.014,-0.049,
402f4xx71,Past And Future,Expert,Spinvvy,2024,412,-0.091,-0.12,0.017,-0.057,
1aeb91,Be Wild,ExpertPlus,dankruptmemer,2018,416,0.11,0.12,0.012,0.17,many horizontal cuts / crossovers
190cc71,WARNINGxWARNINGxWARNING,Expert,Yaomin,2021,731,-0.113,-0.119,0.01,-0.06,
1ae1291,Kill Kill Kill Kill Kill,ExpertPlus,Helloiamdaan & cerret,2021,857,-0.123,-0.119,0.008,-0.12,
35d5bx71,Yuck,Expert,August,2023,1125,-0.128,-0.119,0.01,-0.121,
997891,toromi hearts 2,ExpertPlus,Souk & fraies,2020,407,-0.039,-0.119,0.019,-0.108,many horizontal cuts / crossovers
de7c91,The Fox's Wedding,ExpertPlus,Rusty,2020,1460,-0.202,-0.119,0.007,-0.097,
2722991,Thrill of It,ExpertPlus,General Dumbass,2022,1176,-0.02,-0.119,0.008,-0.141,many horizontal cuts / crossovers
193a691,Plaguebearer,ExpertPlus,FatBeanzoop & Fvrwvrd,2021,478,-0.107,-0.119,0.012,-0.12,
19ad771,Feral,Expert,abcbadq,2021,645,0.15,0.119,0.01,0.124,
1ccb991,Pink Soldiers,ExpertPlus,nolan121405,2021,3551,0.017,-0.119,0.007,-0.052,
3c3cexxxxxxxxx51,Mo-no/liTH,Hard,Komeijisan051,2024,527,-0.136,-0.119,0.011,-0.113,
18aba71,Cycle Hit,Expert,abcbadq & Joshabi,2021,2243,-0.124,-0.119,0.005,-0.072,
10de71,Mirror Night,Expert,squeaksies,2018,968,0.155,0.119,0.011,0.176,long jump distance (34 m); many horizontal cuts / crossovers
8c0a91,BLACK LABEL,ExpertPlus,Yun0,2020,1214,-0.094,-0.119,0.007,-0.094,
1a7c091,Wirepuller,ExpertPlus,abcbadq,2021,755,0.118,0.119,0.009,0.134,
7b3031,Tsurupettan,Normal,Kival Evan,2019,255,-0.07,-0.119,0.024,-0.119,long jump distance (32 m)
8d8951,Meowchine,Hard,CyanSnow,2020,469,0.148,0.118,0.015,0.105,long jump distance (27 m)
43c6ax11,Iikanji!!,Easy,Sasugano BigSlick & Sasugano Hiromiru,2025,226,-0.155,-0.118,0.026,-0.098,
243c71,Ocarina of Time Medley,Expert,todokete,2018,1418,-0.055,-0.118,0.01,-0.055,many horizontal cuts / crossovers
2326b71,Kingslayer,Expert,Nolanimations & Sync,2022,720,0.126,0.118,0.011,0.048,
4200fxxx31,It's Okay Now,Normal,wangyufy,2024,141,0.058,0.118,0.037,0.063,
43ca2xxx51,Fireside,Hard,Serephor,2025,496,0.06,0.118,0.017,0.08,
19686x91,The Kingdom Sitteth Lonely Beneath Thine Hollowed Heavens,ExpertPlus,Fnyt,2021,519,-0.074,-0.118,0.011,-0.115,
2ad9f91,cryptic worthy widgEt,ExpertPlus,Aquaflee & Helloiamdaan,2022,378,0.145,0.118,0.016,0.137,
1cb5571,Big Town Banky Blaine's Rockabilly BBQ,Expert,BrightKnight,2021,840,0.142,0.118,0.009,0.085,
2a57131,ANOTHER HIM,Normal,Phøenix,2022,355,0.123,0.117,0.03,0.158,
41f331,Magnetism,Normal,squeaksies,2019,418,0.086,0.117,0.03,0.07,long jump distance (30 m)
3aa79xxxxxxxxx91,Gleodream,ExpertPlus,ViSi & SL4SH,2024,597,0.169,0.117,0.013,0.138,many horizontal cuts / crossovers; heavily retried
3a954xxxxxxx91,RAIN GOD,ExpertPlus,rollylindenshnizzer,2024,459,0.109,0.117,0.016,0.127,many horizontal cuts / crossovers
513051,Saint's Beat,Hard,ejiejidayo,2019,303,-0.052,-0.117,0.019,-0.043,long jump distance (34 m)
15551,Midnight City,Hard,bennydabeast,2018,514,-0.084,-0.117,0.019,-0.062,many horizontal cuts / crossovers
29d32xxxxx51,Trinity Homerun,Hard,"Tseska, Irish & Joshabi",2022,1310,-0.143,-0.117,0.007,-0.085,
1b341xxxxxxxxxxxxxxx31,Galaxy Collapse,Normal,Emilia,2021,789,-0.126,-0.117,0.011,-0.08,
38419x71,Scream,Expert,"Serephor, CMP1111, LaidBackAries",2023,954,-0.223,-0.117,0.009,-0.068,
1699171,Knight Rider,Expert,Fvrwvrd,2021,1070,-0.134,-0.117,0.007,-0.108,
1ac0f31,p.h.,Normal,TOFU,2021,663,0.141,0.117,0.021,0.134,
1949e51,Viyella's Scream,Hard,Timbo,2021,2913,-0.145,-0.116,0.005,-0.09,
3ff31xxxxx91,Saishuu Kichiku Imouto Flandre-S,ExpertPlus,ViSi,2024,1183,-0.011,-0.116,0.009,-0.115,many horizontal cuts / crossovers
39aa6xxxxx91,kickstand,ExpertPlus,Parapass,2024,827,0.094,0.116,0.013,0.116,short jump distance (15 m); many horizontal cuts / crossovers
100e771,256*256,Expert,Rise & SieR,2020,426,0.121,0.116,0.014,0.119,many horizontal cuts / crossovers
48acexx91,Huh,ExpertPlus,Kaxle,2025,574,0.163,0.116,0.015,0.055,many horizontal cuts / crossovers
420b7xxxxx91,Gold Rush,ExpertPlus,"Dereknalox123, Tseska, Taddus & Tpenny68",2024,2103,-0.146,-0.116,0.006,-0.135,
278991,Quo Vadis,ExpertPlus,squeaksies,2018,645,0.091,0.116,0.014,0.15,many horizontal cuts / crossovers
a54431,G4M3-0V3R,Normal,shrado & abcbadq,2020,836,-0.107,-0.116,0.013,-0.027,long jump distance (28 m)
37483x91,Moon Halo,ExpertPlus,Pleo,2023,1823,-0.149,-0.116,0.008,-0.154,many horizontal cuts / crossovers
420b7xxxxx51,Gold Rush,Hard,"Dereknalox123, Tseska, Taddus & Tpenny68",2024,990,-0.149,-0.116,0.009,-0.098,
3a5afxxx91,Abstruse Dilemma ,ExpertPlus,vOid vs. anzu,2024,565,0.078,0.115,0.012,0.131,many horizontal cuts / crossovers
397e3xxx91,Möbius,ExpertPlus,BlAck_vOid-1001,2024,1088,0.082,0.115,0.009,0.115,many horizontal cuts / crossovers
28271,Awe (One Saber),Expert,rustic,2018,1086,-0.192,-0.115,0.012,-0.113,many horizontal cuts / crossovers
107ab91,Hanavision,ExpertPlus,xShappyMouche,2020,534,0.118,0.115,0.012,0.112,
360b91,Mare Maris,ExpertPlus,squeaksies,2019,642,0.033,0.115,0.015,0.143,long jump distance (27 m); many horizontal cuts / crossovers
32d62x91,BUCHiGiRE Berserker,ExpertPlus,Jojobanana,2023,290,0.144,0.115,0.023,0.128,
409ebxxxxx91,Scatman,ExpertPlus,shrado,2024,1790,0.02,0.115,0.008,0.102,many horizontal cuts / crossovers
41d75xx91,Two Faced,ExpertPlus,Loloppe,2024,1749,-0.157,-0.114,0.006,-0.105,
1b0cb91,Destroyer,ExpertPlus,Cobayo,2021,548,-0.093,-0.114,0.014,-0.113,
440c1xxx51,Renegade (We Never Run),Hard,Pleo & MadChase,2025,615,0.135,0.114,0.013,0.044,many horizontal cuts / crossovers
20d7651,BATTLE NO.1,Hard,"Bitz, HypersonicSharkz & Luck",2022,1232,0.129,0.114,0.009,0.039,
1695b11,I,Easy,Mystikmol & Moriik,2021,363,-0.085,-0.114,0.017,-0.076,long jump distance (26 m); many horizontal cuts / crossovers
b31151,Spring Day,Hard,simplymarvellous,2020,158,-0.074,-0.114,0.036,-0.115,long jump distance (31 m); many horizontal cuts / crossovers
194971,Black Emperor,Expert,mystikmol,2018,775,-0.165,-0.114,0.012,-0.115,
1ace971,Start menu,Expert,D7oomyAli,2021,2509,-0.177,-0.114,0.008,0.055,top players see it differently
33d6bxxxx51,ULTRA SYNERGY MATRIX,Hard,Spinvvy,2023,552,-0.063,-0.114,0.016,-0.011,top players see it differently
37eaaxxx51,Warzone,Hard,Jevk,2023,626,0.088,0.114,0.012,0.055,
1877411,It's Been So Long,Easy,shrado & Schwank,2021,393,0.115,0.114,0.028,0.128,long jump distance (28 m)
12a6b71,Count down 321,Expert,"muffn, FatBeanzoop, DE125",2021,2091,-0.096,-0.114,0.005,-0.109,
32788x71,Algorithm,Expert,Pleo,2023,649,0.088,0.114,0.012,0.054,
10a3471,Better Not,Expert,Olaf,2020,1754,-0.096,-0.114,0.007,-0.134,
f53211,Tribal Trial,Easy,CoolingCloset & Nolanimations,2020,471,0.11,0.113,0.017,0.077,
3be60xxx91,Discord,ExpertPlus,minsiii,2024,1235,0.112,0.113,0.008,0.121,many horizontal cuts / crossovers
2e09dxx91,Brutal,ExpertPlus,ItsVasili,2023,910,-0.114,-0.113,0.01,-0.081,many horizontal cuts / crossovers
a54491,G4M3-0V3R,ExpertPlus,shrado & abcbadq,2020,1029,0.157,0.113,0.009,0.125,
12ab331,Just the Way You Are,Normal,Uninstaller,2021,910,-0.121,-0.113,0.009,-0.13,long jump distance (29 m)
1695f31,EgO,Normal,Soba`s,2021,375,-0.145,-0.113,0.015,-0.097,
1ace591,Venomous Firefly,ExpertPlus,ComplexFrequency,2021,1824,-0.077,-0.113,0.007,-0.116,many horizontal cuts / crossovers
3c0b8xxx91,Hello (BPM) 2024,ExpertPlus,Cratornugget,2024,579,0.169,0.113,0.012,0.136,many horizontal cuts / crossovers
37d44x71,Coin,Expert,accuwucy,2023,977,-0.06,-0.113,0.01,-0.063,many horizontal cuts / crossovers
2574791,Archangel,ExpertPlus,Helloiamdaan,2022,225,-0.133,-0.113,0.023,-0.111,
44758xxx91,Silentphobia,ExpertPlus,charlie1epicdude,2025,209,0.127,0.113,0.02,0.128,
1abd331,Rainbow Road,Normal,lobsterrrrrrrr,2021,306,-0.129,-0.113,0.021,-0.138,
3d06axxxxxxxxxxxx71,driving with my eyes closed,Expert,"Parapass, Classicstar & UglyApe",2024,1139,-0.182,-0.113,0.01,-0.142,many horizontal cuts / crossovers
a40571,Dolphin On Wheels,Expert,Checkthepan,2020,470,0.13,0.112,0.012,0.099,
1967351,Trance Dance Anarchy,Hard,Yaomin,2021,483,0.096,0.112,0.013,0.096,
3e2c2xxxxx91,Dual Doom Deathmatch,ExpertPlus,Blackjack,2024,543,0.147,0.112,0.014,0.133,many horizontal cuts / crossovers; heavily retried
188b111,Come Alive,Easy,Fatalution,2021,360,-0.093,-0.112,0.025,-0.094,
3c433xxx51,Accendio,Hard,Jonas_0_0,2024,551,-0.167,-0.112,0.017,-0.024,
1fb3a31,Ether Strike,Normal,harbgy & Aquaflee,2022,550,0.101,0.112,0.013,0.094,
1abd351,Rainbow Road,Hard,lobsterrrrrrrr,2021,625,-0.103,-0.112,0.012,-0.063,
4bf13xxxxxx71,Distortion,Expert,penguiin,2025,175,-0.112,-0.112,0.033,-0.116,
48c01xx31,Splush Sunbeach,Normal,Poochy,2025,165,-0.133,-0.112,0.026,-0.15,
24d40x71,The Grey,Expert,Bytrius,2022,694,-0.09,-0.112,0.01,-0.103,
1b91571,Attractor Dimension,Expert,Laur Fanclub,2021,772,-0.12,-0.112,0.011,-0.112,
198db51,Felis,Hard,ComplexFrequency & Checkthepan,2021,440,0.127,0.112,0.014,0.112,many horizontal cuts / crossovers
41d0cxxxxx91,- Divine Light of Myriad -,ExpertPlus,Blackjack,2024,241,0.157,0.112,0.022,0.124,many horizontal cuts / crossovers
37e07xxx91,R U Still xxxx?,ExpertPlus,Darkrealm7,2023,1034,0.154,0.111,0.009,0.112,
20402x71,Orbit,Expert,Tranch,2022,692,0.092,0.111,0.011,0.068,
38606xxx91,SUPER EMULATOR,ExpertPlus,1100ping_boi,2023,100,0.09,0.111,0.029,0.109,heavily retried
198db91,Felis,ExpertPlus,ComplexFrequency & Checkthepan,2021,825,0.117,0.111,0.011,0.109,many horizontal cuts / crossovers
4c671,Uprising,Expert,rustic,2018,3369,-0.08,-0.111,0.006,-0.029,many horizontal cuts / crossovers
12ac831,Rocket Cider,Normal,SmileEaglet,2021,277,0.026,-0.111,0.019,-0.067,long jump distance (32 m); many horizontal cuts / crossovers
40e10xxxxxxx71,Medicine,Expert,The Pharmacists,2024,998,-0.143,-0.111,0.012,-0.139,many horizontal cuts / crossovers; heavily retried
29742x91,5G straal (hamster),ExpertPlus,Phøenix,2022,3507,-0.148,-0.111,0.005,-0.022,
4b07axx71,gigolo,Expert,Jonas,2025,519,-0.103,-0.111,0.014,-0.18,many horizontal cuts / crossovers
42282xx31,Birds of Time,Normal,The Lunar Carver,2024,1024,-0.025,0.111,0.011,0.174,short jump distance (15 m)
2b0aax91,The Dark Field,ExpertPlus,Helloiamdaan,2022,191,-0.038,-0.11,0.021,-0.111,many horizontal cuts / crossovers
2ad5431,KICK BACK,Normal,CookedChili,2022,709,0.124,0.11,0.015,0.105,
d88891,Neverland,ExpertPlus,carrot,2020,912,0.082,-0.11,0.01,-0.122,many horizontal cuts / crossovers
23596xxx31,Novablast,Normal,"Bitz, Cokeinjector, Luck & Sync",2022,1238,0.131,0.11,0.011,0.051,
d77f11,Wish upon Twin Stars,Easy,That_Narwhal,2020,234,-0.108,-0.11,0.022,-0.117,long jump distance (30 m)
1a56851,Forever,Hard,Teuflum & muffn,2021,1290,0.101,0.11,0.008,0.123,
188b131,Come Alive,Normal,Fatalution,2021,566,-0.093,-0.11,0.016,-0.062,
1ac0f11,p.h.,Easy,TOFU,2021,1008,-0.04,-0.11,0.017,-0.153,long jump distance (33 m)
204c71,Indoor Kei Nara Trackmaker,Expert,hexagonial,2018,1019,0.168,0.11,0.01,0.173,long jump distance (26 m); many horizontal cuts / crossovers
2326b51,Kingslayer,Hard,Nolanimations & Sync,2022,673,0.146,0.11,0.011,0.041,
35a61xxxxxxxxx51,Lapin Beast,Hard,Alpha Cancri,2023,366,-0.073,-0.11,0.013,-0.113,
28d74xxxxxx51,Vicious Heroism,Hard,ComplexFrequency,2022,2215,-0.098,-0.11,0.006,-0.141,
cd5c91,Xronier,ExpertPlus,Soba`s,2020,259,-0.126,-0.11,0.016,-0.122,
18f5d91,Centipede,ExpertPlus,SlimyBlob & Bloo,2021,2356,-0.085,-0.11,0.006,-0.108,
17dc411,Opa,Easy,Fatalution,2021,443,-0.098,-0.109,0.022,-0.134,
1716431,Paws and Play,Normal,CyanSnow,2021,198,0.157,0.109,0.024,0.056,
124ea91,"This Is the Dead, and I Reached the Deathless.",ExpertPlus,Astrella & FatBeanzoop,2021,724,0.141,0.109,0.011,0.111,
13b1791,UNO,ExpertPlus,Schwank vs. Narwhal,2021,1255,0.088,0.109,0.008,0.119,many horizontal cuts / crossovers
29bf91,Hentacito,ExpertPlus,psyc0pathic,2019,1408,0.122,0.109,0.008,0.167,many horizontal cuts / crossovers
d27e71,THE DROP,Expert,Teuflum,2020,604,0.138,0.109,0.01,0.117,
5b2e31,volcanic,Normal,Souk & Hexagonial,2019,254,-0.072,-0.109,0.022,-0.194,long jump distance (35 m)
76c211,It's Raining Somewhere Else,Easy,Skeelie,2019,279,0.117,0.109,0.037,0.051,long jump distance (28 m); many horizontal cuts / crossovers
24d40x91,The Grey,ExpertPlus,Bytrius,2022,1501,-0.112,-0.108,0.007,-0.102,
16abf71,The Nights,Expert,Nolanimations,2021,2376,0.084,0.108,0.007,0.082,
3cbc3xxxxx91,Armageddon,ExpertPlus,ViSi,2024,1054,-0.115,-0.108,0.01,-0.101,many horizontal cuts / crossovers
270e0xxx31,Route 209 (Day),Normal,"yabje, Rashed & Tea Drinker",2022,612,-0.105,-0.108,0.015,-0.192,
1ffad51,A Drowning Cry,Hard,Fatalution,2022,943,-0.118,-0.108,0.01,-0.13,
1895871,You & DIE,Expert,Timbo & eZconfirmed,2021,2071,-0.124,-0.108,0.006,-0.073,
28437xxxx91,Qrestfall,ExpertPlus,unluckyL & Aquaflee,2022,1650,-0.124,-0.108,0.007,-0.104,
132e951,More One Night,Hard,That_Narwhal,2021,1342,0.12,0.108,0.01,0.027,
8eb631,All Night,Normal,Teuflum,2020,340,0.14,0.108,0.026,0.132,long jump distance (30 m); many horizontal cuts / crossovers
2951cx91,Pipopipo People People,ExpertPlus,BigSlick,2022,939,-0.134,-0.108,0.009,-0.106,
35be7xx91,Show,ExpertPlus,Pleo,2023,1565,-0.067,-0.108,0.008,-0.1,many horizontal cuts / crossovers
124ea31,"This Is the Dead, and I Reached the Deathless.",Normal,Astrella & FatBeanzoop,2021,399,0.095,0.108,0.015,0.067,
1306931,Quon,Normal,+1 Rabbit,2021,492,-0.121,-0.108,0.014,-0.08,
d7c951,The Clear Blue Sky,Hard,Mystikmol,2020,414,-0.106,-0.108,0.016,-0.093,long jump distance (27 m)
11bde51,Phantom's Wonderland,Hard,"Skeelie, ETAN, AaltopahWi",2020,328,0.12,0.107,0.015,0.101,
1fdfaxx71,Electromagnetic Stealth Girl Born In Philadelphia,Expert,Aimedhades16 & Lobster,2022,791,0.077,0.107,0.01,0.124,
20fdbxxxxxxx11,200cc,Easy,Spoekle & fqrb,2022,1354,-0.106,-0.107,0.012,-0.165,
2ee3bxxxxxx71,666,Expert,ComplexFrequency & Narwhal,2023,1053,-0.117,-0.107,0.009,-0.111,many horizontal cuts / crossovers
20d0bx71,Iro o Ushinatta Machi,Expert,CoolingCloset & Helloiamdaan & Nolanimations,2022,901,-0.064,-0.107,0.011,-0.114,many horizontal cuts / crossovers
349aexxxx11,Heart Shaker,Easy,Lalahti,2023,129,0.02,0.107,0.038,0.001,top players see it differently
1047351,PARALLEL*PRISM,Hard,That_Narwhal,2020,657,0.104,0.106,0.012,0.057,long jump distance (27 m)
1306971,Quon,Expert,+1 Rabbit,2021,2152,-0.109,-0.106,0.006,-0.079,
1935751,GIMME DA BLOOD,Hard,Narwhal & Alice,2021,408,0.123,0.106,0.015,0.061,long jump distance (28 m)
2d1e591,paradox,ExpertPlus,Various Mappers,2022,545,0.102,0.106,0.011,0.129,
1a55e11,My Album Is Out On Dance Corps So Now I Am Allowed To Do A Dancecore Yay!,Easy,Emilia,2021,274,0.098,0.106,0.03,0.171,
3717371,Anytime Anywhere,Expert,CookedChili,2024,1759,-0.058,-0.106,0.008,-0.109,many horizontal cuts / crossovers
81b491,Cupid,ExpertPlus,shrado,2020,2081,-0.176,-0.106,0.008,0.104,top players see it differently
1337791,Hardware Store,ExpertPlus,That_Narwhal,2021,1207,0.117,0.106,0.009,0.096,
ccac51,Secret World,Hard,Mystikmol,2020,315,-0.137,-0.106,0.02,-0.082,long jump distance (29 m)
46472xxxxx91,FINAL_ROAD_MEGAMIX,ExpertPlus,Hanari,2025,326,-0.137,-0.106,0.016,-0.128,
1a58771,The Guinea Pig Is In Your Mind,Expert,Cobayo,2021,784,0.133,0.106,0.014,0.067,
40d3axxxxx71,Bookmaker,Expert,Slayx & azu,2024,1547,0.029,-0.105,0.008,-0.103,many horizontal cuts / crossovers
2c5b9xxx91,Dragostea Din Tei,ExpertPlus,Nebelmonster,2022,1614,-0.092,-0.105,0.008,-0.092,
1887191,movinglikeazombie,ExpertPlus,nolan121405,2021,793,-0.122,-0.105,0.009,-0.122,
1e07d71,Unpleasant Sonata,Expert,"Complex, Jabob, & Slimy",2021,2472,-0.127,-0.105,0.005,-0.124,
3aeb1xx51,CALAMITY RHAPSODY,Hard,Cratornugget,2024,486,0.09,0.105,0.012,0.072,
3f6d391,Arachnid,ExpertPlus,Glasso050,2024,631,0.105,0.105,0.011,0.106,
1ad2b11,Toxic Violet Cubes,Easy,BSWC Team,2021,454,0.118,0.105,0.015,0.057,
246d991,Nutella,ExpertPlus,AntiLink,2022,2036,-0.062,-0.105,0.006,-0.111,many horizontal cuts / crossovers
999e91,Twisted Drop Party,ExpertPlus,abcbadq,2020,809,0.145,0.105,0.01,0.12,
c64371,Digital Girl,Expert,Skeelie,2020,564,0.185,0.105,0.012,0.062,long jump distance (28 m); many horizontal cuts / crossovers
2185bxxxx51,Distorted Heavens,Hard,Timbo,2022,2224,-0.119,-0.105,0.007,-0.021,
dda31,Let Mom Sleep,Normal,todokete,2018,223,-0.023,-0.105,0.024,-0.105,long jump distance (35 m); many horizontal cuts / crossovers
1badc51,The Things We Believe In,Hard,Cyrix,2021,349,0.103,0.105,0.014,0.102,
1b4f951,Our Generation,Hard,nolan121405,2021,878,0.125,0.105,0.012,0.041,
acf51,EC2 - Still Waiting,Hard,rustic,2018,297,0.018,0.104,0.024,0.027,
1694f11,Ringed Genesis,Easy,That_Narwhal,2021,171,-0.003,0.104,0.03,0.098,short jump distance (8 m)
19be151,Uebok VIP,Hard,Fatalution,2021,553,-0.098,-0.104,0.014,-0.094,
25987xxx71,Halo: CEA - Cloaked in Blackness,Expert,Sp234,2022,130,0.095,0.104,0.03,0.019,many horizontal cuts / crossovers
caa891,Sorry,ExpertPlus,Pixelguy & Teuflum,2020,858,0.132,0.104,0.011,0.064,
2c2acx91,Revolver,ExpertPlus,Taddus & Oegoe,2022,1278,-0.147,-0.104,0.008,-0.116,
455eexxxxxx11,toxic till the end,Easy,"Lalahti, Danny",2025,133,-0.152,-0.104,0.03,-0.077,
f91e91,Who's Laughing Now,ExpertPlus,Teuflum,2020,3463,-0.058,-0.104,0.005,-0.088,many horizontal cuts / crossovers
41cfbxxx71,The Intense Voice of Hatsune Miku,Expert,Darkrealm7,2024,1110,-0.111,-0.104,0.009,-0.084,
12d9691,Mane Mane Psychotropic,ExpertPlus,SlimyBlob,2021,783,0.2,0.104,0.011,0.121,many horizontal cuts / crossovers
e5cd31,Shinbatsu o Tadori Kyoukotsu ni Itaru,Normal,altrewin & ExUnReal,2020,642,-0.147,-0.104,0.01,-0.028,
264971,Soar,Expert,hexagonial,2018,878,-0.111,-0.104,0.009,-0.018,
166cf11,Wander Sound,Easy,XAce1337manX,2021,184,-0.032,-0.104,0.037,-0.09,long jump distance (27 m); many horizontal cuts / crossovers
833911,"Saufen morgens, mittags, abends",Easy,Various Mappers,2020,204,-0.069,-0.104,0.043,-0.11,long jump distance (32 m); many horizontal cuts / crossovers; few scores (noisy)
195a571,Get Get Down,Expert,ItsVasili,2021,849,-0.139,-0.104,0.009,-0.052,
3c433xxx71,Accendio,Expert,Jonas_0_0,2024,920,-0.15,-0.104,0.009,-0.086,
30c0a71,mental anguish,Expert,Phøenix & GojiCrafter,2023,518,0.065,0.103,0.016,0.159,
108c651,OniiChan High Tech,Hard,Vilawes & altrewin,2020,758,-0.106,-0.103,0.009,-0.084,
1949e91,Viyella's Scream,ExpertPlus,Timbo,2021,2604,-0.132,-0.103,0.005,-0.107,
1a8d411,Death From Above,Easy,Skeelie,2021,174,0.039,0.103,0.03,0.096,short jump distance (7 m); many horizontal cuts / crossovers
491b6xx51,Danger,Hard,Darkrealm7,2025,620,-0.097,-0.103,0.011,-0.076,
42fd0xxxxxx71,Vortex,Expert,ViSi,2025,1139,-0.089,-0.103,0.008,-0.149,
19bdd31,Powerful,Normal,nolan121405,2021,810,-0.109,-0.103,0.011,-0.142,
b72471,Falling,Expert,Teuflum,2020,2592,-0.114,-0.103,0.005,-0.103,
1f07431,Deimos,Normal,"Jabob, Narwhal, & Bullet",2021,511,0.12,0.103,0.014,0.083,
2782991,Au5 - Crossroad,ExpertPlus,Darkrealm7,2022,578,-0.1,-0.103,0.011,-0.119,
43d09xxx91,INTERDIXION,ExpertPlus,"vOid as ""Forbidden Interception""",2025,219,-0.096,-0.103,0.021,-0.094,many horizontal cuts / crossovers
e1ff91,Jackknife,ExpertPlus,Bush,2020,596,0.262,0.103,0.011,0.122,many horizontal cuts / crossovers
1acf571,SLIME INCIDENT,Expert,Helloiamdaan & Joshabi,2021,2112,-0.134,-0.103,0.006,-0.07,
3f1aaxxxxx71,lightbearer,Expert,Komeijisan051,2024,1001,-0.092,-0.103,0.008,-0.083,
268371,Routine,Expert,hexagonial,2018,576,0.143,0.103,0.012,0.164,many horizontal cuts / crossovers
25e40xxxx51,Trauma,Hard,yabje,2022,1109,-0.077,-0.103,0.01,-0.174,
3a5e9xxxxx71,BAD SAD AND MAD,Expert,Bellus,2024,380,-0.122,-0.102,0.016,-0.073,
13fe151,Final Boss,Hard,"Checkthepan, ItsVasili, Timeweaver",2021,748,0.104,0.102,0.009,0.11,
100e791,256*256,ExpertPlus,Rise & SieR,2020,902,0.131,0.102,0.01,0.131,many horizontal cuts / crossovers
17e491,HONESTY,ExpertPlus,hexagonial,2018,415,-0.175,-0.102,0.015,-0.063,
2d5bdxxxxxxx51,The Empress,Hard,Emilia,2022,146,0.121,0.102,0.026,0.072,
29d10x91,Equilibrium,ExpertPlus,AllPoland,2022,945,0.104,0.102,0.011,0.089,many horizontal cuts / crossovers
2bf61xx31,Anti-Hero,Normal,symphonic,2022,156,0.072,0.102,0.033,-0.004,long jump distance (29 m); top players see it differently
24edc91,ENVY BABY,ExpertPlus,Semdol,2022,1020,-0.073,-0.102,0.009,-0.126,
38670xxxx31,Francium,Normal,Loloppe,2023,115,-0.003,0.102,0.052,-0.074,top players see it differently; few scores (noisy)
23a2c91,Dreaded Note,ExpertPlus,cerret & Nolanimations,2022,1325,-0.107,-0.102,0.007,-0.098,
4936axxxxxxxxxxx11,G4M3-0V3R,Easy,shrado,2025,549,0.076,0.102,0.019,0.014,many horizontal cuts / crossovers
2767cx91,Safety!,ExpertPlus,"Phøenix, Endy, GojiCrafter",2022,302,0.089,0.102,0.015,0.145,
24f9dxxxx51,Deathstalker,Hard,TG90,2022,233,0.086,0.101,0.021,0.152,
9b9171,Guchagucha Coke Screw,Expert,Vilawes & Depito,2020,189,0.127,0.101,0.021,0.104,
b47a51,Bleed Into Me,Hard,Rexxz,2020,218,0.154,0.101,0.02,0.077,long jump distance (28 m)
37483x71,Moon Halo,Expert,Pleo,2023,949,-0.141,-0.101,0.011,-0.123,
3a111xxxxxxxxxxxxxxxxx11,PISSCORD,Easy,ob1cb & Anodize,2024,631,0.115,0.101,0.013,0.04,
1b91591,Attractor Dimension,ExpertPlus,Laur Fanclub,2021,1112,-0.091,-0.101,0.008,-0.098,
33514xxx91,Hito wo Kidoru,ExpertPlus,Light Ai,2023,468,0.118,0.101,0.014,0.109,many horizontal cuts / crossovers
3a751x91,Salamander,ExpertPlus,ViSi,2024,888,-0.027,-0.101,0.01,-0.115,many horizontal cuts / crossovers
281c5xx91,Immortal Flame,ExpertPlus,Jevk,2022,396,0.046,0.101,0.013,0.093,
387a0xxxx91,#1f1e33,ExpertPlus,A Jhintleman,2023,337,0.157,0.101,0.016,0.116,many horizontal cuts / crossovers; heavily retried
1cce671,Spin Eternally,Expert,Nolanimations,2021,2034,0.089,0.101,0.006,0.078,
11b4991,Purple People Eater,ExpertPlus,FatBeanzoop & ExUnReal,2020,3779,-0.119,-0.101,0.004,-0.079,
1410791,Nana,ExpertPlus,Skeelie,2021,1747,-0.017,-0.101,0.007,-0.092,many horizontal cuts / crossovers
326d4xxx91,Glooorious!!,ExpertPlus,Azurii,2023,383,0.082,0.101,0.017,0.091,
16e9711,LOVE SPICE LIKE U!!!,Easy,altrewin,2021,516,0.094,0.101,0.013,0.023,
1b1ba91,YoiYoi Kokon,ExpertPlus,Joshabi,2021,3118,-0.107,-0.101,0.005,-0.117,many horizontal cuts / crossovers
1e24c91,"The Sun, The Moon, The Star",ExpertPlus,ThySpoon,2021,451,-0.113,-0.101,0.012,-0.085,
b9c491,a decayed garden sinks into the isolated sea,ExpertPlus,Emilia,2020,915,0.147,0.101,0.01,0.086,long jump distance (27 m); many horizontal cuts / crossovers
24d40x31,The Grey,Normal,Bytrius,2022,244,-0.099,-0.101,0.021,-0.058,
790491,iLLness LiLin,ExpertPlus,Jez & Sab,2019,388,-0.064,-0.1,0.017,-0.106,many horizontal cuts / crossovers
790451,iLLness LiLin,Hard,Jez & Sab,2019,1379,-0.085,-0.1,0.009,-0.107,long jump distance (28 m)
2c25a91,Never Count On Me,ExpertPlus,AllPoland,2022,1855,-0.09,-0.1,0.007,-0.108,many horizontal cuts / crossovers
27e38x71,BREAKSH!T,Expert,Timeweaver,2022,1822,-0.086,-0.1,0.007,-0.027,
3d2a8xxxx51,Sonic Blaster,Hard,Darkrealm7,2024,282,0.06,0.1,0.027,0.12,
3af6axxx91,fissa x 13,ExpertPlus,UglyApe,2024,1442,0.132,0.1,0.009,0.111,many horizontal cuts / crossovers
503f091,Strawberry's Daughters,ExpertPlus,Slayx,2026,328,-0.091,-0.1,0.018,-0.159,
188ed91,The Everlasting Calamity That Shifts The Time - Space Continuum On A Nanosecondal Basis,ExpertPlus,Jabob & Helloiamdaan,2021,1475,-0.11,-0.1,0.007,-0.103,
138da51,Hellcat,Hard,CyanSnow,2021,1374,-0.08,-0.1,0.008,-0.181,
108f511,Tonchiki ranchiki chindon kikou,Easy,SieR,2020,232,-0.151,-0.1,0.024,-0.177,long jump distance (26 m)
2698d11,Yoru ni Kakeru,Easy,chikinbiskit,2022,353,0.075,0.1,0.041,-0.0,top players see it differently; few scores (noisy)
b97b91,Uwa!! So Temperate,ExpertPlus,Xhera,2020,2312,-0.142,-0.1,0.008,-0.043,
a97b31,Too Far,Normal,Teuflum & Halcyon12,2020,307,0.087,0.1,0.027,0.029,long jump distance (29 m)
15591,Midnight City,ExpertPlus,bennydabeast,2018,1753,-0.124,-0.1,0.008,-0.05,many horizontal cuts / crossovers
1719291,The Solace of Oblivion,ExpertPlus,abcbadq & shad,2021,507,0.109,0.1,0.011,0.102,
12bdc71,Monochrome Butterfly,Expert,muffn,2021,1049,0.107,0.1,0.011,0.098,many horizontal cuts / crossovers
369a0xxx71,Beyond the Geostationary Orbit Level,Expert,edgii,2023,589,0.09,0.1,0.011,0.106,
20d7691,BATTLE NO.1,ExpertPlus,"Bitz, HypersonicSharkz & Luck",2022,1603,0.086,0.1,0.008,0.085,many horizontal cuts / crossovers
28c591,NUCLEAR-STAR,ExpertPlus,hexagonial,2018,1310,0.127,0.1,0.007,0.136,many horizontal cuts / crossovers
297f131, Get Through,Normal,Davaayy,2022,633,0.097,0.1,0.02,0.137,
2bf61xx11,Anti-Hero,Easy,symphonic,2022,161,0.076,0.1,0.038,0.007,long jump distance (30 m)
188b171,Come Alive,Expert,Fatalution,2021,1405,-0.124,-0.099,0.007,-0.06,
1967391,Trance Dance Anarchy,ExpertPlus,Yaomin,2021,620,0.115,0.099,0.011,0.109,many horizontal cuts / crossovers
b2f291,epimerization,ExpertPlus,CoolingCloset,2020,1381,0.113,0.099,0.009,0.075,many horizontal cuts / crossovers
20ec9xxxxx91,Mysta Megamix,ExpertPlus,Rusty & Bitz,2022,2113,0.063,0.099,0.006,0.072,
f53231,Tribal Trial,Normal,CoolingCloset & Nolanimations,2020,560,0.128,0.099,0.013,0.076,
4e47axx91,BIKE,ExpertPlus,JumPizza115,2026,182,0.037,0.099,0.028,0.087,many horizontal cuts / crossovers
39be5xxx71,FAR OUT,Expert,Phøenix & Undeceiver,2024,921,-0.124,-0.099,0.009,-0.118,
3ba4bxx71,Click,Expert,Jonas_0_0,2024,420,0.071,0.099,0.017,0.066,
181a291,Haunted Bus,ExpertPlus,"Dexty, Atomo, & Jabob",2021,1798,-0.079,-0.099,0.006,-0.101,many horizontal cuts / crossovers
3354bx51,Losing My Religion,Hard,GojiCrafter,2023,438,0.125,0.099,0.02,0.161,
37d44x51,Coin,Hard,accuwucy,2023,403,-0.106,-0.099,0.017,-0.113,
12fae31,Extra Credit on the Chromosome Test! VICTORY ROYALE​!​!​!,Normal,shrado,2021,807,0.055,0.099,0.012,0.04,
3fa76xxxx51,Night of Knights,Hard,Komeijisan & Shosa,2024,885,0.086,0.099,0.012,0.013,
1935731,GIMME DA BLOOD,Normal,Narwhal & Alice,2021,249,0.096,0.099,0.021,0.069,
37e81xxxx91,TeraVolt,ExpertPlus,BlAck_vOid-1001,2023,642,0.072,0.099,0.012,0.109,
1cc2d11,Higher Love,Easy,xScaramouche,2021,123,-0.081,-0.098,0.027,-0.123,
25651,Rainbow Notes,Hard,rustic,2018,201,0.017,0.098,0.025,0.035,players reset/repeat directions the analyzer does not expect; many horizontal cuts / crossovers
10cf131,Very Noise,Normal,Checkthepan,2020,404,0.133,0.098,0.019,0.09,many horizontal cuts / crossovers
3b3bdxxx51,SEITEN NO TERIYAKI NO DENSETSU,Hard,edgii,2024,933,-0.109,-0.098,0.01,-0.038,
43d05xxx31,APT.,Normal,"Lalahti, Danny",2025,580,-0.158,-0.098,0.014,0.021,top players see it differently
1ab2f91,Step!,ExpertPlus,Jevk,2021,1382,0.071,0.098,0.008,0.13,
1ff071,I can't stop,Expert,rustic,2018,1885,-0.122,-0.098,0.008,0.018,many horizontal cuts / crossovers; top players see it differently
d27e31,THE DROP,Normal,Teuflum,2020,281,-0.104,-0.098,0.017,-0.067,
98bd91,Esoteria,ExpertPlus,Jez,2020,629,0.099,0.098,0.011,0.102,
12cf371,I'm A Fucking Car,Expert,Emilia & dibl,2021,977,-0.076,-0.098,0.009,-0.1,
3e122xxxx71,I Don't Know Anything,Expert,ZeCube,2024,1050,-0.026,-0.098,0.01,-0.135,many horizontal cuts / crossovers
259b91,Midnight,ExpertPlus,Krydar,2018,524,0.063,0.098,0.015,0.064,
38a54xx11,The Vampire,Easy,Xarope93,2024,183,0.04,0.098,0.036,-0.026,top players see it differently
46e59xx91,did i tell u that i miss u,ExpertPlus,Rail Zen,2025,1592,0.035,0.098,0.008,0.041,
1303c71,Guardian,Expert,shrado & Scrappy,2021,1451,-0.104,-0.097,0.007,-0.069,
1770751,Trapped in the Past,Hard,muffn,2021,1131,-0.073,-0.097,0.009,-0.091,
1f9091,Overkill,ExpertPlus,Nuketime,2018,2176,0.088,0.097,0.006,0.178,many horizontal cuts / crossovers
26d75x91,Space Invaders,ExpertPlus,Avexus,2022,1558,-0.142,-0.097,0.006,-0.075,
fa3331,Drop That Low (When I Dip),Normal,Uninstaller,2020,187,0.111,0.097,0.032,0.075,long jump distance (28 m); many horizontal cuts / crossovers
d79071,Einherjar Joker,Expert,Various Mappers,2020,276,0.119,0.097,0.018,0.096,long jump distance (29 m)
2622dxx71,Scuffed Up Age,Expert,CookedChili,2022,726,0.104,0.097,0.01,0.067,
ca3051,The Beast,Hard,Ramen Noodle,2020,266,0.112,0.097,0.016,0.105,
1f2e571,Darling Dance,Expert,BigSlick,2021,756,-0.156,-0.097,0.01,-0.095,
43222xxxxx91,psychology,ExpertPlus,ViSi,2025,339,-0.104,-0.097,0.017,-0.099,
1492f71,C18H27NO3,Expert,Duh Hello,2021,807,0.077,0.097,0.008,0.1,
11bde71,Phantom's Wonderland,Expert,"Skeelie, ETAN, AaltopahWi",2020,566,0.113,0.097,0.011,0.136,
b00251,Daijoubu,Hard,Skeelie,2020,267,-0.098,-0.097,0.017,-0.018,long jump distance (26 m)
27d871,Monochrome Butterfly,Expert,fraies,2018,693,0.095,0.097,0.012,0.131,many horizontal cuts / crossovers
42ecexx71,Extraterrestrial,Expert,The Lunar Carver,2025,694,0.129,0.097,0.012,0.037,many horizontal cuts / crossovers
b96f91,Lost It,ExpertPlus,ItsVasili,2020,421,0.081,0.097,0.013,0.11,
126bd91,XTREME,ExpertPlus,Timbo,2021,1050,0.136,0.096,0.009,0.088,many horizontal cuts / crossovers
4a15dx91,Strawberry Rush,ExpertPlus,"Lalahti, Danny",2025,1366,0.001,0.096,0.01,0.056,many horizontal cuts / crossovers
1944831,SCREW // owo // SCREW,Normal,ThySpoon,2021,1294,-0.07,-0.096,0.008,-0.125,
43c96xxxx31,Hyper Bass,Normal,ZeCube,2025,132,0.154,0.096,0.034,-0.07,long jump distance (27 m); many horizontal cuts / crossovers; top players see it differently
36520x71,ICKY,Expert,minsiii & mansiii,2023,487,-0.087,-0.096,0.013,-0.024,
30a33xxx91,Super Freak,ExpertPlus,Blackjack,2023,387,0.018,0.096,0.017,0.115,many horizontal cuts / crossovers
c2f151,Jumping!!,Hard,VRMasked & Dr_Marc,2020,287,0.123,0.096,0.019,0.113,long jump distance (28 m)
d0f611,Bassline Yatteru? w,Easy,Uninstaller,2020,405,0.127,0.096,0.024,0.08,long jump distance (28 m); many horizontal cuts / crossovers
1542191,Oniyuri,ExpertPlus,Mystikmol & Pug,2021,1211,0.077,0.096,0.01,0.066,
471b7xxx91,On My Lips,ExpertPlus,Jonas_0_0,2025,1201,-0.063,-0.096,0.009,-0.125,many horizontal cuts / crossovers
19be131,Uebok VIP,Normal,Fatalution,2021,292,-0.079,-0.096,0.024,-0.084,
12fae51,Extra Credit on the Chromosome Test! VICTORY ROYALE​!​!​!,Hard,shrado,2021,1515,-0.099,-0.096,0.007,-0.062,
42fd0xxxxxx31,Vortex,Normal,ViSi,2025,595,-0.094,-0.096,0.013,-0.1,
38a6axx91,PRAGMATISM,ExpertPlus,Loloppe,2024,1794,-0.141,-0.096,0.007,-0.071,
f62151,Paranoid Mirage,Hard,Soba`s,2020,578,-0.106,-0.095,0.011,-0.068,
1967371,Trance Dance Anarchy,Expert,Yaomin,2021,581,0.105,0.095,0.011,0.148,
1099091,Icarian Beam,ExpertPlus,Skeelie,2020,1025,0.168,0.095,0.009,0.114,many horizontal cuts / crossovers
3a8dbx91,Disciples of Babylon,ExpertPlus,Klondike,2024,334,0.113,0.095,0.014,0.12,
3712dxxx71,Friendly Gigant Fire,Expert,oegoe & yabje,2023,949,0.077,0.095,0.011,0.062,many horizontal cuts / crossovers
4d551,Tetris Effect Trailer,Hard,rustic,2018,388,0.04,0.095,0.031,0.14,many horizontal cuts / crossovers
2d52671,Ori and the Blind Forest - Completing The Circle,Expert,Sp234,2022,1209,-0.126,-0.095,0.009,-0.002,
765d91,Recollection,ExpertPlus,muffn & ExUnReal,2019,779,0.086,0.095,0.012,0.094,
132dc71,GLORY: ROAD,Expert,abcbadq & Aimedhades16,2021,395,0.135,0.095,0.014,0.088,many horizontal cuts / crossovers
b9c471,a decayed garden sinks into the isolated sea,Expert,Emilia,2020,358,0.16,0.095,0.018,0.1,long jump distance (28 m); many horizontal cuts / crossovers
19b9751,Release The Kraken,Hard,"Jabob, Daan, & lobster",2021,683,-0.11,-0.095,0.012,-0.076,
2824091,Bad Things,ExpertPlus,Bytrius,2022,2901,-0.095,-0.095,0.005,-0.054,
3e96dxxxxx11,Wheels on the Bus,Easy,bobthezealot,2024,434,-0.078,-0.095,0.032,-0.044,many horizontal cuts / crossovers
4b8f4xx91,Odo,ExpertPlus,Loloppe,2025,566,-0.152,-0.095,0.01,-0.115,
6b5f31,Break,Normal,Souk & Oddloop,2019,1308,-0.162,-0.095,0.011,-0.098,
3c908xxxxxx71,OUTERHEAVEN,Expert,SpaceDorito,2024,797,0.093,0.095,0.011,0.085,
2522f51,Cybernecia Catharsis,Hard,That_Narwhal,2022,251,0.104,0.095,0.02,0.06,
f27971,Break,Expert,Emilia,2020,699,0.111,0.095,0.014,0.061,
4adb11,Deja Vu (Short Ver.),Easy,redmagi,2019,623,0.287,0.094,0.029,-0.056,long jump distance (39 m); many horizontal cuts / crossovers; top players see it differently
2e61dxxxx71,abcdefu,Expert,LaidBackAries,2023,1249,-0.095,-0.094,0.009,-0.04,many horizontal cuts / crossovers
48b7axxxxx71,Osmosis,Expert,UglyApe,2025,370,-0.161,-0.094,0.018,-0.132,
1ccb931,Pink Soldiers,Normal,nolan121405,2021,723,0.169,0.094,0.015,0.211,top players see it differently
4c05fxx31,MOSHI,Normal,"Huh, GalaxyMaster & Gibro",2025,191,-0.123,-0.094,0.021,-0.047,
1f334xxx91,Goodbye,ExpertPlus,ThySpoon,2022,1171,-0.106,-0.093,0.007,-0.103,
13de611,Ultimate Ascension,Easy,Narwhal and Complex,2021,266,0.121,0.093,0.03,0.064,long jump distance (29 m); many horizontal cuts / crossovers
7a651,Gas Mask,Hard,rustic,2018,438,0.017,0.093,0.026,0.116,many horizontal cuts / crossovers
31cb1x91,The Dumb Song,ExpertPlus,"Lekrkoekj, Tpenny68, Scorefam",2023,1314,-0.137,-0.093,0.008,-0.101,
2dd651,Berry Go !!,Hard,yun0,2019,626,-0.103,-0.093,0.014,-0.031,
2b824x91,KING,ExpertPlus,Semdol,2022,1204,-0.054,-0.093,0.008,-0.113,
1fc8c11,"BANGER A.F., BROOOO!!!",Easy,Timbo,2022,513,-0.106,-0.093,0.014,-0.088,
1f9f6x91,Heracles,ExpertPlus,Fnyt,2022,2140,0.109,0.093,0.006,0.094,many horizontal cuts / crossovers
35ac0x91,Forget Me,ExpertPlus,Hexagonial & XAce1337manX,2023,793,0.104,0.093,0.011,0.082,many horizontal cuts / crossovers
1c4e391,Childchewer,ExpertPlus,cerret,2021,776,-0.093,-0.093,0.012,-0.086,
1d70971,EASY LOVE,Expert,That_Narwhal,2021,1637,-0.119,-0.093,0.008,-0.054,
dda51,Let Mom Sleep,Hard,todokete,2018,453,0.02,-0.093,0.016,-0.112,long jump distance (35 m); many horizontal cuts / crossovers
a54471,G4M3-0V3R,Expert,shrado & abcbadq,2020,865,0.065,0.093,0.012,0.058,
4634dxxxx91,Great Distance,ExpertPlus,"CookedChili, Loloppe & Uninstaller",2025,409,0.089,0.093,0.013,0.033,
1d3f151,GHOUL,Hard,Coolpick & Alpal,2021,1234,0.137,0.093,0.009,0.051,
12ac891,Rocket Cider,ExpertPlus,SmileEaglet,2021,575,0.153,0.093,0.012,0.082,many horizontal cuts / crossovers
1ea1exxxx71,Crazy banger,Expert,Aquaflee,2021,2115,-0.076,-0.093,0.007,-0.088,many horizontal cuts / crossovers
1aee891,I Want You,ExpertPlus,shrado & nolan121405,2021,1247,-0.079,-0.093,0.007,-0.078,players reset/repeat directions the analyzer does not expect
3aa79xxxxxxxxx11,Gleodream,Easy,ViSi & SL4SH,2024,884,-0.053,-0.092,0.011,-0.065,many horizontal cuts / crossovers
1fb9c91,DANGEROOOOUS JUNGLE,ExpertPlus,Jabob,2022,1275,0.073,0.092,0.008,0.106,
3e1e0xxxxxx91,Poke Her Face,ExpertPlus,Blenderman,2024,784,0.12,0.092,0.011,0.113,many horizontal cuts / crossovers
1090851,Liquid Answers,Hard,Checkthepan,2020,761,0.123,0.092,0.01,0.064,
1b7fb11,The Disaster of Passion,Easy,namaki_mono,2021,178,-0.056,-0.092,0.028,-0.129,many horizontal cuts / crossovers
20db5xxxx91,Speedcore Sonata in the Moonlight,ExpertPlus,Vilawes,2022,818,-0.097,-0.092,0.012,-0.087,
992c91,Space Battle,ExpertPlus,Fnyt,2020,546,-0.093,-0.092,0.011,-0.084,
57c51,Zzz,Hard,todokete,2018,257,-0.043,-0.092,0.022,-0.068,long jump distance (31 m); many horizontal cuts / crossovers
1a74011,No Way Out,Easy,Emilia,2021,187,-0.113,-0.092,0.021,-0.093,
40d3axxxxx91,Bookmaker,ExpertPlus,Slayx & azu,2024,425,-0.186,-0.092,0.018,-0.088,heavily retried
2ee3bxxxxxx31,666,Normal,ComplexFrequency & Narwhal,2023,1168,0.14,0.092,0.01,0.066,
1b4f911,Our Generation,Easy,nolan121405,2021,411,0.105,0.092,0.015,0.072,
19ef071,Nasty * Nasty * Spell,Expert,Joshabi,2021,3439,-0.116,-0.092,0.005,-0.034,
35ba6xxxxxx31,message within the rift,Normal,Elecast & Dereknalox123,2023,926,0.109,0.091,0.01,0.107,
27a2091,Darling Dance,ExpertPlus,Anammelech + Otricity,2022,283,0.096,0.091,0.019,0.091,
25987xxx51,Halo: CEA - Cloaked in Blackness,Hard,Sp234,2022,105,0.063,0.091,0.027,0.071,
1689a91,Among Us,ExpertPlus,xScaramouche & nolan121405,2021,3737,-0.049,-0.091,0.005,-0.075,
40e0cxxx91,Final Hope,ExpertPlus,Poochy,2024,740,0.065,0.091,0.011,0.095,many horizontal cuts / crossovers
2f77cx91,As You Don't Know,ExpertPlus,NTBased,2023,1972,-0.069,-0.091,0.007,-0.079,
41873x71,Lian'ai Gaoji,Expert,"Lalahti, Danny, Jonas_0_0, Bellus",2024,651,-0.141,-0.091,0.012,-0.11,
36ae7x91,Slow Down,ExpertPlus,Lalahti,2023,1109,-0.098,-0.091,0.008,-0.125,many horizontal cuts / crossovers
24f9dxxxx71,Deathstalker,Expert,TG90,2022,363,0.031,0.091,0.013,0.118,
33aa2xxx91,Megaburn,ExpertPlus,Pleo,2023,862,0.096,0.091,0.011,0.095,many horizontal cuts / crossovers
1791411,Feast Ov Goreglutton,Easy,Emilia,2021,492,0.126,0.091,0.015,0.136,
3ddf9xx71,Leave It All Behind,Expert,"eurnkung, NoteIIEvil",2024,626,-0.104,-0.091,0.01,0.006,
1ed01x51,All My Love,Hard,Olaf & RFCaps,2021,961,-0.109,-0.091,0.01,-0.115,
1b26a91,Feel Alive,ExpertPlus,Timbo,2021,3734,-0.131,-0.091,0.005,-0.139,
9eff51,Senorita,Hard,simplymarvellous,2020,330,-0.06,-0.091,0.017,-0.114,long jump distance (30 m)
2b2b891,kawaii speedcore 654,ExpertPlus,Anammelech & Amverial,2022,141,0.08,0.091,0.023,0.09,
1af5731,The Unwritten Chapter,Normal,Emilia,2021,282,-0.136,-0.091,0.022,-0.144,
428a3xx51,Winter (The Wind Can Be Still),Hard,UglyApe,2024,1101,0.051,0.09,0.009,0.11,
1bb8d51,Metamorphose,Hard,Jabob,2021,1907,-0.054,-0.09,0.006,-0.034,
d77131,LIKEY,Normal,simplymarvellous,2020,771,-0.085,-0.09,0.015,-0.151,long jump distance (27 m)
1acdc71,"When you say ""Hai"" this song is gonna be go insanely fast",Expert,Emilia,2021,739,-0.103,-0.09,0.01,-0.071,
1530091,+ERABY+E CONNEC+10N,ExpertPlus,Tootie,2021,606,0.081,0.09,0.011,0.106,
33ce6xx51,Xronièr,Hard,GalaxyMaster,2023,680,0.088,0.09,0.012,0.046,
126c31,iLLness LiLin,Normal,mystikmol,2018,271,-0.087,-0.09,0.025,-0.081,many horizontal cuts / crossovers
1699191,Knight Rider,ExpertPlus,Fvrwvrd,2021,770,-0.099,-0.09,0.009,-0.096,
35f5871,Haru Hisagi,Expert,CookedChili & yabje,2023,339,0.104,0.09,0.016,0.004,
2cf6391,"""""""""""""""""""""""""""""""""""""""""""""""""""""""""""""""""""""""""""""""""""""""""""""""""""""""""""""""""""""""""""""""""""""""""",ExpertPlus,Vilawes,2022,551,-0.055,-0.09,0.017,-0.07,
3ff08xxxx71,CLAUDIA,Expert,BlAck_vOid-1001 vs. GalaxyMaster,2024,559,-0.082,-0.09,0.013,-0.139,many horizontal cuts / crossovers
1ac1791,Carmina,ExpertPlus,abcbadq,2021,774,-0.125,-0.09,0.008,-0.081,
3af82xxxx31,ONE SPARK,Normal,"Lalahti, FireStrike",2024,163,0.082,0.09,0.029,-0.007,
40e10xxxxxxx51,Medicine,Hard,The Pharmacists,2024,586,0.011,0.09,0.016,0.097,many horizontal cuts / crossovers
1a57d91,Outbreak,ExpertPlus,abcbadq,2021,921,-0.089,-0.09,0.009,-0.087,
801671,Twisted Drop Party,Expert,Depito & ExUnReal,2020,624,0.07,0.09,0.011,0.029,
167ef71,Memento Mori,Expert,abcbadq,2021,1233,-0.099,-0.09,0.008,-0.107,
28440x91,"The Sun, The Moon, The Star",ExpertPlus,harbgy,2022,366,-0.1,-0.09,0.012,-0.077,
3cbc3xxxxx71,Armageddon,Expert,ViSi,2024,2300,-0.067,-0.089,0.006,-0.139,many horizontal cuts / crossovers
1b98431,Crimson Night,Normal,"GalaxyMaster, Mr. Mrow & 3Stans",2021,562,0.058,0.089,0.014,0.121,
c2f111,Jumping!!,Easy,VRMasked & Dr_Marc,2020,256,-0.029,-0.089,0.025,-0.056,long jump distance (33 m)
ca3091,The Beast,ExpertPlus,Ramen Noodle,2020,680,0.12,0.089,0.01,0.121,
27ce691,Iya Girl,ExpertPlus,Yaomin,2022,1187,-0.129,-0.089,0.009,-0.077,
fd8291,Daydream,ExpertPlus,xScaramouche,2020,878,-0.095,-0.089,0.008,-0.053,
188b191,Come Alive,ExpertPlus,Fatalution,2021,1969,0.078,0.089,0.006,0.111,
1330491,Fingerbang,ExpertPlus,Fnyt,2021,934,0.112,0.089,0.009,0.094,
1c68091,Chou*Chou*Kou*Soku*De*Mae*Sai*Soku!!! Speed*Star*Kanade,ExpertPlus,spectre158,2021,3472,-0.05,-0.089,0.005,-0.093,
1671191,AttraqtiA,ExpertPlus,That_Narwhal,2021,1237,0.085,0.089,0.008,0.076,
f0ea11,To Be Beautiful,Easy,Rayman9515,2020,159,0.071,-0.089,0.044,-0.132,long jump distance (30 m); many horizontal cuts / crossovers; few scores (noisy)
11bde91,Phantom's Wonderland,ExpertPlus,"Skeelie, ETAN, AaltopahWi",2020,864,0.148,0.089,0.01,0.088,many horizontal cuts / crossovers
3bd5cx91,It's Juicy,ExpertPlus,Petersome,2024,462,0.09,0.089,0.016,0.103,many horizontal cuts / crossovers
e97071,Shiny Happy Days,Expert,VRMasked & Dr_Marc,2020,1022,0.126,0.089,0.01,0.032,
23596xxx11,Novablast,Easy,"Bitz, Cokeinjector, Luck & Sync",2022,998,0.13,0.089,0.011,0.038,
31a2d91,Cupid,ExpertPlus,Nebelmonster,2023,2779,-0.165,-0.089,0.006,-0.107,
15cb371,I'LL SHOW YOU,Expert,Emilia,2021,386,0.118,0.088,0.015,0.028,
1b26a11,Feel Alive,Easy,Timbo,2021,437,0.095,0.088,0.027,-0.004,many horizontal cuts / crossovers
2c22ex91,The DJ Is Crying For Help,ExpertPlus,Lekrkoekj & Scorefam,2022,1736,-0.077,-0.088,0.006,-0.021,
16d0791,An artifice (that would have disrupted the far old monarchy in the course of time),ExpertPlus,ThySpoon,2021,1660,-0.093,-0.088,0.006,-0.084,
18fdf31,Amogus,Normal,April Fools,2021,933,0.058,0.088,0.015,0.115,
221e691,Killing Rhythm,ExpertPlus,Soba`s,2022,678,0.063,0.088,0.01,0.086,
1a6a051,Overcome Me!!!!!!!,Hard,cerret,2021,815,0.104,0.088,0.01,0.146,
1a5e471,MIRA,Expert,Vilawes,2021,2916,-0.089,-0.088,0.005,-0.046,
1f28471,Cambodia,Expert,Skeelie,2021,885,-0.052,-0.088,0.01,-0.075,
108f591,Tonchiki ranchiki chindon kikou,ExpertPlus,SieR,2020,778,0.086,0.088,0.01,0.043,
3af82xxxx91,ONE SPARK,ExpertPlus,"Lalahti, FireStrike",2024,909,0.047,0.088,0.009,0.053,
142f431,Imprinting,Normal,Fnyt,2021,955,-0.079,-0.088,0.01,0.035,top players see it differently
1ad6671,Thunderstrike,Expert,abcbadq & Timbo,2021,1096,-0.152,-0.088,0.008,-0.117,
1a74051,No Way Out,Hard,Emilia,2021,452,0.12,0.088,0.012,0.069,
22971x91,FLYING OUT TO THE SKY,ExpertPlus,Spicy Baguette,2022,541,0.121,0.088,0.012,0.092,many horizontal cuts / crossovers
1ace911,Start menu,Easy,D7oomyAli,2021,840,0.178,0.088,0.024,0.116,
ce4231,Vicious Heroism,Normal,"ComplexFrequency, muffn & shadowlord723",2020,838,0.104,0.088,0.01,0.082,long jump distance (26 m)
1694e51,We Are LSM,Hard,hwatwhy & meldi,2021,499,0.08,0.088,0.014,0.034,
12d2471,Half Of It,Expert,jafdy,2021,454,0.11,0.088,0.012,0.071,long jump distance (31 m)
78ca51,tinnitus,Hard,Souk & Oddloop,2019,1279,-0.163,-0.088,0.009,-0.059,
1027a91,Dance with Silence,ExpertPlus,abcbadq,2020,1166,0.096,0.088,0.008,0.093,
37fa9xxx91,Affiliate Requiem,ExpertPlus,Emilia & Complex,2023,601,0.06,0.088,0.012,0.102,
1e4ea71,"Restoring The Light, Facing The Dark",Expert,Sp234,2021,2836,-0.025,-0.088,0.006,0.028,many horizontal cuts / crossovers; top players see it differently
12bdc91,Monochrome Butterfly,ExpertPlus,muffn,2021,2038,0.132,0.087,0.008,0.104,many horizontal cuts / crossovers
f62171,Paranoid Mirage,Expert,Soba`s,2020,839,-0.099,-0.087,0.009,-0.078,
1337751,Hardware Store,Hard,That_Narwhal,2021,815,0.13,0.087,0.011,0.073,
1695f51,EgO,Hard,Soba`s,2021,716,-0.109,-0.087,0.011,-0.009,
1cb5551,Big Town Banky Blaine's Rockabilly BBQ,Hard,BrightKnight,2021,622,0.115,0.087,0.012,0.034,
47df0xxxxxx91,Rainbow Rave Parade,ExpertPlus,Petersome,2025,520,-0.075,-0.087,0.012,-0.11,many horizontal cuts / crossovers
1330451,Fingerbang,Hard,Fnyt,2021,933,-0.088,-0.087,0.009,-0.006,
242dc71,Antithesis,Expert,EOP Glacier,2022,1783,0.073,0.087,0.009,0.075,
2bd9a71,Animal Crossing New Horizons - Welcome Horizons [Remix],Expert,4orizon,2022,1455,-0.087,-0.087,0.008,-0.072,
2b57191,Black Rover,ExpertPlus,Aquaflee,2022,1384,0.02,-0.087,0.009,-0.073,many horizontal cuts / crossovers
1ff031,I can't stop,Normal,rustic,2018,286,0.145,0.087,0.029,-0.03,long jump distance (34 m); many horizontal cuts / crossovers; top players see it differently
349aexxxx31,Heart Shaker,Normal,Lalahti,2023,129,0.058,0.087,0.032,0.012,
103fb51,ENERGY SYNERGY MATRIX,Hard,Timbo,2020,1339,-0.11,-0.087,0.008,-0.021,
15f7431,Chapter 99: Afterword,Normal,Emilia,2021,496,0.108,0.087,0.02,0.126,
17d71,Life Will Change,Expert,squeaksies,2018,918,0.063,0.087,0.01,0.19,players reset/repeat directions the analyzer does not expect; many horizontal cuts / crossovers; top players see it differently
1958071,Chemical Cookie,Expert,Cobayo,2021,1635,-0.055,-0.087,0.008,0.016,top players see it differently
1cd7791,Deception,ExpertPlus,cerret,2021,1203,-0.096,-0.087,0.008,-0.098,
33698xx51,Need Your Love,Hard,Avexus,2023,349,-0.109,-0.086,0.015,-0.065,
f12451,Avalanche,Hard,That_Narwhal,2020,1939,0.08,0.086,0.007,0.026,
25e40xxxx91,Trauma,ExpertPlus,yabje,2022,1934,0.106,0.086,0.007,0.08,many horizontal cuts / crossovers
d77111,LIKEY,Easy,simplymarvellous,2020,366,0.096,0.086,0.035,-0.022,long jump distance (29 m); top players see it differently
1e19971,Cinco,Expert,Timbo,2021,805,-0.127,-0.086,0.011,-0.007,
1d70951,EASY LOVE,Hard,That_Narwhal,2021,916,-0.132,-0.086,0.011,-0.048,
242dc31,Antithesis,Normal,EOP Glacier,2022,534,0.118,0.086,0.021,0.059,
1aacd71,Carry Me Away,Expert,harbgy & Edmard,2021,1254,-0.092,-0.086,0.007,-0.102,
1ac1a91,Empty Bed,ExpertPlus,Timbo,2021,2082,-0.16,-0.086,0.007,-0.069,
128ea31,Wolves Standing Towards Enemies,Normal,That_Narwhal,2021,389,-0.096,-0.086,0.017,-0.093,long jump distance (26 m)
9b0e91,Nisemono Chuuihou,ExpertPlus,Rune & TheRealZeroz,2020,577,0.074,0.086,0.012,0.091,
46ba71,Summer Night Hiking,Expert,Uninstaller,2019,325,0.038,0.086,0.018,0.185,
1245e31,Radiclaw,Normal,CyanSnow,2021,237,0.104,0.086,0.024,0.097,
1ace531,Venomous Firefly,Normal,ComplexFrequency,2021,1447,0.096,0.086,0.008,0.033,
1820a51,Endless Adventure,Hard,Fvrwvrd,2021,787,0.057,0.086,0.009,0.131,
1c600x71,Spoiled little brat,Expert,Bizzy,2021,532,-0.106,-0.086,0.011,-0.098,
48c01xx11,Splush Sunbeach,Easy,Poochy,2025,147,-0.096,-0.086,0.034,-0.043,
3e122xxxx91,I Don't Know Anything,ExpertPlus,ZeCube,2024,1391,-0.048,-0.086,0.009,-0.126,many horizontal cuts / crossovers
873f91,Fire Blazing,ExpertPlus,Teuflum,2020,1742,0.187,0.086,0.007,0.059,long jump distance (26 m); many horizontal cuts / crossovers
1442771,Kingslayer,Expert,muffn & altrewin,2021,990,0.098,0.086,0.008,0.057,
33bd7xxxx91,let you,ExpertPlus,Nebelmonster & August,2023,1285,-0.042,-0.085,0.009,-0.132,many horizontal cuts / crossovers
1af5711,The Unwritten Chapter,Easy,Emilia,2021,192,-0.14,-0.085,0.023,-0.17,
948a51,Kill The Beat,Hard,simplymarvellous,2020,712,0.089,0.085,0.013,0.025,long jump distance (28 m)
3b283xx91,Dance with Silence,ExpertPlus,"Serephor, DesperateWoman",2024,1718,0.006,-0.085,0.007,-0.072,many horizontal cuts / crossovers
1a46a91,dnd,ExpertPlus,harbgy,2021,2285,-0.118,-0.085,0.006,-0.093,
1a56811,Forever,Easy,Teuflum & muffn,2021,882,-0.079,-0.085,0.015,-0.136,many horizontal cuts / crossovers
10a9391,You are eating my rotten dick,ExpertPlus,Astrella,2020,777,-0.075,-0.085,0.011,-0.083,
d27e91,THE DROP,ExpertPlus,Teuflum,2020,637,0.071,0.085,0.011,0.084,
d73591,PRAGMATISM,ExpertPlus,shrado,2020,868,0.05,0.085,0.01,0.082,
102e271,Tool,Expert,Kitoyo & Emilia,2020,1361,0.09,0.085,0.01,0.049,many horizontal cuts / crossovers
1fb19xxxxx71,Blows Up Everything,Expert,Irish,2022,2369,-0.097,-0.085,0.006,-0.101,
bbe291,"Good Night, Bad Luck",ExpertPlus,abcbadq,2020,390,0.091,0.085,0.014,0.093,
1a8d431,Death From Above,Normal,Skeelie,2021,296,0.09,0.085,0.017,0.049,
1cb6851,Main theme - Definite Edition,Hard,Sp234,2021,500,0.087,0.085,0.021,0.12,
12b2751,Villain Virus,Hard,Denyah_ & Rusty,2021,2896,-0.087,-0.085,0.007,0.018,top players see it differently
41cfbxxx51,The Intense Voice of Hatsune Miku,Hard,Darkrealm7,2024,496,-0.104,-0.085,0.017,-0.044,
2798axxxx91,Time Leaper,ExpertPlus,Phoenix,2022,1820,0.1,0.085,0.007,0.099,
1d9bcxx91,Spring Thief,ExpertPlus,AntiLink & TG90,2022,1823,-0.107,-0.085,0.007,-0.051,
3b838xxxxxx91,Bluenation,ExpertPlus,Dr_Marc,2024,407,0.084,0.085,0.012,0.092,many horizontal cuts / crossovers
1f75d71,Sayonara. Arigatou.,Expert,XAce1337manX,2021,463,0.136,0.085,0.015,0.073,long jump distance (26 m); many horizontal cuts / crossovers
1c600x91,Spoiled little brat,ExpertPlus,Bizzy,2021,962,0.11,0.084,0.01,0.086,many horizontal cuts / crossovers
801691,Twisted Drop Party,ExpertPlus,Depito & ExUnReal,2020,607,0.137,0.084,0.011,0.088,many horizontal cuts / crossovers
169b151,Succession,Hard,Helloiamdaan & FatBeanzoop,2021,1344,-0.066,-0.084,0.007,-0.05,
41c67xxxx91,QUATTUORUX,ExpertPlus,Azurii,2024,785,-0.116,-0.084,0.012,-0.078,many horizontal cuts / crossovers
299e391,Time Leaper,ExpertPlus,Darkrealm7,2022,749,0.062,0.084,0.01,0.054,
54a71,First Layer,Expert,bakuenjin,2018,654,0.094,0.084,0.015,0.07,long jump distance (28 m); many horizontal cuts / crossovers
24e64x91,M1LLI0N PP,ExpertPlus,RetrX vs. FentonVR,2022,2286,-0.09,-0.084,0.005,-0.071,
117ac91,Fresh!,ExpertPlus,Jabob,2020,1656,0.084,0.084,0.007,0.09,
12cf351,I'm A Fucking Car,Hard,Emilia & dibl,2021,798,0.102,0.084,0.01,0.082,many horizontal cuts / crossovers
338afxx71,Feral,Expert,"miitchel, Jabob & Hades",2023,872,-0.105,-0.084,0.01,-0.078,many horizontal cuts / crossovers; heavily retried
3b463x71,Loyal to myself,Expert,Jonas_0_0,2024,530,-0.126,-0.084,0.014,-0.099,
e2bc91,Mushussu,ExpertPlus,abcbadq & Dr_Marc,2020,538,0.092,0.084,0.011,0.101,many horizontal cuts / crossovers
29c8b91,99.9,ExpertPlus,Soggynan & Anammelech,2022,1545,-0.106,-0.084,0.008,-0.068,
3fe0axxxx91,Final-Boss-Chan,ExpertPlus,Oceania Beat Saber,2024,416,0.073,0.084,0.014,0.079,
1abd391,Rainbow Road,ExpertPlus,lobsterrrrrrrr,2021,1456,-0.126,-0.084,0.007,-0.08,
27e37xx51,Super Idol,Hard,"Monke, Syn0Sin, Gordon, & Alpal",2022,447,0.048,0.084,0.014,0.076,
1e9d8xxx91,Rip It Off (Now) Rip It Off,ExpertPlus,Spicy Baguette & Irish,2021,1108,0.071,0.084,0.008,0.072,
992491,Garakuta Doll Play,ExpertPlus,DE125,2020,507,0.123,0.084,0.011,0.095,many horizontal cuts / crossovers
fb8a71,SUPER REACTOR,Expert,xScaramouche & Scrappy,2020,931,0.176,0.084,0.01,0.073,many horizontal cuts / crossovers
41a76xxxxxx91,Totsuka no Tsurugi,ExpertPlus,Glasso050,2024,1790,-0.058,-0.084,0.006,-0.087,many horizontal cuts / crossovers
13e2f91,Melancholia,ExpertPlus,abcbadq,2021,603,0.061,0.084,0.01,0.093,
362f1xx91,GiveMe!Kid'sMeal!,ExpertPlus,Jojobanana,2023,594,0.091,0.084,0.012,0.085,
1ac0f51,p.h.,Hard,TOFU,2021,1918,-0.088,-0.083,0.007,-0.118,
7a671,Gas Mask,Expert,rustic,2018,1050,-0.053,-0.083,0.013,-0.007,many horizontal cuts / crossovers
1135491,See you Never,ExpertPlus,Anammelech,2020,523,0.077,0.083,0.011,0.083,
1677a51,Bang!,Hard,BrightKnight,2021,680,0.081,0.083,0.018,0.126,long jump distance (28 m)
2326b91,Kingslayer,ExpertPlus,Nolanimations & Sync,2022,1322,0.114,0.083,0.008,0.068,
3e0571,Koi no Hime Hime Pettanko,Expert,rogdude,2019,1164,-0.074,-0.083,0.009,-0.129,long jump distance (27 m)
33497xxxx91,Overdose,ExpertPlus,Rusty,2023,1746,-0.104,-0.083,0.007,-0.11,
32eb5xxxx91,Blue Dragon,ExpertPlus,Pleo,2023,1410,0.051,0.083,0.009,0.075,many horizontal cuts / crossovers
1c775x91,TERABYTE,ExpertPlus,Huh,2021,1537,0.06,0.083,0.007,0.076,
1821831,Endless Adventure,Normal,Timbo,2021,643,0.075,0.083,0.013,0.059,
d73511,PRAGMATISM,Easy,shrado,2020,216,-0.031,-0.083,0.035,-0.129,long jump distance (33 m)
41d08x91,Amenemhat,ExpertPlus,AllPoland & Undeceiver,2024,895,-0.044,-0.083,0.011,-0.099,many horizontal cuts / crossovers
5a031,Gladiator,Normal,rustic,2018,318,-0.035,-0.083,0.036,-0.139,long jump distance (33 m); many horizontal cuts / crossovers
1f7cc91,Mr. Capgras Encounters a Secondhand Vanity: Tulpamancer's Prosopagnosia / Pareidolia ,ExpertPlus,BrightKnight,2022,459,0.1,0.083,0.012,0.086,many horizontal cuts / crossovers
a51131,Can We Fix It?,Normal,simplymarvellous,2020,352,0.091,0.083,0.029,0.141,long jump distance (29 m)
19bdd51,Powerful,Hard,nolan121405,2021,1244,-0.081,-0.082,0.008,-0.061,
269331,I Want You,Normal,ejiejidayo,2018,284,-0.09,-0.082,0.022,-0.019,many horizontal cuts / crossovers
e7ca71,Exciter,Expert,Skeelie,2020,687,0.119,0.082,0.011,0.046,
28328x51,The Empress,Hard,Dailyy,2022,1348,-0.039,-0.082,0.009,-0.011,
3c7d9xxxx91,Ashed Wings,ExpertPlus,Darkrealm7,2024,1105,-0.079,-0.082,0.009,-0.109,
1eaffxx91,Monsters,ExpertPlus,JRE_McNuggies,2021,1844,-0.121,-0.082,0.007,-0.077,
273bf91,Wrecking bar (ra ra ra),ExpertPlus,Walmar,2022,819,-0.09,-0.082,0.012,-0.118,
33219xx91,Bubble Tea (A Dark Cat Orchestration),ExpertPlus,Pleo,2023,1111,0.08,0.082,0.009,0.097,
19bfe71,Still in my heart,Expert,That_Narwhal,2021,1467,-0.084,-0.082,0.007,-0.06,
10c5791,Kyogen NEUROSE,ExpertPlus,Nolanimations,2020,638,0.101,0.082,0.01,0.101,many horizontal cuts / crossovers
2ee3bxxxxxx51,666,Hard,ComplexFrequency & Narwhal,2023,2391,0.092,0.082,0.006,0.078,
22584x51,Hytale Announcement Trailer,Hard,AlephCubed,2022,314,-0.031,-0.082,0.019,-0.067,long jump distance (27 m)
3ee10xx91,Theme for Psychopath Justice,ExpertPlus,GalaxyMaster,2024,578,0.081,0.082,0.015,0.105,many horizontal cuts / crossovers
1cdc691,We Like To Party! (The Vengabus),ExpertPlus,cerret,2021,1298,-0.024,-0.082,0.009,-0.081,
2dd631,Berry Go !!,Normal,yun0,2019,310,-0.02,-0.082,0.026,-0.17,long jump distance (36 m)
3598fxx91,Deck The Halls,ExpertPlus,Emilia,2023,245,-0.098,-0.082,0.02,-0.08,
1e07d91,Unpleasant Sonata,ExpertPlus,"Complex, Jabob, & Slimy",2021,1464,-0.126,-0.081,0.008,-0.075,many horizontal cuts / crossovers
2d5bdxxxxxxx91,The Empress,ExpertPlus,Emilia,2022,325,-0.051,-0.081,0.015,-0.072,
4a15dx51,Strawberry Rush,Hard,"Lalahti, Danny",2025,650,-0.13,-0.081,0.014,-0.028,
31cb1x11,The Dumb Song,Easy,"Lekrkoekj, Tpenny68, Scorefam",2023,129,-0.014,0.081,0.04,0.145,
2fa03xxxx71,∞Bit Sequencer,Expert,Fnyt,2023,1845,-0.057,-0.081,0.006,-0.105,many horizontal cuts / crossovers
b87591,Red Dress,ExpertPlus,xScaramouche,2020,871,0.101,0.081,0.008,0.083,
167a511,Beyond Eternity,Easy,Timbo,2021,266,-0.105,-0.081,0.021,-0.033,long jump distance (27 m)
38670xxxx71,Francium,Expert,Loloppe,2023,635,0.058,0.081,0.012,0.113,many horizontal cuts / crossovers
d77171,LIKEY,Expert,simplymarvellous,2020,1479,-0.073,-0.081,0.007,-0.14,
3e05cxxx71,AMBERGRIS,Expert,Darkrealm7,2024,878,-0.08,-0.081,0.009,-0.102,
fb8a51,SUPER REACTOR,Hard,xScaramouche & Scrappy,2020,1172,-0.093,-0.081,0.008,-0.068,
1ad2b51,Toxic Violet Cubes,Hard,BSWC Team,2021,1164,0.105,0.081,0.008,0.083,
1a2f691,Digital World,ExpertPlus,SlimyBlob,2021,2169,-0.06,-0.081,0.006,-0.076,many horizontal cuts / crossovers
1ee2971,Towel in the Air,Expert,Tomerisnice,2021,608,0.097,0.081,0.012,0.057,
3cafbxx71,Girls' Night,Expert,"SomeTimothy, vivifromloona",2024,292,-0.109,-0.081,0.018,-0.046,
1044e31,Dream of Winds,Normal,Mystikmol,2020,390,-0.102,-0.081,0.016,-0.102,
102e251,Tool,Hard,Kitoyo & Emilia,2020,1412,-0.101,-0.081,0.011,-0.003,
b31331,HE4VEN,Normal,Mystikmol,2020,261,-0.085,-0.081,0.02,-0.097,long jump distance (28 m)
167a551,Beyond Eternity,Hard,Timbo,2021,701,0.109,0.081,0.01,0.092,
1266671,UMMU,Expert,carrot,2021,1410,-0.096,-0.081,0.007,-0.06,
100e731,256*256,Normal,Rise & SieR,2020,1615,-0.107,-0.081,0.007,0.009,
1ac0c91,Viyella's Tears,ExpertPlus,Timbo,2021,2808,-0.124,-0.081,0.005,-0.088,
1985491,astrid,ExpertPlus,nolan121405,2021,4894,-0.072,-0.081,0.004,-0.077,
b4ff91,BRING IT ON,ExpertPlus,CoolingCloset,2020,1342,0.198,0.081,0.008,0.081,many horizontal cuts / crossovers
2c89dx91,ULTIMATE,ExpertPlus,Irish & Anodize,2022,200,-0.107,-0.081,0.019,-0.073,
36bce91,Accelerate,ExpertPlus,GalaxyMaster & Phøenix,2023,1383,0.077,0.081,0.008,0.112,many horizontal cuts / crossovers; heavily retried
2035991,The 90's Decision,ExpertPlus,That_Narwhal,2022,1698,0.168,0.081,0.008,0.054,many horizontal cuts / crossovers
452f4xxxx51,VIVIDVELOCITY,Hard,Cratornugget,2025,594,0.068,0.081,0.014,0.105,
1a58391,MAXIMUS MACHINEGUN,ExpertPlus,cerret,2021,552,-0.128,-0.081,0.013,-0.068,
221e671,Killing Rhythm,Expert,Soba`s,2022,942,-0.105,-0.081,0.009,-0.014,
16e9791,LOVE SPICE LIKE U!!!,ExpertPlus,altrewin,2021,1763,-0.068,-0.081,0.006,-0.097,
1716451,Paws and Play,Hard,CyanSnow,2021,412,0.109,0.081,0.016,0.091,
37762x71,Guinea Pig Olympics,Expert,Light Ai,2023,1029,-0.125,-0.081,0.012,-0.025,
2bf42x91,Spectrum,ExpertPlus,Acubens,2022,782,0.097,0.081,0.01,0.06,
1f0d31,Hyadain no Joujou Yuujou,Normal,todokete,2018,188,-0.083,-0.081,0.032,-0.161,many horizontal cuts / crossovers
45431xxx91,Ain't Nobody,ExpertPlus,"minsiii, Danny",2025,547,-0.135,-0.08,0.014,-0.11,many horizontal cuts / crossovers
2804axx31,FIRST,Normal,SSnowy,2022,202,0.047,0.08,0.028,-0.01,
32604xxx91,Retaliation,ExpertPlus,Huh & Jojobanana,2023,691,-0.065,-0.08,0.012,-0.075,many horizontal cuts / crossovers
1381491,NULCTRL EX,ExpertPlus,"ItsVasili, Bloo",2021,1266,-0.118,-0.08,0.007,-0.044,
f58391,Ludicrous Speed,ExpertPlus,Refugee Camp,2020,1698,0.09,-0.08,0.008,-0.047,many horizontal cuts / crossovers
2dcabxx91,Kaibutsu Dance,ExpertPlus,Hener,2023,835,-0.061,-0.08,0.01,-0.058,many horizontal cuts / crossovers
1687f71,ADAM,Expert,Shan_Man,2021,1542,0.112,0.08,0.007,0.014,
3d124x11,Inertia,Easy,"Lekrkoekj, BanditByTheStreet, Scorefam, steeak",2024,129,-0.168,-0.08,0.037,-0.002,
2553291,LVTHER - Some Kind Of Magic,ExpertPlus,Darkrealm7,2022,1756,-0.073,-0.08,0.007,-0.084,
41b58xxx91,Sudden Appearance Image,ExpertPlus,BsNico,2024,1395,0.077,0.08,0.008,0.034,
2f8aaxxxxx91,SEITEN NO TERIYAKI NO DENSETSU,ExpertPlus,ItsVasili & fraies,2023,352,0.047,0.08,0.013,0.09,
1375751,Flugel Arpeggio,Hard,Kuurama,2021,597,-0.039,-0.08,0.011,-0.088,long jump distance (29 m)
2951cx71,Pipopipo People People,Expert,BigSlick,2022,791,-0.087,-0.08,0.01,-0.053,
fdd371,Brain Power,Expert,Redmagi,2020,2206,-0.063,-0.08,0.006,-0.077,long jump distance (29 m)
2946451,STAY,Hard,RFCaps & FatBeanzoop,2022,465,0.032,0.08,0.016,-0.032,top players see it differently
f0be71,"1,000,000 TIMES",Expert,Xhera & VRMasked,2020,729,0.077,0.08,0.009,0.054,
bb3c91,Alone intelligence,ExpertPlus,shrado & Pug,2020,532,0.043,0.08,0.012,0.087,
e1ff71,Jackknife,Expert,Bush,2020,561,-0.087,-0.08,0.011,-0.058,
41218xxx71,Cherish (My Love),Expert,"Lalahti, Danny",2024,681,-0.209,-0.08,0.011,-0.108,
27aa391,Reality Distortion,ExpertPlus,Marsh,2022,613,0.082,0.08,0.01,0.1,
492e7xxx51,Challenger,Hard,"tecmonke, Kinz",2025,331,-0.116,-0.08,0.015,-0.101,many horizontal cuts / crossovers
35ac0x51,Forget Me,Hard,Hexagonial & XAce1337manX,2023,413,0.03,0.08,0.017,0.128,
2110791,Live A Little,ExpertPlus,JRE_McNuggies,2022,1134,-0.096,-0.079,0.008,-0.046,
3db1fxxxx71,Drift,Expert,"Serephor, Tpenny68",2024,383,-0.083,-0.079,0.013,-0.049,
2946411,STAY,Easy,RFCaps & FatBeanzoop,2022,261,0.125,0.079,0.045,-0.058,long jump distance (30 m); many horizontal cuts / crossovers; top players see it differently; few scores (noisy)
f12491,Avalanche,ExpertPlus,That_Narwhal,2020,3500,-0.112,-0.079,0.004,-0.077,
16b051,Little Kandi Raver 2012,Hard,edzo,2018,343,0.128,0.079,0.019,0.013,long jump distance (33 m)
3c326xxx91,Leave it to Fate,ExpertPlus,DiscoBaIIerz,2024,1040,-0.065,-0.079,0.008,-0.095,
1044e71,Dream of Winds,Expert,Mystikmol,2020,1218,-0.118,-0.079,0.009,-0.068,
a06671,FIRST:DREAMS,Expert,muffn & altrewin,2020,1117,-0.101,-0.079,0.008,-0.076,
29ef2xxxxx71,Danzai Democracy,Expert,Jevk,2022,1225,0.098,0.079,0.008,0.068,
3be75xx51,Cosmic Diffusion,Hard,Blackjack,2024,472,0.086,0.079,0.015,0.179,
1e0d571,Bounce,Expert,Fatalution,2021,1385,-0.098,-0.079,0.008,-0.035,
2b4f2xxxxxxx51,RPG,Hard,"ComplexFrequency, ThySpoon & Fnyt",2022,1308,-0.084,-0.079,0.007,-0.089,
2b4cf91,Mambo,ExpertPlus,DeeDee,2022,662,-0.094,-0.079,0.01,-0.062,
97d051,"Adieu, to this Lively Graveyard",Hard,Various Mappers,2020,873,-0.026,-0.079,0.011,-0.015,many horizontal cuts / crossovers
1694f91,Ringed Genesis,ExpertPlus,That_Narwhal,2021,2404,-0.126,-0.079,0.006,-0.087,
42e3axxx91,Dash,ExpertPlus,"x-mens, The_Editor",2025,2166,-0.138,-0.079,0.007,-0.152,
a51151,Can We Fix It?,Hard,simplymarvellous,2020,512,-0.13,-0.079,0.018,0.036,long jump distance (28 m); top players see it differently
3da61xxxx91,ABCD,ExpertPlus,"Lalahti, Jonas_0_0",2024,1585,0.034,0.079,0.008,0.049,many horizontal cuts / crossovers
1c4a831,Lifelight,Normal,"FatBeanzoop, Umu & Nolanimations",2021,1028,-0.08,-0.079,0.01,-0.105,
42de8xxxx71,Clouds in the Blue,Expert,Potassium 737 & Jevk,2025,1036,-0.05,-0.079,0.009,-0.11,
17ca691,NOVAGROUND,ExpertPlus,shrado & abcbadq,2021,741,0.049,0.079,0.009,0.084,
a20371,Tinnitus,Expert,abcbadq & Tootie,2020,1519,-0.081,-0.079,0.007,-0.057,
1c6f031,Far Away,Normal,Bitz & HypersonicSharkz,2021,683,0.078,0.079,0.014,0.067,
17e0251,We Could Get More Machinegun Psystyle! (and More Genre Switches),Hard,Various Mappers,2021,499,0.06,0.079,0.012,0.084,
2698d71,Yoru ni Kakeru,Expert,chikinbiskit,2022,1668,0.064,0.079,0.007,0.071,
1ff94xxxxx31,DANGEROOOOUS JUNGLE,Normal,Purp1e,2022,1310,0.105,0.079,0.008,0.082,
3aae451,Feel The Same,Hard,Darkrealm7,2024,284,0.042,0.079,0.023,-0.001,
43d05xxx71,APT.,Expert,"Lalahti, Danny",2025,1083,-0.106,-0.079,0.009,-0.071,many horizontal cuts / crossovers
325e5xx71,Mama,Expert,Nebelmonster,2023,807,-0.093,-0.079,0.01,-0.11,
15ac091,Nine Circles,ExpertPlus,Jabob & lobster,2021,2330,0.038,0.079,0.006,0.118,
3e6cdxxxxx51,lustre,Hard,"UglyApe, Darkrealm7, edgii",2024,783,-0.067,-0.079,0.01,-0.039,
1a77851,AIAIAI,Hard,Jevk,2021,585,-0.104,-0.079,0.014,-0.067,
1b1ba71,YoiYoi Kokon,Expert,Joshabi,2021,2959,-0.094,-0.079,0.005,-0.084,
1ccb911,Pink Soldiers,Easy,nolan121405,2021,862,-0.023,-0.079,0.015,-0.019,
144bc51,Move,Hard,Teuflum,2021,805,-0.043,-0.078,0.01,-0.013,
1cc2d91,Higher Love,ExpertPlus,xScaramouche,2021,959,0.094,0.078,0.009,0.102,many horizontal cuts / crossovers
194b451,Big Daddy,Hard,Timbo,2021,2455,-0.098,-0.078,0.006,-0.043,
1eda9x71,Monster,Expert,riasuh,2021,390,0.069,0.078,0.014,0.027,
12cf331,I'm A Fucking Car,Normal,Emilia & dibl,2021,658,0.111,0.078,0.012,0.086,many horizontal cuts / crossovers
43c6ax71,Iikanji!!,Expert,Sasugano BigSlick & Sasugano Hiromiru,2025,296,-0.083,-0.078,0.016,-0.111,many horizontal cuts / crossovers
40095xx51,Run Away,Hard,Lalahti,2024,446,-0.141,-0.078,0.013,-0.01,
45234xxx51,OverDrive,Hard,Komeijisan051,2025,785,0.06,0.078,0.012,-0.008,
7b3071,Tsurupettan,Expert,Kival Evan,2019,563,0.08,0.078,0.014,0.086,long jump distance (29 m)
20d0bx11,Iro o Ushinatta Machi,Easy,CoolingCloset & Helloiamdaan & Nolanimations,2022,1392,0.114,0.078,0.009,0.027,
12b6211,Climax,Easy,Timbo,2021,2006,-0.073,-0.078,0.007,-0.133,long jump distance (29 m)
add071,Particle Shooter,Expert,Soba`s,2020,794,-0.099,-0.078,0.009,-0.091,
3d6abxxxxx91,414 PER SPEED,ExpertPlus,sploobers,2024,210,-0.06,-0.078,0.025,-0.051,heavily retried
d77f31,Wish upon Twin Stars,Normal,That_Narwhal,2020,344,-0.079,-0.078,0.019,-0.128,long jump distance (27 m)
2a57151,ANOTHER HIM,Hard,Phøenix,2022,397,0.05,0.078,0.026,0.183,top players see it differently
34f5axxx71,brokenboys&bitterbitches,Expert,Nebelmonster,2023,324,-0.098,-0.078,0.017,-0.114,
30735xxxxx11,"Lights, Camera, Action! - Studiopolis Zone Act 1",Easy,Dereknalox123 & Elecast,2023,430,0.042,0.078,0.021,0.016,
4b07axx51,gigolo,Hard,Jonas,2025,577,-0.132,-0.078,0.013,-0.064,
32b80xxx91,World's end loneliness,ExpertPlus,Jojobanana,2023,515,0.083,0.078,0.014,0.071,many horizontal cuts / crossovers
ca0391,Ding Dong Song,ExpertPlus,Teuflum,2020,1238,0.124,0.078,0.008,0.077,
9b3171,Sankaku,Expert,Skeelie,2020,359,-0.024,-0.078,0.015,-0.056,long jump distance (28 m)
2ae17x91,The Dark Field,ExpertPlus,Acubens,2022,542,-0.081,-0.078,0.014,-0.06,
1fec31,The Merchant Guild - 100k Contest,Normal,bakuenjin,2018,214,-0.065,-0.077,0.025,-0.087,long jump distance (36 m)
32cd991,THE BADDEST,ExpertPlus,Darkrealm7,2023,1412,-0.083,-0.077,0.007,-0.067,
12ab351,Just the Way You Are,Hard,Uninstaller,2021,616,-0.087,-0.077,0.011,-0.022,long jump distance (27 m)
1293a91,citrus,ExpertPlus,nolan121405,2021,2395,-0.107,-0.077,0.006,-0.108,
1ffb631,2 Phut Hon,Normal,Fatalution,2022,865,0.059,0.077,0.016,0.05,
1689451,Merry-Go-Round,Hard,Zelazowa,2021,692,0.082,0.077,0.014,0.047,long jump distance (29 m)
10e0871,Unity,Expert,Rayman9515,2020,743,-0.07,-0.077,0.009,0.002,long jump distance (28 m)
285e8x11,Shut Up And Dance,Easy,"Syndicate, OneSpookyBoi, TheCzar1994",2022,183,-0.074,-0.077,0.027,-0.126,long jump distance (26 m)
81ab71,Who's Got Your Love,Expert,Teuflum,2020,1083,-0.068,-0.077,0.008,0.045,long jump distance (27 m); top players see it differently
313aaxxxxx91,Monsters,ExpertPlus,ItsVasili,2023,630,-0.062,-0.077,0.011,-0.084,many horizontal cuts / crossovers
46e59xx31,did i tell u that i miss u,Normal,Rail Zen,2025,265,0.01,0.077,0.034,-0.019,
1ab8d91,Everytime We Touch,ExpertPlus,cerret,2021,1090,-0.066,-0.077,0.01,-0.067,
2928891,Behold the Kingdom of the Wretched Undying,ExpertPlus,Emilia,2022,309,-0.052,-0.077,0.015,-0.072,
78a851,SEITEN NO TERIYAKI,Hard,fraies & Souk,2019,1262,-0.099,-0.077,0.009,-0.082,
17dc451,Opa,Hard,Fatalution,2021,573,-0.068,-0.077,0.014,-0.029,
3639dxxx91,HeaveИ's Rain,ExpertPlus,Loloppe,2023,447,0.046,0.077,0.016,0.076,
23f2e31,Cut The Line,Normal,Bytrius,2022,291,-0.047,-0.077,0.02,-0.021,
270e0xxx51,Route 209 (Day),Hard,"yabje, Rashed & Tea Drinker",2022,618,0.074,0.077,0.013,0.015,
3ad60xxxxxx91,DA'AT -The First Seeker of Souls-,ExpertPlus,foxylax & jojobanana,2024,468,0.045,0.077,0.015,0.084,many horizontal cuts / crossovers; heavily retried
36cf0x51,Teo,Hard,chikinbiskit,2023,977,-0.097,-0.077,0.011,0.001,
1b91551,Attractor Dimension,Hard,Laur Fanclub,2021,1013,-0.061,-0.076,0.009,-0.077,
65ee91,Bangin' Burst ,ExpertPlus,Light Ai,2019,806,0.05,0.076,0.01,0.072,
b2f271,epimerization,Expert,CoolingCloset,2020,1027,0.058,0.076,0.01,0.019,
281b751,Thunder,Hard,Semdol,2022,555,0.219,0.076,0.014,-0.007,long jump distance (36 m)
166c51,Just be Friends feat. Luka,Hard,todokete,2018,311,0.083,0.076,0.023,0.016,many horizontal cuts / crossovers
2ad5471,KICK BACK,Expert,CookedChili,2022,1510,0.075,0.076,0.009,-0.002,
1013a11,Ultrasonic Anthem,Easy,Refugee Camp,2020,902,0.119,0.076,0.01,0.08,
3269351,The Phoenix,Hard,Bytrius,2023,1089,0.032,0.076,0.011,0.139,
8eb651,All Night,Hard,Teuflum,2020,737,-0.098,-0.076,0.012,0.01,long jump distance (28 m)
1735b91,Pray,ExpertPlus,Skeelie,2021,909,0.088,0.076,0.009,0.074,
21bb71,THE BLUE,Expert,ejiejidayo,2018,991,-0.016,0.076,0.011,0.092,many horizontal cuts / crossovers
1925951,Highscore,Hard,That_Narwhal,2021,1125,-0.086,-0.076,0.009,-0.04,
1cb6831,Main theme - Definite Edition,Normal,Sp234,2021,351,0.122,0.076,0.027,0.012,many horizontal cuts / crossovers
d39a91,Beta,ExpertPlus,Kuurama,2020,630,0.047,0.076,0.011,0.07,
8c0a51,BLACK LABEL,Hard,Yun0,2020,480,-0.108,-0.075,0.013,-0.077,
b57991,CROSSING DELTA,ExpertPlus,DeleteElDiablo,2020,599,0.088,0.075,0.01,0.083,long jump distance (26 m)
e2ba31,Astronomia,Normal,That_Narwhal,2020,748,0.093,0.075,0.013,0.034,long jump distance (30 m)
1935711,GIMME DA BLOOD,Easy,Narwhal & Alice,2021,250,0.082,0.075,0.028,0.054,many horizontal cuts / crossovers
200dcxx91,Mayonaka DanceHall!!!,ExpertPlus,Vilawes & Risi,2022,603,-0.099,-0.075,0.012,-0.076,
3da61xxxx11,ABCD,Easy,"Lalahti, Jonas_0_0",2024,353,0.031,0.075,0.021,0.188,top players see it differently
1f9f6x51,Heracles,Hard,Fnyt,2022,1233,-0.04,-0.075,0.008,-0.093,many horizontal cuts / crossovers
38419x51,Scream,Hard,"Serephor, CMP1111, LaidBackAries",2023,456,-0.089,-0.075,0.016,-0.044,
1cd5931,PanicPop*FESTIVAL!!!,Normal,Shan_Man & Nolanimations,2021,1133,0.091,0.075,0.009,0.017,
32331,Future Overture (Short ver.18),Normal,drmarc,2018,625,0.145,0.075,0.017,0.091,long jump distance (32 m); many horizontal cuts / crossovers
360f91,Again,ExpertPlus,squeaksies,2019,1007,0.083,0.075,0.011,0.153,long jump distance (27 m); many horizontal cuts / crossovers
253a151,I Knew You Were Trouble,Hard,Joshabi,2022,477,0.051,0.075,0.02,0.062,
7b3011,Tsurupettan,Easy,Kival Evan,2019,174,-0.025,-0.075,0.032,-0.104,long jump distance (32 m); many horizontal cuts / crossovers
36a3bxxx91,Deutschland,ExpertPlus,Jevk,2023,940,0.13,0.075,0.009,0.081,many horizontal cuts / crossovers
bcf371,Suisei,Expert,SmileEaglet,2020,388,0.045,0.075,0.014,0.044,
2c9e4x51,Make Me,Hard,Avexus & Dirty Alex,2022,586,-0.102,-0.075,0.011,-0.052,
13bd331,Introduction - Xursed divinitiY,Normal,Schwank & Jabob,2021,422,0.116,0.075,0.015,0.051,long jump distance (27 m)
1c4af11,Back In Time,Easy,Teuflum,2021,381,0.054,0.075,0.019,0.064,
492e7xxx91,Challenger,ExpertPlus,"tecmonke, Kinz",2025,545,-0.098,-0.075,0.014,-0.105,many horizontal cuts / crossovers
13fe171,Final Boss,Expert,"Checkthepan, ItsVasili, Timeweaver",2021,557,0.074,0.075,0.011,0.07,
4c5e3xx51,Godspeed,Hard,IlluminatiSalad & Huh,2025,544,-0.056,-0.075,0.012,-0.061,
9b3691,Ill,ExpertPlus,carrot,2020,376,0.157,0.075,0.014,0.088,many horizontal cuts / crossovers
10cf691,Miracle Sugar Land,ExpertPlus,ItsVasili,2020,1045,0.088,0.075,0.009,0.057,
41293xxx91,Emergency Curtain Call,ExpertPlus,charlie1epicdude & drytoph,2024,263,0.01,-0.074,0.016,-0.058,many horizontal cuts / crossovers; heavily retried
1ae1271,Kill Kill Kill Kill Kill,Expert,Helloiamdaan & cerret,2021,574,-0.082,-0.074,0.011,-0.073,
402f2xx31,Do you love me?,Normal,Loloppe,2024,907,-0.096,-0.074,0.011,-0.028,many horizontal cuts / crossovers
267fc91,Elevator,ExpertPlus,Timeweaver,2022,2101,-0.092,-0.074,0.006,-0.073,
46395xx51,Into Dust,Hard,Undeceiver & The_Editor,2025,262,0.018,0.074,0.018,0.052,
1ff94xxxxx11,DANGEROOOOUS JUNGLE,Easy,Purp1e,2022,881,0.093,0.074,0.01,0.053,
2de12x91,Neppa,ExpertPlus,GalaxyMaster,2023,1685,0.014,-0.074,0.009,-0.118,many horizontal cuts / crossovers
1f07491,Deimos,ExpertPlus,"Jabob, Narwhal, & Bullet",2021,3128,-0.075,-0.074,0.005,-0.081,
158ce11,PROJECTION,Easy,abcbadq & altrewin,2021,310,0.089,0.074,0.017,0.049,
20d7631,BATTLE NO.1,Normal,"Bitz, HypersonicSharkz & Luck",2022,731,0.093,0.074,0.013,0.065,
fa3391,Drop That Low (When I Dip),ExpertPlus,Uninstaller,2020,882,0.096,0.074,0.011,0.069,long jump distance (29 m)
275e331,Gold,Normal,CookedChili,2022,648,-0.068,-0.074,0.014,0.002,
1ad2b91,Toxic Violet Cubes,ExpertPlus,BSWC Team,2021,1449,0.057,0.074,0.007,0.081,
1a39591,BUBBLE TEA,ExpertPlus,nolan121405 vs. Narwhal,2021,2579,-0.084,-0.074,0.005,-0.071,
277b791,een auto,ExpertPlus,WalkingKat,2022,1765,-0.061,-0.074,0.009,-0.063,long jump distance (27 m)
27767xxx91,Nikoniko,ExpertPlus,Phøenix,2022,962,0.017,0.074,0.009,0.046,
1fc8571,CRUISE BEAST,Expert,TJ & dibl & TzurS11,2022,1484,-0.084,-0.074,0.007,-0.057,
37762x91,Guinea Pig Olympics,ExpertPlus,Light Ai,2023,1950,-0.082,-0.074,0.008,-0.107,many horizontal cuts / crossovers
1dc9591,Meteoric Impact,ExpertPlus,cerret,2021,1106,-0.03,-0.074,0.01,-0.066,
3731fx91,SCREW // owo // SCREW,ExpertPlus,Jojobanana,2023,258,0.054,0.074,0.021,0.083,
1edb191,Never Alone,ExpertPlus,DE125,2021,968,-0.107,-0.074,0.007,-0.071,
43fb6xxx71,Ground Pound,Expert,The Lunar Carver,2025,509,-0.078,-0.074,0.013,-0.166,many horizontal cuts / crossovers
1f94c71,Remote Tumour Seeker,Expert,ThySpoon,2022,819,-0.048,-0.073,0.01,-0.06,
36fb2xxxx71,Come to Life,Expert,oermergeesh,2023,1404,-0.11,-0.073,0.009,-0.128,many horizontal cuts / crossovers
1cb5531,Big Town Banky Blaine's Rockabilly BBQ,Normal,BrightKnight,2021,526,0.102,0.073,0.012,0.052,
1e0ef91,We Magicians Still Alive In 2021,ExpertPlus,Joshabi,2021,788,-0.097,-0.073,0.009,-0.062,
31516xxxxxx91,Chocolate Lily,ExpertPlus,Emilia,2023,966,-0.061,-0.073,0.01,-0.09,
3e2fbxxx51,Shin FAKE STYLE,Hard,symphonic,2024,311,0.049,0.073,0.017,-0.023,
1d371,Click Bait,Expert,calijor,2018,1048,0.076,0.073,0.011,0.127,players reset/repeat directions the analyzer does not expect; long jump distance (27 m); many horizontal cuts / crossovers
e1ff31,Jackknife,Normal,Bush,2020,144,-0.067,-0.073,0.023,-0.078,long jump distance (28 m)
1442731,Kingslayer,Normal,muffn & altrewin,2021,1501,0.077,0.073,0.008,0.097,
133d671,I CAN'T STOP ME,Expert,Sotarks,2021,354,0.158,0.073,0.015,0.042,many horizontal cuts / crossovers
a49b91,Hold Angel,ExpertPlus,Rogdude,2020,963,0.057,0.073,0.01,0.086,
45234xxx31,OverDrive,Normal,Komeijisan051,2025,752,-0.084,-0.073,0.012,-0.111,
68731,Death by Glamour,Normal,todokete,2018,942,0.121,0.073,0.017,0.152,long jump distance (32 m); many horizontal cuts / crossovers
732e71,Distortion,Expert,altrewin,2019,859,0.046,0.073,0.01,0.001,
12bdb91,Qyoh,ExpertPlus,muffn,2021,378,0.095,0.073,0.013,0.08,
41a76xxxxxx71,Totsuka no Tsurugi,Expert,Glasso050,2024,1535,-0.107,-0.073,0.008,-0.133,
390f2xxxxxx91,golden hour,ExpertPlus,ben,2024,2415,0.025,0.073,0.007,0.02,
78a891,SEITEN NO TERIYAKI,ExpertPlus,fraies & Souk,2019,849,0.061,0.073,0.011,0.07,
258d171,Solid Ground,Expert,Phøenix,2022,322,-0.077,-0.073,0.016,-0.026,
1743411,Cthugha,Easy,Timbo,2021,517,0.07,0.072,0.02,0.069,long jump distance (27 m)
17e5591,Yubi Breaker,ExpertPlus,Jabob,2021,1286,-0.077,-0.072,0.007,-0.078,
3f72dxxxx71,Curious,Expert,"Danny, Lalahti",2024,566,-0.143,-0.072,0.011,-0.051,
3e122xxxx11,I Don't Know Anything,Easy,ZeCube,2024,231,0.011,0.072,0.031,0.099,many horizontal cuts / crossovers
19b6f71,Rampage,Expert,simplymarvellous,2021,1617,-0.097,-0.072,0.006,-0.06,
1e44551,"Ori, Lost in the Storm",Hard,Phoenix,2021,1883,0.108,0.072,0.01,0.184,top players see it differently
33d6bxxxx71,ULTRA SYNERGY MATRIX,Expert,Spinvvy,2023,989,-0.014,-0.072,0.01,-0.031,
1d3f191,GHOUL,ExpertPlus,Coolpick & Alpal,2021,2080,0.056,0.072,0.006,0.065,
1ac5671,AREA 52,Expert,That_Narwhal,2021,1354,0.093,0.072,0.007,0.076,
35651xxxx91,Onus Regulus,ExpertPlus,ViSi,2023,320,-0.056,-0.072,0.018,-0.076,
2f6a291,Color,ExpertPlus,GalaxyMaster,2023,1541,-0.07,-0.072,0.008,-0.074,many horizontal cuts / crossovers
3b2bcxxxx91,Count down 321,ExpertPlus,GalaxyMaster vs. The Senate,2024,429,0.108,0.072,0.014,0.085,many horizontal cuts / crossovers; heavily retried
1a56891,Forever,ExpertPlus,Teuflum & muffn,2021,2065,0.115,0.072,0.006,0.057,many horizontal cuts / crossovers
d77191,LIKEY,ExpertPlus,simplymarvellous,2020,2190,-0.09,-0.072,0.006,-0.069,
1ac0f91,p.h.,ExpertPlus,TOFU,2021,4518,0.075,0.072,0.005,0.028,
142f471,Imprinting,Expert,Fnyt,2021,1116,0.1,0.072,0.01,0.01,
1013a91,Ultrasonic Anthem,ExpertPlus,Refugee Camp,2020,612,0.072,0.072,0.013,0.077,
1b8ad91,Thunder,ExpertPlus,HypersonicSharkz & S1MMZE,2021,1519,-0.07,-0.072,0.008,-0.101,
d0eb11,The Donk,Easy,xScaramouche & Dat360NoScope,2020,139,0.021,0.072,0.035,-0.01,short jump distance (14 m); many horizontal cuts / crossovers
1d7791,RED ZONE,ExpertPlus,zeekin,2018,851,0.062,0.072,0.013,0.111,many horizontal cuts / crossovers
132d651,VANDALIZED AI,Hard,Ramen Noodle,2021,748,0.077,0.072,0.009,0.067,many horizontal cuts / crossovers
2e16b71,The Search,Expert,Phøenix,2023,760,0.068,0.072,0.01,0.112,
3a111xxxxxxxxxxxxxxxxx31,PISSCORD,Normal,ob1cb & Anodize,2024,499,0.058,0.072,0.015,-0.02,
2a01e91,Compared Child くらべられっ子,ExpertPlus,Emir,2022,1252,-0.063,-0.072,0.007,-0.113,
2289d91,"Dear Maria, Count Me In",ExpertPlus,Bytrius,2022,1144,-0.056,-0.071,0.008,-0.091,
19b6f91,Rampage,ExpertPlus,simplymarvellous,2021,2664,-0.072,-0.071,0.005,-0.101,
14c5131,Melancholia,Normal,Emilia,2021,216,0.109,0.071,0.021,0.084,
269311,I Want You,Easy,ejiejidayo,2018,266,0.074,0.071,0.031,0.048,many horizontal cuts / crossovers
f27911,Break,Easy,Emilia,2020,427,0.095,0.071,0.018,-0.014,long jump distance (27 m)
1ed01x91,All My Love,ExpertPlus,Olaf & RFCaps,2021,2642,-0.081,-0.071,0.005,-0.079,
27e37xx91,Super Idol,ExpertPlus,"Monke, Syn0Sin, Gordon, & Alpal",2022,985,0.059,0.071,0.01,0.082,many horizontal cuts / crossovers
37090x11,Notion,Easy,realtasty,2023,1532,-0.052,-0.071,0.012,-0.085,long jump distance (30 m)
28d74xxxxxx11,Vicious Heroism,Easy,ComplexFrequency,2022,730,0.103,0.071,0.012,0.062,
d79011,Einherjar Joker,Easy,Various Mappers,2020,648,-0.096,-0.071,0.013,-0.049,
d23f91,Usagi no Honki,ExpertPlus,abcbadq,2020,456,0.066,0.071,0.013,0.064,
1442791,Kingslayer,ExpertPlus,muffn & altrewin,2021,3606,-0.048,-0.071,0.004,-0.111,
13fe811,0verf1ow,Easy,Timbo,2021,458,0.032,0.071,0.019,0.097,
1c4af91,Back In Time,ExpertPlus,Teuflum,2021,2707,-0.009,-0.071,0.006,-0.117,many horizontal cuts / crossovers
45365xxx51,HOT,Hard,"Lalahti, Danny",2025,202,-0.042,0.071,0.024,-0.028,
4b07axx91,gigolo,ExpertPlus,Jonas,2025,983,-0.073,-0.071,0.011,-0.1,many horizontal cuts / crossovers
16c5611,Dyscontrolled Galaxy,Easy,That_Narwhal,2021,306,0.03,0.071,0.022,0.076,
21705xxxxx91,Another Xronixle,ExpertPlus,Fnyt & Helloiamdaan,2022,609,-0.068,-0.071,0.012,-0.077,
39984xx71,I GOT YOU ,Expert,Lalahti,2024,632,-0.086,-0.071,0.011,-0.022,
40ea7xxx71,Feel It,Expert,D7oomyAli & ImChloe,2024,518,0.079,0.07,0.013,0.027,
23f7bxx11,Dimension Hacker,Easy,Aquaflee,2022,1085,0.071,0.07,0.011,0.068,
1f94c91,Remote Tumour Seeker,ExpertPlus,ThySpoon,2022,410,-0.069,-0.07,0.014,-0.075,
1a3e191,Go Insane,ExpertPlus,Helloiamdaan & miitchel,2021,1196,-0.046,-0.07,0.008,-0.071,players reset/repeat directions the analyzer does not expect; many horizontal cuts / crossovers
246d971,Nutella,Expert,AntiLink,2022,970,-0.045,-0.07,0.01,-0.032,
35ba6xxxxxx91,message within the rift,ExpertPlus,Elecast & Dereknalox123,2023,784,0.057,0.07,0.01,0.094,
4344cxxxx71,Nxde,Expert,Jabob,2025,712,0.093,0.07,0.013,-0.015,many horizontal cuts / crossovers
2c9d791,Bones,ExpertPlus,Taddus,2022,3354,-0.124,-0.07,0.005,0.014,short jump distance (16 m)
20402x51,Orbit,Hard,Tranch,2022,918,-0.108,-0.07,0.011,-0.123,
18ea031,changes,Normal,nolan121405,2021,393,0.077,0.07,0.028,0.047,
1bb8d91,Metamorphose,ExpertPlus,Jabob,2021,1945,-0.07,-0.07,0.007,-0.076,
132cb91,Here We Go,ExpertPlus,Astrella,2021,612,-0.043,0.07,0.012,0.072,
1090871,Liquid Answers,Expert,Checkthepan,2020,661,0.091,0.07,0.01,0.049,
e29871,Destiny,Expert,Emilia,2020,405,0.074,0.07,0.013,0.057,
12d2431,Half Of It,Normal,jafdy,2021,153,-0.075,-0.07,0.037,-0.14,long jump distance (31 m)
1d74271,Enemy,Expert,Joetastic,2021,2716,0.082,0.07,0.006,0.127,
ff0271,Your Best Friend,Expert,Various Mappers,2020,1597,-0.069,-0.07,0.011,0.073,long jump distance (29 m); top players see it differently
12b5371,VVelcome!!,Expert,SieR,2021,1079,-0.097,-0.07,0.009,-0.087,
18fdf51,Amogus,Hard,April Fools,2021,2024,-0.023,-0.07,0.008,0.094,top players see it differently
200dcxx71,Mayonaka DanceHall!!!,Expert,Vilawes & Risi,2022,863,-0.06,-0.07,0.009,-0.071,
37e07xxx71,R U Still xxxx?,Expert,Darkrealm7,2023,1003,0.071,0.07,0.009,0.058,
19bfe11,Still in my heart,Easy,That_Narwhal,2021,205,-0.067,-0.07,0.026,-0.062,long jump distance (27 m)
1fc8c31,"BANGER A.F., BROOOO!!!",Normal,Timbo,2022,1263,-0.078,-0.07,0.009,0.006,
169b191,Succession,ExpertPlus,Helloiamdaan & FatBeanzoop,2021,874,-0.077,-0.07,0.01,-0.069,
11e3d91,Himitsu CULT,ExpertPlus,Kitoyo,2020,1806,0.083,0.07,0.006,0.026,
16a6c71,ENDYMION,Expert,Soba`s & Artjoms,2021,778,-0.091,-0.07,0.009,0.018,
25ec1xx91,Stagestruck,ExpertPlus,spear,2022,1079,-0.077,-0.07,0.009,-0.074,
100e711,256*256,Easy,Rise & SieR,2020,812,0.016,0.07,0.012,0.023,
f0be91,"1,000,000 TIMES",ExpertPlus,Xhera & VRMasked,2020,882,0.076,0.07,0.009,0.049,
29d14x91,Kimi no Tonari de,ExpertPlus,Acubens,2022,566,0.11,0.07,0.011,0.065,many horizontal cuts / crossovers
1af2fx71,Brain Power,Expert,nolan121405 & dibl,2021,953,0.068,0.07,0.008,0.109,
a46071,Takoyaki,Expert,Vilawes,2020,559,-0.044,-0.07,0.011,-0.093,
427e6xxxx11,Nobody's Christmas!,Easy,Poochy & azu,2024,203,-0.119,-0.07,0.033,-0.096,
130bc91,Flowering Night Fever,ExpertPlus,dibl,2021,217,0.061,0.07,0.021,0.07,
caa851,Sorry,Hard,Pixelguy & Teuflum,2020,417,-0.071,-0.07,0.014,-0.075,long jump distance (27 m)
40095xx71,Run Away,Expert,Lalahti,2024,512,-0.02,0.069,0.013,0.061,
42ecexx11,Extraterrestrial,Easy,The Lunar Carver,2025,191,0.057,0.069,0.028,0.07,
3b4f8x71,LEveL,Expert,yabje,2024,1203,-0.03,-0.069,0.008,-0.056,
1989b71,Illuyanka,Expert,nolan121405,2021,980,-0.065,-0.069,0.009,-0.01,
12b6271,Climax,Expert,Timbo,2021,3037,0.075,0.069,0.005,0.031,
4e6afxxx91,D/N/A,ExpertPlus,Anammelech & Glasso050,2026,194,0.04,0.069,0.027,0.072,many horizontal cuts / crossovers
39be5xxx91,FAR OUT,ExpertPlus,Phøenix & Undeceiver,2024,504,-0.015,-0.069,0.015,-0.035,many horizontal cuts / crossovers; heavily retried
1ea8cxxxxx91,Zhuzhzhalka76,ExpertPlus,"yabje, Irish & fqrb",2021,2244,0.082,0.069,0.006,0.058,
1b15551,Kabul,Hard,Khenab,2021,526,0.046,0.069,0.012,0.039,
242dc91,Antithesis,ExpertPlus,EOP Glacier,2022,3851,0.099,0.069,0.006,0.015,many horizontal cuts / crossovers
d90a51,Watch Me Dance!,Hard,SlimyBlob & Victonator,2020,533,-0.055,-0.069,0.017,-0.029,long jump distance (29 m); many horizontal cuts / crossovers
40127xxx91,Apocalypse Simulator v2.0,ExpertPlus,ViSi,2024,408,-0.085,-0.069,0.016,-0.057,heavily retried
242dc11,Antithesis,Easy,EOP Glacier,2022,516,0.119,0.068,0.027,0.042,many horizontal cuts / crossovers
491b6xx91,Danger,ExpertPlus,Darkrealm7,2025,681,0.01,-0.068,0.011,-0.069,many horizontal cuts / crossovers
1d25f91,Oudenophobia,ExpertPlus,Ethanatorza7,2021,643,-0.052,-0.068,0.012,-0.07,
1b91531,Attractor Dimension,Normal,Laur Fanclub,2021,1176,-0.081,-0.068,0.008,-0.063,
3cafbxx51,Girls' Night,Hard,"SomeTimothy, vivifromloona",2024,148,-0.071,-0.068,0.026,-0.011,
45365xxx91,HOT,ExpertPlus,"Lalahti, Danny",2025,818,-0.005,0.068,0.01,0.022,
28ada31,31Hz,Normal,Raydz,2022,408,0.02,0.068,0.022,0.09,
1ffb651,2 Phut Hon,Hard,Fatalution,2022,1796,-0.048,-0.068,0.008,0.01,
14c5111,Melancholia,Easy,Emilia,2021,208,0.106,0.068,0.025,0.095,
ca6291,Chikatto Chika Chika,ExpertPlus,abcbadq,2020,1723,0.059,0.068,0.007,0.042,
4a646xxx91,Hito Mania,ExpertPlus,Cratornugget,2025,495,0.035,0.068,0.016,0.055,short jump distance (15 m); many horizontal cuts / crossovers
3c48fxxxxxxx91,1982,ExpertPlus,Brakepie,2024,924,-0.12,-0.068,0.01,-0.038,
38670xxxx51,Francium,Hard,Loloppe,2023,272,-0.079,-0.068,0.022,-0.009,
42148xx51,Rushiest Rush,Hard,3psilon9,2024,1320,-0.087,-0.068,0.008,-0.098,
138f271,Quaerite Veritatis,Expert,Rusty & Nolanimations,2021,1229,0.103,0.068,0.008,0.051,
906e51,Lonely,Hard,xScaramouche,2020,172,-0.078,-0.068,0.026,-0.158,long jump distance (30 m)
43222xxxxx51,psychology,Hard,ViSi,2025,656,-0.069,-0.068,0.012,-0.098,
f58371,Ludicrous Speed,Expert,Refugee Camp,2020,3070,-0.069,-0.068,0.005,-0.027,
745751,Night Raid with a Dragon,Hard,DE125 & Skeelie,2019,976,-0.11,-0.068,0.009,-0.027,
3832ex91,Loansharks,ExpertPlus,Phøenix,2023,886,-0.159,-0.068,0.01,-0.07,many horizontal cuts / crossovers
2ea6791,Bad Intentions [v3 Fitbeat],ExpertPlus,Scarladore,2023,867,-0.048,-0.068,0.012,-0.058,many horizontal cuts / crossovers
3c8951,99.9,Hard,todokete,2019,1126,-0.005,-0.068,0.011,0.035,long jump distance (31 m); top players see it differently
1694f51,Ringed Genesis,Hard,That_Narwhal,2021,816,0.069,0.068,0.011,0.054,
42461xx91,mythoclast,ExpertPlus,Phøenix,2024,868,0.071,0.068,0.011,0.065,many horizontal cuts / crossovers
1232e91,Chariot,ExpertPlus,Timbo,2021,1230,0.062,0.067,0.008,0.056,
6b8c91,MAYDAY,ExpertPlus,"Oddloop, RedMagi & AaltopahWi",2019,3134,0.112,0.067,0.005,0.132,long jump distance (28 m)
e91551,Invisible Frenzy,Hard,fraies & muffn,2020,1444,-0.086,-0.067,0.007,-0.091,
948a71,Kill The Beat,Expert,simplymarvellous,2020,1115,0.036,0.067,0.008,0.067,
45733x91,Chrono Diver -PENDULUMs-,ExpertPlus,Loloppe,2025,912,-0.13,-0.067,0.008,-0.092,short jump distance (16 m)
5a071,Gladiator,Expert,rustic,2018,671,0.069,0.067,0.016,0.105,many horizontal cuts / crossovers
1a01251,Farewell,Hard,shrado,2021,462,0.039,0.067,0.014,0.036,
47000x91,Let You Fade,ExpertPlus,Loloppe,2025,806,-0.132,-0.067,0.01,-0.1,
3e2aexx71,dB doll,Expert,"Loloppe, StormPacer",2024,438,0.047,0.067,0.018,0.034,
16b0591,Nirvana,ExpertPlus,abcbadq,2021,504,0.068,0.067,0.011,0.062,
2b9a8xx91,Nyahaha ^~,ExpertPlus,Hener,2022,499,-0.091,-0.067,0.012,-0.064,
cca851,In My Heart,Hard,Mystikmol,2020,250,-0.086,-0.067,0.021,-0.085,long jump distance (27 m)
40127xxx71,Apocalypse Simulator v2.0,Expert,ViSi,2024,427,-0.092,-0.067,0.015,-0.063,
1685851,Falling,Hard,nolan121405,2021,434,0.07,0.067,0.014,0.034,
1b13d91,Galaxy Collision,ExpertPlus,Jabob,2021,979,-0.089,-0.067,0.008,-0.062,
37fa9xxx11,Affiliate Requiem,Easy,Emilia & Complex,2023,755,0.056,0.067,0.011,0.061,
206b211,AK-40000000,Easy,Teuflum,2022,509,0.062,0.067,0.017,0.108,
26af7xxx91,FUTURE is Dead,ExpertPlus,Voidless & Goob,2022,2387,0.069,0.067,0.006,0.048,many horizontal cuts / crossovers
25368x71,Drain of Incarnation,Expert,ThySpoon,2022,1171,-0.086,-0.067,0.008,-0.057,
299e371,Time Leaper,Expert,Darkrealm7,2022,340,0.048,0.067,0.017,0.006,
15f7471,Chapter 99: Afterword,Expert,Emilia,2021,1791,-0.041,-0.067,0.008,0.045,top players see it differently
1375771,Flugel Arpeggio,Expert,Kuurama,2021,1136,-0.078,-0.067,0.008,-0.073,
1079291,Mischievous Princess,ExpertPlus,Kitoyo,2020,607,0.053,0.067,0.011,0.062,
81ab91,Who's Got Your Love,ExpertPlus,Teuflum,2020,917,-0.061,-0.067,0.009,-0.071,long jump distance (27 m)
40ea7xxx91,Feel It,ExpertPlus,D7oomyAli & ImChloe,2024,1319,-0.069,-0.067,0.007,-0.093,
12fae71,Extra Credit on the Chromosome Test! VICTORY ROYALE​!​!​!,Expert,shrado,2021,1443,-0.082,-0.067,0.008,-0.056,
3eedfxxx91,Re: End of a Dream,ExpertPlus,zomman,2024,725,0.032,0.067,0.01,0.052,
1967331,Trance Dance Anarchy,Normal,Yaomin,2021,191,0.045,0.067,0.024,-0.006,
3ca7dxxxxx91,Envy Cat Walk,ExpertPlus,"Dr_Marc, Comyute, Cratornugget",2024,572,0.029,0.067,0.011,0.042,
4225bxxxxxxx51,Mai Mai Mai,Hard,Dr_Marc & Ge2toro,2024,177,0.031,0.066,0.023,-0.076,top players see it differently
1ace551,Venomous Firefly,Hard,ComplexFrequency,2021,1464,0.093,0.066,0.007,0.077,many horizontal cuts / crossovers
2c9e4x71,Make Me,Expert,Avexus & Dirty Alex,2022,648,-0.063,-0.066,0.01,-0.056,many horizontal cuts / crossovers
42a5cxxx51,epitaxy,Hard,Darkrealm7,2024,629,0.074,0.066,0.012,0.025,
3b3bdxxx91,SEITEN NO TERIYAKI NO DENSETSU,ExpertPlus,edgii,2024,520,0.062,0.066,0.012,0.083,
192c911,Le Virus,Easy,"Rusty, miitchel, Nolan & yabje",2021,362,0.083,0.066,0.015,0.079,
449a11,Fallen (Short Ver.),Easy,Uninstaller,2019,227,0.058,0.066,0.03,-0.08,top players see it differently
4ad0dxxxx91,laced up,ExpertPlus,Shiokarai,2025,504,-0.113,-0.066,0.014,-0.104,many horizontal cuts / crossovers
195571,Hitorigoto -TV MIX-,Expert,psyc0pathic,2018,1364,0.168,0.066,0.009,0.089,long jump distance (35 m); many horizontal cuts / crossovers
1958091,Chemical Cookie,ExpertPlus,Cobayo,2021,3566,-0.075,-0.066,0.005,-0.098,
fc4c11,Naughty little demon,Easy,Hoppaw,2020,849,0.092,0.066,0.026,0.046,long jump distance (29 m)
1d4271,Ai Kotoba III,Expert,edzo,2018,1275,-0.054,-0.066,0.009,-0.011,long jump distance (30 m); many horizontal cuts / crossovers
40370xxxxxxxx71,SONG REQUEST,Expert,"Cratornugget, Slipknotfan",2024,1090,-0.068,-0.066,0.009,-0.102,many horizontal cuts / crossovers
9e6851,MARENOL,Hard,Skeelie,2020,652,-0.074,-0.066,0.013,-0.052,long jump distance (27 m)
3a5e9xxxxx51,BAD SAD AND MAD,Hard,Bellus,2024,228,-0.108,-0.066,0.023,-0.048,
1232e11,Chariot,Easy,Timbo,2021,443,-0.095,-0.066,0.019,-0.072,long jump distance (26 m)
fb8a31,SUPER REACTOR,Normal,xScaramouche & Scrappy,2020,615,-0.075,-0.066,0.011,-0.037,
997871,toromi hearts 2,Expert,Souk & fraies,2020,894,-0.106,-0.066,0.013,-0.073,
1716411,Paws and Play,Easy,CyanSnow,2021,233,0.113,0.066,0.022,0.034,
25922xxx91,Slaughterhouse,ExpertPlus,Bytrius,2022,1017,-0.072,-0.066,0.008,-0.051,
19b2791,Sparkling Software,ExpertPlus,"Cobayo, Vilawes & Slimy",2021,767,-0.052,-0.065,0.01,-0.074,
1b731,WALK ON WATER,Normal,rustic,2018,496,0.143,0.065,0.029,0.057,long jump distance (34 m); many horizontal cuts / crossovers
12ad991,Apocalypse Simulator,ExpertPlus,xScaramouche & Scrappy,2021,806,0.127,0.065,0.009,0.08,many horizontal cuts / crossovers
397bdxx51,NextLevelNation,Hard,Craedien,2024,104,-0.06,-0.065,0.028,0.004,
ca0371,Ding Dong Song,Expert,Teuflum,2020,703,0.083,0.065,0.01,0.036,
1e4ea31,"Restoring The Light, Facing The Dark",Normal,Sp234,2021,493,0.122,0.065,0.02,0.034,many horizontal cuts / crossovers
21d1191,I Like To Move It (Radio Mix),ExpertPlus,JRE_McNuggies,2022,1446,-0.102,-0.065,0.008,-0.041,
3ff31xxxxx11,Saishuu Kichiku Imouto Flandre-S,Easy,ViSi,2024,373,-0.045,-0.065,0.017,-0.102,
1b98471,Crimson Night,Expert,"GalaxyMaster, Mr. Mrow & 3Stans",2021,1787,0.069,0.065,0.008,0.018,
128ea91,Wolves Standing Towards Enemies,ExpertPlus,That_Narwhal,2021,756,0.069,0.065,0.01,0.061,
383f1xxx91,21st Century Humor But It's A Rave Song 2,ExpertPlus,UglyApe & Blenderman,2023,2440,-0.022,-0.065,0.007,-0.091,many horizontal cuts / crossovers
2a57171,ANOTHER HIM,Expert,Phøenix,2022,548,0.11,0.065,0.019,0.226,many horizontal cuts / crossovers; top players see it differently
41effxxxx91,Official,ExpertPlus,Jonas_0_0,2024,316,-0.089,-0.065,0.019,-0.068,many horizontal cuts / crossovers
3b37bx71,Magnetic,Expert,"minsiii, Jonas_0_0",2024,1086,0.007,0.065,0.011,0.073,
441371,Ring Of Fortune (TV Size),Expert,SagittariusFam,2019,1343,-0.106,-0.065,0.01,-0.011,many horizontal cuts / crossovers
2b85fxx51,At Least Speedcore Artists Aren't In It For The Money,Hard,Slayx,2022,751,-0.019,-0.065,0.013,-0.083,
2a9e791,Speedcore Paradise,ExpertPlus,Emilia,2022,385,-0.183,-0.065,0.032,-0.036,
23ca2xx91,Only Be Me,ExpertPlus,Olaf,2022,1034,0.007,0.065,0.009,0.052,
1877471,It's Been So Long,Expert,shrado & Schwank,2021,1591,-0.113,-0.065,0.007,0.013,
167a531,Beyond Eternity,Normal,Timbo,2021,560,-0.07,-0.065,0.011,0.006,
1ee2991,Towel in the Air,ExpertPlus,Tomerisnice,2021,773,0.098,0.065,0.011,0.044,
269371,I Want You,Expert,ejiejidayo,2018,1857,-0.064,-0.065,0.008,0.082,many horizontal cuts / crossovers; top players see it differently
85831,citrus,Normal,mystikmol,2018,566,-0.051,-0.065,0.019,-0.068,long jump distance (28 m); many horizontal cuts / crossovers
3c252x71,Cloud Nine,Expert,"Danny, Lalahti",2024,282,0.005,0.065,0.02,0.038,
e68d31,AURA,Normal,simplymarvellous,2020,156,-0.107,-0.065,0.03,-0.062,
1047371,PARALLEL*PRISM,Expert,That_Narwhal,2020,904,0.046,0.065,0.01,0.015,long jump distance (27 m)
1eda9x51,Monster,Hard,riasuh,2021,416,0.09,0.064,0.014,0.019,
8a151,Qubism,Hard,moriik,2018,496,0.127,0.064,0.015,0.021,long jump distance (35 m); many horizontal cuts / crossovers
45265xxx31,Guns Blazing,Normal,"spartplat, Najoko",2025,256,-0.043,0.064,0.019,0.132,
28ec5xx71,Love Sux,Expert,Emilia,2022,549,-0.101,-0.064,0.012,-0.061,
9b9191,Guchagucha Coke Screw,ExpertPlus,Vilawes & Depito,2020,463,0.113,0.064,0.013,0.074,
2ee3bxxxxxx91,666,ExpertPlus,ComplexFrequency & Narwhal,2023,782,0.064,0.064,0.011,0.079,many horizontal cuts / crossovers; heavily retried
d77f71,Wish upon Twin Stars,Expert,That_Narwhal,2020,865,-0.081,-0.064,0.01,-0.102,
224f3xx51,KNOCK KNOCK,Hard,gmiz92,2022,202,0.034,0.064,0.019,-0.006,
2d6ccx91,ENOUGH,ExpertPlus,anammelech,2022,232,0.065,0.064,0.017,0.063,
1a37b71,Hip To Be Scared,Expert,Bytrius,2021,1109,-0.051,-0.064,0.008,-0.026,
a40551,Dolphin On Wheels,Hard,Checkthepan,2020,512,-0.058,-0.064,0.012,-0.068,
2e409x91,666,ExpertPlus,Emilia,2023,1206,-0.109,-0.064,0.008,-0.063,
3b3bdxxx71,SEITEN NO TERIYAKI NO DENSETSU,Expert,edgii,2024,524,0.061,0.064,0.012,0.051,
9c1751,Nanamori,Hard,Depito & ExUnReal,2020,688,0.105,0.064,0.011,0.079,long jump distance (27 m)
1c775x71,TERABYTE,Expert,Huh,2021,1600,0.071,0.064,0.007,0.056,
e2ba71,Astronomia,Expert,That_Narwhal,2020,1273,0.046,0.064,0.008,0.056,
78a871,SEITEN NO TERIYAKI,Expert,fraies & Souk,2019,509,-0.088,-0.064,0.015,-0.077,
cca871,In My Heart,Expert,Mystikmol,2020,412,0.064,0.064,0.016,0.03,
15f7491,Chapter 99: Afterword,ExpertPlus,Emilia,2021,3564,-0.045,-0.064,0.005,-0.04,
1c54531,MeteorGlow Aftermath,Normal,Mystikmol,2021,345,-0.07,-0.064,0.02,-0.022,
1b9b691,Crisis,ExpertPlus,Checkthepan,2021,581,0.04,0.064,0.013,0.044,
1940a91,Trendy,ExpertPlus,Dr_Marc,2021,673,0.085,0.064,0.01,0.081,many horizontal cuts / crossovers
1695b31,I,Normal,Mystikmol & Moriik,2021,561,-0.064,-0.064,0.013,0.01,
13de671,Ultimate Ascension,Expert,Narwhal and Complex,2021,1348,0.069,0.064,0.008,0.01,
2553271,LVTHER - Some Kind Of Magic,Expert,Darkrealm7,2022,737,-0.075,-0.064,0.012,-0.102,
1edfc71,La Lune,Expert,TzurS11 & Tomerisnice,2021,1045,0.073,0.064,0.009,0.045,
20ad7x91,MORE,ExpertPlus,Anammelech,2022,792,0.105,0.063,0.01,0.065,
2e44c11,MUKOKU,Easy,chikinbiskit,2023,137,-0.048,-0.063,0.03,-0.162,
14bd31,We Built this City,Normal,rustic,2018,216,0.132,0.063,0.04,0.007,long jump distance (34 m); many horizontal cuts / crossovers
3965b91,Sweater Weather,ExpertPlus,Luna & Yasu,2024,845,-0.032,-0.063,0.011,-0.056,players reset/repeat directions the analyzer does not expect
12b3f91,Clinpf Eepfwoof,ExpertPlus,Jabob,2021,646,0.089,0.063,0.01,0.081,
1b26a31,Feel Alive,Normal,Timbo,2021,491,-0.002,0.063,0.022,-0.071,top players see it differently
195a591,Get Get Down,ExpertPlus,ItsVasili,2021,1957,-0.087,-0.063,0.006,-0.057,
1f74751,Made of Fire,Hard,fraies & FatBeanzoop,2021,1190,0.08,0.063,0.009,0.035,
f59b71,The Snow White Princess is,Expert,Mystikmol & endcredits,2020,552,0.055,0.063,0.014,0.046,
f62191,Paranoid Mirage,ExpertPlus,Soba`s,2020,658,0.061,0.063,0.01,0.064,
d90a91,Watch Me Dance!,ExpertPlus,SlimyBlob & Victonator,2020,1869,0.097,0.063,0.007,0.025,
3898fx51,The Spoils,Hard,Undeceiver,2024,157,0.083,0.063,0.03,0.079,many horizontal cuts / crossovers
1ff88xx91,ANOMALY,ExpertPlus,Night Xrose vs. Day Xrose,2022,398,0.056,0.063,0.013,0.073,
3881axxx91,veldt,ExpertPlus,GojiCrafter,2024,868,0.023,0.063,0.01,0.048,many horizontal cuts / crossovers
1949e71,Viyella's Scream,Expert,Timbo,2021,2757,-0.108,-0.063,0.005,-0.06,
3180bxx91,Fresh,ExpertPlus,DeeDee,2023,804,-0.084,-0.063,0.01,0.001,
2824071,Bad Things,Expert,Bytrius,2022,1225,-0.058,-0.063,0.008,0.03,
5a051,Gladiator,Hard,rustic,2018,251,-0.002,-0.063,0.03,-0.146,long jump distance (33 m); many horizontal cuts / crossovers
35829xx91,What is Love?,ExpertPlus,Lalahti,2023,1146,-0.021,-0.063,0.008,-0.051,many horizontal cuts / crossovers
1a01651,Exitium,Hard,Timbo,2021,2147,-0.085,-0.063,0.006,-0.077,
3fd2bxx91,The Clock Strikes 12,ExpertPlus,ZeCube,2024,512,0.102,0.063,0.015,0.028,many horizontal cuts / crossovers
471f8xxx71,OVER:Acceleration,Expert,Komeijisan051,2025,870,-0.043,-0.063,0.009,-0.095,
3db71x91,The Master,ExpertPlus,"Galaxy as ""The Master""",2024,803,-0.021,-0.063,0.011,-0.029,many horizontal cuts / crossovers; heavily retried
1d70991,EASY LOVE,ExpertPlus,That_Narwhal,2021,2230,-0.061,-0.063,0.007,-0.105,
2522f71,Cybernecia Catharsis,Expert,That_Narwhal,2022,541,0.043,0.063,0.014,0.023,
3bef7xxx31,Higher Ground,Normal,Darkrealm7,2024,280,0.027,0.063,0.028,0.05,
ccac11,Secret World,Easy,Mystikmol,2020,239,-0.002,-0.062,0.057,-0.02,long jump distance (33 m); few scores (noisy)
25922xxx71,Slaughterhouse,Expert,Bytrius,2022,535,-0.045,-0.062,0.011,-0.031,
1a8d471,Death From Above,Expert,Skeelie,2021,1068,0.082,0.062,0.008,0.068,many horizontal cuts / crossovers
2c67371,GETCHA!,Expert,namaki_mono & gmiz92,2022,766,0.077,0.062,0.01,0.067,
12b6251,Climax,Hard,Timbo,2021,3069,-0.055,-0.062,0.005,-0.032,
4d8eax91,it's a seal!,ExpertPlus,StrangeSparky,2026,1223,0.083,-0.062,0.011,-0.074,many horizontal cuts / crossovers
1989b91,Illuyanka,ExpertPlus,nolan121405,2021,2089,0.011,-0.062,0.007,-0.066,many horizontal cuts / crossovers
2798axxxx71,Time Leaper,Expert,Phoenix,2022,872,0.071,0.062,0.01,0.056,
2576dxxxxx71,666,Expert,Bitz & Luck,2022,2933,0.096,0.062,0.005,0.042,many horizontal cuts / crossovers
36afcxx91,No Pity for a Coward,ExpertPlus,JohnieCanine,2023,546,-0.053,-0.062,0.011,-0.058,
45365xxx11,HOT,Easy,"Lalahti, Danny",2025,126,-0.073,-0.062,0.038,0.014,
127ec11,Nibelungen,Easy,ComplexFrequency,2021,477,0.106,0.062,0.02,0.117,long jump distance (26 m); many horizontal cuts / crossovers
2b4f2xxxxxxx71,RPG,Expert,"ComplexFrequency, ThySpoon & Fnyt",2022,915,-0.046,-0.062,0.008,-0.061,many horizontal cuts / crossovers
3b3bdxxx11,SEITEN NO TERIYAKI NO DENSETSU,Easy,edgii,2024,215,0.037,0.062,0.022,-0.001,
8c0a71,BLACK LABEL,Expert,Yun0,2020,518,-0.028,-0.062,0.012,-0.083,long jump distance (26 m)
882291,First Storm,ExpertPlus,Uninstaller,2020,465,0.1,0.062,0.013,0.054,
26be991,Theme for Psychopath Justice,ExpertPlus,Aquaflee,2022,545,0.066,0.062,0.014,0.061,
27be6xxx71,99.9,Expert,Spoekle & yabje,2022,2763,0.039,0.062,0.006,0.014,
244151,Crocodile Cacophony,Hard,edzo,2018,255,-0.092,-0.062,0.018,-0.073,
1af8971,Dear Future Husband,Expert,GianniKoch,2021,1564,0.076,0.062,0.008,0.015,
18d3e51,Heart of Witch,Hard,Uninstaller,2021,1044,0.078,0.062,0.009,0.011,long jump distance (26 m)
3ee4bxx91,RTX 20000,ExpertPlus,Darkrealm7 & bobthezealot,2024,2821,-0.083,-0.062,0.006,-0.039,
2289d71,"Dear Maria, Count Me In",Expert,Bytrius,2022,581,-0.039,-0.062,0.012,0.002,
6b8c71,MAYDAY,Expert,"Oddloop, RedMagi & AaltopahWi",2019,2220,0.008,-0.062,0.006,0.043,long jump distance (32 m); top players see it differently
2193cxx91,Oha-Yo-del!!,ExpertPlus,BigSlick,2022,2196,0.088,0.062,0.007,0.081,many horizontal cuts / crossovers
16d2f51,HellFire,Hard,abcbadq & Timbo,2021,791,-0.082,-0.062,0.009,-0.053,
1685831,Falling,Normal,nolan121405,2021,266,0.085,0.061,0.02,0.095,
f98891,Sound Chimera,ExpertPlus,ComplexFrequency,2020,1040,-0.031,-0.061,0.007,-0.059,
20fdbxxxxxxx71,200cc,Expert,Spoekle & fqrb,2022,3110,0.067,0.061,0.006,0.008,
47f84xxxxx91,Sis Puella Magica!,ExpertPlus,The Lunar Carver,2025,456,0.023,0.061,0.016,0.013,many horizontal cuts / crossovers
36cbb91,(execute.),ExpertPlus,Phøenix,2023,491,0.058,0.061,0.014,0.078,many horizontal cuts / crossovers
1e13d91,10 For 10,ExpertPlus,JRE_McNuggies,2021,1686,-0.077,-0.061,0.007,-0.066,
1689a71,Among Us,Expert,xScaramouche & nolan121405,2021,1587,0.018,0.061,0.01,0.043,many horizontal cuts / crossovers
46395xx71,Into Dust,Expert,Undeceiver & The_Editor,2025,357,0.111,0.061,0.014,0.049,many horizontal cuts / crossovers
19de91,Made In Love,ExpertPlus,mystikmol,2018,900,-0.098,-0.061,0.01,-0.063,
23a2c51,Dreaded Note,Hard,cerret & Nolanimations,2022,504,0.085,0.061,0.012,0.008,
2a9e771,Speedcore Paradise,Expert,Emilia,2022,376,0.033,0.061,0.021,0.071,
20db5xxxx31,Speedcore Sonata in the Moonlight,Normal,Vilawes,2022,1424,0.082,0.061,0.009,0.04,
197ba31,Spin Eternally,Normal,fraies & Narwhal,2021,920,-0.056,-0.061,0.01,0.022,
447991,Louder Than Steel,ExpertPlus,Electrostats,2019,163,0.029,0.061,0.034,0.055,
1305111,Xronier,Easy,"shrado, Scrappy, & altrewin",2021,254,0.058,0.061,0.017,0.061,long jump distance (27 m)
38dcexx91,Othello,ExpertPlus,wangyufy,2024,1046,0.063,0.061,0.01,0.058,many horizontal cuts / crossovers
33ce6xx31,Xronièr,Normal,GalaxyMaster,2023,368,0.063,0.061,0.017,0.098,
2e409x31,666,Normal,Emilia,2023,411,0.022,0.061,0.015,0.034,
19ef091,Nasty * Nasty * Spell,ExpertPlus,Joshabi,2021,6186,-0.07,-0.061,0.003,-0.049,
b2c071,Fellow Feeling,Expert,FatBeanzoop & TheRealZeroz,2020,1598,-0.101,-0.061,0.008,-0.076,
41d0cxxxxx71,- Divine Light of Myriad -,Expert,Blackjack,2024,570,0.076,0.061,0.013,0.041,many horizontal cuts / crossovers
243e91,Snakey Chantey,ExpertPlus,edzo,2018,500,0.097,0.061,0.017,0.116,long jump distance (34 m); many horizontal cuts / crossovers
15fd791,(The) Immortal Scream,ExpertPlus,ComplexFrequency,2021,1196,-0.122,-0.061,0.008,-0.058,
2abeax91,Freefall,ExpertPlus,ItsVasili,2022,829,0.055,0.061,0.01,0.065,
2750991,Terraform,ExpertPlus,Jevk,2022,275,0.054,0.061,0.017,0.112,
16b3331,Last Kingdom,Normal,Uninstaller,2021,318,0.078,0.061,0.02,0.075,long jump distance (28 m); many horizontal cuts / crossovers
1f75d31,Sayonara. Arigatou.,Normal,XAce1337manX,2021,171,0.072,-0.061,0.029,-0.038,long jump distance (29 m); many horizontal cuts / crossovers
9b3191,Sankaku,ExpertPlus,Skeelie,2020,557,0.046,-0.06,0.011,-0.054,long jump distance (26 m); many horizontal cuts / crossovers
1677a11,Bang!,Easy,BrightKnight,2021,461,0.148,0.06,0.034,0.025,long jump distance (28 m); many horizontal cuts / crossovers
3a73fxxx91,CHEER UP,ExpertPlus,"Lalahti, Jonas_0_0",2024,889,0.059,0.06,0.01,0.035,
2b57171,Black Rover,Expert,Aquaflee,2022,895,-0.047,-0.06,0.01,-0.048,many horizontal cuts / crossovers
195a551,Get Get Down,Hard,ItsVasili,2021,452,-0.112,-0.06,0.014,-0.017,
39017xxxxxxxx91,Rumble,ExpertPlus,Rain Jur,2024,302,0.072,0.06,0.018,0.06,
31fbd91,Sequence Breaker,ExpertPlus,GojiCrafter,2023,977,0.084,0.06,0.01,0.075,many horizontal cuts / crossovers
43d05xxx91,APT.,ExpertPlus,"Lalahti, Danny",2025,1363,0.068,0.06,0.009,0.026,many horizontal cuts / crossovers
f27951,Break,Hard,Emilia,2020,983,0.093,0.06,0.01,0.055,
297f151, Get Through,Hard,Davaayy,2022,1523,-0.041,-0.06,0.008,-0.007,
3ba9bxx91,liquated,ExpertPlus,Petersome,2024,745,0.041,0.06,0.011,0.078,many horizontal cuts / crossovers
43bdaxx71,ATTACK FROM MANDRAKE,Expert,shrado & Voidless,2025,588,0.014,0.06,0.013,0.057,many horizontal cuts / crossovers
28d74xxxxxx91,Vicious Heroism,ExpertPlus,ComplexFrequency,2022,561,0.11,0.06,0.013,0.069,many horizontal cuts / crossovers; heavily retried
1c54591,MeteorGlow Aftermath,ExpertPlus,Mystikmol,2021,1192,0.048,0.06,0.009,0.026,
3ddf9xx91,Leave It All Behind,ExpertPlus,"eurnkung, NoteIIEvil",2024,1183,-0.058,-0.06,0.007,-0.033,
3442cxxx71,Villain Virus,Expert,GalaxyMaster & GojiCrafter,2023,820,-0.079,-0.06,0.008,-0.046,
99551,Energy Drink,Hard,moriik,2018,506,-0.028,0.06,0.016,0.071,many horizontal cuts / crossovers
1232e51,Chariot,Hard,Timbo,2021,1463,-0.086,-0.06,0.007,-0.046,
6b8c11,MAYDAY,Easy,"Oddloop, RedMagi & AaltopahWi",2019,332,0.076,-0.06,0.033,-0.141,long jump distance (40 m); many horizontal cuts / crossovers
1de9851,Compute It With Some Devilish Alcoholic Steampunk Engines,Hard,Joshabi,2021,1014,0.053,0.06,0.009,0.021,
2a0b9xxx91,You,ExpertPlus,Emilia,2022,561,-0.081,-0.06,0.015,-0.058,
1c30e91,M A X I M U M B L A S T E R,ExpertPlus,Helloiamdaan & Nolanimations,2021,432,0.077,0.06,0.015,0.056,
1d3f171,GHOUL,Expert,Coolpick & Alpal,2021,2267,0.063,0.06,0.006,0.053,
17a7071,ListENiNg to spEEDcorE turNs you iNto A fuckiNg idiot,Expert,Emilia,2021,1129,0.111,0.06,0.008,0.032,
19b2751,Sparkling Software,Hard,"Cobayo, Vilawes & Slimy",2021,1071,0.06,0.06,0.008,0.062,
41f351,Magnetism,Hard,squeaksies,2019,769,-0.022,0.06,0.014,0.116,
513071,Saint's Beat,Expert,ejiejidayo,2019,642,-0.061,-0.059,0.011,-0.061,
192f8x91,Leave Before You Love Me,ExpertPlus,Olaf,2021,1132,-0.069,-0.059,0.009,-0.065,
1e0d551,Bounce,Hard,Fatalution,2021,585,-0.082,-0.059,0.016,0.023,
2d64axx91,WYSI,ExpertPlus,ComplexFrequency,2023,504,0.026,0.059,0.014,0.058,
13ae271,Miku,Expert,Nolanimations & Rusty,2021,1115,0.052,0.059,0.009,0.069,many horizontal cuts / crossovers
222cfx91,abcdefu,ExpertPlus,riasuh,2022,1156,-0.096,-0.059,0.009,-0.02,
26c74xx11,Riot,Easy,Fnyt,2022,589,0.083,0.059,0.014,0.032,
3574c91,Burning Candles,ExpertPlus,Phøenix,2023,985,0.144,0.059,0.011,0.027,many horizontal cuts / crossovers
bd6a11,Antithese,Easy,That_Narwhal,2020,431,-0.033,-0.059,0.019,-0.131,long jump distance (32 m)
194b471,Big Daddy,Expert,Timbo,2021,3152,-0.085,-0.059,0.005,-0.045,
e91591,Invisible Frenzy,ExpertPlus,fraies & muffn,2020,832,0.05,0.059,0.01,0.059,
3f0fdxx51,Chiyu,Hard,"accuwucy, Jonas_0_0",2024,249,-0.05,-0.059,0.019,-0.024,many horizontal cuts / crossovers
1ace891,Villain Virus,ExpertPlus,cerret & muffn,2021,1880,-0.054,-0.059,0.006,-0.055,
2035931,The 90's Decision,Normal,That_Narwhal,2022,435,0.091,0.059,0.018,0.059,
852991,cheatreal,ExpertPlus,shrado & Schwank,2020,619,0.046,0.059,0.01,0.057,
1c6f011,Far Away,Easy,Bitz & HypersonicSharkz,2021,449,-0.076,-0.059,0.018,-0.087,
1716491,Paws and Play,ExpertPlus,CyanSnow,2021,1750,0.098,0.059,0.007,0.067,many horizontal cuts / crossovers
3d2f9xxxxxx71,this is what autumn feels like,Expert,THMX & BsNico,2024,504,-0.029,0.059,0.016,-0.014,
11c9c11,Scratch,Easy,CyanSnow,2020,187,-0.038,-0.059,0.023,-0.057,
288c5x91,THE DEATH OF PEACE OF MIND,ExpertPlus,Bytrius,2022,1597,-0.078,-0.059,0.007,-0.007,
3aeb1xx11,CALAMITY RHAPSODY,Easy,Cratornugget,2024,169,0.0,0.059,0.027,0.071,
2c2acx71,Revolver,Expert,Taddus & Oegoe,2022,720,-0.096,-0.059,0.01,-0.096,
1a68511,DUAL BREAKER XX,Easy,ThySpoon & ThyYeet,2021,516,-0.046,-0.059,0.015,-0.055,
1a93891,Revenant,ExpertPlus,Shan_Man,2021,2301,-0.0,-0.059,0.005,-0.046,
360cexx71,Target For Love,Expert,Anammelech,2023,551,0.07,0.058,0.014,0.029,
1956b91,One Hollow Word,ExpertPlus,Nolanimations,2021,910,-0.077,-0.058,0.008,-0.062,
4936axxxxxxxxxxx91,G4M3-0V3R,ExpertPlus,shrado,2025,285,0.005,-0.058,0.022,-0.045,short jump distance (15 m); many horizontal cuts / crossovers
3f19dxxxxx91,i_need_u,ExpertPlus,"Raged, WDG_Frxtil",2024,573,-0.063,-0.058,0.017,-0.065,
d7c931,The Clear Blue Sky,Normal,Mystikmol,2020,280,-0.046,-0.058,0.024,-0.062,long jump distance (28 m)
f53271,Tribal Trial,Expert,CoolingCloset & Nolanimations,2020,2715,-0.049,-0.058,0.005,-0.081,
22717x51,Waifu,Hard,fqrb,2022,818,-0.044,-0.058,0.012,-0.079,
1b68151,Scare Me,Hard,Fatalution,2021,921,-0.045,-0.058,0.01,0.055,top players see it differently
12d2491,Half Of It,ExpertPlus,jafdy,2021,949,0.069,0.058,0.007,0.093,
1956691,Ill,ExpertPlus,ThySpoon & Fvrwvrd,2021,2043,-0.033,-0.058,0.006,-0.076,
3fbe5xxxx71,115,Expert,Slayx & ViSi,2024,384,0.101,0.058,0.014,0.065,many horizontal cuts / crossovers
3e05cxxx31,AMBERGRIS,Normal,Darkrealm7,2024,183,0.031,0.058,0.033,0.026,
1f273xxxx51,The Cat Evolved Into The Microwave-proof Cat!,Hard,epicmoo34 & Narwhal,2021,1771,-0.083,-0.058,0.007,-0.038,
1897d91,EZ Mode,ExpertPlus,Checkthepan,2021,1366,0.073,0.058,0.008,0.061,many horizontal cuts / crossovers
9b9151,Guchagucha Coke Screw,Hard,Vilawes & Depito,2020,467,0.068,0.058,0.012,0.032,
8bc51,Blood Sugar,Hard,rustic,2018,207,-0.04,0.058,0.022,-0.024,many horizontal cuts / crossovers
1770771,Trapped in the Past,Expert,muffn,2021,1245,-0.024,-0.058,0.008,-0.005,
188b151,Come Alive,Hard,Fatalution,2021,1134,-0.041,-0.058,0.009,-0.005,
1266691,UMMU,ExpertPlus,carrot,2021,1139,0.095,0.058,0.008,0.07,many horizontal cuts / crossovers
b34291,crystallized,ExpertPlus,muffn & ExUnReal,2020,1196,0.086,0.058,0.007,0.091,
3893ax51,Hit The Road Jack,Hard,AlephCubed,2024,1011,-0.073,-0.058,0.009,-0.036,
243e51,Snakey Chantey,Hard,edzo,2018,281,0.037,0.058,0.024,0.032,many horizontal cuts / crossovers
ff0291,Your Best Friend,ExpertPlus,Various Mappers,2020,2749,-0.151,-0.058,0.008,0.032,long jump distance (31 m)
1ace511,Venomous Firefly,Easy,ComplexFrequency,2021,792,0.094,0.058,0.012,0.095,many horizontal cuts / crossovers
35340xxx91,NOOT NOOT,ExpertPlus,"Pasketi, Jevk",2023,1414,0.031,0.058,0.008,0.051,
1a2cd91,Fantasie-Celeritas,ExpertPlus,ComplexFrequency,2021,948,-0.06,-0.058,0.009,-0.059,
a2de71,The Government Knows,Expert,Ramen Noodle,2020,755,0.113,0.058,0.01,0.037,many horizontal cuts / crossovers
3da61xxxx51,ABCD,Hard,"Lalahti, Jonas_0_0",2024,756,0.015,0.058,0.011,0.06,
1c4a871,Lifelight,Expert,"FatBeanzoop, Umu & Nolanimations",2021,1245,-0.062,-0.058,0.007,-0.059,
13fe871,0verf1ow,Expert,Timbo,2021,1437,-0.077,-0.058,0.007,-0.067,
1c54551,MeteorGlow Aftermath,Hard,Mystikmol,2021,770,-0.07,-0.058,0.011,-0.058,
26503xx91,Existentia,ExpertPlus,General Dumbass,2022,1020,-0.032,-0.058,0.009,-0.083,many horizontal cuts / crossovers
2e44c91,MUKOKU,ExpertPlus,chikinbiskit,2023,436,0.068,0.058,0.014,0.049,
3aef5xx91,Break,ExpertPlus,Emilia,2024,1299,0.041,0.058,0.01,0.034,
278591,Clear Rose,ExpertPlus,squeaksies,2018,727,-0.012,0.058,0.012,0.125,many horizontal cuts / crossovers
253a191,I Knew You Were Trouble,ExpertPlus,Joshabi,2022,1461,-0.078,-0.058,0.008,-0.05,
19bfe31,Still in my heart,Normal,That_Narwhal,2021,268,0.05,0.058,0.026,0.046,
18aba51,Cycle Hit,Hard,abcbadq & Joshabi,2021,1223,-0.054,-0.057,0.007,-0.023,
27767xxx71,Nikoniko,Expert,Phøenix,2022,543,-0.094,-0.057,0.012,0.008,
14b3411,"Top of the ""M""",Easy,abcbadq & altrewin,2021,333,0.073,0.057,0.017,0.023,
37fa9xxx31,Affiliate Requiem,Normal,Emilia & Complex,2023,1264,-0.096,-0.057,0.008,-0.072,
1ed171,Sidetracked Day (Short Ver.),Expert,hexagonial,2018,311,-0.081,-0.057,0.019,-0.078,long jump distance (36 m)
7b6191,Reach The Core,ExpertPlus,Khenab,2020,738,0.081,0.057,0.01,0.047,
195a691,Westpoolchestershireshire,ExpertPlus,ItsVasili & Olaf,2021,1832,-0.105,-0.057,0.006,-0.066,
401ebxxxx71,Executioner,Expert,wangyufy,2024,1106,-0.064,-0.057,0.008,-0.086,
16aba91,Light It Up,ExpertPlus,cat_using_a_toaster,2021,1743,0.052,0.057,0.007,0.073,
244171,Crocodile Cacophony,Expert,edzo,2018,563,-0.03,-0.057,0.013,-0.025,long jump distance (33 m); many horizontal cuts / crossovers
e97091,Shiny Happy Days,ExpertPlus,VRMasked & Dr_Marc,2020,1793,0.073,0.057,0.008,-0.03,long jump distance (27 m)
2ee85xx91,RoquiRa : Between Life and Death,ExpertPlus,Soup Cartel,2023,255,0.041,0.057,0.015,0.081,
11e3d71,Himitsu CULT,Expert,Kitoyo,2020,699,-0.075,-0.057,0.011,-0.07,
3af82xxxx71,ONE SPARK,Expert,"Lalahti, FireStrike",2024,444,0.028,0.057,0.014,-0.022,
3aae491,Feel The Same,ExpertPlus,Darkrealm7,2024,1396,-0.064,-0.057,0.008,-0.067,
3d2f9xxxxxx91,this is what autumn feels like,ExpertPlus,THMX & BsNico,2024,1565,-0.067,-0.057,0.008,-0.054,
e29891,Destiny,ExpertPlus,Emilia,2020,750,0.068,0.057,0.01,0.05,
29b0cxx91,Revenge,ExpertPlus,"nolan121405, Olaf, Bitz & Qwasyx",2022,1722,-0.077,-0.057,0.006,-0.057,
3a97cxx91,PLANET//SHAPER,ExpertPlus,edgii,2024,297,0.091,0.057,0.013,0.066,
1860571,FLASHBACK,Expert,Joshabi,2021,1830,-0.083,-0.057,0.006,0.013,
bc331,Crack Traxxxx,Normal,mystikmol,2018,317,-0.072,-0.057,0.029,-0.024,many horizontal cuts / crossovers
d79051,Einherjar Joker,Hard,Various Mappers,2020,326,0.064,0.057,0.019,0.059,
32e4cxx51,Unicorn,Hard,Nebelmonster,2023,223,-0.095,-0.057,0.019,-0.114,
1d4251,Ai Kotoba III,Hard,edzo,2018,613,0.022,0.057,0.015,0.083,many horizontal cuts / crossovers
1ffb611,2 Phut Hon,Easy,Fatalution,2022,703,0.05,0.056,0.019,0.039,long jump distance (26 m)
244051,Staff Credits - Kirby's Dream Land,Hard,edzo,2018,525,0.018,0.056,0.019,0.115,
f92271,Tool,Expert,Rusty,2020,1043,-0.122,-0.056,0.012,0.011,
e8c811,Valhalla:0,Easy,That_Narwhal,2020,285,-0.034,-0.056,0.021,-0.088,long jump distance (30 m)
42a5cxxx91,epitaxy,ExpertPlus,Darkrealm7,2024,2010,-0.064,-0.056,0.006,-0.08,
1695b51,I,Hard,Mystikmol & Moriik,2021,1224,-0.057,-0.056,0.008,-0.081,
30735xxxxx91,"Lights, Camera, Action! - Studiopolis Zone Act 1",ExpertPlus,Dereknalox123 & Elecast,2023,2867,0.074,0.056,0.006,0.047,many horizontal cuts / crossovers
1f273xxxx31,The Cat Evolved Into The Microwave-proof Cat!,Normal,epicmoo34 & Narwhal,2021,782,0.063,0.056,0.01,0.035,
1677a31,Bang!,Normal,BrightKnight,2021,407,0.035,0.056,0.024,0.065,long jump distance (28 m)
18fdf91,Amogus,ExpertPlus,April Fools,2021,2825,0.073,0.056,0.007,0.062,
3bef7xxx91,Higher Ground,ExpertPlus,Darkrealm7,2024,2420,-0.071,-0.056,0.006,-0.052,
b52891,psychology,ExpertPlus,muffn,2020,571,-0.026,-0.056,0.012,-0.058,
4200fxxx91,It's Okay Now,ExpertPlus,wangyufy,2024,813,-0.054,-0.056,0.01,-0.124,many horizontal cuts / crossovers
1cd5951,PanicPop*FESTIVAL!!!,Hard,Shan_Man & Nolanimations,2021,1365,0.076,0.056,0.008,-0.005,
46395xx91,Into Dust,ExpertPlus,Undeceiver & The_Editor,2025,530,0.048,-0.056,0.013,-0.059,many horizontal cuts / crossovers
4634dxxxx71,Great Distance,Expert,"CookedChili, Loloppe & Uninstaller",2025,274,0.037,0.056,0.015,-0.034,
29ad5x91,BANG!!!,ExpertPlus,AllPoland,2022,1228,-0.057,-0.056,0.009,-0.076,many horizontal cuts / crossovers
1703f91,Party People,ExpertPlus,Helloiamdaan & Nolanimations,2021,987,-0.085,-0.056,0.009,-0.053,
1fc8591,CRUISE BEAST,ExpertPlus,TJ & dibl & TzurS11,2022,1839,-0.042,-0.056,0.006,-0.053,
1cab751,Imprinting,Hard,SlimyBlob & Shad,2021,1391,-0.051,-0.056,0.008,-0.046,
dead91,The Deceit,ExpertPlus,Nuketime,2020,142,-0.031,-0.056,0.021,-0.057,
42148xx91,Rushiest Rush,ExpertPlus,3psilon9,2024,401,0.071,0.056,0.017,0.066,many horizontal cuts / crossovers; heavily retried
47dd6x71,I Feel Fine,Expert,pkmo,2025,203,-0.082,-0.056,0.028,-0.042,
ba0911,IZANA,Easy,That_Narwhal,2020,326,-0.037,-0.056,0.02,-0.08,long jump distance (31 m)
2698d51,Yoru ni Kakeru,Hard,chikinbiskit,2022,1353,0.05,0.056,0.011,0.045,
13bd371,Introduction - Xursed divinitiY,Expert,Schwank & Jabob,2021,542,0.058,0.056,0.011,0.054,
cd6191,Endless Adventure,ExpertPlus,Soba`s,2020,552,0.078,0.056,0.01,0.074,
3aa79xxxxxxxxx31,Gleodream,Normal,ViSi & SL4SH,2024,1208,-0.047,-0.056,0.008,-0.065,many horizontal cuts / crossovers
1b7bf31,Silentphobia,Normal,fraies,2021,731,0.066,0.056,0.011,0.08,
1895f91,Wild Ride,ExpertPlus,abcbadq,2021,921,-0.085,-0.056,0.009,-0.049,
1743491,Cthugha,ExpertPlus,Timbo,2021,1885,0.044,0.056,0.006,0.038,
42fd0xxxxxx91,Vortex,ExpertPlus,ViSi,2025,770,-0.028,-0.056,0.011,-0.043,many horizontal cuts / crossovers
b31171,Spring Day,Expert,simplymarvellous,2020,210,-0.029,-0.056,0.023,-0.019,long jump distance (31 m)
1a74031,No Way Out,Normal,Emilia,2021,259,0.08,0.056,0.017,0.058,
39ba2xxx91,Dead To Me,ExpertPlus,Nebelmonster,2024,1272,-0.079,-0.056,0.008,-0.058,
253a171,I Knew You Were Trouble,Expert,Joshabi,2022,741,-0.095,-0.056,0.012,-0.121,
3232c91,Oubliette,ExpertPlus,Undeceiver,2023,614,0.028,0.056,0.011,0.07,
3f0fdxx11,Chiyu,Easy,"accuwucy, Jonas_0_0",2024,144,-0.038,0.056,0.037,0.044,short jump distance (16 m)
41864xxx91,Turning Out Pt. iii,ExpertPlus,ben,2024,621,-0.005,0.055,0.015,0.02,
1cd5911,PanicPop*FESTIVAL!!!,Easy,Shan_Man & Nolanimations,2021,1087,-0.005,-0.055,0.011,-0.131,long jump distance (28 m)
9c2291,Galaxy Friends,ExpertPlus,Jez,2020,337,0.055,0.055,0.017,0.059,
b31351,HE4VEN,Hard,Mystikmol,2020,546,-0.082,-0.055,0.015,-0.095,long jump distance (27 m)
18aba91,Cycle Hit,ExpertPlus,abcbadq & Joshabi,2021,935,-0.091,-0.055,0.008,-0.052,
3ff08xxxx91,CLAUDIA,ExpertPlus,BlAck_vOid-1001 vs. GalaxyMaster,2024,260,0.003,-0.055,0.017,-0.046,many horizontal cuts / crossovers
1a93851,Revenant,Hard,Shan_Man,2021,1209,-0.034,-0.055,0.009,-0.006,
30ff0x71,I Think I'm In Love,Expert,Nebelmonster,2023,640,0.001,-0.055,0.012,-0.068,many horizontal cuts / crossovers
2e409x51,666,Hard,Emilia,2023,585,0.059,0.055,0.012,0.065,
36cf0x71,Teo,Expert,chikinbiskit,2023,1247,-0.059,-0.055,0.007,-0.074,
a5971,In My Heart,Expert,mystikmol,2018,635,0.058,0.055,0.013,0.055,many horizontal cuts / crossovers
1ac0c31,Viyella's Tears,Normal,Timbo,2021,1634,-0.061,-0.055,0.008,0.031,
873f51,Fire Blazing,Hard,Teuflum,2020,541,-0.029,-0.055,0.016,0.06,long jump distance (27 m); top players see it differently
243e5xx71,Ajuga,Expert,shrado & Fnyt,2022,1086,0.075,0.055,0.009,0.055,
3cbc3xxxxx51,Armageddon,Hard,ViSi,2024,1419,0.07,0.055,0.008,-0.055,top players see it differently
3c010xxxxxx91,Evacuate The Moshpit,ExpertPlus,Emilia,2024,267,0.061,0.055,0.02,0.074,heavily retried
22d891,Spectrum,ExpertPlus,Krydar,2018,1033,-0.001,-0.055,0.008,-0.079,long jump distance (31 m)
29ef2xxxxx91,Danzai Democracy,ExpertPlus,Jevk,2022,2415,0.03,0.055,0.006,0.006,
243f51,Bomb Rush Blush (Smash Ultimate Mix),Hard,todokete,2018,450,0.03,-0.055,0.022,-0.056,long jump distance (30 m); many horizontal cuts / crossovers
74471,EC1-Haunted,Expert,rustic,2018,571,0.172,0.055,0.014,0.029,long jump distance (33 m); many horizontal cuts / crossovers
12ad931,Apocalypse Simulator,Normal,xScaramouche & Scrappy,2021,734,0.021,0.055,0.01,0.082,
75f191,Arche,ExpertPlus,Depito & ExUnReal,2019,2562,-0.009,-0.055,0.005,-0.065,
1d3f5x71,Night Raid with a Dragon,Expert,nolan121405,2021,1714,0.055,0.055,0.007,0.03,
16a5e91,REANIMATE,ExpertPlus,cerret & Nolanimations,2021,5280,-0.056,-0.055,0.004,-0.077,
1c26891,Pounce,ExpertPlus,BigSlick,2021,1423,0.09,0.055,0.009,0.101,many horizontal cuts / crossovers
1547b91,Newspapers For Magicians,ExpertPlus,Shan_Man,2021,1021,-0.062,-0.055,0.007,-0.053,
2ceacxxxxx51,G e n g a o z o - f o o n,Hard,ComplexFrequency,2022,862,0.061,0.055,0.013,0.03,
188ba91,Popular Monster,ExpertPlus,muffn & altrewin,2021,2716,-0.06,-0.055,0.005,-0.073,
12d2291,SECRET BOSS,ExpertPlus,Nolanimations,2021,1176,0.046,0.055,0.008,0.059,
2b846x91,DANGEROOOOUS JUNGLE,ExpertPlus,Anammelech,2022,442,0.028,0.055,0.013,0.058,
e91531,Invisible Frenzy,Normal,fraies & muffn,2020,732,0.046,0.055,0.013,0.009,long jump distance (27 m)
397bdxx71,NextLevelNation,Expert,Craedien,2024,226,-0.085,-0.055,0.018,0.019,
8d8991,Meowchine,ExpertPlus,CyanSnow,2020,1980,0.133,0.055,0.006,0.079,many horizontal cuts / crossovers
2c794xxxx91,And Plague Flowers the Kaleidoscope,ExpertPlus,PnfrlEnm,2022,147,0.024,0.055,0.029,0.075,
33d77xx91,GET GET DOWN,ExpertPlus,Irahi,2023,743,0.031,0.055,0.015,0.093,many horizontal cuts / crossovers
1a68591,DUAL BREAKER XX,ExpertPlus,ThySpoon & ThyYeet,2021,2777,-0.064,-0.055,0.005,-0.083,
e72b51,Memecore,Hard,FatBeanzoop,2020,774,0.093,0.054,0.009,0.064,
16a2f91,Collapse Of Ego,ExpertPlus,Helloiamdaan,2021,887,-0.074,-0.054,0.01,-0.06,
1b7fb71,The Disaster of Passion,Expert,namaki_mono,2021,608,-0.079,-0.054,0.011,0.013,
192c991,Le Virus,ExpertPlus,"Rusty, miitchel, Nolan & yabje",2021,767,-0.087,-0.054,0.011,-0.062,
1dc9491,Mystery Circles Ultra / U.U.F.O.,ExpertPlus,cerret & Nolanimations,2021,3462,-0.035,-0.054,0.004,-0.053,
1b67771,Toilet,Expert,Fatalution,2021,776,0.068,0.054,0.012,0.025,
d97d91,Someone To Hate,ExpertPlus,RocKz,2020,424,-0.059,-0.054,0.011,-0.051,
29ef2xxxxx31,Danzai Democracy,Normal,Jevk,2022,398,0.06,0.054,0.016,0.008,
19bfe51,Still in my heart,Hard,That_Narwhal,2021,575,-0.064,-0.054,0.013,-0.002,
1fc8c51,"BANGER A.F., BROOOO!!!",Hard,Timbo,2022,1304,0.033,0.054,0.007,0.033,
33ce6xx71,Xronièr,Expert,GalaxyMaster,2023,829,0.034,0.054,0.01,0.048,
2cde3xxx91,Shuenteki Routetsu Sokukakukyoku,ExpertPlus,Emilia,2022,185,0.053,0.054,0.031,0.064,heavily retried
b33691,Le Train Fantome,ExpertPlus,Vilawes,2020,1060,-0.039,-0.054,0.009,-0.054,many horizontal cuts / crossovers
26e4e31,Body Bag,Normal,Bytrius,2022,490,-0.067,-0.054,0.016,0.039,
1374b11,Evacuate The Moshpit,Easy,Emilia & Oddloop,2021,198,0.017,0.054,0.03,0.005,
833951,"Saufen morgens, mittags, abends",Hard,Various Mappers,2020,286,-0.021,-0.054,0.02,-0.061,long jump distance (30 m)
18a9291,Proof of a Hero,ExpertPlus,That_Narwhal,2021,1232,-0.077,-0.054,0.007,-0.053,
243d91,Flat Zone 2,ExpertPlus,todokete,2018,894,0.113,0.054,0.011,0.089,many horizontal cuts / crossovers
1a2af91,Darkness Swallows Life,ExpertPlus,"Fvrwvrd, Daan & Nolanimations",2021,424,-0.053,-0.054,0.013,-0.053,
3f571xxxxx51,The Devil in I,Hard,Contradictions,2024,333,0.018,0.054,0.022,0.176,top players see it differently
1266651,UMMU,Hard,carrot,2021,687,0.047,0.054,0.012,0.106,
133d651,I CAN'T STOP ME,Hard,Sotarks,2021,374,0.063,0.054,0.017,0.017,many horizontal cuts / crossovers
12af091,PYRO,ExpertPlus,Checkthepan & Teuflum,2021,1480,-0.028,-0.054,0.007,-0.075,
1d60091,Dominate,ExpertPlus,Bytrius,2021,578,0.074,0.054,0.011,0.072,
45365xxx31,HOT,Normal,"Lalahti, Danny",2025,169,-0.091,-0.054,0.028,-0.04,
996f71,Weapon,Expert,ExUnReal,2020,529,-0.053,-0.054,0.012,-0.114,long jump distance (27 m)
40e0cxxx71,Final Hope,Expert,Poochy,2024,1008,0.021,0.054,0.01,-0.0,many horizontal cuts / crossovers
206b231,AK-40000000,Normal,Teuflum,2022,677,0.05,0.054,0.012,0.105,
1a50411,Quasar Dreams,Easy,ComplexFrequency & Fvrwvrd,2021,371,0.085,0.053,0.014,0.099,
2812fxx11,Halo Reach - Lone Wolf,Easy,Sp234,2022,136,0.023,0.053,0.03,0.036,
b4f091,Glitched Character,ExpertPlus,Oddloop & fraies,2020,510,0.054,0.053,0.01,0.071,
3c27771,B.Y.O.B.,Expert,Undeceiver & Sk4venger,2024,983,-0.003,-0.053,0.009,-0.059,many horizontal cuts / crossovers
138f251,Quaerite Veritatis,Hard,Rusty & Nolanimations,2021,590,-0.059,-0.053,0.012,-0.053,
12ac851,Rocket Cider,Hard,SmileEaglet,2021,573,-0.053,-0.053,0.012,-0.106,long jump distance (27 m)
1915691,"Excuse My Rudeness, But Could You Please RIP",ExpertPlus,eZconfirmed & Complex,2021,908,-0.069,-0.053,0.008,-0.051,
2f51,Escape,Hard,rustic,2018,360,0.112,0.053,0.022,0.044,long jump distance (28 m); many horizontal cuts / crossovers
1fb9491,Xeroa,ExpertPlus,Cobayo & ThySpoon,2022,830,0.052,0.053,0.01,0.05,
12b5351,VVelcome!!,Hard,SieR,2021,1015,-0.061,-0.053,0.01,-0.043,long jump distance (26 m)
3ce7axxxxxxxxxxx31,The Purple Dimension,Normal,Cratornugget & ViSi,2024,1215,0.059,0.053,0.009,0.021,
745791,Night Raid with a Dragon,ExpertPlus,DE125 & Skeelie,2019,676,0.072,0.053,0.01,0.065,
2847d71,"Haunt, The Cartoon Heart",Expert,BrightKnight,2022,245,0.084,0.053,0.016,0.029,
4a2a51,Crying for Rain,Hard,squeaksies,2019,1020,-0.022,0.053,0.013,0.165,many horizontal cuts / crossovers; top players see it differently
e72b31,Memecore,Normal,FatBeanzoop,2020,350,-0.034,-0.053,0.016,-0.029,long jump distance (27 m)
f98871,Sound Chimera,Expert,ComplexFrequency,2020,675,-0.018,-0.053,0.009,-0.028,many horizontal cuts / crossovers
3c252x11,Cloud Nine,Easy,"Danny, Lalahti",2024,129,-0.016,0.053,0.053,0.013,few scores (noisy)
196b931,Start of the Determination,Normal,Paper_Core,2021,317,0.091,0.053,0.019,0.045,
1784271,Tenohira De Odoru,Expert,Tootie & Oddloop & fraies,2021,812,-0.055,-0.053,0.009,-0.069,
42affxxxx91,Winter Death,ExpertPlus,CosmonautSaitni,2024,279,-0.074,-0.053,0.019,-0.05,
1a01631,Exitium,Normal,Timbo,2021,1258,-0.077,-0.053,0.008,0.028,
36a10x91,Queen Aluett,ExpertPlus,Anammelech,2023,637,-0.089,-0.053,0.011,-0.065,many horizontal cuts / crossovers
158ce31,PROJECTION,Normal,abcbadq & altrewin,2021,479,0.07,0.053,0.013,0.002,
3e05cxxx51,AMBERGRIS,Hard,Darkrealm7,2024,511,-0.052,-0.053,0.012,-0.071,
b36671,Star Gate,Expert,Fnyt,2020,595,0.031,0.053,0.011,0.028,long jump distance (27 m)
688871,The Glory Days,Expert,Kikis & Uninstaller,2019,1802,-0.115,-0.053,0.006,0.001,
2450491,The Girl,ExpertPlus,Olaf,2022,815,-0.075,-0.053,0.01,-0.103,
1e08991,Break Me (V2),ExpertPlus,Swifter1243,2021,757,0.035,0.053,0.011,0.054,
108c691,OniiChan High Tech,ExpertPlus,Vilawes & altrewin,2020,575,-0.073,-0.053,0.01,-0.045,
1ccb971,Pink Soldiers,Expert,nolan121405,2021,1395,0.151,0.053,0.011,0.094,players reset/repeat directions the analyzer does not expect
25987xxx91,Halo: CEA - Cloaked in Blackness,ExpertPlus,Sp234,2022,486,0.029,0.053,0.013,0.047,
43ca2xxx91,Fireside,ExpertPlus,Serephor,2025,1621,-0.081,-0.052,0.007,-0.005,
16a5e71,REANIMATE,Expert,cerret & Nolanimations,2021,3044,-0.069,-0.052,0.005,-0.056,
42de8xxxx91,Clouds in the Blue,ExpertPlus,Potassium 737 & Jevk,2025,1719,0.073,0.052,0.007,0.013,
190cc51,WARNINGxWARNINGxWARNING,Hard,Yaomin,2021,309,-0.081,-0.052,0.019,0.023,
1dc9451,Mystery Circles Ultra / U.U.F.O.,Hard,cerret & Nolanimations,2021,1997,-0.043,-0.052,0.006,-0.02,
192c931,Le Virus,Normal,"Rusty, miitchel, Nolan & yabje",2021,522,-0.043,-0.052,0.011,-0.048,
1c68071,Chou*Chou*Kou*Soku*De*Mae*Sai*Soku!!! Speed*Star*Kanade,Expert,spectre158,2021,2114,-0.022,-0.052,0.007,-0.005,
1743431,Cthugha,Normal,Timbo,2021,883,0.019,0.052,0.012,0.103,
a2de51,The Government Knows,Hard,Ramen Noodle,2020,579,0.099,0.052,0.011,0.031,
12ad911,Apocalypse Simulator,Easy,xScaramouche & Scrappy,2021,356,0.034,0.052,0.017,0.045,
1a60591,Devil Town,ExpertPlus,Emilia,2021,2041,-0.018,-0.052,0.007,-0.034,many horizontal cuts / crossovers
1b01b71,Knight Rider,Expert,"Nolanimations, Timbo",2021,3213,-0.047,-0.052,0.005,-0.069,
3a73fxxx31,CHEER UP,Normal,"Lalahti, Jonas_0_0",2024,183,-0.075,-0.052,0.027,-0.073,
28328x71,The Empress,Expert,Dailyy,2022,450,0.045,0.052,0.016,0.041,
102e231,Tool,Normal,Kitoyo & Emilia,2020,641,0.031,0.052,0.018,0.046,
36520x91,ICKY,ExpertPlus,minsiii & mansiii,2023,955,0.017,0.052,0.011,0.033,many horizontal cuts / crossovers
138ba11,True Hero,Easy,"Cerret, Complex & Daan",2021,899,0.057,0.052,0.01,0.093,
1f273xxxx11,The Cat Evolved Into The Microwave-proof Cat!,Easy,epicmoo34 & Narwhal,2021,482,0.036,0.052,0.014,0.047,
ba4051,Chocolate Lily,Hard,Rogdude,2020,1168,0.116,0.052,0.01,0.156,long jump distance (27 m); top players see it differently
1079251,Mischievous Princess,Hard,Kitoyo,2020,339,-0.074,-0.052,0.016,-0.097,
3e542xxxxxx31,This is SPARTA !!!,Normal,Hibiscus,2024,135,0.002,0.052,0.039,-0.097,top players see it differently
16ac191,Envy Baby,ExpertPlus,CoolingCloset & Nolanimations,2021,2858,-0.041,-0.052,0.005,-0.084,many horizontal cuts / crossovers
47dd6x91,I Feel Fine,ExpertPlus,pkmo,2025,366,0.015,0.052,0.02,-0.013,
1a32271,Myths You Forgot,Expert,nolan121405,2021,1771,0.045,0.052,0.007,0.014,
1ae1251,Kill Kill Kill Kill Kill,Hard,Helloiamdaan & cerret,2021,1523,-0.069,-0.052,0.006,-0.039,
1499b71,Labyrinth,Expert,Shappy & Checkthepan,2021,227,0.06,0.052,0.02,0.058,
24d0f71,paradox,Expert,yabje,2022,373,-0.051,-0.052,0.015,-0.099,
1687f51,ADAM,Hard,Shan_Man,2021,1384,-0.034,-0.052,0.008,-0.065,long jump distance (26 m)
1b7fb51,The Disaster of Passion,Hard,namaki_mono,2021,365,0.013,0.052,0.015,0.042,
138ba51,True Hero,Hard,"Cerret, Complex & Daan",2021,1149,-0.075,-0.052,0.008,-0.057,
2de12x71,Neppa,Expert,GalaxyMaster,2023,1270,-0.068,-0.052,0.009,-0.036,
14b3471,"Top of the ""M""",Expert,abcbadq & altrewin,2021,652,0.079,0.051,0.01,0.037,
801631,Twisted Drop Party,Normal,Depito & ExUnReal,2020,323,-0.068,-0.051,0.019,-0.096,long jump distance (29 m)
169b491,Saw-Saw.,ExpertPlus,SlimyBlob & Smile,2021,686,0.064,0.051,0.011,0.057,
41218xxx11,Cherish (My Love),Easy,"Lalahti, Danny",2024,314,0.04,0.051,0.022,0.114,
2b4f2xxxxxxx91,RPG,ExpertPlus,"ComplexFrequency, ThySpoon & Fnyt",2022,631,0.024,-0.051,0.011,-0.045,many horizontal cuts / crossovers; heavily retried
285e8x71,Shut Up And Dance,Expert,"Syndicate, OneSpookyBoi, TheCzar1994",2022,689,0.058,0.051,0.011,0.008,
3aeb1xx31,CALAMITY RHAPSODY,Normal,Cratornugget,2024,426,0.008,0.051,0.015,0.08,
2804391,HEADHUNTER,ExpertPlus,Swifter,2022,568,0.02,0.051,0.013,0.096,many horizontal cuts / crossovers
275171,(can you) understand me?,Expert,Sotarks,2018,2844,0.129,0.051,0.007,0.049,long jump distance (34 m); many horizontal cuts / crossovers
1fa2171,Chakra,Expert,Jabob,2022,2281,-0.069,-0.051,0.006,-0.078,
3e542xxxxxx71,This is SPARTA !!!,Expert,Hibiscus,2024,378,0.072,0.051,0.015,0.019,
1956671,Ill,Expert,ThySpoon & Fvrwvrd,2021,1108,0.043,0.051,0.008,0.036,
327f7x91,Bocca Della Verita,ExpertPlus,AllPoland,2023,1163,-0.025,-0.051,0.009,-0.06,many horizontal cuts / crossovers
27c9a71,Cold Ground,Expert,Phøenix,2022,388,0.065,0.051,0.019,0.077,many horizontal cuts / crossovers
32c29xxx51,Future Candy,Hard,Remie,2023,455,-0.069,-0.051,0.014,-0.106,
1fa2151,Chakra,Hard,Jabob,2022,1664,-0.032,-0.051,0.007,-0.057,
1a55291,Yotsuya-san ni Yoroshiku,ExpertPlus,CoolingCloset,2021,1519,0.084,0.051,0.007,0.041,many horizontal cuts / crossovers
18a9211,Proof of a Hero,Easy,That_Narwhal,2021,206,0.067,0.051,0.029,0.057,
1fb3a71,Ether Strike,Expert,harbgy & Aquaflee,2022,720,-0.055,-0.051,0.011,-0.069,
3aae471,Feel The Same,Expert,Darkrealm7,2024,485,0.041,0.051,0.014,0.011,
10a9371,You are eating my rotten dick,Expert,Astrella,2020,1264,0.067,0.051,0.009,0.036,
2698d91,Yoru ni Kakeru,ExpertPlus,chikinbiskit,2022,2636,-0.075,-0.051,0.005,-0.07,many horizontal cuts / crossovers
1a52b91,"Excuse My Rudeness, But Could You Please RIP",ExpertPlus,ThySpoon,2021,1463,-0.032,-0.051,0.006,-0.052,
f98811,Sound Chimera,Easy,ComplexFrequency,2020,599,0.098,0.051,0.012,0.094,long jump distance (28 m)
3e6cdxxxxx11,lustre,Easy,"UglyApe, Darkrealm7, edgii",2024,161,-0.098,-0.051,0.032,-0.088,
1b7bf91,Silentphobia,ExpertPlus,fraies,2021,998,0.067,0.051,0.009,0.051,
1329211,Shun no shifudo o ikashita Karefumi Paeria 808 shefu no Twerk to Trap shitate,Easy,ComplexFrequency & miitchel,2021,267,0.068,0.051,0.026,0.045,long jump distance (26 m); many horizontal cuts / crossovers
1671151,AttraqtiA,Hard,That_Narwhal,2021,581,0.059,0.051,0.011,0.067,
2ee3dx71,No Matter What (2015),Expert,Phøenix & Zyxi,2023,176,0.027,0.051,0.022,0.095,
4200fxxx71,It's Okay Now,Expert,wangyufy,2024,319,0.079,0.051,0.018,-0.091,many horizontal cuts / crossovers; top players see it differently
27ce671,Iya Girl,Expert,Yaomin,2022,590,0.038,0.051,0.012,0.065,
1944871,SCREW // owo // SCREW,Expert,ThySpoon,2021,1631,0.088,0.051,0.007,-0.0,
1d49031,The Spirit Tree,Normal,Sp234,2021,375,-0.005,-0.051,0.024,-0.056,many horizontal cuts / crossovers
2c4dex71,Maps,Expert,Rail Zen,2022,1154,0.074,0.051,0.009,0.02,
38bddxx71,Blue Bird,Expert,"Darkrealm7, ItsNoot3rch",2024,361,0.01,0.051,0.018,0.009,
123b971,Vitality,Expert,Emir,2021,1417,-0.038,-0.051,0.007,-0.033,
4b8f4xx71,Odo,Expert,Loloppe,2025,343,-0.065,-0.051,0.012,-0.024,many horizontal cuts / crossovers
32e4cxx91,Unicorn,ExpertPlus,Nebelmonster,2023,763,0.046,0.05,0.011,0.036,
1ac1a71,Empty Bed,Expert,Timbo,2021,758,-0.086,-0.05,0.012,-0.027,
1402d91,Fly Wit Me,ExpertPlus,Shappy,2021,990,0.044,0.05,0.008,0.057,
33b46xx91,dumb dumb,ExpertPlus,August & RaccoonVR,2023,1189,-0.092,-0.05,0.01,0.055,top players see it differently
8bc31,Blood Sugar,Normal,rustic,2018,207,0.016,-0.05,0.035,-0.169,long jump distance (34 m); many horizontal cuts / crossovers; top players see it differently
2ceacxxxxx71,G e n g a o z o - f o o n,Expert,ComplexFrequency,2022,163,0.049,0.05,0.032,0.048,
43c96xxxx51,Hyper Bass,Hard,ZeCube,2025,287,0.057,0.05,0.021,-0.035,many horizontal cuts / crossovers
996f91,Weapon,ExpertPlus,ExUnReal,2020,821,0.043,0.05,0.009,0.052,
474c5xxx91,Namae no Nai Kaibutsu,ExpertPlus,CookedChili,2025,764,0.047,0.05,0.01,-0.01,
c64391,Digital Girl,ExpertPlus,Skeelie,2020,1123,0.129,0.05,0.009,0.043,long jump distance (26 m); many horizontal cuts / crossovers
12c0c91,Superpower,ExpertPlus,SlimyBlob,2021,653,0.085,0.05,0.011,0.041,
b31191,Spring Day,ExpertPlus,simplymarvellous,2020,592,-0.071,-0.05,0.012,0.038,
3e542xxxxxx11,This is SPARTA !!!,Easy,Hibiscus,2024,154,-0.064,-0.05,0.044,-0.148,few scores (noisy)
2e453xx91,ORCA,ExpertPlus,Blackjack,2023,485,0.058,0.05,0.015,0.056,many horizontal cuts / crossovers
3180bxx71,Fresh,Expert,DeeDee,2023,260,-0.053,-0.05,0.016,-0.077,
1f9f6x71,Heracles,Expert,Fnyt,2022,1336,0.077,0.05,0.007,0.045,many horizontal cuts / crossovers
24eff91,Earth,ExpertPlus,JRE_McNuggies,2022,974,0.041,0.05,0.009,0.162,top players see it differently
1a01691,Exitium,ExpertPlus,Timbo,2021,2561,-0.092,-0.05,0.005,-0.05,
15f7411,Chapter 99: Afterword,Easy,Emilia,2021,528,0.091,0.05,0.021,0.067,many horizontal cuts / crossovers
f2f171,I Said Meow,Expert,CyanSnow & Pixelguy,2020,865,0.047,0.05,0.011,0.143,
3705exxx91,+ERABY+E CONNEC+10N,ExpertPlus,Petersome,2023,1166,-0.1,-0.05,0.007,-0.041,many horizontal cuts / crossovers
30735xxxxx71,"Lights, Camera, Action! - Studiopolis Zone Act 1",Expert,Dereknalox123 & Elecast,2023,1201,0.07,0.05,0.008,-0.012,
2d64axx71,WYSI,Expert,ComplexFrequency,2023,298,0.035,0.05,0.019,0.05,
12d9611,Mane Mane Psychotropic,Easy,SlimyBlob,2021,221,-0.037,-0.05,0.023,-0.087,long jump distance (28 m); many horizontal cuts / crossovers
243e5xx51,Ajuga,Hard,shrado & Fnyt,2022,1157,0.076,0.05,0.008,0.079,
70d751,Chocolate Planet,Hard,Mystikmol,2019,582,0.068,0.05,0.018,0.05,long jump distance (29 m)
47dcdxxxxxxxxxx91,MELANCHOLY passing into MANIA,ExpertPlus,ob1cb & RetrX,2025,113,0.028,0.05,0.032,0.072,heavily retried
1aaeex51,eden,Hard,slamsyk,2021,2055,-0.018,-0.05,0.006,0.002,
1373531,SAtAN,Normal,"Sombra, Fnyt & Slamsyk",2021,1176,0.055,0.05,0.009,0.012,
142f491,Imprinting,ExpertPlus,Fnyt,2021,1069,-0.056,-0.05,0.01,-0.067,
3806axx91,Mariah Carey Fucking Dies In A Multigenre Death Loop,ExpertPlus,Various Mappers,2023,1168,0.055,0.05,0.008,0.068,short jump distance (16 m)
79351,Hyper Drive,Hard,rustic,2018,264,0.028,0.05,0.025,0.031,many horizontal cuts / crossovers
236f791,I Hope You're Happy,ExpertPlus,JRE_McNuggies,2022,609,-0.077,-0.05,0.01,-0.026,
3d2c571,Retroscope,Expert,ViSi,2024,850,0.047,0.049,0.012,0.001,
1df7a71,If You Can't Hang,Expert,Olaf & Joshabi,2021,1104,-0.058,-0.049,0.008,-0.068,
b31371,HE4VEN,Expert,Mystikmol,2020,399,0.012,0.049,0.014,0.024,
3a02fxxxxxx91,Locals (Girls like us),ExpertPlus,Speecil,2024,811,-0.079,-0.049,0.011,-0.09,
18a9271,Proof of a Hero,Expert,That_Narwhal,2021,1181,-0.065,-0.049,0.007,-0.056,
497a7xxxxxx91,UmbЯal,ExpertPlus,VoltageO & THMX,2025,163,-0.024,-0.049,0.026,-0.048,many horizontal cuts / crossovers
1aaeex11,eden,Easy,slamsyk,2021,1225,-0.028,-0.049,0.011,-0.177,top players see it differently
1a68531,DUAL BREAKER XX,Normal,ThySpoon & ThyYeet,2021,1131,0.019,-0.049,0.009,-0.056,
19b9771,Release The Kraken,Expert,"Jabob, Daan, & lobster",2021,1515,-0.035,-0.049,0.007,-0.065,
18a9251,Proof of a Hero,Hard,That_Narwhal,2021,482,-0.043,-0.049,0.012,-0.017,
1a45991,Freedom Dive,ExpertPlus,That_Narwhal,2021,2000,-0.058,-0.049,0.006,-0.031,
1a46691,KillerToy,ExpertPlus,Jabob,2021,1520,-0.064,-0.049,0.007,-0.056,
42e891,GHOST,ExpertPlus,dankruptmemer,2019,454,0.009,0.049,0.013,0.078,many horizontal cuts / crossovers
3dfc4xx51,Joker's Cranberrybox,Hard,"ViSi as ""U.N.Owen""",2024,854,0.09,0.049,0.011,-0.001,
624e91,Flow,ExpertPlus,Fern,2019,384,0.056,0.049,0.014,0.053,
158ce91,PROJECTION,ExpertPlus,abcbadq & altrewin,2021,547,0.064,0.049,0.011,0.041,
275e371,Gold,Expert,CookedChili,2022,1344,-0.077,-0.049,0.008,0.038,
1949e31,Viyella's Scream,Normal,Timbo,2021,1675,-0.079,-0.049,0.008,0.017,
1b49e31,Darling Dance,Normal,Emir,2021,898,-0.035,-0.049,0.011,-0.095,
349aexxxx71,Heart Shaker,Expert,Lalahti,2023,432,0.055,0.049,0.014,0.004,
2035971,The 90's Decision,Expert,That_Narwhal,2022,1575,-0.043,-0.049,0.007,-0.01,
3c252x51,Cloud Nine,Hard,"Danny, Lalahti",2024,162,-0.02,0.049,0.029,0.09,
1e0ef51,We Magicians Still Alive In 2021,Hard,Joshabi,2021,328,-0.05,-0.049,0.016,-0.086,
194b431,Big Daddy,Normal,Timbo,2021,1408,0.028,0.049,0.008,0.062,
416b4xxx11,Towa no Yakusoku to Nanika,Easy,ZeCube,2024,111,-0.084,-0.049,0.035,-0.032,many horizontal cuts / crossovers
2804axx51,FIRST,Hard,SSnowy,2022,247,0.026,0.049,0.02,-0.009,
1944891,SCREW // owo // SCREW,ExpertPlus,ThySpoon,2021,2739,-0.016,-0.049,0.005,-0.082,
4adb71,Deja Vu (Short Ver.),Expert,redmagi,2019,2636,0.059,-0.049,0.007,0.032,long jump distance (35 m); many horizontal cuts / crossovers
1bf11,Lone Digger,Easy,calijor,2018,995,0.112,0.049,0.015,0.113,players reset/repeat directions the analyzer does not expect; many horizontal cuts / crossovers
455491,MIRROR,ExpertPlus,AiThKe,2019,661,0.09,0.049,0.012,0.049,many horizontal cuts / crossovers
303691,Milk Crown on Sonnetica,ExpertPlus,hexagonial,2019,1253,0.093,0.049,0.008,0.06,many horizontal cuts / crossovers
1a32291,Myths You Forgot,ExpertPlus,nolan121405,2021,5483,-0.052,-0.048,0.004,-0.058,
1542131,Oniyuri,Normal,Mystikmol & Pug,2021,244,-0.033,-0.048,0.02,-0.04,
1905951,Puppet Theater of Twee-Box,Hard,harbgy & Narwhal,2021,568,0.032,0.048,0.012,0.037,
790471,iLLness LiLin,Expert,Jez & Sab,2019,242,0.033,0.048,0.024,0.042,
285e8x91,Shut Up And Dance,ExpertPlus,"Syndicate, OneSpookyBoi, TheCzar1994",2022,1198,0.081,0.048,0.009,0.033,many horizontal cuts / crossovers
3e87191,Muzik Overload,ExpertPlus,risi,2024,283,-0.098,-0.048,0.019,-0.045,many horizontal cuts / crossovers
26ecd91,toromi hearts 2,ExpertPlus,shrado,2022,885,-0.022,-0.048,0.011,-0.037,
3180bxx51,Fresh,Hard,DeeDee,2023,203,-0.059,-0.048,0.018,-0.017,
13bd351,Introduction - Xursed divinitiY,Hard,Schwank & Jabob,2021,658,0.072,0.048,0.011,0.026,
e8c891,Valhalla:0,ExpertPlus,That_Narwhal,2020,1095,0.065,0.048,0.008,0.049,
fb8b91,Battle Of The Bros,ExpertPlus,Khenab,2020,2632,-0.064,-0.048,0.005,-0.028,
ce4251,Vicious Heroism,Hard,"ComplexFrequency, muffn & shadowlord723",2020,689,-0.044,-0.048,0.011,-0.052,
43239xx71,Thunder,Expert,Undeceiver,2025,414,-0.021,0.048,0.013,0.012,
2abf7x91,Flamewall,ExpertPlus,Slayx,2022,315,0.025,0.048,0.013,0.047,
3b62dxxx11,SHEESH,Easy,Lalahti,2024,164,0.014,0.048,0.032,0.04,
119f071,THE LAUNCH OF THE MEGANTO METEOR,Expert,Kuurama & miitchel & ExUnReal,2020,844,0.035,0.048,0.01,0.026,
1791471,Feast Ov Goreglutton,Expert,Emilia,2021,1249,0.082,0.048,0.01,0.015,
124d251,ALONE,Hard,muffn & SimplyMarvellous,2021,745,0.041,0.048,0.01,0.034,
40127xxx31,Apocalypse Simulator v2.0,Normal,ViSi,2024,753,-0.06,-0.048,0.01,-0.041,
3be75xx91,Cosmic Diffusion,ExpertPlus,Blackjack,2024,1562,0.015,0.048,0.008,0.035,
138ba91,True Hero,ExpertPlus,"Cerret, Complex & Daan",2021,1911,-0.059,-0.048,0.006,-0.054,
1badc31,The Things We Believe In,Normal,Cyrix,2021,197,0.034,0.048,0.021,0.087,
18fdf71,Amogus,Expert,April Fools,2021,2283,0.124,0.048,0.008,0.085,
3f571xxxxx91,The Devil in I,ExpertPlus,Contradictions,2024,272,-0.024,0.048,0.022,0.032,
88191,Hyadain no Kakata Katamoi-C,ExpertPlus,todokete,2018,690,0.004,-0.048,0.013,-0.003,long jump distance (27 m); many horizontal cuts / crossovers
2b4cf51,Mambo,Hard,DeeDee,2022,198,0.036,0.048,0.021,0.016,
12bd271,666,Expert,cerret,2021,2531,-0.071,-0.048,0.005,-0.038,
29ef2xxxxx51,Danzai Democracy,Hard,Jevk,2022,710,0.056,0.048,0.011,0.072,
20fdbxxxxxxx51,200cc,Hard,Spoekle & fqrb,2022,2739,-0.031,-0.048,0.006,0.011,
1f334xxx71,Goodbye,Expert,ThySpoon,2022,934,-0.018,-0.048,0.01,-0.007,
4adb51,Deja Vu (Short Ver.),Hard,redmagi,2019,1717,0.057,-0.048,0.01,-0.042,long jump distance (33 m); many horizontal cuts / crossovers
3a111xxxxxxxxxxxxxxxxx71,PISSCORD,Expert,ob1cb & Anodize,2024,353,-0.032,-0.048,0.022,-0.071,many horizontal cuts / crossovers
74651,EC1-Summer,Hard,rustic,2018,376,0.089,0.048,0.021,0.054,long jump distance (32 m); many horizontal cuts / crossovers
a97b11,Too Far,Easy,Teuflum & Halcyon12,2020,274,0.054,0.048,0.031,-0.07,long jump distance (29 m); top players see it differently
1d7c91,V for EXTREME,ExpertPlus,zeekin,2018,636,-0.038,0.048,0.015,0.068,players reset/repeat directions the analyzer does not expect
d0f671,Bassline Yatteru? w,Expert,Uninstaller,2020,1702,-0.075,-0.048,0.008,-0.093,many horizontal cuts / crossovers
188ba31,Popular Monster,Normal,muffn & altrewin,2021,797,0.049,0.047,0.01,0.006,
1aaf191,Bookmaker,ExpertPlus,Lobster,2021,687,0.072,0.047,0.011,0.052,many horizontal cuts / crossovers
1f74711,Made of Fire,Easy,fraies & FatBeanzoop,2021,502,0.06,0.047,0.02,0.078,
1329271,Shun no shifudo o ikashita Karefumi Paeria 808 shefu no Twerk to Trap shitate,Expert,ComplexFrequency & miitchel,2021,668,0.041,0.047,0.009,0.058,
16bb171,Toymatic Parade,Expert,cerret,2021,1670,-0.064,-0.047,0.006,-0.039,
1fd41x31,Zombified,Normal,Bytrius,2022,616,0.001,-0.047,0.013,0.064,top players see it differently
1689491,Merry-Go-Round,ExpertPlus,Zelazowa,2021,3695,0.007,-0.047,0.005,0.007,
168d051,Light Behind The Shadow,Hard,TranquillizeMe,2021,261,-0.036,-0.047,0.015,-0.06,long jump distance (30 m)
10d0811,VVelcome!!,Easy,Mystikmol & muffn & Moriik,2020,503,0.064,0.047,0.016,0.05,long jump distance (29 m)
18f4e51,Ghost Family Living In Graveyard,Hard,"Jabob, Narwhal & Schwank",2021,1459,0.061,0.047,0.008,-0.022,
3c8d6xxxxx91,"Hello, Morning",ExpertPlus,Classicstar,2024,646,-0.112,-0.047,0.011,-0.04,
205d2x91,Multigenre Smackdown,ExpertPlus,Huh,2022,287,0.031,0.047,0.015,0.057,
fbe271,Shake The Ground,Expert,Checkthepan,2020,554,0.082,0.047,0.01,0.03,
2812fxx51,Halo Reach - Lone Wolf,Hard,Sp234,2022,152,0.077,0.047,0.031,0.031,many horizontal cuts / crossovers
30735xxxxx51,"Lights, Camera, Action! - Studiopolis Zone Act 1",Hard,Dereknalox123 & Elecast,2023,952,0.038,0.047,0.01,0.006,
1bf7651,Labyrinth in Kowloon: Walled World,Hard,Shark & ThySpoon,2021,814,0.06,0.047,0.011,0.036,
35be7xx71,Show,Expert,Pleo,2023,1686,-0.06,-0.047,0.007,-0.07,many horizontal cuts / crossovers
14af811,Spectral,Easy,Jabob,2021,237,-0.017,-0.047,0.027,-0.045,long jump distance (28 m)
43c6ax31,Iikanji!!,Normal,Sasugano BigSlick & Sasugano Hiromiru,2025,233,-0.09,-0.047,0.021,-0.033,
1b9b631,Crisis,Normal,Checkthepan,2021,194,0.067,0.047,0.02,0.01,many horizontal cuts / crossovers
906e91,Lonely,ExpertPlus,xScaramouche,2020,700,0.04,0.047,0.011,-0.001,long jump distance (28 m)
1935791,GIMME DA BLOOD,ExpertPlus,Narwhal & Alice,2021,1225,0.08,0.047,0.009,0.044,many horizontal cuts / crossovers
12fae11,Extra Credit on the Chromosome Test! VICTORY ROYALE​!​!​!,Easy,shrado,2021,554,-0.063,-0.047,0.014,-0.054,
79b691,On My MiND,ExpertPlus,Uninstaller,2019,262,0.089,0.047,0.018,0.045,many horizontal cuts / crossovers
1a50491,Quasar Dreams,ExpertPlus,ComplexFrequency & Fvrwvrd,2021,582,-0.047,-0.047,0.01,-0.046,
22a1691,Strawberry's Wake,ExpertPlus,Bytrius,2022,830,-0.033,-0.047,0.009,-0.02,
c32d91,Ov Sacrament and Sincest,ExpertPlus,Rogdude,2020,1218,0.055,0.047,0.01,0.061,
32c29xxx71,Future Candy,Expert,Remie,2023,651,-0.087,-0.047,0.012,-0.069,
1cce651,Spin Eternally,Hard,Nolanimations,2021,1379,0.042,0.047,0.008,0.09,
20d0bx91,Iro o Ushinatta Machi,ExpertPlus,CoolingCloset & Helloiamdaan & Nolanimations,2022,874,0.074,0.047,0.012,0.043,
195a671,Westpoolchestershireshire,Expert,ItsVasili & Olaf,2021,971,-0.05,-0.047,0.008,-0.016,
9e5c91,We Could Get More Machinegun Psystyle! (And More Genre Switches),ExpertPlus,DE125,2020,924,-0.022,0.047,0.009,0.054,short jump distance (5 m)
1cd5991,PanicPop*FESTIVAL!!!,ExpertPlus,Shan_Man & Nolanimations,2021,3264,-0.009,-0.047,0.005,-0.065,
201e411,Speedcore Horse,Easy,Emilia & nolan121405,2022,514,-0.058,-0.047,0.015,-0.021,
268a7x71,House of Memories,Expert,Lekrkoekj,2022,2972,-0.108,-0.047,0.006,-0.003,
130c091,Kick To The Sky,ExpertPlus,Helloiamdaan,2021,579,0.06,0.046,0.011,0.041,
1a01671,Exitium,Expert,Timbo,2021,1948,0.021,0.046,0.006,0.037,
1527a91,Revolver Churros,ExpertPlus,scoop,2021,542,0.081,0.046,0.012,0.035,
106a391,I Can't Breathe,ExpertPlus,Shappy,2020,772,0.039,0.046,0.009,0.038,
182bc31,Additional Memory,Normal,Joshabi,2021,521,0.002,0.046,0.015,0.025,
4a752xxx91,Make 'Em Afraid,ExpertPlus,TaylorGaming,2025,828,0.017,0.046,0.011,0.047,
1451391,Dyscontrolled Galaxy,ExpertPlus,Soba`s,2021,592,0.005,0.046,0.013,0.034,
1d0ca91,RISE,ExpertPlus,Bytrius & FakePope,2021,1699,0.076,0.046,0.007,0.072,
188ed51,The Everlasting Calamity That Shifts The Time - Space Continuum On A Nanosecondal Basis,Hard,Jabob & Helloiamdaan,2021,989,0.031,0.046,0.008,0.044,
1ffb671,2 Phut Hon,Expert,Fatalution,2022,3020,0.045,0.046,0.006,0.074,
221e651,Killing Rhythm,Hard,Soba`s,2022,541,-0.045,-0.046,0.012,-0.015,
1f74791,Made of Fire,ExpertPlus,fraies & FatBeanzoop,2021,1031,-0.053,-0.046,0.01,-0.051,many horizontal cuts / crossovers
3c3dfx31,Blue Heart,Normal,"Lalahti, Danny",2024,228,-0.02,0.046,0.025,-0.079,top players see it differently
1232e31,Chariot,Normal,Timbo,2021,815,-0.052,-0.046,0.011,-0.024,
14af831,Spectral,Normal,Jabob,2021,208,-0.038,-0.046,0.022,-0.062,long jump distance (26 m)
192c971,Le Virus,Expert,"Rusty, miitchel, Nolan & yabje",2021,550,-0.113,-0.046,0.011,-0.046,
36520x51,ICKY,Hard,minsiii & mansiii,2023,226,0.008,0.046,0.022,0.05,
2934171,Cheat Codes,Expert,Avexus,2022,1154,-0.061,-0.046,0.008,0.035,
43c96xxxx71,Hyper Bass,Expert,ZeCube,2025,245,0.07,0.046,0.021,0.027,many horizontal cuts / crossovers
a49b51,Hold Angel,Hard,Rogdude,2020,748,-0.05,-0.046,0.012,-0.081,
1a53d91,Super Nuko World,ExpertPlus,riasuh,2021,2329,-0.03,-0.046,0.005,-0.055,
43018xx11,Oh No,Easy,bobthezealot,2025,1901,-0.163,-0.046,0.013,0.109,top players see it differently
343a2xxx91,sheaskedifilikespeedcore,ExpertPlus,Emilia,2023,576,-0.067,-0.046,0.016,-0.037,heavily retried
bc7f51,Pumpin' Junkies,Hard,checkthepan & Vilawes,2020,719,0.086,0.046,0.01,0.015,
3fa34xx91,UR EMBARRASSING !!!,ExpertPlus,"Serephor, DesperateWoman",2024,1281,-0.101,-0.046,0.008,-0.037,
3d3d0xxx71,Minder Gezeur En Meer Kleur,Expert,yabje (ft. Mr_bjo & Semdol),2024,253,0.093,0.046,0.018,0.066,many horizontal cuts / crossovers
1feabxxx71,Turn It Up,Expert,abcbadq,2022,1115,-0.028,-0.046,0.007,-0.031,
128ea11,Wolves Standing Towards Enemies,Easy,That_Narwhal,2021,277,-0.012,-0.046,0.022,-0.071,long jump distance (29 m)
1047331,PARALLEL*PRISM,Normal,That_Narwhal,2020,274,0.063,0.046,0.02,0.056,long jump distance (30 m)
44b4dxxxxxxxxxxx31,Konpeito Extremists,Normal,shrado & Voidless,2025,527,-0.005,-0.046,0.018,-0.189,many horizontal cuts / crossovers; top players see it differently
13b2b91,Extra Credit on the Chromosome Test! VICTORY ROYALE!!!,ExpertPlus,lobster & FatBeanzoop,2021,1144,-0.085,-0.046,0.008,-0.039,
1cc2d71,Higher Love,Expert,xScaramouche,2021,699,0.08,0.046,0.009,0.07,
26c4791,Grimm,ExpertPlus,Aquaflee,2022,445,-0.029,-0.046,0.017,-0.045,
1e4ea51,"Restoring The Light, Facing The Dark",Hard,Sp234,2021,788,0.005,-0.045,0.013,0.024,many horizontal cuts / crossovers
23596xxx91,Novablast,ExpertPlus,"Bitz, Cokeinjector, Luck & Sync",2022,1215,0.079,0.045,0.009,0.05,many horizontal cuts / crossovers
349aexxxx91,Heart Shaker,ExpertPlus,Lalahti,2023,860,-0.053,-0.045,0.01,-0.05,many horizontal cuts / crossovers
184df31,Payphone,Normal,nolan121405,2021,492,0.019,0.045,0.02,0.019,
1b341xxxxxxxxxxxxxxx11,Galaxy Collapse,Easy,Emilia,2021,544,-0.036,-0.045,0.017,0.063,top players see it differently
295ccxxxxx31,brutale aap,Normal,Bitz & HypersonicSharkz,2022,1670,-0.075,-0.045,0.008,0.094,top players see it differently
1a39551,BUBBLE TEA,Hard,nolan121405 vs. Narwhal,2021,510,-0.052,-0.045,0.016,-0.045,
36ae7x71,Slow Down,Expert,Lalahti,2023,603,-0.048,-0.045,0.012,-0.049,
3e2491,HIBANA feat. Hatsune Miku,ExpertPlus,rogdude,2019,869,0.057,0.045,0.008,0.054,
1305171,Xronier,Expert,"shrado, Scrappy, & altrewin",2021,861,0.006,0.045,0.009,0.032,
1f07411,Deimos,Easy,"Jabob, Narwhal, & Bullet",2021,547,0.083,0.045,0.016,0.074,
18a9231,Proof of a Hero,Normal,That_Narwhal,2021,252,0.059,0.045,0.021,0.053,
e7ca51,Exciter,Hard,Skeelie,2020,376,-0.038,-0.045,0.015,-0.034,
1f273xxxx71,The Cat Evolved Into The Microwave-proof Cat!,Expert,epicmoo34 & Narwhal,2021,1014,0.007,0.045,0.009,0.055,many horizontal cuts / crossovers
38bddxx91,Blue Bird,ExpertPlus,"Darkrealm7, ItsNoot3rch",2024,949,0.055,0.045,0.01,0.009,
1743451,Cthugha,Hard,Timbo,2021,1720,0.03,0.045,0.007,-0.005,
41873x31,Lian'ai Gaoji,Normal,"Lalahti, Danny, Jonas_0_0, Bellus",2024,342,-0.123,-0.045,0.018,-0.029,
107ab71,Hanavision,Expert,xShappyMouche,2020,512,0.029,0.045,0.012,0.027,
16abf91,The Nights,ExpertPlus,Nolanimations,2021,5554,-0.075,-0.045,0.004,-0.002,
10d0831,VVelcome!!,Normal,Mystikmol & muffn & Moriik,2020,952,0.034,0.045,0.01,0.012,long jump distance (27 m)
12a6b91,Count down 321,ExpertPlus,"muffn, FatBeanzoop, DE125",2021,931,0.04,0.045,0.009,0.042,
1f273xxxx91,The Cat Evolved Into The Microwave-proof Cat!,ExpertPlus,epicmoo34 & Narwhal,2021,2142,0.051,0.045,0.006,0.044,
29d68xxxx71,Big,Expert,D7oomyAli,2022,667,-0.05,-0.045,0.01,-0.029,
1e07d11,Unpleasant Sonata,Easy,"Complex, Jabob, & Slimy",2021,593,0.055,0.045,0.015,0.063,
43239xx51,Thunder,Hard,Undeceiver,2025,307,-0.073,-0.045,0.017,-0.005,many horizontal cuts / crossovers
1b7bf11,Silentphobia,Easy,fraies,2021,460,0.07,0.045,0.017,0.051,
1821811,Endless Adventure,Easy,Timbo,2021,398,0.035,0.045,0.017,0.036,
36cf0x31,Teo,Normal,chikinbiskit,2023,417,0.036,0.045,0.018,-0.052,
3ce7axxxxxxxxxxx51,The Purple Dimension,Hard,Cratornugget & ViSi,2024,1665,0.008,-0.045,0.007,-0.048,
1329231,Shun no shifudo o ikashita Karefumi Paeria 808 shefu no Twerk to Trap shitate,Normal,ComplexFrequency & miitchel,2021,447,-0.041,-0.045,0.013,-0.012,
36ae7x51,Slow Down,Hard,Lalahti,2023,328,-0.059,-0.045,0.018,-0.002,
bdd71,Ghost Rule,Expert,edzo,2018,1167,0.031,-0.045,0.01,0.018,long jump distance (34 m)
17dd071,northern_limit,Expert,Emilia,2021,832,-0.008,-0.045,0.01,-0.016,
1f3b91,Hammer o Denpa Song ni Shitemita,ExpertPlus,CoolingCloset,2018,1211,-0.049,-0.045,0.009,-0.006,
1c775x31,TERABYTE,Normal,Huh,2021,883,0.057,0.045,0.01,0.067,
467a71,FREEDOM DiVE,Expert,carrot090,2019,1932,0.055,0.045,0.01,0.127,long jump distance (35 m); many horizontal cuts / crossovers
3cafbxx91,Girls' Night,ExpertPlus,"SomeTimothy, vivifromloona",2024,783,-0.051,-0.045,0.011,-0.001,
2a01e51,Compared Child くらべられっ子,Hard,Emir,2022,513,-0.035,-0.045,0.014,-0.037,
bd6a51,Antithese,Hard,That_Narwhal,2020,1017,0.042,0.045,0.009,-0.013,
26af7xxx71,FUTURE is Dead,Expert,Voidless & Goob,2022,1414,-0.044,-0.045,0.007,-0.034,
1aaeex91,eden,ExpertPlus,slamsyk,2021,2276,0.084,0.045,0.006,0.037,
fa9591,Diastrophism,ExpertPlus,Jez & FatBeanzoop,2020,771,-0.048,-0.045,0.009,-0.036,many horizontal cuts / crossovers
3bbebxxxxx91,� (null),ExpertPlus,charlie1epicdude,2024,1454,-0.076,-0.045,0.008,-0.041,
25b7d91,I Won't,ExpertPlus,Lekrkoekj,2022,1018,-0.093,-0.045,0.009,-0.008,
194b491,Big Daddy,ExpertPlus,Timbo,2021,3631,-0.07,-0.044,0.004,-0.033,
7e8f11,Quiet Water,Easy,Whiisper,2020,3219,-0.01,0.044,0.015,-0.055,
1eda9x91,Monster,ExpertPlus,riasuh,2021,943,-0.033,-0.044,0.009,-0.044,many horizontal cuts / crossovers
13b2b51,Extra Credit on the Chromosome Test! VICTORY ROYALE!!!,Hard,lobster & FatBeanzoop,2021,1828,-0.103,-0.044,0.006,-0.032,
45234xxx91,OverDrive,ExpertPlus,Komeijisan051,2025,296,-0.071,-0.044,0.02,-0.054,
1a01611,Exitium,Easy,Timbo,2021,746,0.005,0.044,0.012,0.034,
2c9e4x31,Make Me,Normal,Avexus & Dirty Alex,2022,468,-0.041,-0.044,0.012,0.04,
81b411,Cupid,Easy,shrado,2020,553,-0.035,0.044,0.029,0.042,
23bb791,NEKOMIMI☆MINAGOROSHI,ExpertPlus,Cat Using A Toaster,2022,532,-0.033,-0.044,0.012,-0.036,
35829xx71,What is Love?,Expert,Lalahti,2023,706,-0.008,-0.044,0.01,0.016,
40e0cxxx11,Final Hope,Easy,Poochy,2024,261,-0.034,-0.044,0.021,0.002,
3e291xx91,Himitsu dial,ExpertPlus,wangyufy,2024,1240,0.057,0.044,0.009,0.014,many horizontal cuts / crossovers
1f1ffxx91,osu!memories,ExpertPlus,Various Mappers,2021,1271,-0.038,-0.044,0.007,-0.038,
21f691,quaver,ExpertPlus,hexagonial,2018,679,0.035,-0.044,0.012,-0.022,many horizontal cuts / crossovers
1905991,Puppet Theater of Twee-Box,ExpertPlus,harbgy & Narwhal,2021,534,-0.04,-0.044,0.012,-0.05,
b00271,Daijoubu,Expert,Skeelie,2020,487,-0.05,-0.044,0.012,-0.049,long jump distance (26 m)
1337771,Hardware Store,Expert,That_Narwhal,2021,1638,0.062,0.044,0.007,0.011,
1985471,astrid,Expert,nolan121405,2021,1705,-0.049,-0.044,0.008,0.001,
13bd391,Introduction - Xursed divinitiY,ExpertPlus,Schwank & Jabob,2021,566,-0.007,0.044,0.012,0.035,
a06651,FIRST:DREAMS,Hard,muffn & altrewin,2020,991,-0.084,-0.044,0.008,-0.063,
1a59d91,Beta,ExpertPlus,Vilawes,2021,608,0.023,0.044,0.011,0.037,
26e4e71,Body Bag,Expert,Bytrius,2022,948,0.051,0.044,0.009,0.046,
33321xx31,Idol,Normal,"yabje, Rusty & Andy",2023,1613,0.055,0.044,0.009,0.041,
1b68091,Apocaliptix //-Another-//,ExpertPlus,Huh,2021,764,0.095,0.044,0.01,0.058,
9c0191,The Devil,ExpertPlus,Fern,2020,105,-0.063,-0.044,0.02,-0.044,
1ef691,Overkill,ExpertPlus,Krydar,2018,876,-0.096,-0.044,0.01,0.01,
1860591,FLASHBACK,ExpertPlus,Joshabi,2021,2340,-0.074,-0.044,0.005,-0.036,
27e38x91,BREAKSH!T,ExpertPlus,Timeweaver,2022,4124,-0.032,-0.044,0.004,-0.019,
2a45a71,Scattered Faith,Expert,Aquaflee & voltage4356,2022,351,0.038,0.044,0.013,0.06,
cca891,In My Heart,ExpertPlus,Mystikmol,2020,1039,0.027,0.044,0.009,0.031,
1e0ef71,We Magicians Still Alive In 2021,Expert,Joshabi,2021,635,-0.052,-0.044,0.011,-0.019,
6571,Awe,Expert,rustic,2018,1276,-0.027,-0.044,0.01,0.011,many horizontal cuts / crossovers
1895f71,Wild Ride,Expert,abcbadq,2021,837,0.019,0.044,0.009,0.043,
16dbc91,ULT!MATE END,ExpertPlus,Helloiamdaan & RocKz,2021,601,0.052,0.044,0.012,0.039,
1c5fd91,THE WORLD REVOLVING,ExpertPlus,Nolanimations,2021,3778,-0.029,-0.044,0.004,-0.04,
2909291,Bouquet of Myosotis,ExpertPlus,lobsterrrrrr,2022,276,0.008,0.044,0.019,0.044,
2cdeaxx91,Halcyon,ExpertPlus,SSnowy,2022,1114,0.086,0.044,0.009,0.041,many horizontal cuts / crossovers
367d0xxx91,orchids,ExpertPlus,emilia,2023,576,0.028,0.044,0.014,0.056,
3c8d6xxxxx71,"Hello, Morning",Expert,Classicstar,2024,371,0.027,0.044,0.013,0.037,
197ba51,Spin Eternally,Hard,fraies & Narwhal,2021,1286,-0.039,-0.044,0.007,-0.045,
11c7751,CENSORED!!,Hard,Jabob,2020,2134,0.032,0.043,0.007,-0.01,
1b7fb31,The Disaster of Passion,Normal,namaki_mono,2021,193,0.05,0.043,0.022,0.012,
3ff31xxxxx31,Saishuu Kichiku Imouto Flandre-S,Normal,ViSi,2024,615,0.076,0.043,0.014,0.005,many horizontal cuts / crossovers
1b68111,Scare Me,Easy,Fatalution,2021,413,-0.029,-0.043,0.021,-0.041,long jump distance (27 m)
452f4xxxx71,VIVIDVELOCITY,Expert,Cratornugget,2025,1428,-0.059,-0.043,0.008,-0.028,
f2f111,I Said Meow,Easy,CyanSnow & Pixelguy,2020,242,0.12,0.043,0.035,0.041,many horizontal cuts / crossovers
1b26a71,Feel Alive,Expert,Timbo,2021,1990,0.046,0.043,0.007,0.103,
3b35bxxxxxx71,Forbidden Noise,Expert,shrado & Anodize,2024,819,0.175,0.043,0.013,0.01,many horizontal cuts / crossovers
dc3e71,BOY,Expert,Bloodcloak,2020,296,0.105,0.043,0.022,0.13,long jump distance (28 m)
3354bx91,Losing My Religion,ExpertPlus,GojiCrafter,2023,1144,0.003,0.043,0.008,0.079,
9ab291,REVIVER,ExpertPlus,CoolingCloset & LompL Allimath,2020,420,0.108,0.043,0.013,0.058,many horizontal cuts / crossovers
1ac0c71,Viyella's Tears,Expert,Timbo,2021,2664,-0.083,-0.043,0.005,-0.048,
194931,Black Emperor,Normal,mystikmol,2018,501,0.036,-0.043,0.016,-0.076,long jump distance (32 m); many horizontal cuts / crossovers
162e471,Up & Down,Expert,cat_using_a_toaster,2021,1072,0.077,0.043,0.009,0.069,
1fb19xxxxx51,Blows Up Everything,Hard,Irish,2022,1484,0.067,0.043,0.008,-0.006,
1c30e71,M A X I M U M B L A S T E R,Expert,Helloiamdaan & Nolanimations,2021,834,-0.052,-0.043,0.01,-0.045,
1694e71,We Are LSM,Expert,hwatwhy & meldi,2021,767,0.018,0.043,0.01,0.042,
455eexxxxxx71,toxic till the end,Expert,"Lalahti, Danny",2025,392,-0.116,-0.043,0.014,-0.074,
146091,Avalanche,ExpertPlus,Zorowo,2018,1732,-0.076,-0.043,0.008,-0.034,
1a2f751,Meikaruza,Hard,zilianthegreat & SlimyBlob,2021,628,-0.046,-0.043,0.013,-0.014,
194f091,Volatile Memory,ExpertPlus,ComplexFrequency,2021,1065,0.059,0.043,0.007,0.041,
491b6xx31,Danger,Normal,Darkrealm7,2025,304,-0.089,-0.043,0.021,-0.032,
18d3e11,Heart of Witch,Easy,Uninstaller,2021,343,0.002,-0.043,0.025,-0.024,long jump distance (28 m); many horizontal cuts / crossovers
2943271,Party in the Hollowood feat. Nanahira,Expert,Gabriel & Marsh,2022,738,-0.033,-0.043,0.01,-0.046,
26af7xxx51,FUTURE is Dead,Hard,Voidless & Goob,2022,776,0.052,0.043,0.012,0.083,
1e1d51,Silicon XX,Hard,edzo,2018,293,0.09,0.043,0.022,0.028,long jump distance (33 m)
12dc371,RELOADED,Expert,CoolingCloset,2021,935,0.077,0.042,0.009,0.027,many horizontal cuts / crossovers
35ba6xxxxxx71,message within the rift,Expert,Elecast & Dereknalox123,2023,369,0.065,0.042,0.014,0.054,many horizontal cuts / crossovers
d88871,Neverland,Expert,carrot,2020,628,0.037,0.042,0.012,0.091,
d7c971,The Clear Blue Sky,Expert,Mystikmol,2020,822,-0.045,-0.042,0.011,-0.068,
15ac071,Nine Circles,Expert,Jabob & lobster,2021,913,0.042,0.042,0.01,0.123,
167ef91,Memento Mori,ExpertPlus,abcbadq,2021,405,0.055,0.042,0.016,0.053,many horizontal cuts / crossovers
e5cd11,Shinbatsu o Tadori Kyoukotsu ni Itaru,Easy,altrewin & ExUnReal,2020,446,-0.056,-0.042,0.016,0.124,top players see it differently
4525491,Bad Apple!!,ExpertPlus,Kival Evan,2025,457,0.078,0.042,0.015,0.058,many horizontal cuts / crossovers
1fccd31,Escaping the Ruins,Normal,Sp234,2022,575,0.001,-0.042,0.017,-0.058,long jump distance (26 m); many horizontal cuts / crossovers
12df431,KORO DISCO!,Normal,Depito,2021,480,-0.064,-0.042,0.02,-0.029,long jump distance (28 m)
1cc2d51,Higher Love,Hard,xScaramouche,2021,331,-0.034,-0.042,0.014,-0.015,
c2f171,Jumping!!,Expert,VRMasked & Dr_Marc,2020,442,0.08,0.042,0.016,0.04,long jump distance (27 m); many horizontal cuts / crossovers
1f07471,Deimos,Expert,"Jabob, Narwhal, & Bullet",2021,2532,-0.029,-0.042,0.006,-0.035,
1fb19xxxxx91,Blows Up Everything,ExpertPlus,Irish,2022,2820,0.067,0.042,0.005,0.032,
1c39f91,+ERABY+E CONNEC+10N,ExpertPlus,Rune,2021,695,-0.072,-0.042,0.009,-0.033,
3a3b9xxxxxxx91,this is what heartbreak feels like,ExpertPlus,ben,2024,1889,0.058,0.042,0.008,0.03,
81b431,Cupid,Normal,shrado,2020,431,-0.062,-0.042,0.023,-0.017,
cbcf91,WAKE UP,ExpertPlus,Khenab,2020,1246,-0.066,-0.042,0.008,-0.025,
c64351,Digital Girl,Hard,Skeelie,2020,393,0.093,0.042,0.017,0.03,long jump distance (31 m)
2777cx71,Aien-Jihen,Expert,Gabriel & take_nyan,2022,979,-0.04,-0.042,0.009,-0.079,
f0cc71,Intro -U.R.U.K.TOO.-,Expert,scoop__,2020,809,0.061,0.042,0.011,-0.038,
409cexx91,Viyella's Melancholy,ExpertPlus,"Serephor, The_Editor",2024,988,-0.075,-0.042,0.009,-0.032,many horizontal cuts / crossovers
3da61xxxx71,ABCD,Expert,"Lalahti, Jonas_0_0",2024,879,-0.03,0.042,0.01,0.018,many horizontal cuts / crossovers
35ba6xxxxxx51,message within the rift,Hard,Elecast & Dereknalox123,2023,619,0.002,0.042,0.011,0.038,
198db31,Felis,Normal,ComplexFrequency & Checkthepan,2021,1396,0.021,0.042,0.008,0.025,
416b4xxx51,Towa no Yakusoku to Nanika,Hard,ZeCube,2024,445,0.029,0.042,0.015,0.002,many horizontal cuts / crossovers
16c5671,Dyscontrolled Galaxy,Expert,That_Narwhal,2021,2088,-0.049,-0.042,0.006,-0.014,
35d5bx31,Yuck,Normal,August,2023,226,-0.03,-0.042,0.032,-0.122,many horizontal cuts / crossovers
23f6fxxxxx91,Ice Path,ExpertPlus,Fatigue,2022,160,-0.013,0.042,0.021,0.052,
3e0dexxx91,fun TIME,ExpertPlus,Xarope93,2024,536,0.062,0.042,0.012,0.052,many horizontal cuts / crossovers
d0eb71,The Donk,Expert,xScaramouche & Dat360NoScope,2020,463,-0.054,-0.042,0.013,-0.057,
1a2cd51,Fantasie-Celeritas,Hard,ComplexFrequency,2021,1863,0.049,0.042,0.006,0.034,
127ec91,Nibelungen,ExpertPlus,ComplexFrequency,2021,1336,-0.019,-0.041,0.007,-0.04,many horizontal cuts / crossovers
35ba6xxxxxx11,message within the rift,Easy,Elecast & Dereknalox123,2023,679,-0.041,-0.041,0.011,-0.064,
119f031,THE LAUNCH OF THE MEGANTO METEOR,Normal,Kuurama & miitchel & ExUnReal,2020,627,0.014,0.041,0.013,0.045,
11c7431,DONUT HOLE,Normal,Kizuflux & Uninstaller,2020,386,-0.048,-0.041,0.017,-0.008,long jump distance (27 m)
7b3091,Tsurupettan,ExpertPlus,Kival Evan,2019,1126,-0.031,-0.041,0.008,-0.059,long jump distance (27 m)
246d951,Nutella,Hard,AntiLink,2022,598,-0.081,-0.041,0.013,-0.026,
1bf7691,Labyrinth in Kowloon: Walled World,ExpertPlus,Shark & ThySpoon,2021,3629,0.064,0.041,0.004,0.041,
13b1771,UNO,Expert,Schwank vs. Narwhal,2021,1410,0.025,0.041,0.007,0.047,
1956651,Ill,Hard,ThySpoon & Fvrwvrd,2021,858,-0.013,-0.041,0.011,-0.017,
1791431,Feast Ov Goreglutton,Normal,Emilia,2021,700,0.082,0.041,0.011,0.086,
1aaeex31,eden,Normal,slamsyk,2021,1521,0.069,0.041,0.008,-0.012,
3cc81x91,PSYCHOPATH LoVE,ExpertPlus,Alpha Cancri,2024,727,0.057,0.041,0.011,0.023,
11bde11,Phantom's Wonderland,Easy,"Skeelie, ETAN, AaltopahWi",2020,161,-0.018,-0.041,0.027,-0.116,long jump distance (28 m); many horizontal cuts / crossovers
42ecexx31,Extraterrestrial,Normal,The Lunar Carver,2025,248,0.115,0.041,0.021,0.064,many horizontal cuts / crossovers
243e71,Snakey Chantey,Expert,edzo,2018,482,-0.025,-0.041,0.013,-0.008,long jump distance (27 m); many horizontal cuts / crossovers
284de91,Awake,ExpertPlus,Rexxz & General Dumbass,2022,979,-0.0,-0.041,0.01,-0.025,many horizontal cuts / crossovers
29d32xxxxx71,Trinity Homerun,Expert,"Tseska, Irish & Joshabi",2022,1195,-0.048,-0.041,0.007,-0.049,
3712dxxx31,Friendly Gigant Fire,Normal,oegoe & yabje,2023,1130,-0.022,-0.041,0.011,-0.066,
10f6b91,Say So,ExpertPlus,Hoppaw,2020,3064,0.175,0.041,0.006,0.05,many horizontal cuts / crossovers
19b2731,Sparkling Software,Normal,"Cobayo, Vilawes & Slimy",2021,712,0.052,0.041,0.012,0.08,
168d091,Light Behind The Shadow,ExpertPlus,TranquillizeMe,2021,990,-0.055,-0.041,0.008,-0.04,
1cab791,Imprinting,ExpertPlus,SlimyBlob & Shad,2021,1792,0.044,0.041,0.007,0.039,many horizontal cuts / crossovers
f98831,Sound Chimera,Normal,ComplexFrequency,2020,462,0.044,0.041,0.011,0.06,
29715xxx31,Introduction,Normal,fqrb & yabje,2022,1316,0.051,0.041,0.012,0.092,
197ba91,Spin Eternally,ExpertPlus,fraies & Narwhal,2021,1499,0.037,0.041,0.007,0.039,
f27991,Break,ExpertPlus,Emilia,2020,1021,0.087,0.041,0.009,0.038,
4bbe5xx91,Wavetapper,ExpertPlus,Mr_bjo,2025,127,0.133,0.041,0.033,0.038,many horizontal cuts / crossovers
1a57d71,Outbreak,Expert,abcbadq,2021,863,-0.076,-0.041,0.008,-0.047,
3e4b91,Heeartbeeat Oveerheeat!!!!,ExpertPlus,rogdude,2019,594,0.002,0.041,0.012,0.036,
45f7fxx91,DRUM GO DUM,ExpertPlus,ItsNoot3rch,2025,930,0.058,0.04,0.01,0.035,many horizontal cuts / crossovers
1df6851,Astrid,Hard,Spledgey & Emilia,2021,680,-0.001,-0.04,0.013,0.023,
2946491,STAY,ExpertPlus,RFCaps & FatBeanzoop,2022,1920,-0.043,-0.04,0.007,-0.034,
1090891,Liquid Answers,ExpertPlus,Checkthepan,2020,529,0.054,0.04,0.012,0.038,
a06991,Press Start,ExpertPlus,muffn,2020,959,-0.054,-0.04,0.008,-0.029,
1ffad31,A Drowning Cry,Normal,Fatalution,2022,351,-0.057,-0.04,0.024,0.031,
184df71,Payphone,Expert,nolan121405,2021,2683,-0.031,-0.04,0.007,0.002,
1c4af31,Back In Time,Normal,Teuflum,2021,563,-0.057,-0.04,0.015,0.014,
8eb691,All Night,ExpertPlus,Teuflum,2020,1301,-0.019,-0.04,0.007,-0.038,
1df6811,Astrid,Easy,Spledgey & Emilia,2021,249,0.092,0.04,0.029,0.111,
1373551,SAtAN,Hard,"Sombra, Fnyt & Slamsyk",2021,1081,-0.032,-0.04,0.008,-0.066,
202d9xxx91,Gypsy Tronic,ExpertPlus,RocKz & yabje,2022,1749,0.096,0.04,0.007,0.031,many horizontal cuts / crossovers
1ace951,Start menu,Hard,D7oomyAli,2021,790,-0.101,-0.04,0.015,0.052,
195a651,Westpoolchestershireshire,Hard,ItsVasili & Olaf,2021,600,-0.081,-0.04,0.011,-0.001,
11c7451,DONUT HOLE,Hard,Kizuflux & Uninstaller,2020,665,-0.03,-0.04,0.011,-0.033,long jump distance (26 m)
132e991,More One Night,ExpertPlus,That_Narwhal,2021,2462,0.008,0.04,0.006,0.035,
13fe191,Final Boss,ExpertPlus,"Checkthepan, ItsVasili, Timeweaver",2021,1738,-0.06,-0.04,0.006,-0.027,
2c67351,GETCHA!,Hard,namaki_mono & gmiz92,2022,686,-0.057,-0.04,0.012,-0.052,
1e0d591,Bounce,ExpertPlus,Fatalution,2021,2875,0.022,0.04,0.006,0.059,
833931,"Saufen morgens, mittags, abends",Normal,Various Mappers,2020,171,-0.002,-0.04,0.032,-0.068,long jump distance (31 m); many horizontal cuts / crossovers
1acdc91,"When you say ""Hai"" this song is gonna be go insanely fast",ExpertPlus,Emilia,2021,426,0.004,0.04,0.012,0.053,
1ac4771,Memories of the winter storm,Expert,Jabob,2021,1188,0.034,0.04,0.008,0.017,
1245e51,Radiclaw,Hard,CyanSnow,2021,463,0.063,0.04,0.016,0.09,many horizontal cuts / crossovers
275e311,Gold,Easy,CookedChili,2022,417,-0.002,0.04,0.023,0.042,
165ed71,Jungle Fury,Expert,nolan121405,2021,710,-0.051,-0.04,0.009,-0.006,
3b4f8x51,LEveL,Hard,yabje,2024,330,-0.041,-0.04,0.02,-0.062,
255fbxx51,MIRROR,Hard,"riasuh, RaccoonVR & Artjoms",2022,577,-0.006,-0.04,0.012,-0.027,
1232e71,Chariot,Expert,Timbo,2021,2077,-0.043,-0.04,0.006,-0.043,
bcf391,Suisei,ExpertPlus,SmileEaglet,2020,640,-0.039,-0.04,0.01,-0.039,
10e0891,Unity,ExpertPlus,Rayman9515,2020,910,0.048,0.04,0.009,0.068,
40c6fxxx91,Resurrection,ExpertPlus,Slayx & azu,2024,1475,-0.044,-0.04,0.007,-0.075,
e7ca31,Exciter,Normal,Skeelie,2020,180,-0.003,-0.04,0.023,-0.059,long jump distance (29 m)
39aa2xx91,Vicious [ANTi] Heroism,ExpertPlus,BlAck_vOid-1001,2024,741,-0.007,0.04,0.011,0.031,
1ee2551,Ori and the Blind Forest - The Waters Cleansed,Hard,Sp234,2021,212,-0.013,-0.04,0.021,0.061,many horizontal cuts / crossovers; top players see it differently
197ba71,Spin Eternally,Expert,fraies & Narwhal,2021,1714,0.015,0.04,0.006,0.032,
7bc751,Nijiiro no Hana,Hard,shrado,2020,579,-0.054,-0.039,0.015,-0.031,
162e451,Up & Down,Hard,cat_using_a_toaster,2021,776,0.065,0.039,0.013,0.059,many horizontal cuts / crossovers
1fb9471,Xeroa,Expert,Cobayo & ThySpoon,2022,937,0.06,0.039,0.01,0.031,
1a39571,BUBBLE TEA,Expert,nolan121405 vs. Narwhal,2021,1060,-0.066,-0.039,0.01,0.012,
1442751,Kingslayer,Hard,muffn & altrewin,2021,1718,0.039,0.039,0.006,0.022,
14c5191,Melancholia,ExpertPlus,Emilia,2021,1079,0.037,0.039,0.009,0.041,
ff0251,Your Best Friend,Hard,Various Mappers,2020,960,0.033,0.039,0.016,0.119,long jump distance (27 m)
1b7fb91,The Disaster of Passion,ExpertPlus,namaki_mono,2021,1214,-0.069,-0.039,0.008,-0.046,
1df6831,Astrid,Normal,Spledgey & Emilia,2021,402,0.072,0.039,0.015,0.105,
190cc31,WARNINGxWARNINGxWARNING,Normal,Yaomin,2021,143,-0.051,-0.039,0.029,-0.1,
d27e51,THE DROP,Hard,Teuflum,2020,560,-0.052,-0.039,0.011,-0.059,
39ec8xxx91,Rivers Is A Vampire,ExpertPlus,BrightKnight,2024,1075,0.107,0.039,0.01,0.032,many horizontal cuts / crossovers
f0ea71,To Be Beautiful,Expert,Rayman9515,2020,381,-0.047,-0.039,0.013,0.006,long jump distance (28 m)
f59b91,The Snow White Princess is,ExpertPlus,Mystikmol & endcredits,2020,1288,0.038,0.039,0.009,0.024,
1fdfaxx91,Electromagnetic Stealth Girl Born In Philadelphia,ExpertPlus,Aimedhades16 & Lobster,2022,1139,0.078,0.039,0.007,0.049,
a40511,Dolphin On Wheels,Easy,Checkthepan,2020,168,0.052,0.039,0.031,-0.007,many horizontal cuts / crossovers
198db11,Felis,Easy,ComplexFrequency & Checkthepan,2021,765,0.038,0.039,0.012,0.014,many horizontal cuts / crossovers
23f7bxx51,Dimension Hacker,Hard,Aquaflee,2022,2649,0.038,0.039,0.006,-0.01,
32d431,MariannE (Lanota Edit),Normal,redmagi,2019,321,0.111,0.039,0.032,-0.019,long jump distance (38 m); many horizontal cuts / crossovers
d73551,PRAGMATISM,Hard,shrado,2020,858,-0.06,-0.039,0.01,-0.066,long jump distance (26 m)
1c5fd71,THE WORLD REVOLVING,Expert,Nolanimations,2021,3459,-0.03,-0.039,0.005,0.013,
28d74xxxxxx71,Vicious Heroism,Expert,ComplexFrequency,2022,1251,-0.029,-0.039,0.008,-0.044,
cddb91,TRICKL4SH 220,ExpertPlus,That_Narwhal,2020,774,0.007,0.039,0.01,0.048,
11c7471,DONUT HOLE,Expert,Kizuflux & Uninstaller,2020,1117,-0.057,-0.039,0.008,-0.037,
1c6f071,Far Away,Expert,Bitz & HypersonicSharkz,2021,1480,0.039,0.039,0.008,0.009,
166cf91,Wander Sound,ExpertPlus,XAce1337manX,2021,1271,0.096,0.039,0.008,0.063,many horizontal cuts / crossovers
1895891,You & DIE,ExpertPlus,Timbo & eZconfirmed,2021,2873,-0.073,-0.039,0.005,-0.031,
2d52651,Ori and the Blind Forest - Completing The Circle,Hard,Sp234,2022,307,0.026,0.039,0.017,0.065,
38419x11,Scream,Easy,"Serephor, CMP1111, LaidBackAries",2023,210,-0.11,-0.039,0.029,-0.017,
41e55xxxx91,Kusari Unparallel,ExpertPlus,Spinvvy,2024,714,-0.017,-0.039,0.01,-0.101,
4200fxxx51,It's Okay Now,Hard,wangyufy,2024,307,0.019,0.039,0.018,0.04,
1966a91,XEVILIED,ExpertPlus,abcbadq,2021,1026,-0.02,-0.038,0.008,-0.041,
132dc91,GLORY: ROAD,ExpertPlus,abcbadq & Aimedhades16,2021,406,0.023,0.038,0.013,0.041,
2c803x91,ANOMALY,ExpertPlus,A Jhintleman,2022,849,0.046,0.038,0.011,0.065,many horizontal cuts / crossovers
2777cx31,Aien-Jihen,Normal,Gabriel & take_nyan,2022,569,-0.04,-0.038,0.014,-0.06,
391e7x91,Fireflies,ExpertPlus,Koreami,2024,1857,-0.042,-0.038,0.007,-0.045,many horizontal cuts / crossovers
1f334xxx51,Goodbye,Hard,ThySpoon,2022,499,-0.007,-0.038,0.013,-0.03,
2fa03xxxx91,∞Bit Sequencer,ExpertPlus,Fnyt,2023,2068,0.108,0.038,0.006,0.033,many horizontal cuts / crossovers
1a01791,Xronial Xero,ExpertPlus,Fvrwvrd & Daan,2021,770,-0.021,-0.038,0.011,-0.033,
1f74731,Made of Fire,Normal,fraies & FatBeanzoop,2021,764,-0.018,-0.038,0.013,0.03,
2a01e71,Compared Child くらべられっ子,Expert,Emir,2022,776,-0.034,-0.038,0.011,-0.06,
2946471,STAY,Expert,RFCaps & FatBeanzoop,2022,788,0.009,0.038,0.012,0.034,
32eb5xxxx71,Blue Dragon,Expert,Pleo,2023,689,0.017,0.038,0.012,0.031,
4d571,Tetris Effect Trailer,Expert,rustic,2018,933,0.047,0.038,0.013,0.061,many horizontal cuts / crossovers
1a58751,The Guinea Pig Is In Your Mind,Hard,Cobayo,2021,550,0.033,0.038,0.018,0.137,
ca0351,Ding Dong Song,Hard,Teuflum,2020,572,0.087,0.038,0.012,0.018,long jump distance (27 m)
168de71,Der Herrgott hot glocht,Expert,"MonsterWook, FatBeanzoop & Fnyt",2021,971,-0.054,-0.038,0.008,-0.013,
3fa68xxxx71,ATE THAT,Expert,Jonas_0_0,2024,843,-0.097,-0.038,0.009,0.015,
2b85fxx71,At Least Speedcore Artists Aren't In It For The Money,Expert,Slayx,2022,1189,-0.036,-0.038,0.01,-0.046,
ffef91,Resonation,ExpertPlus,abcbadq,2020,225,0.026,0.038,0.016,0.044,
130c071,Kick To The Sky,Expert,Helloiamdaan,2021,838,0.015,0.038,0.009,0.032,
1ea3c71,Find Our Way,Expert,Klondike,2021,643,-0.001,-0.038,0.012,-0.021,
1694e11,We Are LSM,Easy,hwatwhy & meldi,2021,202,0.026,-0.038,0.03,-0.069,long jump distance (28 m); many horizontal cuts / crossovers
1a7a371,Tempestissimo,Expert,Kitoyo,2021,807,0.028,0.038,0.01,0.05,
1fd41x71,Zombified,Expert,Bytrius,2022,1052,0.035,0.038,0.008,0.018,
17b8891,The Sauce,ExpertPlus,Checkthepan,2021,1369,0.063,0.038,0.007,0.047,many horizontal cuts / crossovers
49cacxxx31,Slash Inferno,Normal,D7oomyAli x Undeceiver x LunarByte,2025,206,-0.057,-0.038,0.028,0.061,
3b2bcxxxx51,Count down 321,Hard,GalaxyMaster vs. The Senate,2024,1759,-0.03,-0.038,0.007,-0.049,
3d395xxx91,Himegoto * Crisisters,ExpertPlus,Alpha Cancri,2024,920,0.041,0.038,0.01,0.006,
29b0cxx71,Revenge,Expert,"nolan121405, Olaf, Bitz & Qwasyx",2022,2425,0.025,0.038,0.005,0.007,
39cb9xxx71,Nevxxxxerland,Expert,ViSi,2024,800,0.042,0.038,0.011,-0.002,
e7ca91,Exciter,ExpertPlus,Skeelie,2020,657,0.105,0.038,0.011,0.006,many horizontal cuts / crossovers
e68d11,AURA,Easy,simplymarvellous,2020,181,-0.037,-0.038,0.036,-0.099,long jump distance (27 m)
3ba66xxxxxxxxxxxxxxxx91,Duallel Spirit,ExpertPlus,Baguette,2024,486,-0.015,-0.038,0.015,-0.055,many horizontal cuts / crossovers
add091,Particle Shooter,ExpertPlus,Soba`s,2020,424,0.032,0.038,0.012,0.048,
40e10xxxxxxx31,Medicine,Normal,The Pharmacists,2024,1839,0.147,0.038,0.008,-0.045,many horizontal cuts / crossovers
27767xxx51,Nikoniko,Hard,Phøenix,2022,292,0.021,0.038,0.017,0.01,
12df471,KORO DISCO!,Expert,Depito,2021,452,0.002,0.037,0.015,0.048,short jump distance (7 m)
12e5291,Syzygia,ExpertPlus,Jabob,2021,1143,0.031,0.037,0.007,0.024,
246c9xxxx51,Cheatcode,Hard,TG90,2022,544,0.036,0.037,0.012,0.106,
3c3dfx91,Blue Heart,ExpertPlus,"Lalahti, Danny",2024,1464,-0.068,-0.037,0.007,-0.066,
27d891,Monochrome Butterfly,ExpertPlus,fraies,2018,1319,0.051,0.037,0.01,0.084,many horizontal cuts / crossovers
b68c91,Kodoku no Kakurenbo,ExpertPlus,TheRealZeroz & altrewin,2020,393,0.018,0.037,0.013,0.026,
416b4xxx31,Towa no Yakusoku to Nanika,Normal,ZeCube,2024,182,-0.002,-0.037,0.025,-0.048,long jump distance (29 m); many horizontal cuts / crossovers
2b386x91,The Shower Scene,ExpertPlus,quietkid,2022,470,0.046,0.037,0.012,0.022,
78ca91,tinnitus,ExpertPlus,Souk & Oddloop,2019,583,0.075,0.037,0.015,0.049,long jump distance (27 m); many horizontal cuts / crossovers
224f3xx91,KNOCK KNOCK,ExpertPlus,gmiz92,2022,522,-0.037,-0.037,0.012,-0.02,
2f1e5xx71,Heavy Metal Love,Expert,Nebelmonster,2023,885,-0.104,-0.037,0.011,-0.041,
31d13xxxxxxx51,Luminency,Hard,Fnyt,2023,1996,0.021,0.037,0.006,0.039,
1a53d71,Super Nuko World,Expert,riasuh,2021,969,0.043,0.037,0.01,0.008,
ec0091,Possesed By The Blood Moon,ExpertPlus,"DE125, Skeelie, Vilawes",2020,535,0.059,0.037,0.01,0.042,
1381091,Tera I/O,ExpertPlus,cerret,2021,916,0.082,0.037,0.008,0.046,
e0aa91,Feel Like This,ExpertPlus,Teuflum,2020,756,0.034,0.037,0.008,0.047,
13fe851,0verf1ow,Hard,Timbo,2021,1200,-0.048,-0.037,0.008,-0.031,
1bfaa91,Lotus,ExpertPlus,Checkthepan,2021,1607,0.147,0.037,0.009,0.033,many horizontal cuts / crossovers
2e3fcxxxx91,Interceptor of SIREN,ExpertPlus,IlluminatiSalad,2023,134,0.06,0.037,0.028,0.037,many horizontal cuts / crossovers
19be111,Uebok VIP,Easy,Fatalution,2021,209,-0.048,0.037,0.03,0.019,short jump distance (7 m)
35046xxx91,Song of the Dead,ExpertPlus,Acubens,2023,926,0.027,-0.037,0.01,-0.047,many horizontal cuts / crossovers
3dc0cxxxxxx71,A Lasting Promise,Expert,"vOid, Slayx, Azu",2024,198,-0.012,-0.037,0.021,-0.044,many horizontal cuts / crossovers
25922xxx51,Slaughterhouse,Hard,Bytrius,2022,415,-0.018,-0.037,0.013,-0.006,
2b62951,Stars,Hard,Phøenix,2022,150,0.001,0.037,0.034,0.015,
19fca91,300 Nuts Per Minute,ExpertPlus,Fvrwvrd,2021,1972,-0.038,-0.037,0.006,-0.036,
12ccf91,Architecture,ExpertPlus,muffn,2021,869,-0.03,-0.037,0.009,-0.036,
2185bxxxx31,Distorted Heavens,Normal,Timbo,2022,1282,-0.027,-0.037,0.009,-0.086,
35829xx51,What is Love?,Hard,Lalahti,2023,442,-0.013,0.037,0.021,0.108,
22845xxxxxxxxxxxxx91,Rude Buster,ExpertPlus,"shrado, Fvrwvrd, Timbo & Bitz",2022,1061,0.06,0.037,0.008,0.037,
1b67711,Toilet,Easy,Fatalution,2021,349,0.069,0.037,0.019,0.061,long jump distance (26 m)
1fec51,The Merchant Guild - 100k Contest,Hard,bakuenjin,2018,578,-0.092,-0.037,0.014,0.036,
4a5391,Enigma II,ExpertPlus,yun0,2019,488,0.01,0.036,0.015,0.045,
1eb8291,Untouched,ExpertPlus,RocKz vs. Shappy,2021,1609,0.094,0.036,0.007,0.033,many horizontal cuts / crossovers
42148xx71,Rushiest Rush,Expert,3psilon9,2024,1416,-0.054,-0.036,0.009,-0.086,many horizontal cuts / crossovers
e68d51,AURA,Hard,simplymarvellous,2020,182,-0.041,-0.036,0.025,-0.035,
13fe831,0verf1ow,Normal,Timbo,2021,702,-0.076,-0.036,0.012,0.041,
416b4xxx91,Towa no Yakusoku to Nanika,ExpertPlus,ZeCube,2024,205,0.014,0.036,0.024,0.035,many horizontal cuts / crossovers
38670xxxx11,Francium,Easy,Loloppe,2023,137,-0.089,0.036,0.048,0.05,few scores (noisy)
3dfd6x91,GHOST,ExpertPlus,Irahi,2024,738,0.067,0.036,0.011,0.07,many horizontal cuts / crossovers
1944851,SCREW // owo // SCREW,Hard,ThySpoon,2021,1126,0.053,0.036,0.008,0.055,
258d151,Solid Ground,Hard,Phøenix,2022,170,0.038,0.036,0.026,0.061,
1925991,Highscore,ExpertPlus,That_Narwhal,2021,1816,-0.027,-0.036,0.006,-0.032,many horizontal cuts / crossovers
109e891,Bonfire,ExpertPlus,SlimyBlob & Pixelguy,2020,1988,0.055,0.036,0.006,0.047,
132d671,VANDALIZED AI,Expert,Ramen Noodle,2021,635,0.053,0.036,0.011,0.026,
1895f51,Wild Ride,Hard,abcbadq,2021,595,-0.068,-0.036,0.012,0.032,
127ec51,Nibelungen,Hard,ComplexFrequency,2021,1889,-0.018,-0.036,0.006,-0.07,
1215151,Chirality,Hard,That_Narwhal,2020,456,0.035,0.036,0.013,-0.015,
e8c871,Valhalla:0,Expert,That_Narwhal,2020,1057,0.028,0.036,0.008,0.013,
32788x91,Algorithm,ExpertPlus,Pleo,2023,1233,0.088,0.036,0.009,-0.0,many horizontal cuts / crossovers
3ff43xxxxxxx91,Romantic Homicide,ExpertPlus,LkWatICanDo & azu,2024,1048,-0.043,-0.036,0.017,-0.1,
1d3f5x31,Night Raid with a Dragon,Normal,nolan121405,2021,548,0.031,0.036,0.017,0.017,
e68d71,AURA,Expert,simplymarvellous,2020,289,-0.047,-0.036,0.022,0.06,
1ac0c11,Viyella's Tears,Easy,Timbo,2021,918,-0.003,0.036,0.011,0.07,
36a3bxxx51,Deutschland,Hard,Jevk,2023,439,0.075,0.036,0.017,0.114,long jump distance (28 m)
23c7bxxx91,Einherjar Joker,ExpertPlus,GalaxyMaster & The Senate,2022,589,0.036,0.036,0.012,0.051,many horizontal cuts / crossovers
35a61xxxxxxxxx91,Lapin Beast,ExpertPlus,Alpha Cancri,2023,239,-0.045,-0.036,0.019,-0.041,
1784291,Tenohira De Odoru,ExpertPlus,Tootie & Oddloop & fraies,2021,825,0.083,0.036,0.01,0.019,many horizontal cuts / crossovers
126bd51,XTREME,Hard,Timbo,2021,1377,-0.066,-0.036,0.007,-0.063,
2522f91,Cybernecia Catharsis,ExpertPlus,That_Narwhal,2022,937,0.027,0.036,0.01,0.055,many horizontal cuts / crossovers
2d91591,Christmas Eve/Sarajevo 12/24,ExpertPlus,GalaxyMaster,2023,1153,0.014,-0.036,0.009,-0.039,many horizontal cuts / crossovers
3b77fxxxxxxxx91,Rabbit Hole,ExpertPlus,Ryleeeee,2024,1082,0.04,0.036,0.01,0.016,
3d2c591,Retroscope,ExpertPlus,ViSi,2024,1079,-0.003,-0.036,0.01,-0.058,
138da71,Hellcat,Expert,CyanSnow,2021,1041,0.05,0.036,0.008,0.053,
20fdbxxxxxxx31,200cc,Normal,Spoekle & fqrb,2022,1220,0.075,0.036,0.012,0.039,
2e9aa91,Rugburn,ExpertPlus,TG90,2023,854,0.027,0.036,0.011,0.049,many horizontal cuts / crossovers
16e9751,LOVE SPICE LIKE U!!!,Hard,altrewin,2021,983,0.033,0.036,0.01,-0.005,
41a76xxxxxx51,Totsuka no Tsurugi,Hard,Glasso050,2024,1058,-0.067,-0.036,0.011,-0.157,top players see it differently
1b9b651,Crisis,Hard,Checkthepan,2021,419,-0.035,-0.036,0.014,-0.0,
4e1051,Ether Strike,Hard,fraies,2019,500,-0.107,-0.036,0.016,-0.025,
2d1e551,paradox,Hard,Various Mappers,2022,351,-0.036,-0.036,0.015,0.019,
1a8d451,Death From Above,Hard,Skeelie,2021,685,0.031,0.036,0.01,0.043,
3dfc4xx71,Joker's Cranberrybox,Expert,"ViSi as ""U.N.Owen""",2024,441,0.112,0.036,0.014,0.021,many horizontal cuts / crossovers
d0eb91,The Donk,ExpertPlus,xScaramouche & Dat360NoScope,2020,615,0.146,0.036,0.011,0.057,many horizontal cuts / crossovers
2185bxxxx11,Distorted Heavens,Easy,Timbo,2022,758,-0.061,-0.035,0.013,-0.069,
2326b11,Kingslayer,Easy,Nolanimations & Sync,2022,242,-0.043,-0.035,0.025,-0.068,
1c775x11,TERABYTE,Easy,Huh,2021,488,0.045,0.035,0.016,0.033,
10f6b71,Say So,Expert,Hoppaw,2020,1796,-0.078,-0.035,0.008,0.003,
39984xx51,I GOT YOU ,Hard,Lalahti,2024,369,-0.054,-0.035,0.015,-0.009,
18f6291,Powerful,ExpertPlus,cerret,2021,1656,-0.037,-0.035,0.006,-0.032,
202d9xxx51,Gypsy Tronic,Hard,RocKz & yabje,2022,1743,-0.047,-0.035,0.007,-0.057,
1af5751,The Unwritten Chapter,Hard,Emilia,2021,416,-0.062,-0.035,0.017,-0.049,players reset/repeat directions the analyzer does not expect
3bc7bxxxx91,Bad Side,ExpertPlus,steeak & Tsunami_Pro,2024,1401,-0.059,-0.035,0.008,0.007,
12f3371,Cyaegha,Expert,Timbo,2021,2372,-0.052,-0.035,0.005,-0.035,
298c671,House on Fire,Expert,Fireluke Gaming,2022,245,0.045,0.035,0.021,-0.01,
2a67971,Suzume,Expert,CookedChili,2022,1284,-0.034,-0.035,0.009,-0.05,
ce4291,Vicious Heroism,ExpertPlus,"ComplexFrequency, muffn & shadowlord723",2020,821,0.041,0.035,0.009,0.035,
169b131,Succession,Normal,Helloiamdaan & FatBeanzoop,2021,655,0.015,0.035,0.012,0.131,
3269371,The Phoenix,Expert,Bytrius,2023,2219,-0.096,-0.035,0.007,0.071,top players see it differently
70d711,Chocolate Planet,Easy,Mystikmol,2019,377,0.024,-0.035,0.027,-0.081,many horizontal cuts / crossovers
1671131,AttraqtiA,Normal,That_Narwhal,2021,343,0.039,0.035,0.016,0.004,
1ac4731,Memories of the winter storm,Normal,Jabob,2021,352,0.042,0.035,0.014,0.047,
3c0bexxxxx31,ENDYMION,Normal,"Joshabi, Bitz & Fnyt",2024,1236,0.009,-0.035,0.008,-0.076,
440c1xxx91,Renegade (We Never Run),ExpertPlus,Pleo & MadChase,2025,699,-0.021,-0.035,0.014,-0.035,many horizontal cuts / crossovers
2cde2xxx91,Inevitable Misfortune,ExpertPlus,Emilia,2022,297,-0.027,-0.035,0.019,-0.029,heavily retried
124ea51,"This Is the Dead, and I Reached the Deathless.",Hard,Astrella & FatBeanzoop,2021,967,0.036,0.035,0.009,0.038,
47f84xxxxx51,Sis Puella Magica!,Hard,The Lunar Carver,2025,104,-0.015,0.035,0.036,-0.002,
1a93871,Revenant,Expert,Shan_Man,2021,2161,-0.015,-0.035,0.006,-0.025,
3bef7xxx51,Higher Ground,Hard,Darkrealm7,2024,462,0.027,0.035,0.019,0.057,
3d2a8xxxx91,Sonic Blaster,ExpertPlus,Darkrealm7,2024,1844,-0.051,-0.035,0.007,-0.058,
3f0fdxx31,Chiyu,Normal,"accuwucy, Jonas_0_0",2024,147,-0.101,-0.035,0.028,-0.0,
43d05xxx51,APT.,Hard,"Lalahti, Danny",2025,504,-0.17,-0.035,0.012,-0.049,
12ae191,Magical Sanctuary,ExpertPlus,Refugee Camp,2021,834,-0.029,-0.035,0.009,-0.035,
33d6bxxxx91,ULTRA SYNERGY MATRIX,ExpertPlus,Spinvvy,2023,1820,0.081,0.035,0.007,-0.046,
23596xxx51,Novablast,Hard,"Bitz, Cokeinjector, Luck & Sync",2022,1219,0.0,0.035,0.01,0.017,
39660xxxx51,Blue Youth,Hard,"Cratornugget, LackWiz",2024,764,-0.022,0.035,0.011,0.029,
132dc51,GLORY: ROAD,Hard,abcbadq & Aimedhades16,2021,473,0.042,0.035,0.012,0.026,
745771,Night Raid with a Dragon,Expert,DE125 & Skeelie,2019,805,0.039,0.035,0.009,0.074,
4d641x91,Interdixion,ExpertPlus,hwowhu & DiscoBaIIerz,2025,240,-0.033,-0.035,0.019,-0.03,many horizontal cuts / crossovers
1989b31,Illuyanka,Normal,nolan121405,2021,315,-0.037,-0.035,0.021,-0.024,
4936axxxxxxxxxxx51,G4M3-0V3R,Hard,shrado,2025,865,-0.115,-0.035,0.012,-0.09,many horizontal cuts / crossovers
2cfef71,Nisemono Chuuihou,Expert,Dailyy,2022,371,0.06,0.035,0.014,0.012,
3377e91,HITTIT,ExpertPlus,Frost,2023,355,0.152,-0.035,0.02,-0.036,short jump distance (15 m); many horizontal cuts / crossovers
382fax91,Kiss Me Like The World Is Ending,ExpertPlus,Emilia,2023,802,0.015,0.035,0.01,-0.013,
12b6231,Climax,Normal,Timbo,2021,1872,-0.035,-0.034,0.007,0.034,
17dc471,Opa,Expert,Fatalution,2021,796,0.028,0.034,0.011,0.072,
f58331,Ludicrous Speed,Normal,Refugee Camp,2020,832,0.017,0.034,0.014,0.138,long jump distance (26 m); top players see it differently
1374b31,Evacuate The Moshpit,Normal,Emilia & Oddloop,2021,261,0.025,0.034,0.02,0.053,
443daxxx91,INTERDIXION,ExpertPlus,Scroungey,2025,175,-0.009,0.034,0.025,0.037,many horizontal cuts / crossovers
166851,Meltdown feat. Rin,Hard,todokete,2018,266,0.013,-0.034,0.03,0.019,long jump distance (32 m); many horizontal cuts / crossovers
11b4931,Purple People Eater,Normal,FatBeanzoop & ExUnReal,2020,496,0.056,0.034,0.02,0.094,
26e4e91,Body Bag,ExpertPlus,Bytrius,2022,1655,0.036,0.034,0.007,0.011,
12bd291,666,ExpertPlus,cerret,2021,1235,-0.066,-0.034,0.008,-0.034,
1716471,Paws and Play,Expert,CyanSnow,2021,1006,-0.02,-0.034,0.008,0.031,
bc7f31,Pumpin' Junkies,Normal,checkthepan & Vilawes,2020,919,-0.036,-0.034,0.009,-0.038,
1542171,Oniyuri,Expert,Mystikmol & Pug,2021,788,0.007,0.034,0.011,-0.016,
1df6871,Astrid,Expert,Spledgey & Emilia,2021,999,0.074,0.034,0.014,0.058,
3ff31xxxxx71,Saishuu Kichiku Imouto Flandre-S,Expert,ViSi,2024,1223,0.044,-0.034,0.009,-0.06,many horizontal cuts / crossovers
3965b71,Sweater Weather,Expert,Luna & Yasu,2024,195,0.008,0.034,0.025,0.063,
44b4dxxxxxxxxxxx51,Konpeito Extremists,Hard,shrado & Voidless,2025,977,0.015,-0.034,0.012,-0.145,many horizontal cuts / crossovers; top players see it differently
a06691,FIRST:DREAMS,ExpertPlus,muffn & altrewin,2020,691,0.008,0.034,0.011,0.03,
3c7d9xxxx71,Ashed Wings,Expert,Darkrealm7,2024,1564,0.049,0.034,0.007,-0.015,
1d0ed91,The Imperial March,ExpertPlus,Fvrwvrd & FatBeanzoop,2021,904,0.003,0.034,0.007,0.044,
19b6f31,Rampage,Normal,simplymarvellous,2021,675,0.032,0.034,0.012,0.102,
2b62991,Stars,ExpertPlus,Phøenix,2022,773,0.036,0.034,0.01,0.046,
26e4e51,Body Bag,Hard,Bytrius,2022,900,0.03,0.034,0.009,0.019,
1d2efx51,Night of Nights,Hard,Joshabi & Aquaflee,2021,1462,-0.039,-0.034,0.007,0.017,
13b2b11,Extra Credit on the Chromosome Test! VICTORY ROYALE!!!,Easy,lobster & FatBeanzoop,2021,838,0.037,0.034,0.012,0.042,long jump distance (31 m)
1a50471,Quasar Dreams,Expert,ComplexFrequency & Fvrwvrd,2021,573,0.105,0.034,0.01,0.032,
1047311,PARALLEL*PRISM,Easy,That_Narwhal,2020,259,0.038,-0.034,0.02,-0.042,long jump distance (32 m)
ffa591,Ragnarok,ExpertPlus,Rune & Oddloop,2020,981,-0.05,-0.034,0.009,-0.02,
3b531xxxxx91,Meteoric Impact,ExpertPlus,BlAck_vOid-1001,2024,584,0.063,0.034,0.013,0.057,many horizontal cuts / crossovers; heavily retried
3b5a9xxxx71,Flashback Flicker,Expert,BlAck_vOid-1001 & Darkrealm7,2024,1288,-0.047,-0.034,0.008,-0.047,
1dc9471,Mystery Circles Ultra / U.U.F.O.,Expert,cerret & Nolanimations,2021,1716,-0.023,-0.034,0.006,-0.039,
25b7d71,I Won't,Expert,Lekrkoekj,2022,311,-0.011,0.034,0.019,-0.017,
1ea1exxxx51,Crazy banger,Hard,Aquaflee,2021,934,-0.039,-0.034,0.01,0.016,
21c09x91,Raging Stream,ExpertPlus,Cat Using A Toaster,2022,395,0.015,0.034,0.013,0.032,
12af031,PYRO,Normal,Checkthepan & Teuflum,2021,499,0.045,0.033,0.014,0.007,long jump distance (27 m)
132e971,More One Night,Expert,That_Narwhal,2021,1880,0.03,0.033,0.007,-0.012,
4561cxxxxxx51,Yearn to Bloom - Aeldra's Theme,Hard,The Lunar Carver,2025,886,-0.057,0.033,0.012,0.067,
36ae7x31,Slow Down,Normal,Lalahti,2023,173,-0.038,-0.033,0.029,-0.062,
15b6e51,Bassline Yatteru? w,Hard,Joshabi & altrewin,2021,2076,-0.05,-0.033,0.006,0.0,
8d8931,Meowchine,Normal,CyanSnow,2020,224,0.076,0.033,0.022,0.075,long jump distance (27 m)
f91e71,Who's Laughing Now,Expert,Teuflum,2020,1546,0.012,0.033,0.008,0.092,
1bf7671,Labyrinth in Kowloon: Walled World,Expert,Shark & ThySpoon,2021,1665,0.055,0.033,0.006,0.047,
1373511,SAtAN,Easy,"Sombra, Fnyt & Slamsyk",2021,659,0.046,0.033,0.014,0.064,
15aab71,Goodbye,Expert,Cobayo & IsraGRFK,2021,1089,-0.038,-0.033,0.007,-0.036,
aed751,Temple Of Sound,Hard,Khenab,2020,246,0.005,-0.033,0.019,-0.042,long jump distance (35 m)
72f371,sans.,Expert,Souk,2019,2838,-0.034,-0.033,0.007,0.076,top players see it differently
126bd71,XTREME,Expert,Timbo,2021,1281,0.047,0.033,0.007,0.011,
ccac71,Secret World,Expert,Mystikmol,2020,1021,-0.026,-0.033,0.01,-0.012,long jump distance (28 m)
801651,Twisted Drop Party,Hard,Depito & ExUnReal,2020,755,-0.074,-0.033,0.01,-0.024,
2ffd3xxxxx71,Triangles,Expert,AlephCubed,2023,1582,-0.029,-0.033,0.008,-0.064,
32d411,MariannE (Lanota Edit),Easy,redmagi,2019,330,0.124,0.033,0.033,-0.034,long jump distance (31 m); many horizontal cuts / crossovers
ca4071,Kings & Queens,Expert,Edmard,2020,1502,0.016,0.033,0.008,0.012,long jump distance (28 m)
1a55271,Yotsuya-san ni Yoroshiku,Expert,CoolingCloset,2021,1241,0.118,0.033,0.009,0.034,many horizontal cuts / crossovers
48374xxxx91,One More,ExpertPlus,Blackjack,2025,1310,0.13,0.033,0.008,0.064,
1bfaa71,Lotus,Expert,Checkthepan,2021,1418,-0.004,-0.033,0.007,-0.044,
2c22ex51,The DJ Is Crying For Help,Hard,Lekrkoekj & Scorefam,2022,241,0.017,0.033,0.02,-0.035,
12b6291,Climax,ExpertPlus,Timbo,2021,2631,0.071,0.033,0.005,0.027,
182c291,Internet Friends,ExpertPlus,SlimyBlob & Gabii,2021,1534,0.007,0.033,0.007,0.068,
1905971,Puppet Theater of Twee-Box,Expert,harbgy & Narwhal,2021,833,-0.07,-0.033,0.009,-0.039,
10f8791,=El=Dorado=,ExpertPlus,Shappy,2020,1155,0.0,0.033,0.007,0.049,
1671111,AttraqtiA,Easy,That_Narwhal,2021,241,0.048,0.033,0.024,0.001,
1671171,AttraqtiA,Expert,That_Narwhal,2021,1236,-0.019,-0.033,0.008,-0.039,
246c9xxxx91,Cheatcode,ExpertPlus,TG90,2022,1797,-0.028,-0.033,0.007,-0.015,many horizontal cuts / crossovers
4c5e3xx71,Godspeed,Expert,IlluminatiSalad & Huh,2025,106,0.046,0.033,0.044,0.04,few scores (noisy)
3442cxxx91,Villain Virus,ExpertPlus,GalaxyMaster & GojiCrafter,2023,365,0.032,0.032,0.015,0.049,many horizontal cuts / crossovers; heavily retried
f0cc51,Intro -U.R.U.K.TOO.-,Hard,scoop__,2020,486,0.032,0.032,0.015,0.018,
b3cf91,Big Daddy,ExpertPlus,VRMasked,2020,2350,-0.032,-0.032,0.005,-0.015,
166c71,Just be Friends feat. Luka,Expert,todokete,2018,905,0.027,-0.032,0.011,-0.002,many horizontal cuts / crossovers
2f15ax91,Guitar to Kodoku to Aoi Hoshi,ExpertPlus,CookedChili & Rusty,2023,961,0.034,-0.032,0.009,-0.028,many horizontal cuts / crossovers
1aaf151,Bookmaker,Hard,Lobster,2021,1102,0.014,0.032,0.009,0.031,
115af91,Monolith,ExpertPlus,fraies,2020,828,-0.03,0.032,0.009,0.037,
41873x51,Lian'ai Gaoji,Hard,"Lalahti, Danny, Jonas_0_0, Bellus",2024,633,-0.156,-0.032,0.011,-0.047,
29ef2xxxxx11,Danzai Democracy,Easy,Jevk,2022,321,0.08,0.032,0.022,-0.058,long jump distance (27 m)
3ee4bxx51,RTX 20000,Hard,Darkrealm7 & bobthezealot,2024,339,-0.044,0.032,0.026,0.08,
1d0ed51,The Imperial March,Hard,Fvrwvrd & FatBeanzoop,2021,593,-0.041,-0.032,0.011,-0.038,
2c5b9xxx51,Dragostea Din Tei,Hard,Nebelmonster,2022,475,-0.005,0.032,0.016,0.023,
19bfe91,Still in my heart,ExpertPlus,That_Narwhal,2021,1777,-0.044,-0.032,0.006,-0.034,
1331e51,Dark Sky,Hard,ItsVasili,2021,579,-0.055,-0.032,0.013,0.006,
10d0871,VVelcome!!,Expert,Mystikmol & muffn & Moriik,2020,536,0.002,-0.032,0.012,-0.029,
1743471,Cthugha,Expert,Timbo,2021,1748,0.023,0.032,0.006,-0.001,
43222xxxxx31,psychology,Normal,ViSi,2025,890,0.048,0.032,0.011,-0.064,
403891,Zettai Tokken Shuchou Shimasu! Hoshi Syoko Solo Remix,ExpertPlus,AiThKe,2019,713,0.052,0.032,0.011,0.045,many horizontal cuts / crossovers
1fa2131,Chakra,Normal,Jabob,2022,912,-0.025,-0.032,0.01,-0.073,
2a10691,Thunderstrike,ExpertPlus,Aquaflee,2022,318,0.018,0.032,0.015,0.041,
36ac4x91,me & u ,ExpertPlus,August,2023,570,0.051,0.032,0.013,0.029,
298c691,House on Fire,ExpertPlus,Fireluke Gaming,2022,480,0.029,-0.032,0.014,-0.046,
3cbc3xxxxx31,Armageddon,Normal,ViSi,2024,927,-0.021,-0.032,0.012,-0.085,
4372cxxx91,Tetoris,ExpertPlus,Slayx,2025,1196,-0.007,0.032,0.009,-0.035,
14bd51,We Built this City,Hard,rustic,2018,554,0.016,-0.032,0.014,-0.064,long jump distance (34 m); many horizontal cuts / crossovers
1aacd31,Carry Me Away,Normal,harbgy & Edmard,2021,926,-0.02,-0.032,0.01,-0.03,
1d5d471,Kisaragi,Expert,Nolanimations,2021,1500,-0.03,-0.032,0.006,-0.025,
188ba71,Popular Monster,Expert,muffn & altrewin,2021,1403,0.023,0.032,0.007,0.013,
1499b51,Labyrinth,Hard,Shappy & Checkthepan,2021,620,0.004,0.032,0.011,-0.01,
1b98491,Crimson Night,ExpertPlus,"GalaxyMaster, Mr. Mrow & 3Stans",2021,2783,0.077,0.032,0.007,0.005,many horizontal cuts / crossovers
221caxxxx51,Light of Nibel,Hard,AlephCubed,2022,457,-0.049,-0.032,0.016,0.048,
b72431,Falling,Normal,Teuflum,2020,886,-0.051,-0.032,0.012,0.064,long jump distance (27 m)
3aa79xxxxxxxxx71,Gleodream,Expert,ViSi & SL4SH,2024,712,0.161,0.032,0.012,0.037,many horizontal cuts / crossovers
b72451,Falling,Hard,Teuflum,2020,2081,-0.013,-0.032,0.006,0.002,
27e37xx31,Super Idol,Normal,"Monke, Syn0Sin, Gordon, & Alpal",2022,405,0.031,0.032,0.014,-0.015,
16e9731,LOVE SPICE LIKE U!!!,Normal,altrewin,2021,683,0.035,0.032,0.012,0.003,
999e71,Twisted Drop Party,Expert,abcbadq,2020,464,-0.026,-0.032,0.011,-0.031,
243d71,Flat Zone 2,Expert,todokete,2018,310,-0.009,-0.032,0.019,-0.095,many horizontal cuts / crossovers
102e211,Tool,Easy,Kitoyo & Emilia,2020,562,0.046,0.032,0.022,0.131,
43785xx91,Blue Zenith,ExpertPlus,WDG_Blenderman,2025,126,0.034,0.032,0.024,0.024,many horizontal cuts / crossovers
d0eb51,The Donk,Hard,xScaramouche & Dat360NoScope,2020,203,-0.03,-0.032,0.023,-0.058,long jump distance (26 m)
244ebxxxxx91,The Magician,ExpertPlus,shrado & cerret,2022,1546,-0.047,-0.032,0.006,-0.033,
28ceaxxxx91,Death (Remix),ExpertPlus,TG90,2022,517,0.039,0.032,0.012,0.01,
2bee0xxxx91,Looking for Edge of Ground,ExpertPlus,GalaxyMaster,2022,459,-0.042,-0.032,0.013,-0.012,many horizontal cuts / crossovers
13de631,Ultimate Ascension,Normal,Narwhal and Complex,2021,523,0.058,0.032,0.016,0.022,long jump distance (27 m)
dc9271,Exitium,Expert,Bush,2020,1238,-0.007,-0.032,0.008,-0.036,long jump distance (26 m)
1ffb691,2 Phut Hon,ExpertPlus,Fatalution,2022,4968,-0.036,-0.032,0.004,-0.007,
b63951,Sono Gunjou ga Itoshikatta Youdatta,Hard,Uninstaller,2020,219,-0.033,-0.031,0.022,-0.066,long jump distance (28 m)
455eexxxxxx91,toxic till the end,ExpertPlus,"Lalahti, Danny",2025,493,-0.112,0.031,0.015,0.043,many horizontal cuts / crossovers
1215191,Chirality,ExpertPlus,That_Narwhal,2020,705,0.005,0.031,0.009,0.031,
1dc6011,Inspiriting,Easy,Blackjack,2021,1241,0.058,0.031,0.013,0.097,
e91571,Invisible Frenzy,Expert,fraies & muffn,2020,1235,-0.024,-0.031,0.008,-0.053,
9e6871,MARENOL,Expert,Skeelie,2020,1358,0.02,0.031,0.007,0.069,long jump distance (27 m)
c1b291,Z:iRNiTRA,ExpertPlus,DE125 & TheRealZeroz,2020,453,0.037,0.031,0.013,0.039,
3f0fdxx91,Chiyu,ExpertPlus,"accuwucy, Jonas_0_0",2024,883,0.013,0.031,0.01,0.043,many horizontal cuts / crossovers
3b952xxxxxx91,danser,ExpertPlus,Uglyape & abbad,2024,1180,0.079,0.031,0.009,0.043,many horizontal cuts / crossovers
4225bxxxxxxx31,Mai Mai Mai,Normal,Dr_Marc & Ge2toro,2024,201,-0.064,-0.031,0.022,-0.084,
4561cxxxxxx31,Yearn to Bloom - Aeldra's Theme,Normal,The Lunar Carver,2025,208,-0.108,-0.031,0.031,-0.041,
44794xxx51,ENÛMA∇ELIŠ,Hard,"Dark as ""Ex Nihilo""",2025,101,-0.026,-0.031,0.027,-0.074,
10cf671,Miracle Sugar Land,Expert,ItsVasili,2020,604,0.038,0.031,0.012,0.019,long jump distance (27 m)
4d6bdxxx71,Do No Harm,Expert,The Lunar Carver,2025,106,-0.011,0.031,0.034,-0.016,many horizontal cuts / crossovers
41b58xxx71,Sudden Appearance Image,Expert,BsNico,2024,902,0.043,0.031,0.01,-0.038,
103fb91,ENERGY SYNERGY MATRIX,ExpertPlus,Timbo,2020,2199,-0.039,-0.031,0.006,-0.052,
12bd251,666,Hard,cerret,2021,1949,0.002,0.031,0.007,0.048,
16abf51,The Nights,Hard,Nolanimations,2021,2076,-0.036,-0.031,0.008,-0.077,
3e4afxxxxx91,Swimming Pools (Drank),ExpertPlus,Ayyserr,2024,1020,0.039,0.031,0.009,-0.024,
f53251,Tribal Trial,Hard,CoolingCloset & Nolanimations,2020,1118,0.042,0.031,0.009,0.005,
873f71,Fire Blazing,Expert,Teuflum,2020,991,0.027,-0.031,0.009,0.004,long jump distance (27 m)
12a6b51,Count down 321,Hard,"muffn, FatBeanzoop, DE125",2021,1091,0.0,-0.031,0.009,-0.021,
122f71,"Nice To Meet You, Mr. Earthling ft. Hatsune Miku",Expert,edzo,2018,506,0.153,0.031,0.014,0.002,long jump distance (36 m); many horizontal cuts / crossovers
471b7xxx71,On My Lips,Expert,Jonas_0_0,2025,586,-0.12,-0.031,0.013,-0.003,
2a7e791,GLORY:ROAD,ExpertPlus,Aquaflee,2022,337,0.088,0.031,0.014,0.016,
1d0cbx31,ONIGIRI FREEWAY,Normal,Fnyt,2021,710,0.002,-0.031,0.012,-0.011,
801791,Bad Apple!!,ExpertPlus,Light Ai & DE125,2020,1433,0.034,-0.031,0.006,0.005,
158ce71,PROJECTION,Expert,abcbadq & altrewin,2021,733,0.024,0.031,0.009,0.006,
2f625xxx91,Memories of the winter storm,ExpertPlus,ItsVasili,2023,789,0.002,-0.031,0.01,-0.034,many horizontal cuts / crossovers
285e8x31,Shut Up And Dance,Normal,"Syndicate, OneSpookyBoi, TheCzar1994",2022,338,0.057,0.031,0.023,-0.051,
1703f71,Party People,Expert,Helloiamdaan & Nolanimations,2021,1390,-0.047,-0.031,0.007,-0.059,
1245e71,Radiclaw,Expert,CyanSnow,2021,1025,0.042,0.031,0.01,0.089,
456d0xxxx91,Oxycodone,ExpertPlus,Classicstar,2025,653,-0.046,-0.031,0.014,-0.049,many horizontal cuts / crossovers
3fa68xxxx91,ATE THAT,ExpertPlus,Jonas_0_0,2024,769,-0.023,-0.031,0.013,-0.036,many horizontal cuts / crossovers
38a54xx71,The Vampire,Expert,Xarope93,2024,790,0.007,0.031,0.011,-0.008,
ff8331,Long Times,Normal,Teuflum & xScaramouche,2020,716,-0.026,-0.031,0.011,0.087,long jump distance (26 m); top players see it differently
1306911,Quon,Easy,+1 Rabbit,2021,298,-0.012,-0.031,0.022,0.002,long jump distance (26 m); many horizontal cuts / crossovers
182bc51,Additional Memory,Hard,Joshabi,2021,940,0.002,0.031,0.011,-0.022,
3a5e9xxxxx91,BAD SAD AND MAD,ExpertPlus,Bellus,2024,905,0.056,-0.031,0.012,-0.038,many horizontal cuts / crossovers
1770791,Trapped in the Past,ExpertPlus,muffn,2021,1891,0.001,-0.031,0.006,-0.043,
3b2bcxxxx71,Count down 321,Expert,GalaxyMaster vs. The Senate,2024,1068,0.026,0.031,0.009,0.045,
3a751x51,Salamander,Hard,ViSi,2024,780,-0.018,-0.031,0.012,-0.055,
1245e11,Radiclaw,Easy,CyanSnow,2021,248,0.046,0.031,0.025,0.049,
23b63xxxxxxx91,Lowermost revolt,ExpertPlus,muffn,2022,1375,-0.008,-0.031,0.006,-0.037,many horizontal cuts / crossovers
132d611,VANDALIZED AI,Easy,Ramen Noodle,2021,245,0.05,0.031,0.021,0.009,many horizontal cuts / crossovers
130c051,Kick To The Sky,Hard,Helloiamdaan,2021,545,0.024,0.031,0.012,-0.007,
182bc71,Additional Memory,Expert,Joshabi,2021,1236,-0.05,-0.031,0.008,-0.042,
16a0191,Caffeine Kitty,ExpertPlus,abcbadq,2021,787,-0.042,-0.031,0.009,-0.035,
1cc2d31,Higher Love,Normal,xScaramouche,2021,150,-0.01,-0.031,0.027,-0.035,long jump distance (26 m)
d0f651,Bassline Yatteru? w,Hard,Uninstaller,2020,939,-0.066,-0.031,0.01,-0.043,long jump distance (28 m)
16d2f71,HellFire,Expert,abcbadq & Timbo,2021,479,-0.105,-0.031,0.012,-0.035,
184df51,Payphone,Hard,nolan121405,2021,609,0.011,0.031,0.016,0.02,
3b62dxxx31,SHEESH,Normal,Lalahti,2024,182,0.003,0.03,0.029,0.041,
1b68071,Apocaliptix //-Another-//,Expert,Huh,2021,952,0.019,0.03,0.008,0.006,
1badc71,The Things We Believe In,Expert,Cyrix,2021,507,0.036,0.03,0.012,0.019,
3a111xxxxxxxxxxxxxxxxx51,PISSCORD,Hard,ob1cb & Anodize,2024,573,-0.003,0.03,0.015,0.008,
11cc871,Ghost Family Living In Graveyard,Expert,Helloiamdaan & miitchel,2020,625,-0.005,0.03,0.012,0.015,
1a2cd71,Fantasie-Celeritas,Expert,ComplexFrequency,2021,1168,-0.05,-0.03,0.007,-0.03,
1adc051,THAT'S A JOKE,Hard,FatBeanzoop & muffn,2021,861,-0.027,-0.03,0.009,-0.003,
33ce6xx91,Xronièr,ExpertPlus,GalaxyMaster,2023,459,0.005,0.03,0.015,0.036,heavily retried
12af051,PYRO,Hard,Checkthepan & Teuflum,2021,1239,0.004,-0.03,0.008,-0.04,
2e44c51,MUKOKU,Hard,chikinbiskit,2023,345,-0.024,-0.03,0.016,-0.072,
e68d91,AURA,ExpertPlus,simplymarvellous,2020,1007,0.015,-0.03,0.009,0.014,many horizontal cuts / crossovers
4e1071,Ether Strike,Expert,fraies,2019,405,-0.076,-0.03,0.014,-0.074,
b68c71,Kodoku no Kakurenbo,Expert,TheRealZeroz & altrewin,2020,307,-0.032,-0.03,0.016,-0.038,
12ac871,Rocket Cider,Expert,SmileEaglet,2021,586,0.024,0.03,0.012,-0.035,
1b6fc51,Sjeng Oan de Geng,Hard,Gordon Feetman & Shark,2021,694,0.066,0.03,0.013,0.095,
7b3051,Tsurupettan,Hard,Kival Evan,2019,434,-0.009,-0.03,0.015,-0.078,long jump distance (28 m)
d75151,Guess Who Is Back,Hard,carrot,2020,292,0.052,0.03,0.018,0.048,long jump distance (27 m)
1e07d51,Unpleasant Sonata,Hard,"Complex, Jabob, & Slimy",2021,1488,-0.034,-0.03,0.007,-0.018,
12cab91,YELL!,ExpertPlus,Joshabi,2021,1452,0.005,0.03,0.007,0.054,
49389xxx91,CHUTEN,ExpertPlus,Glasso050,2025,645,-0.055,0.03,0.011,0.043,
2c67391,GETCHA!,ExpertPlus,namaki_mono & gmiz92,2022,1380,-0.026,-0.03,0.007,-0.016,many horizontal cuts / crossovers
12af011,PYRO,Easy,Checkthepan & Teuflum,2021,317,0.043,-0.03,0.021,-0.054,long jump distance (28 m); many horizontal cuts / crossovers
1ea8cxxxxx51,Zhuzhzhalka76,Hard,"yabje, Irish & fqrb",2021,1282,0.034,0.03,0.007,0.009,
1433891,No Heroes are Allowed to Enter,ExpertPlus,ThySpoon,2021,876,0.039,0.03,0.008,0.021,
39cb9xxx51,Nevxxxxerland,Hard,ViSi,2024,455,-0.051,-0.03,0.015,-0.013,
2b1d6xxx91,Infinity,ExpertPlus,D7oomyAli,2022,310,-0.028,0.03,0.017,0.043,
3d2a8xxxx31,Sonic Blaster,Normal,Darkrealm7,2024,197,0.006,0.03,0.038,-0.018,
1313f91,Start of the Determination,ExpertPlus,xScaramouche,2021,1341,0.006,0.03,0.007,0.052,
1527a51,Revolver Churros,Hard,scoop,2021,272,0.025,0.03,0.017,0.095,
1245e91,Radiclaw,ExpertPlus,CyanSnow,2021,2460,0.076,0.03,0.006,0.047,many horizontal cuts / crossovers
1fd41x51,Zombified,Hard,Bytrius,2022,1077,-0.02,-0.03,0.009,0.059,
17a7031,ListENiNg to spEEDcorE turNs you iNto A fuckiNg idiot,Normal,Emilia,2021,407,0.079,0.03,0.013,0.097,
10f8771,=El=Dorado=,Expert,Shappy,2020,914,-0.074,-0.03,0.008,-0.017,
3ad60xxxxxx11,DA'AT -The First Seeker of Souls-,Easy,foxylax & jojobanana,2024,302,0.001,-0.03,0.024,0.016,
7f3f91,The Girl,ExpertPlus,Teuflum,2020,1176,0.058,0.03,0.008,-0.024,long jump distance (28 m)
202d9xxx71,Gypsy Tronic,Expert,RocKz & yabje,2022,1083,0.048,0.03,0.009,0.015,many horizontal cuts / crossovers
1f0d51,Hyadain no Joujou Yuujou,Hard,todokete,2018,293,0.071,0.03,0.025,-0.051,long jump distance (26 m); many horizontal cuts / crossovers
10cf171,Very Noise,Expert,Checkthepan,2020,1543,-0.041,-0.03,0.008,-0.051,
e5cd91,Shinbatsu o Tadori Kyoukotsu ni Itaru,ExpertPlus,altrewin & ExUnReal,2020,465,0.043,0.03,0.013,0.036,
cddb51,TRICKL4SH 220,Hard,That_Narwhal,2020,407,0.067,0.03,0.015,0.012,long jump distance (30 m)
4cf6axx91,Ronald,ExpertPlus,Glasso050,2025,260,-0.077,-0.029,0.022,-0.046,
1821871,Endless Adventure,Expert,Timbo,2021,1381,-0.049,-0.029,0.007,-0.044,
948471,Bassdrop Freaks,Expert,muffn & Saut,2020,1181,-0.02,-0.029,0.008,-0.016,
5b2e71,volcanic,Expert,Souk & Hexagonial,2019,663,0.046,0.029,0.012,0.008,
6c4fxx91,Sudden Visitor,ExpertPlus,Loloppe,2019,287,-0.083,-0.029,0.02,-0.012,many horizontal cuts / crossovers
2a45a91,Scattered Faith,ExpertPlus,Aquaflee & voltage4356,2022,245,-0.005,0.029,0.018,0.029,
41c67xxxx71,QUATTUORUX,Expert,Azurii,2024,1084,-0.027,-0.029,0.009,-0.047,many horizontal cuts / crossovers
2ea6751,Bad Intentions [v3 Fitbeat],Hard,Scarladore,2023,258,0.074,0.029,0.021,0.024,many horizontal cuts / crossovers
26070x91,Sulyvahn,ExpertPlus,Helloiamdaan,2022,258,-0.026,-0.029,0.017,-0.033,
188ed31,The Everlasting Calamity That Shifts The Time - Space Continuum On A Nanosecondal Basis,Normal,Jabob & Helloiamdaan,2021,821,0.02,0.029,0.011,-0.036,
1ed01x71,All My Love,Expert,Olaf & RFCaps,2021,1707,-0.055,-0.029,0.008,-0.013,
196b991,Start of the Determination,ExpertPlus,Paper_Core,2021,1198,0.019,0.029,0.008,0.013,
fc4c51,Naughty little demon,Hard,Hoppaw,2020,712,0.035,-0.029,0.02,0.05,long jump distance (35 m); many horizontal cuts / crossovers
d4b871,You Are Mine,Expert,Ramen Noodle,2020,604,0.043,0.029,0.01,0.027,
1ff94xxxxx91,DANGEROOOOUS JUNGLE,ExpertPlus,Purp1e,2022,1305,-0.044,-0.029,0.009,-0.03,
1c7791,Belly Flopper,ExpertPlus,hexagonial,2018,1140,0.014,0.029,0.01,0.053,many horizontal cuts / crossovers
12fa251,Monolith,Hard,Schwank vs. Narwhal,2021,510,0.04,0.029,0.013,0.0,long jump distance (27 m)
40095xx91,Run Away,ExpertPlus,Lalahti,2024,930,-0.082,-0.029,0.01,-0.053,many horizontal cuts / crossovers
2767cx71,Safety!,Expert,"Phøenix, Endy, GojiCrafter",2022,173,0.011,0.029,0.02,0.053,
1949e11,Viyella's Scream,Easy,Timbo,2021,1324,-0.05,-0.029,0.01,-0.032,
e2ba51,Astronomia,Hard,That_Narwhal,2020,1691,-0.044,-0.029,0.008,0.005,
f92291,Tool,ExpertPlus,Rusty,2020,2288,-0.074,-0.029,0.008,-0.109,
18f4e31,Ghost Family Living In Graveyard,Normal,"Jabob, Narwhal & Schwank",2021,660,0.061,0.029,0.012,0.008,many horizontal cuts / crossovers
42fd0xxxxxx51,Vortex,Hard,ViSi,2025,964,-0.002,-0.029,0.009,-0.152,many horizontal cuts / crossovers; top players see it differently
1905931,Puppet Theater of Twee-Box,Normal,harbgy & Narwhal,2021,426,-0.003,0.029,0.017,0.054,
138ba31,True Hero,Normal,"Cerret, Complex & Daan",2021,1584,-0.029,-0.029,0.007,-0.057,
1013a51,Ultrasonic Anthem,Hard,Refugee Camp,2020,442,0.012,0.029,0.013,0.029,
ce4091,Wake Up,ExpertPlus,"SimplyMarvellous, Noxu & TheRealZeroz",2020,663,0.012,0.029,0.009,0.041,
a51171,Can We Fix It?,Expert,simplymarvellous,2020,893,-0.016,-0.029,0.013,0.021,long jump distance (27 m)
25b6791,Sparkling Galaxy,ExpertPlus,Yaomin,2022,1042,0.005,0.029,0.009,0.044,
103fb71,ENERGY SYNERGY MATRIX,Expert,Timbo,2020,1967,-0.052,-0.029,0.006,-0.025,
630e91,werewolf howls.,ExpertPlus,DE125,2019,952,0.063,0.029,0.008,0.039,many horizontal cuts / crossovers
2987391,Biscuits Have Arrived In The Aquarium,ExpertPlus,shrado,2022,497,0.054,0.029,0.013,0.022,
190cc11,WARNINGxWARNINGxWARNING,Easy,Yaomin,2021,170,-0.032,-0.029,0.042,0.024,few scores (noisy)
4a15dx71,Strawberry Rush,Expert,"Lalahti, Danny",2025,808,-0.082,0.029,0.013,-0.068,
a3d891,The Mob,ExpertPlus,EpicEwok,2020,765,0.012,0.029,0.009,0.067,
142f411,Imprinting,Easy,Fnyt,2021,465,-0.027,-0.029,0.022,-0.033,
243f91,Bomb Rush Blush (Smash Ultimate Mix),ExpertPlus,todokete,2018,1604,-0.03,-0.029,0.009,-0.061,many horizontal cuts / crossovers
19cf171,BATTLE NO.1,Expert,Various Mappers,2021,1362,-0.023,-0.029,0.007,-0.038,
4277axxxx91,Dies Irae,ExpertPlus,Voidless,2024,231,-0.026,0.029,0.023,0.032,many horizontal cuts / crossovers; heavily retried
3be60xxx51,Discord,Hard,minsiii,2024,317,0.035,0.029,0.02,0.071,
1e19951,Cinco,Hard,Timbo,2021,585,0.011,0.029,0.02,0.026,many horizontal cuts / crossovers
27e38x51,BREAKSH!T,Hard,Timeweaver,2022,826,0.029,0.028,0.013,0.086,
181a271,Haunted Bus,Expert,"Dexty, Atomo, & Jabob",2021,595,0.022,0.028,0.01,0.029,
2a4d9xx91,Falling down,ExpertPlus,D7oomyAli,2022,698,-0.038,-0.028,0.011,-0.035,
1013a31,Ultrasonic Anthem,Normal,Refugee Camp,2020,851,0.028,0.028,0.009,0.006,
1fb9c11,DANGEROOOOUS JUNGLE,Easy,Jabob,2022,907,-0.004,-0.028,0.012,0.035,
d90a71,Watch Me Dance!,Expert,SlimyBlob & Victonator,2020,1031,-0.018,-0.028,0.011,0.021,long jump distance (28 m)
2840cx91,Playing God,ExpertPlus,TG90 & Nitronik.EXE,2022,1815,0.053,0.028,0.007,0.011,
3fbe5xxxx51,115,Hard,Slayx & ViSi,2024,1508,-0.03,-0.028,0.007,-0.059,
49cacxxx91,Slash Inferno,ExpertPlus,D7oomyAli x Undeceiver x LunarByte,2025,603,-0.011,-0.028,0.01,-0.005,many horizontal cuts / crossovers
6b9b91,Night sky,ExpertPlus,Jez,2019,568,0.049,0.028,0.011,0.026,long jump distance (28 m)
1cab731,Imprinting,Normal,SlimyBlob & Shad,2021,598,-0.014,-0.028,0.015,0.024,
2c5b9xxx71,Dragostea Din Tei,Expert,Nebelmonster,2022,651,0.033,0.028,0.013,-0.025,
167a591,Beyond Eternity,ExpertPlus,Timbo,2021,789,-0.02,0.028,0.009,0.026,
f12471,Avalanche,Expert,That_Narwhal,2020,2479,-0.06,-0.028,0.006,-0.057,
41effxxxx51,Official,Hard,Jonas_0_0,2024,487,-0.043,-0.028,0.013,-0.09,
3d124x31,Inertia,Normal,"Lekrkoekj, BanditByTheStreet, Scorefam, steeak",2024,123,-0.105,-0.028,0.033,-0.08,
2b4cf71,Mambo,Expert,DeeDee,2022,275,-0.039,-0.028,0.017,-0.061,
d7c911,The Clear Blue Sky,Easy,Mystikmol,2020,305,-0.01,-0.028,0.026,-0.069,long jump distance (30 m)
36962x91,HEARTBEAT,ExpertPlus,Jonas_0_0,2023,663,0.05,0.028,0.011,0.01,many horizontal cuts / crossovers
37e08xx91,Did I Mention,ExpertPlus,Nebelmonster,2023,712,-0.029,-0.028,0.011,-0.055,many horizontal cuts / crossovers
20db5xxxx51,Speedcore Sonata in the Moonlight,Hard,Vilawes,2022,2025,-0.045,-0.028,0.006,-0.014,
aed791,Temple Of Sound,ExpertPlus,Khenab,2020,662,-0.005,-0.028,0.01,-0.029,many horizontal cuts / crossovers
194d891,Galaxy Friends,ExpertPlus,Cobayo,2021,857,-0.034,-0.028,0.009,-0.027,
3906fx91,The Illusionista of Love,ExpertPlus,GalaxyMaster,2024,762,-0.03,-0.028,0.011,-0.038,many horizontal cuts / crossovers
3b3bdxxx31,SEITEN NO TERIYAKI NO DENSETSU,Normal,edgii,2024,371,-0.041,-0.028,0.016,-0.048,
1a52371,POWA OF DA WILDANES,Expert,Atomosophere & Rune,2021,598,0.014,0.028,0.011,0.03,
36870xxxx71,DEADMAN'S BALLAD,Expert,Cratornugget,2023,728,-0.024,0.028,0.011,0.039,
4bbe5xx71,Wavetapper,Expert,Mr_bjo,2025,193,-0.032,0.028,0.028,-0.003,
29715xxx71,Introduction,Expert,fqrb & yabje,2022,2528,-0.065,-0.028,0.007,-0.029,
11c7731,CENSORED!!,Normal,Jabob,2020,986,0.033,0.028,0.013,0.035,long jump distance (28 m)
4a2a71,Crying for Rain,Expert,squeaksies,2019,1655,-0.006,0.028,0.008,0.16,long jump distance (26 m); many horizontal cuts / crossovers; top players see it differently
4936axxxxxxxxxxx71,G4M3-0V3R,Expert,shrado,2025,500,0.01,-0.028,0.016,-0.04,many horizontal cuts / crossovers
933291,USAO,ExpertPlus,Jez,2020,724,-0.042,-0.028,0.009,-0.024,
b68c51,Kodoku no Kakurenbo,Hard,TheRealZeroz & altrewin,2020,689,-0.052,-0.028,0.01,-0.075,
3898fx91,The Spoils,ExpertPlus,Undeceiver,2024,359,0.256,-0.028,0.022,-0.012,long jump distance (40 m); many horizontal cuts / crossovers
27be6xxx51,99.9,Hard,Spoekle & yabje,2022,2374,-0.05,-0.028,0.007,-0.026,
2b57151,Black Rover,Hard,Aquaflee,2022,750,0.043,0.028,0.012,0.047,
11c9c51,Scratch,Hard,CyanSnow,2020,295,-0.033,-0.028,0.018,0.063,
39984xx11,I GOT YOU ,Easy,Lalahti,2024,172,-0.034,0.028,0.025,-0.001,
2d7f5xx91,Haunted Device,ExpertPlus,Hener,2022,900,0.037,0.028,0.01,0.038,many horizontal cuts / crossovers
201e431,Speedcore Horse,Normal,Emilia & nolan121405,2022,675,-0.011,-0.028,0.013,0.033,
eb2891,Holdin' On,ExpertPlus,Hoppaw,2020,2045,0.015,-0.028,0.006,-0.019,
1d74291,Enemy,ExpertPlus,Joetastic,2021,4768,0.048,-0.028,0.004,0.033,many horizontal cuts / crossovers
26c74xx31,Riot,Normal,Fnyt,2022,803,0.019,0.028,0.011,0.011,
7d6c91,ANOMALY,ExpertPlus,fraies,2020,872,-0.053,-0.028,0.009,-0.016,
45365xxx71,HOT,Expert,"Lalahti, Danny",2025,399,-0.102,-0.028,0.013,-0.006,
12f3351,Cyaegha,Hard,Timbo,2021,1657,-0.027,-0.028,0.006,-0.032,
ff8351,Long Times,Hard,Teuflum & xScaramouche,2020,773,-0.046,-0.028,0.009,-0.016,
1ee2531,Ori and the Blind Forest - The Waters Cleansed,Normal,Sp234,2021,170,0.041,-0.027,0.03,-0.064,many horizontal cuts / crossovers
1a58451,Farewell,Hard,Shark,2021,364,-0.025,-0.027,0.019,-0.079,
1784251,Tenohira De Odoru,Hard,Tootie & Oddloop & fraies,2021,469,0.005,0.027,0.013,0.054,
b36651,Star Gate,Hard,Fnyt,2020,446,-0.035,-0.027,0.015,-0.12,long jump distance (32 m)
1e4ea11,"Restoring The Light, Facing The Dark",Easy,Sp234,2021,506,0.044,-0.027,0.021,-0.055,long jump distance (26 m); many horizontal cuts / crossovers
76c251,It's Raining Somewhere Else,Hard,Skeelie,2019,1698,0.017,-0.027,0.008,0.144,long jump distance (26 m); many horizontal cuts / crossovers; top players see it differently
138da31,Hellcat,Normal,CyanSnow,2021,261,0.056,0.027,0.021,-0.064,long jump distance (27 m)
19cf151,BATTLE NO.1,Hard,Various Mappers,2021,619,0.041,0.027,0.012,0.039,
1a1e591,Night Raid With A Dragon,ExpertPlus,Jabob vs. Narwhal,2021,1788,-0.029,-0.027,0.006,-0.034,
1ac0f71,p.h.,Expert,TOFU,2021,2833,-0.003,-0.027,0.006,0.005,
2185bxxxx91,Distorted Heavens,ExpertPlus,Timbo,2022,4233,-0.041,-0.027,0.004,-0.061,
1496b91,Invisible Frenzy,ExpertPlus,Denyah & Astrella,2021,533,0.041,0.027,0.01,0.028,
e2ba91,Astronomia,ExpertPlus,That_Narwhal,2020,1936,-0.052,-0.027,0.006,-0.017,
a5931,In My Heart,Normal,mystikmol,2018,220,-0.082,-0.027,0.025,-0.031,many horizontal cuts / crossovers
27be6xxx11,99.9,Easy,Spoekle & yabje,2022,1099,0.056,0.027,0.014,0.057,
1897d71,EZ Mode,Expert,Checkthepan,2021,1097,-0.052,-0.027,0.008,-0.024,
269351,I Want You,Hard,ejiejidayo,2018,574,-0.035,-0.027,0.016,0.099,many horizontal cuts / crossovers; top players see it differently
224f3xx71,KNOCK KNOCK,Expert,gmiz92,2022,276,-0.056,-0.027,0.016,-0.045,
88171,Hyadain no Kakata Katamoi-C,Expert,todokete,2018,363,-0.014,-0.027,0.017,-0.026,long jump distance (27 m); many horizontal cuts / crossovers
a51191,Can We Fix It?,ExpertPlus,simplymarvellous,2020,2253,-0.011,-0.027,0.007,-0.039,
2035951,The 90's Decision,Hard,That_Narwhal,2022,718,0.034,0.027,0.012,0.06,
117ac71,Fresh!,Expert,Jabob,2020,1059,0.021,0.027,0.009,0.037,
d0f631,Bassline Yatteru? w,Normal,Uninstaller,2020,544,0.03,0.027,0.015,0.009,long jump distance (27 m)
1b68131,Scare Me,Normal,Fatalution,2021,574,-0.028,-0.027,0.015,0.083,top players see it differently
369a0xxx91,Beyond the Geostationary Orbit Level,ExpertPlus,edgii,2023,223,-0.05,-0.027,0.016,-0.022,
3ee4bxx31,RTX 20000,Normal,Darkrealm7 & bobthezealot,2024,203,-0.077,-0.027,0.049,-0.039,few scores (noisy)
44d9exxxx91,TRUST!,ExpertPlus,Bellus,2025,650,-0.051,-0.027,0.013,-0.086,
1b341xxxxxxxxxxxxxxx91,Galaxy Collapse,ExpertPlus,Emilia,2021,318,-0.022,-0.027,0.018,-0.022,
948a91,Kill The Beat,ExpertPlus,simplymarvellous,2020,2645,0.059,0.027,0.005,0.072,
ff8311,Long Times,Easy,Teuflum & xScaramouche,2020,246,0.022,0.027,0.027,0.053,long jump distance (28 m)
165ed91,Jungle Fury,ExpertPlus,nolan121405,2021,940,-0.056,-0.027,0.008,-0.021,
3eedfxxx71,Re: End of a Dream,Expert,zomman,2024,748,-0.022,0.027,0.013,-0.033,short jump distance (14 m)
cfd591,NOTHING PERSONAL,ExpertPlus,Khenab,2020,1591,-0.018,-0.027,0.006,-0.02,
d79091,Einherjar Joker,ExpertPlus,Various Mappers,2020,951,-0.004,0.027,0.01,0.024,
1ffad11,A Drowning Cry,Easy,Fatalution,2022,348,0.047,0.027,0.03,-0.054,
44b4dxxxxxxxxxxx71,Konpeito Extremists,Expert,shrado & Voidless,2025,787,0.03,0.027,0.013,-0.026,many horizontal cuts / crossovers
15b6e91,Bassline Yatteru? w,ExpertPlus,Joshabi & altrewin,2021,2366,-0.032,-0.026,0.005,-0.028,
188ed71,The Everlasting Calamity That Shifts The Time - Space Continuum On A Nanosecondal Basis,Expert,Jabob & Helloiamdaan,2021,824,-0.049,-0.026,0.009,-0.027,
1966a51,XEVILIED,Hard,abcbadq,2021,705,-0.019,-0.026,0.012,-0.024,
3e209x91,Flashkick,ExpertPlus,CosmonautSaitni,2024,385,-0.071,-0.026,0.014,-0.029,
f59b51,The Snow White Princess is,Hard,Mystikmol & endcredits,2020,383,0.007,0.026,0.018,0.033,
120a871,Welcome To Chaos,Expert,CoolingCloset,2020,678,0.002,-0.026,0.011,-0.063,many horizontal cuts / crossovers
ca3011,The Beast,Easy,Ramen Noodle,2020,211,0.02,0.026,0.023,0.039,long jump distance (28 m)
b97b71,Uwa!! So Temperate,Expert,Xhera,2020,704,-0.057,-0.026,0.016,0.047,
3b62dxxx91,SHEESH,ExpertPlus,Lalahti,2024,1312,-0.06,-0.026,0.008,-0.031,
9ae391,"Quaoar (For ""Thanks Follower 50k"")",ExpertPlus,Checkthepan,2020,796,0.069,-0.026,0.009,-0.039,long jump distance (27 m); many horizontal cuts / crossovers
1694f71,Ringed Genesis,Expert,That_Narwhal,2021,1454,0.038,0.026,0.008,0.039,
1215171,Chirality,Expert,That_Narwhal,2020,590,0.02,0.026,0.011,0.027,
12f3391,Cyaegha,ExpertPlus,Timbo,2021,2211,-0.054,-0.026,0.006,-0.04,
732e51,Distortion,Hard,altrewin,2019,897,-0.061,-0.026,0.01,-0.054,
1bb8d31,Metamorphose,Normal,Jabob,2021,863,-0.001,-0.026,0.01,-0.003,
a46091,Takoyaki,ExpertPlus,Vilawes,2020,742,0.049,0.026,0.011,0.02,
1373571,SAtAN,Expert,"Sombra, Fnyt & Slamsyk",2021,617,0.051,0.026,0.013,0.015,
14b3431,"Top of the ""M""",Normal,abcbadq & altrewin,2021,518,0.036,0.026,0.012,-0.029,
24ec91,Phantasia,ExpertPlus,Krydar,2018,770,0.022,0.026,0.011,-0.024,long jump distance (28 m)
1af5771,The Unwritten Chapter,Expert,Emilia,2021,240,-0.01,-0.026,0.025,-0.004,
688851,The Glory Days,Hard,Kikis & Uninstaller,2019,590,0.057,0.026,0.013,0.002,long jump distance (34 m)
b47a71,Bleed Into Me,Expert,Rexxz,2020,312,0.074,0.026,0.017,-0.042,long jump distance (28 m)
39984xx31,I GOT YOU ,Normal,Lalahti,2024,199,-0.098,-0.026,0.026,-0.04,
1695f91,EgO,ExpertPlus,Soba`s,2021,556,0.019,0.026,0.013,0.01,
1305151,Xronier,Hard,"shrado, Scrappy, & altrewin",2021,952,-0.017,-0.026,0.008,-0.019,
fc4c31,Naughty little demon,Normal,Hoppaw,2020,638,0.077,0.026,0.022,0.13,long jump distance (32 m); top players see it differently
3ee4bxx11,RTX 20000,Easy,Darkrealm7 & bobthezealot,2024,478,-0.124,0.026,0.041,0.129,top players see it differently; few scores (noisy)
d8f571,Fracture Ray,Expert,muffn & FatBeanzoop,2020,942,0.022,0.026,0.008,0.013,
255fbxx91,MIRROR,ExpertPlus,"riasuh, RaccoonVR & Artjoms",2022,1199,0.002,0.026,0.008,0.009,
1a6a091,Overcome Me!!!!!!!,ExpertPlus,cerret,2021,1953,-0.007,-0.026,0.006,-0.03,
1f74771,Made of Fire,Expert,fraies & FatBeanzoop,2021,1134,0.043,0.026,0.009,-0.026,
28437xxxx71,Qrestfall,Expert,unluckyL & Aquaflee,2022,1933,-0.021,-0.026,0.007,-0.053,
1d49051,The Spirit Tree,Hard,Sp234,2021,467,0.025,0.026,0.018,0.046,
181a251,Haunted Bus,Hard,"Dexty, Atomo, & Jabob",2021,786,0.007,0.026,0.009,0.021,
99531,Energy Drink,Normal,moriik,2018,217,0.085,0.026,0.039,-0.005,long jump distance (34 m); many horizontal cuts / crossovers
2b62971,Stars,Expert,Phøenix,2022,274,-0.024,-0.026,0.018,0.049,
13de651,Ultimate Ascension,Hard,Narwhal and Complex,2021,781,0.046,0.026,0.011,-0.055,long jump distance (27 m)
732e31,Distortion,Normal,altrewin,2019,576,-0.064,-0.026,0.013,-0.053,
1c4a891,Lifelight,ExpertPlus,"FatBeanzoop, Umu & Nolanimations",2021,1516,-0.048,-0.026,0.006,-0.016,
2ea6771,Bad Intentions [v3 Fitbeat],Expert,Scarladore,2023,399,0.001,0.026,0.018,0.036,many horizontal cuts / crossovers
1b8d391,Berserkerz' Warfare 345,ExpertPlus,cerret & ComplexFrequency,2021,1048,0.021,0.026,0.009,0.024,
144bc11,Move,Easy,Teuflum,2021,225,0.027,0.026,0.024,0.034,long jump distance (26 m)
255fbxx71,MIRROR,Expert,"riasuh, RaccoonVR & Artjoms",2022,692,0.032,0.026,0.011,-0.006,
1d0cbx91,ONIGIRI FREEWAY,ExpertPlus,Fnyt,2021,1578,-0.022,-0.026,0.007,-0.035,
45265xxx91,Guns Blazing,ExpertPlus,"spartplat, Najoko",2025,934,-0.07,-0.026,0.01,-0.057,
1a1e571,Night Raid With A Dragon,Expert,Jabob vs. Narwhal,2021,1297,0.026,0.026,0.007,0.019,
1b15571,Kabul,Expert,Khenab,2021,817,-0.066,-0.026,0.008,0.015,
1989b51,Illuyanka,Hard,nolan121405,2021,464,-0.007,-0.026,0.014,-0.02,
8d8971,Meowchine,Expert,CyanSnow,2020,1070,0.073,0.026,0.009,0.049,long jump distance (27 m)
1985431,astrid,Normal,nolan121405,2021,944,-0.027,-0.026,0.014,-0.008,
1cd5971,PanicPop*FESTIVAL!!!,Expert,Shan_Man & Nolanimations,2021,2300,-0.003,-0.026,0.006,-0.056,
1af8951,Dear Future Husband,Hard,GianniKoch,2021,462,0.02,0.026,0.019,-0.018,
31cb1x71,The Dumb Song,Expert,"Lekrkoekj, Tpenny68, Scorefam",2023,558,-0.024,-0.026,0.014,-0.021,
37a4ax91,Cold-Blooded,ExpertPlus,"ben208, Phøenix",2023,1143,-0.004,0.026,0.009,0.003,many horizontal cuts / crossovers
1e94191,The Curse Of The Lovely Fox,ExpertPlus,abcbadq,2021,1357,0.053,0.026,0.007,0.042,many horizontal cuts / crossovers
1374b71,Evacuate The Moshpit,Expert,Emilia & Oddloop,2021,1018,0.07,0.026,0.008,0.023,
1a80e51,The X Is On Fire,Hard,Cobayo,2021,886,0.032,0.026,0.011,0.095,
2ad5491,KICK BACK,ExpertPlus,CookedChili,2022,3185,-0.047,-0.026,0.006,-0.083,
75a71,Snow Halation,Expert,todokete,2018,619,0.019,-0.025,0.014,0.029,players reset/repeat directions the analyzer does not expect; long jump distance (28 m); many horizontal cuts / crossovers
12d9671,Mane Mane Psychotropic,Expert,SlimyBlob,2021,1010,0.075,0.025,0.008,0.006,many horizontal cuts / crossovers
2da0fxx91,Mjölnir,ExpertPlus,SSnowy,2023,581,0.007,0.025,0.011,0.031,
1492f91,C18H27NO3,ExpertPlus,Duh Hello,2021,542,-0.054,0.025,0.011,0.038,
23a2c71,Dreaded Note,Expert,cerret & Nolanimations,2022,570,0.067,0.025,0.011,0.001,
26c74xx71,Riot,Expert,Fnyt,2022,2185,0.052,0.025,0.006,-0.024,
29d68xxxx51,Big,Hard,D7oomyAli,2022,445,0.058,0.025,0.014,0.044,
1a2cd31,Fantasie-Celeritas,Normal,ComplexFrequency,2021,910,-0.032,-0.025,0.009,-0.016,
262cbxxx91,osu!memories 2,ExpertPlus,Various Mappers,2022,853,0.035,0.025,0.008,0.033,
4225bxxxxxxx71,Mai Mai Mai,Expert,Dr_Marc & Ge2toro,2024,385,-0.013,-0.025,0.014,-0.069,
57c71,Zzz,Expert,todokete,2018,624,0.156,0.025,0.015,0.129,long jump distance (31 m); many horizontal cuts / crossovers; top players see it differently
35ac0x71,Forget Me,Expert,Hexagonial & XAce1337manX,2023,536,0.025,0.025,0.013,-0.019,
16a2f51,Collapse Of Ego,Hard,Helloiamdaan,2021,969,0.018,0.025,0.01,-0.029,
3c0bexxxxx91,ENDYMION,ExpertPlus,"Joshabi, Bitz & Fnyt",2024,475,0.024,-0.025,0.013,-0.019,many horizontal cuts / crossovers
4a2a91,Crying for Rain,ExpertPlus,squeaksies,2019,1905,0.008,0.025,0.007,0.137,long jump distance (30 m); many horizontal cuts / crossovers; top players see it differently
2c220xx71,Start of the Determination,Expert,dentalstonk,2022,772,0.047,0.025,0.01,0.021,
47a42xxxx91,Protect Me,ExpertPlus,CyphFrix,2025,369,-0.038,-0.025,0.017,-0.027,
3f72dxxxx31,Curious,Normal,"Danny, Lalahti",2024,258,-0.091,-0.025,0.024,0.082,top players see it differently
1542111,Oniyuri,Easy,Mystikmol & Pug,2021,222,0.088,0.025,0.033,0.027,long jump distance (30 m); many horizontal cuts / crossovers
aed771,Temple Of Sound,Expert,Khenab,2020,420,-0.042,-0.025,0.014,-0.063,long jump distance (27 m)
1de9891,Compute It With Some Devilish Alcoholic Steampunk Engines,ExpertPlus,Joshabi,2021,2907,-0.042,-0.025,0.005,-0.037,
1fa2111,Chakra,Easy,Jabob,2022,784,-0.018,-0.025,0.013,-0.015,
19ad791,Feral,ExpertPlus,abcbadq,2021,698,-0.002,0.025,0.01,0.025,many horizontal cuts / crossovers
3b37bx91,Magnetic,ExpertPlus,"minsiii, Jonas_0_0",2024,1991,-0.084,0.025,0.007,0.006,short jump distance (15 m)
4a15dx11,Strawberry Rush,Easy,"Lalahti, Danny",2025,277,-0.023,-0.025,0.03,-0.023,
138da91,Hellcat,ExpertPlus,CyanSnow,2021,1733,0.083,0.025,0.007,0.063,many horizontal cuts / crossovers
1f9d271,Harakiri,Expert,FatBeanzoop & Fvrwvrd,2022,753,-0.002,-0.025,0.009,-0.028,
2035911,The 90's Decision,Easy,That_Narwhal,2022,431,0.023,0.025,0.02,0.027,
29c8b11,99.9,Easy,Soggynan & Anammelech,2022,633,0.01,0.025,0.014,0.068,
a97b51,Too Far,Hard,Teuflum & Halcyon12,2020,743,0.01,-0.025,0.014,0.028,long jump distance (30 m)
35b17xxxx31,Final-Boss-Chan,Normal,Darkrealm7,2023,637,0.073,0.025,0.013,-0.009,
20402x91,Orbit,ExpertPlus,Tranch,2022,1306,-0.022,-0.025,0.009,-0.079,many horizontal cuts / crossovers
8d8911,Meowchine,Easy,CyanSnow,2020,229,0.01,-0.025,0.025,-0.064,long jump distance (27 m)
1fd41x11,Zombified,Easy,Bytrius,2022,326,0.058,0.025,0.02,0.029,
1a7f951,Animosity,Hard,ThySpoon,2021,1076,0.066,0.025,0.011,0.066,
1ed01x11,All My Love,Easy,Olaf & RFCaps,2021,641,-0.072,-0.025,0.025,-0.102,
b00231,Daijoubu,Normal,Skeelie,2020,150,0.007,-0.025,0.034,-0.04,players reset/repeat directions the analyzer does not expect; long jump distance (28 m); many horizontal cuts / crossovers
e3a051,iiillluuuvvvUUU,Hard,Emilia,2020,497,-0.038,-0.025,0.014,-0.05,
3af82xxxx11,ONE SPARK,Easy,"Lalahti, FireStrike",2024,135,0.001,0.025,0.041,0.067,few scores (noisy)
1a45951,Freedom Dive,Hard,That_Narwhal,2021,1336,0.049,0.025,0.008,0.039,
13a071,Greenlights Serenade,Expert,edzo,2018,356,0.107,0.025,0.016,-0.032,long jump distance (34 m); many horizontal cuts / crossovers
23b63xxxxxxx71,Lowermost revolt,Expert,muffn,2022,1245,-0.015,-0.025,0.007,-0.024,
117ac51,Fresh!,Hard,Jabob,2020,949,0.001,0.025,0.01,0.02,
c2f191,Jumping!!,ExpertPlus,VRMasked & Dr_Marc,2020,1242,0.01,-0.025,0.009,-0.066,long jump distance (28 m)
e2bc71,Mushussu,Expert,abcbadq & Dr_Marc,2020,614,-0.007,-0.024,0.011,-0.032,
5c8591,sink to the deep sea world,ExpertPlus,Oddloop,2019,527,0.026,0.024,0.012,0.031,
35f5891,Haru Hisagi,ExpertPlus,CookedChili & yabje,2023,610,0.011,0.024,0.011,0.001,
144bc31,Move,Normal,Teuflum,2021,351,0.02,0.024,0.018,0.044,
128ea71,Wolves Standing Towards Enemies,Expert,That_Narwhal,2021,1125,-0.054,-0.024,0.008,-0.023,
1b7bf51,Silentphobia,Hard,fraies,2021,1395,-0.012,-0.024,0.008,-0.025,
19ef051,Nasty * Nasty * Spell,Hard,Joshabi,2021,1687,-0.046,-0.024,0.007,-0.001,
30f6axxx91,sprinter/intercity,ExpertPlus,Mrcaterpillar,2023,748,0.08,0.024,0.014,0.039,heavily retried
126bd11,XTREME,Easy,Timbo,2021,619,-0.004,0.024,0.013,0.03,
3c3dfx71,Blue Heart,Expert,"Lalahti, Danny",2024,767,-0.042,-0.024,0.01,-0.022,
2c7b1xxxxxx51,Glucagon,Hard,ComplexFrequency,2022,969,-0.022,0.024,0.011,-0.011,
1adc071,THAT'S A JOKE,Expert,FatBeanzoop & muffn,2021,869,-0.024,-0.024,0.009,-0.051,
23f2e11,Cut The Line,Easy,Bytrius,2022,205,-0.029,0.024,0.03,-0.127,top players see it differently
12cca91,Anemone,ExpertPlus,Jabob & Vilawes,2021,725,0.026,0.024,0.01,0.029,
2d1e531,paradox,Normal,Various Mappers,2022,248,0.008,0.024,0.023,0.054,
405c3xx91,search & destroy,ExpertPlus,GojiCrafter & Parapass,2024,1107,-0.002,0.024,0.009,0.027,many horizontal cuts / crossovers
102e291,Tool,ExpertPlus,Kitoyo & Emilia,2020,2759,-0.058,-0.024,0.007,-0.052,
1090811,Liquid Answers,Easy,Checkthepan,2020,190,0.122,0.024,0.023,-0.042,long jump distance (30 m); many horizontal cuts / crossovers
280091,Teo (ft. Hatsune Miku),ExpertPlus,hexagonial,2018,1265,-0.001,-0.024,0.007,-0.018,
243e5xx11,Ajuga,Easy,shrado & Fnyt,2022,406,0.003,-0.024,0.016,-0.024,
b97b51,Uwa!! So Temperate,Hard,Xhera,2020,677,-0.011,0.024,0.018,0.119,
3c433xxx91,Accendio,ExpertPlus,Jonas_0_0,2024,955,-0.007,-0.024,0.012,-0.031,many horizontal cuts / crossovers
21c09x51,Raging Stream,Hard,Cat Using A Toaster,2022,338,0.02,0.024,0.016,0.027,
10cf151,Very Noise,Hard,Checkthepan,2020,872,0.027,-0.024,0.011,0.021,
2639991,Reverie on the Onyx,ExpertPlus,ThySpoon,2022,401,-0.023,-0.024,0.017,-0.027,
186e591,Missing You,ExpertPlus,Nolanimations,2021,1319,0.008,-0.024,0.007,-0.057,
3ad60xxxxxx31,DA'AT -The First Seeker of Souls-,Normal,foxylax & jojobanana,2024,816,0.003,-0.024,0.011,0.01,
8c0a31,BLACK LABEL,Normal,Yun0,2020,251,-0.073,-0.024,0.021,-0.044,
d75191,Guess Who Is Back,ExpertPlus,carrot,2020,688,0.087,-0.024,0.011,-0.027,many horizontal cuts / crossovers
29d32xxxxx91,Trinity Homerun,ExpertPlus,"Tseska, Irish & Joshabi",2022,909,-0.028,-0.024,0.008,-0.028,
37d44x31,Coin,Normal,accuwucy,2023,247,-0.076,0.023,0.036,0.024,
1edb171,Never Alone,Expert,DE125,2021,1230,0.045,0.023,0.007,0.0,
c2f131,Jumping!!,Normal,VRMasked & Dr_Marc,2020,927,0.029,0.023,0.009,0.029,long jump distance (29 m)
3c3cexxxxxxxxx71,Mo-no/liTH,Expert,Komeijisan051,2024,575,-0.051,-0.023,0.011,-0.029,
1047391,PARALLEL*PRISM,ExpertPlus,That_Narwhal,2020,1139,0.021,0.023,0.008,0.01,
1820a91,Endless Adventure,ExpertPlus,Fvrwvrd,2021,1407,0.03,0.023,0.006,0.035,
3928exxxx91,I'm kidding,ExpertPlus,Petersome,2024,712,-0.038,-0.023,0.011,-0.017,many horizontal cuts / crossovers
158ce51,PROJECTION,Hard,abcbadq & altrewin,2021,829,-0.024,-0.023,0.009,-0.057,
11cc851,Ghost Family Living In Graveyard,Hard,Helloiamdaan & miitchel,2020,558,0.009,0.023,0.015,-0.049,
28437xxxx51,Qrestfall,Hard,unluckyL & Aquaflee,2022,985,0.032,0.023,0.009,0.019,
12ab371,Just the Way You Are,Expert,Uninstaller,2021,1169,0.009,0.023,0.007,0.002,
31d13xxxxxxx71,Luminency,Expert,Fnyt,2023,1370,-0.051,-0.023,0.009,-0.036,
13ae291,Miku,ExpertPlus,Nolanimations & Rusty,2021,2756,-0.034,-0.023,0.005,-0.013,
36cf0x11,Teo,Easy,chikinbiskit,2023,220,-0.045,-0.023,0.03,-0.08,
ba0951,IZANA,Hard,That_Narwhal,2020,1140,-0.024,-0.023,0.008,-0.036,
6c6291,M1917,ExpertPlus,Aithke & Loloppe,2019,580,-0.06,-0.023,0.01,-0.032,
2dd671,Berry Go !!,Expert,yun0,2019,716,0.042,0.023,0.012,-0.001,
e97011,Shiny Happy Days,Easy,VRMasked & Dr_Marc,2020,355,0.036,-0.023,0.02,-0.082,long jump distance (36 m)
2847d91,"Haunt, The Cartoon Heart",ExpertPlus,BrightKnight,2022,730,0.073,0.023,0.01,0.039,many horizontal cuts / crossovers
1b7d631,You'll Be Gone,Normal,EmotionalFlight,2021,247,-0.004,0.023,0.023,-0.016,
1601071,Quicksand,Expert,"Jabob, Narwhal, & Jez",2021,499,0.013,0.023,0.011,0.02,
1677a71,Bang!,Expert,BrightKnight,2021,1265,0.008,0.023,0.01,0.154,top players see it differently
270e0xxx91,Route 209 (Day),ExpertPlus,"yabje, Rashed & Tea Drinker",2022,2110,0.018,0.023,0.006,0.001,
5d9f91,Dreamin' Tonight,ExpertPlus,Yun0,2019,811,0.048,0.023,0.009,0.099,
1a7a391,Tempestissimo,ExpertPlus,Kitoyo,2021,996,0.005,0.023,0.008,0.027,
72ef91,Hidamari no Uta,ExpertPlus,carrot & Loloppe,2019,305,0.001,-0.023,0.017,-0.027,long jump distance (32 m)
f58351,Ludicrous Speed,Hard,Refugee Camp,2020,1788,0.014,-0.023,0.008,0.047,
25b6771,Sparkling Galaxy,Expert,Yaomin,2022,522,-0.007,0.023,0.015,0.04,
17d51,Life Will Change,Hard,squeaksies,2018,395,-0.091,-0.023,0.017,-0.023,many horizontal cuts / crossovers
20d7671,BATTLE NO.1,Expert,"Bitz, HypersonicSharkz & Luck",2022,1727,0.023,0.023,0.007,-0.012,
27c61xx91,Pachamama,ExpertPlus,Emilia,2022,354,0.004,0.023,0.017,0.027,
1d49071,The Spirit Tree,Expert,Sp234,2021,1776,-0.045,-0.023,0.008,0.106,top players see it differently
a2de91,The Government Knows,ExpertPlus,Ramen Noodle,2020,1157,0.029,-0.023,0.008,0.008,many horizontal cuts / crossovers
3dfc4xx91,Joker's Cranberrybox,ExpertPlus,"ViSi as ""U.N.Owen""",2024,330,0.01,-0.023,0.02,-0.028,heavily retried
3116exxxx91,Prism Fountain,ExpertPlus,1100ping_boi,2023,1440,-0.054,-0.023,0.007,-0.045,
243e5xx91,Ajuga,ExpertPlus,shrado & Fnyt,2022,1562,-0.052,-0.023,0.007,-0.021,
882251,First Storm,Hard,Uninstaller,2020,280,0.031,0.023,0.021,-0.076,long jump distance (29 m)
26fc491,EVE,ExpertPlus,yabje,2022,1626,-0.045,-0.023,0.007,-0.047,
4936axxxxxxxxxxx31,G4M3-0V3R,Normal,shrado,2025,725,0.047,-0.023,0.013,-0.109,many horizontal cuts / crossovers
9b3151,Sankaku,Hard,Skeelie,2020,208,0.027,0.023,0.019,0.025,long jump distance (28 m)
32266x91,We Won't Be Alone,ExpertPlus,Darkrealm7,2023,2327,-0.033,-0.023,0.006,-0.036,
19be191,Uebok VIP,ExpertPlus,Fatalution,2021,2402,-0.03,-0.023,0.006,-0.022,
166cf71,Wander Sound,Expert,XAce1337manX,2021,476,0.048,0.023,0.014,0.029,many horizontal cuts / crossovers
1eb8231,Untouched,Normal,RocKz vs. Shappy,2021,928,-0.09,-0.023,0.01,0.033,
e34871,LET'S JUMP,Expert,Khenab,2020,504,0.052,0.022,0.012,0.027,
1f28491,Cambodia,ExpertPlus,Skeelie,2021,1835,0.086,0.022,0.007,0.0,many horizontal cuts / crossovers
ba0971,IZANA,Expert,That_Narwhal,2020,1325,0.025,0.022,0.008,-0.024,
12fa291,Monolith,ExpertPlus,Schwank vs. Narwhal,2021,1060,-0.069,-0.022,0.008,-0.015,
1985451,astrid,Hard,nolan121405,2021,1514,-0.021,-0.022,0.009,-0.062,
14af871,Spectral,Expert,Jabob,2021,712,-0.028,-0.022,0.011,-0.036,
35a61xxxxxxxxx71,Lapin Beast,Expert,Alpha Cancri,2023,304,-0.016,-0.022,0.017,-0.022,
fbe291,Shake The Ground,ExpertPlus,Checkthepan,2020,467,0.048,0.022,0.011,0.03,many horizontal cuts / crossovers
2dd691,Berry Go !!,ExpertPlus,yun0,2019,1303,0.041,-0.022,0.008,0.039,long jump distance (26 m); many horizontal cuts / crossovers
1e07d31,Unpleasant Sonata,Normal,"Complex, Jabob, & Slimy",2021,932,0.037,0.022,0.01,0.051,
5d9f71,Dreamin' Tonight,Expert,Yun0,2019,380,0.095,0.022,0.014,0.043,long jump distance (36 m)
1b67791,Toilet,ExpertPlus,Fatalution,2021,2159,-0.001,-0.022,0.007,-0.06,
3d124x51,Inertia,Hard,"Lekrkoekj, BanditByTheStreet, Scorefam, steeak",2024,204,-0.069,-0.022,0.023,-0.045,
16b3371,Last Kingdom,Expert,Uninstaller,2021,1360,-0.05,0.022,0.009,0.017,
42a5cxxx71,epitaxy,Expert,Darkrealm7,2024,1068,-0.025,-0.022,0.009,-0.004,
1dc9431,Mystery Circles Ultra / U.U.F.O.,Normal,cerret & Nolanimations,2021,1177,-0.01,-0.022,0.009,0.015,
24d9bx91,Yggdrasil,ExpertPlus,GalaxyMaster,2022,381,0.035,0.022,0.014,0.027,many horizontal cuts / crossovers
2e44c71,MUKOKU,Expert,chikinbiskit,2023,360,0.017,0.022,0.015,-0.033,
24d40x11,The Grey,Easy,Bytrius,2022,182,-0.021,0.022,0.033,-0.031,
1ab2f71,Step!,Expert,Jevk,2021,548,-0.029,-0.022,0.013,-0.006,
40e10xxxxxxx11,Medicine,Easy,The Pharmacists,2024,1210,0.089,0.022,0.011,-0.053,many horizontal cuts / crossovers
376dex91,crystallized,ExpertPlus,edgii,2023,1438,-0.026,-0.022,0.007,-0.023,
1a52391,POWA OF DA WILDANES,ExpertPlus,Atomosophere & Rune,2021,578,-0.059,-0.022,0.01,-0.021,
a40531,Dolphin On Wheels,Normal,Checkthepan,2020,236,0.027,0.022,0.021,0.008,
2e09fxx91,Borderline Of The Moon,ExpertPlus,take_nyan,2023,692,-0.02,0.022,0.01,0.037,
1b6fc91,Sjeng Oan de Geng,ExpertPlus,Gordon Feetman & Shark,2021,1705,0.026,0.022,0.007,0.014,players reset/repeat directions the analyzer does not expect
fba391,Ruffneck Bass,ExpertPlus,Nolanimations,2020,602,0.036,0.022,0.01,0.037,
e8c851,Valhalla:0,Hard,That_Narwhal,2020,837,0.023,0.022,0.01,-0.039,
201e471,Speedcore Horse,Expert,Emilia & nolan121405,2022,1569,-0.059,-0.022,0.007,-0.032,
11c9c71,Scratch,Expert,CyanSnow,2020,798,0.036,-0.022,0.01,0.083,top players see it differently
166cf51,Wander Sound,Hard,XAce1337manX,2021,282,-0.014,-0.022,0.021,-0.02,
43d05xxx11,APT.,Easy,"Lalahti, Danny",2025,443,-0.063,-0.022,0.02,0.123,top players see it differently
3e542xxxxxx91,This is SPARTA !!!,ExpertPlus,Hibiscus,2024,1047,0.079,0.022,0.01,0.014,many horizontal cuts / crossovers
3a539xxxxxxx91,this is what space feels like,ExpertPlus,ben,2024,1777,-0.027,-0.022,0.007,-0.078,
dc3e91,BOY,ExpertPlus,Bloodcloak,2020,743,0.035,0.022,0.011,0.052,long jump distance (27 m)
c24e91,Brain Stomp,ExpertPlus,Nolanimations,2020,828,-0.018,-0.021,0.008,-0.019,
49cacxxx11,Slash Inferno,Easy,D7oomyAli x Undeceiver x LunarByte,2025,128,-0.064,-0.021,0.044,-0.044,few scores (noisy)
e4d91,Ange du Blanc Pur,ExpertPlus,hexagonial,2018,775,-0.075,0.021,0.012,0.072,
2a57191,ANOTHER HIM,ExpertPlus,Phøenix,2022,1541,0.134,-0.021,0.013,0.024,many horizontal cuts / crossovers
1fb9c71,DANGEROOOOUS JUNGLE,Expert,Jabob,2022,2276,-0.008,0.021,0.006,0.002,
1df7a91,If You Can't Hang,ExpertPlus,Olaf & Joshabi,2021,1835,-0.004,-0.021,0.006,-0.051,
1079371,Planetes,Expert,Uninstaller,2020,1205,0.007,0.021,0.008,0.009,
d77f51,Wish upon Twin Stars,Hard,That_Narwhal,2020,742,-0.038,-0.021,0.011,-0.072,
1090831,Liquid Answers,Normal,Checkthepan,2020,332,0.04,0.021,0.016,0.039,many horizontal cuts / crossovers
1fccd11,Escaping the Ruins,Easy,Sp234,2022,575,0.116,0.021,0.021,-0.021,long jump distance (27 m); many horizontal cuts / crossovers
27be6xxx91,99.9,ExpertPlus,Spoekle & yabje,2022,3219,-0.02,-0.021,0.005,-0.039,
a5951,In My Heart,Hard,mystikmol,2018,292,-0.004,0.021,0.023,0.065,many horizontal cuts / crossovers
2d93e91,BREAKME,ExpertPlus,yabje,2023,1568,-0.067,-0.021,0.007,-0.025,
1b01b11,Knight Rider,Easy,"Nolanimations, Timbo",2021,667,-0.005,-0.021,0.017,-0.022,
3ca7dxxxxx31,Envy Cat Walk,Normal,"Dr_Marc, Comyute, Cratornugget",2024,425,-0.017,0.021,0.015,-0.012,
201e451,Speedcore Horse,Hard,Emilia & nolan121405,2022,1482,-0.071,-0.021,0.007,-0.035,
12df491,KORO DISCO!,ExpertPlus,Depito,2021,2218,0.005,-0.021,0.006,-0.029,
13b2b31,Extra Credit on the Chromosome Test! VICTORY ROYALE!!!,Normal,lobster & FatBeanzoop,2021,1370,-0.078,-0.021,0.007,-0.005,
732e91,Distortion,ExpertPlus,altrewin,2019,711,-0.043,-0.021,0.01,-0.018,
15b6e71,Bassline Yatteru? w,Expert,Joshabi & altrewin,2021,1502,-0.002,0.021,0.007,0.011,
12c0c31,Superpower,Normal,SlimyBlob,2021,307,0.056,0.021,0.023,0.047,long jump distance (28 m); many horizontal cuts / crossovers
1d5d491,Kisaragi,ExpertPlus,Nolanimations,2021,1862,-0.02,-0.021,0.006,-0.012,
492e7xxx71,Challenger,Expert,"tecmonke, Kinz",2025,604,-0.035,-0.021,0.012,-0.084,many horizontal cuts / crossovers
132e931,More One Night,Normal,That_Narwhal,2021,1017,0.005,-0.021,0.012,0.035,long jump distance (26 m)
a54451,G4M3-0V3R,Hard,shrado & abcbadq,2020,1557,0.029,0.021,0.008,0.031,
3ad60xxxxxx51,DA'AT -The First Seeker of Souls-,Hard,foxylax & jojobanana,2024,832,-0.014,-0.021,0.01,-0.026,
1bb8d71,Metamorphose,Expert,Jabob,2021,2571,0.019,0.021,0.005,0.024,
23a2c31,Dreaded Note,Normal,cerret & Nolanimations,2022,305,0.018,-0.021,0.016,-0.072,
2a77f71,Lost in a Wave,Expert,JohnieCanine,2022,198,0.067,0.021,0.022,0.027,
1583691,Feelin Sky,ExpertPlus,Depito & ExUnReal,2021,1370,-0.011,-0.021,0.006,-0.018,
875a91,Ricochet,ExpertPlus,ExUnReal,2020,1058,0.009,0.021,0.007,0.036,
12d5691,BUCK WILD,ExpertPlus,ComplexFrequency & Helloiamdaan,2021,639,0.029,0.021,0.011,0.019,
1fd41x91,Zombified,ExpertPlus,Bytrius,2022,2290,-0.025,-0.02,0.005,-0.02,
1ea1exxxx91,Crazy banger,ExpertPlus,Aquaflee,2021,1174,-0.014,0.02,0.009,0.027,
18d3e71,Heart of Witch,Expert,Uninstaller,2021,1559,0.021,0.02,0.008,-0.012,
2713cx91,Burn,ExpertPlus,Rashed,2022,1868,0.009,0.02,0.008,-0.009,
5c8191,Tool-Assisted Speedcore,ExpertPlus,Souk,2019,1071,0.017,-0.02,0.008,-0.013,long jump distance (29 m)
1de9871,Compute It With Some Devilish Alcoholic Steampunk Engines,Expert,Joshabi,2021,1544,0.006,0.02,0.007,0.012,
3d124x91,Inertia,ExpertPlus,"Lekrkoekj, BanditByTheStreet, Scorefam, steeak",2024,1145,-0.083,-0.02,0.009,-0.009,
142f451,Imprinting,Hard,Fnyt,2021,1482,0.042,0.02,0.008,0.004,
1fc8551,CRUISE BEAST,Hard,TJ & dibl & TzurS11,2022,880,0.008,-0.02,0.01,0.007,long jump distance (27 m)
1a68551,DUAL BREAKER XX,Hard,ThySpoon & ThyYeet,2021,1126,0.082,0.02,0.009,0.035,
108f551,Tonchiki ranchiki chindon kikou,Hard,SieR,2020,541,-0.011,0.02,0.013,0.054,
340c0xxxxx71,TremENDouS,Expert,GalaxyMaster,2023,459,-0.034,-0.02,0.011,-0.014,
37c1dxx91,Affiliate Requiem,ExpertPlus,edgii,2023,330,0.017,0.02,0.017,0.023,
11b6251,Bustin,Hard,CyanSnow & Teuflum,2020,514,-0.126,-0.02,0.014,0.046,
25e40xxxx71,Trauma,Expert,yabje,2022,1279,-0.019,-0.02,0.008,-0.042,
103fb31,ENERGY SYNERGY MATRIX,Normal,Timbo,2020,619,0.014,0.02,0.015,0.012,long jump distance (27 m)
eb2851,Holdin' On,Hard,Hoppaw,2020,815,0.033,0.02,0.01,0.074,
29d32xxxxx31,Trinity Homerun,Normal,"Tseska, Irish & Joshabi",2022,748,-0.028,-0.02,0.01,-0.029,
3da61xxxx31,ABCD,Normal,"Lalahti, Jonas_0_0",2024,472,-0.0,0.02,0.014,0.076,
3ff31xxxxx51,Saishuu Kichiku Imouto Flandre-S,Hard,ViSi,2024,1039,0.02,-0.02,0.009,-0.07,many horizontal cuts / crossovers
192c951,Le Virus,Hard,"Rusty, miitchel, Nolan & yabje",2021,840,-0.037,-0.02,0.009,-0.031,
20d7611,BATTLE NO.1,Easy,"Bitz, HypersonicSharkz & Luck",2022,536,0.025,0.02,0.016,-0.008,
194b411,Big Daddy,Easy,Timbo,2021,1248,-0.015,0.02,0.012,-0.03,
3a73fxxx51,CHEER UP,Hard,"Lalahti, Jonas_0_0",2024,379,0.018,0.02,0.017,0.046,
13d0191,(Sto) Czterdziesci i Cztery,ExpertPlus,RocKz,2021,1387,0.002,0.02,0.007,0.019,
416b4xxx71,Towa no Yakusoku to Nanika,Expert,ZeCube,2024,636,0.002,0.02,0.012,-0.042,many horizontal cuts / crossovers
100e751,256*256,Hard,Rise & SieR,2020,1219,-0.009,0.02,0.008,0.055,
47f84xxxxx71,Sis Puella Magica!,Expert,The Lunar Carver,2025,162,-0.031,0.02,0.027,0.015,
281b771,Thunder,Expert,Semdol,2022,760,0.082,0.02,0.012,0.081,
f1e391,KillerBeast,ExpertPlus,muffn & Rogdude,2020,899,0.031,0.02,0.008,0.029,
30735xxxxx31,"Lights, Camera, Action! - Studiopolis Zone Act 1",Normal,Dereknalox123 & Elecast,2023,733,-0.014,0.02,0.014,0.006,
f91e11,Who's Laughing Now,Easy,Teuflum,2020,415,0.034,0.02,0.028,-0.041,long jump distance (31 m)
c61b71,Blaster,Expert,That_Narwhal,2020,1174,-0.018,0.02,0.008,0.005,
1e44511,"Ori, Lost in the Storm",Easy,Phoenix,2021,642,0.034,0.02,0.024,-0.013,
379e9xxxxxx91,Future Dash,ExpertPlus,Petersome,2023,1258,-0.071,-0.02,0.009,-0.014,many horizontal cuts / crossovers
1a01291,Farewell,ExpertPlus,shrado,2021,979,-0.036,0.02,0.01,0.002,
1a77891,AIAIAI,ExpertPlus,Jevk,2021,1855,-0.052,-0.02,0.007,-0.033,
127ec31,Nibelungen,Normal,ComplexFrequency,2021,1200,0.016,-0.02,0.008,0.065,
ad9b91,Ruins,ExpertPlus,Rexxz,2020,345,0.076,0.02,0.012,0.006,long jump distance (27 m)
1877491,It's Been So Long,ExpertPlus,shrado & Schwank,2021,2558,-0.001,-0.02,0.006,-0.025,many horizontal cuts / crossovers
3ccc5x91,4GET,ExpertPlus,UglyApe,2024,1365,-0.044,-0.02,0.008,-0.012,
2557bx91,with U,ExpertPlus,Purp1e,2022,624,0.011,0.02,0.012,0.005,
1bdd91,osu!memories,ExpertPlus,psyc0pathic,2018,538,-0.025,0.02,0.012,0.069,many horizontal cuts / crossovers
882271,First Storm,Expert,Uninstaller,2020,620,-0.035,-0.02,0.011,0.026,
1b01b31,Knight Rider,Normal,"Nolanimations, Timbo",2021,705,-0.065,-0.02,0.011,-0.046,
168de91,Der Herrgott hot glocht,ExpertPlus,"MonsterWook, FatBeanzoop & Fnyt",2021,1570,-0.033,-0.019,0.007,-0.033,players reset/repeat directions the analyzer does not expect
26daf51,Hot & Cold,Hard,Voidless,2022,598,0.001,-0.019,0.015,0.06,
3361391,May,ExpertPlus,yabje,2023,946,-0.018,-0.019,0.011,-0.099,
1fb9c31,DANGEROOOOUS JUNGLE,Normal,Jabob,2022,1373,-0.022,-0.019,0.008,-0.029,
1695f71,EgO,Expert,Soba`s,2021,1012,-0.03,-0.019,0.01,-0.075,
1ff94xxxxx51,DANGEROOOOUS JUNGLE,Hard,Purp1e,2022,1688,0.033,0.019,0.007,-0.017,
1f2e591,Darling Dance,ExpertPlus,BigSlick,2021,877,0.033,-0.019,0.01,-0.029,many horizontal cuts / crossovers
10f8751,=El=Dorado=,Hard,Shappy,2020,887,-0.017,0.019,0.009,0.072,
3d8caxxx91,From The Start,ExpertPlus,ben,2024,2061,-0.035,-0.019,0.007,-0.053,
3bef7xxx71,Higher Ground,Expert,Darkrealm7,2024,853,0.021,0.019,0.011,0.068,
906e71,Lonely,Expert,xScaramouche,2020,264,0.034,0.019,0.019,-0.036,long jump distance (31 m)
275e351,Gold,Hard,CookedChili,2022,1034,-0.025,-0.019,0.01,0.066,
11cc891,Ghost Family Living In Graveyard,ExpertPlus,Helloiamdaan & miitchel,2020,990,0.018,0.019,0.009,0.003,
110de91,Mine All Day,ExpertPlus,Helloiamdaan,2020,908,0.061,0.019,0.009,0.031,long jump distance (26 m)
4c5e3xx91,Godspeed,ExpertPlus,IlluminatiSalad & Huh,2025,223,0.074,0.019,0.025,0.033,
1661c91,Get Gamered Up,ExpertPlus,Jabob,2021,617,0.012,0.019,0.01,0.021,
166cf31,Wander Sound,Normal,XAce1337manX,2021,168,0.053,0.019,0.035,0.016,long jump distance (27 m); many horizontal cuts / crossovers
2c00e91,Sound Chimera,ExpertPlus,Purp1e,2022,501,-0.036,-0.019,0.014,-0.013,
1b67731,Toilet,Normal,Fatalution,2021,350,0.014,0.019,0.017,-0.03,
25b7d51,I Won't,Hard,Lekrkoekj,2022,220,-0.046,0.019,0.026,0.015,
1687f91,ADAM,ExpertPlus,Shan_Man,2021,2439,-0.023,-0.019,0.006,-0.055,
3730dxx91,Hours,ExpertPlus,Darkrealm7,2023,1186,-0.001,-0.019,0.009,-0.007,
f0ea31,To Be Beautiful,Normal,Rayman9515,2020,134,0.158,-0.019,0.041,-0.054,long jump distance (30 m); many horizontal cuts / crossovers; few scores (noisy)
196b951,Start of the Determination,Hard,Paper_Core,2021,682,-0.003,0.019,0.011,-0.014,
1696071,Moonlight Sonata 3rd Movement,Expert,J1K,2021,796,0.01,0.019,0.009,-0.006,
1ac4791,Memories of the winter storm,ExpertPlus,Jabob,2021,1719,-0.017,-0.019,0.006,-0.027,
7b6151,Reach The Core,Hard,Khenab,2020,279,-0.025,0.019,0.02,-0.016,
3e05cxxx91,AMBERGRIS,ExpertPlus,Darkrealm7,2024,750,0.02,0.019,0.01,-0.007,
e29851,Destiny,Hard,Emilia,2020,173,0.145,0.019,0.021,0.038,long jump distance (28 m); many horizontal cuts / crossovers
1694591,Trigger,ExpertPlus,Edmard,2021,714,0.005,-0.019,0.009,-0.023,
1b26a51,Feel Alive,Hard,Timbo,2021,1077,0.005,0.019,0.011,0.097,
12dc391,RELOADED,ExpertPlus,CoolingCloset,2021,1245,0.059,0.019,0.007,0.021,many horizontal cuts / crossovers
101a091,Haachama Channel,ExpertPlus,Light Ai & xtpn,2020,2811,0.072,-0.019,0.007,-0.082,many horizontal cuts / crossovers
2812fxx31,Halo Reach - Lone Wolf,Normal,Sp234,2022,111,-0.086,-0.019,0.037,-0.052,
3fa76xxxx91,Night of Knights,ExpertPlus,Komeijisan & Shosa,2024,836,-0.02,0.018,0.009,0.026,many horizontal cuts / crossovers
1d3f5x51,Night Raid with a Dragon,Hard,nolan121405,2021,1257,-0.001,0.018,0.009,0.031,
428a3xx11,Winter (The Wind Can Be Still),Easy,UglyApe,2024,186,0.044,0.018,0.053,-0.08,long jump distance (38 m); few scores (noisy)
1c6f091,Far Away,ExpertPlus,Bitz & HypersonicSharkz,2021,3204,-0.021,-0.018,0.005,-0.042,many horizontal cuts / crossovers
2171ex91,AIAIAI,ExpertPlus,ItsVasili,2022,848,-0.036,-0.018,0.01,0.006,many horizontal cuts / crossovers
19b2771,Sparkling Software,Expert,"Cobayo, Vilawes & Slimy",2021,1693,-0.008,-0.018,0.006,-0.034,
d0f691,Bassline Yatteru? w,ExpertPlus,Uninstaller,2020,1013,0.048,0.018,0.011,0.031,many horizontal cuts / crossovers
2d52631,Ori and the Blind Forest - Completing The Circle,Normal,Sp234,2022,190,0.019,-0.018,0.031,-0.042,many horizontal cuts / crossovers
1d2efx91,Night of Nights,ExpertPlus,Joshabi & Aquaflee,2021,501,-0.026,-0.018,0.014,-0.022,
447b5xxxxx91,Ascension to Heaven,ExpertPlus,PnfrlEnm,2025,405,0.018,-0.018,0.013,0.028,many horizontal cuts / crossovers
343cex91,Devil Inside Me,ExpertPlus,Nebelmonster & CMP1111,2023,767,-0.009,-0.018,0.011,-0.029,many horizontal cuts / crossovers
c64331,Digital Girl,Normal,Skeelie,2020,205,0.062,0.018,0.025,0.04,long jump distance (30 m)
17dd091,northern_limit,ExpertPlus,Emilia,2021,1420,0.001,-0.018,0.008,-0.014,
1a47791,Spider Dance,ExpertPlus,Jabob & Fvrwvrd,2021,795,0.017,0.018,0.009,0.019,
16a5e51,REANIMATE,Hard,cerret & Nolanimations,2021,1617,0.011,0.018,0.008,0.088,
3bc7bxxxx71,Bad Side,Expert,steeak & Tsunami_Pro,2024,577,-0.006,0.018,0.014,0.075,
1ad3b91,Megalovania,ExpertPlus,Joshabi & Olaf,2021,2829,-0.049,-0.018,0.005,-0.007,
124d291,ALONE,ExpertPlus,muffn & SimplyMarvellous,2021,976,0.057,0.018,0.008,-0.008,many horizontal cuts / crossovers
f91e31,Who's Laughing Now,Normal,Teuflum,2020,430,0.016,0.018,0.024,0.039,long jump distance (30 m)
3c252x31,Cloud Nine,Normal,"Danny, Lalahti",2024,117,-0.067,0.018,0.033,-0.05,
1fb3a91,Ether Strike,ExpertPlus,harbgy & Aquaflee,2022,1050,-0.066,-0.018,0.009,-0.03,
a97b71,Too Far,Expert,Teuflum & Halcyon12,2020,1494,0.006,-0.018,0.007,-0.005,long jump distance (27 m)
44b4dxxxxxxxxxxx91,Konpeito Extremists,ExpertPlus,shrado & Voidless,2025,1152,-0.058,-0.018,0.01,-0.067,many horizontal cuts / crossovers
3f72dxxxx51,Curious,Hard,"Danny, Lalahti",2024,471,-0.091,-0.018,0.014,0.057,
a97b91,Too Far,ExpertPlus,Teuflum & Halcyon12,2020,3203,0.018,-0.018,0.005,-0.045,
26af7xxx31,FUTURE is Dead,Normal,Voidless & Goob,2022,549,0.026,0.018,0.015,-0.015,
19ef031,Nasty * Nasty * Spell,Normal,Joshabi,2021,1300,-0.046,-0.018,0.009,-0.09,
133d691,I CAN'T STOP ME,ExpertPlus,Sotarks,2021,949,0.009,-0.018,0.008,-0.023,many horizontal cuts / crossovers
1021791,[BLEED BLOOD],ExpertPlus,Jabob,2020,3176,-0.016,-0.018,0.004,-0.003,
ba0931,IZANA,Normal,That_Narwhal,2020,457,-0.042,-0.018,0.017,-0.018,long jump distance (27 m)
2f14ax51,Play Me Like That Video Game,Hard,LaidBackAries,2023,447,0.005,-0.018,0.018,0.035,
15f7451,Chapter 99: Afterword,Hard,Emilia,2021,734,0.019,0.018,0.014,0.065,
1ac4751,Memories of the winter storm,Hard,Jabob,2021,532,0.009,0.018,0.013,0.01,
1c775x51,TERABYTE,Hard,Huh,2021,1333,-0.024,-0.018,0.007,-0.022,
397bdxx91,NextLevelNation,ExpertPlus,Craedien,2024,506,0.058,0.018,0.014,0.013,many horizontal cuts / crossovers
2fa03xxxx51,∞Bit Sequencer,Hard,Fnyt,2023,1194,0.046,0.018,0.008,0.011,many horizontal cuts / crossovers
39984xx91,I GOT YOU ,ExpertPlus,Lalahti,2024,1672,-0.029,-0.018,0.007,0.005,
d8f551,Fracture Ray,Hard,muffn & FatBeanzoop,2020,809,0.019,-0.018,0.009,-0.009,
1958051,Chemical Cookie,Hard,Cobayo,2021,826,-0.006,-0.017,0.012,0.042,
ffb591,Deadly force - Put an end,ExpertPlus,abcbadq,2020,306,0.026,0.017,0.015,0.012,
4aafexxxxxx91,Shy Toy Soldier,ExpertPlus,Cush,2025,191,0.142,0.017,0.022,0.03,many horizontal cuts / crossovers
3e6cdxxxxx91,lustre,ExpertPlus,"UglyApe, Darkrealm7, edgii",2024,389,0.01,0.017,0.012,0.03,
1fdfaxx51,Electromagnetic Stealth Girl Born In Philadelphia,Hard,Aimedhades16 & Lobster,2022,1364,0.005,0.017,0.007,0.027,
2777cx51,Aien-Jihen,Hard,Gabriel & take_nyan,2022,816,0.02,0.017,0.011,-0.005,
4a15dx31,Strawberry Rush,Normal,"Lalahti, Danny",2025,361,-0.023,0.017,0.022,0.171,top players see it differently
7b6171,Reach The Core,Expert,Khenab,2020,446,-0.039,-0.017,0.013,-0.06,
12c0c71,Superpower,Expert,SlimyBlob,2021,646,0.015,0.017,0.01,0.024,long jump distance (27 m)
44eaaxxxxxxx71,Superhero,Expert,Blenderman,2025,789,-0.067,-0.017,0.011,-0.051,short jump distance (16 m); many horizontal cuts / crossovers
242dc51,Antithesis,Hard,EOP Glacier,2022,1047,-0.028,-0.017,0.012,0.051,many horizontal cuts / crossovers
b33651,Le Train Fantome,Hard,Vilawes,2020,512,-0.011,0.017,0.014,0.042,
1a2f791,Meikaruza,ExpertPlus,zilianthegreat & SlimyBlob,2021,1446,0.064,0.017,0.007,0.02,
3ad60xxxxxx71,DA'AT -The First Seeker of Souls-,Expert,foxylax & jojobanana,2024,184,-0.019,-0.017,0.028,-0.008,heavily retried
1a46291,"Fusyoku Ressentiment, Fushiyoku No Sarugakuza.",ExpertPlus,shrado & Scrappy,2021,323,-0.01,0.017,0.013,0.011,
4e1091,Ether Strike,ExpertPlus,fraies,2019,911,-0.013,-0.017,0.011,-0.033,long jump distance (28 m)
23596xxx71,Novablast,Expert,"Bitz, Cokeinjector, Luck & Sync",2022,1949,-0.039,-0.017,0.006,-0.029,
12dfd91,Snow Halation,ExpertPlus,Rusty,2021,1127,-0.05,-0.017,0.008,-0.016,
1a56831,Forever,Normal,Teuflum & muffn,2021,1214,-0.007,-0.017,0.009,-0.082,
6551,Awe,Hard,rustic,2018,398,-0.043,-0.017,0.021,-0.0,many horizontal cuts / crossovers
c61b91,Blaster,ExpertPlus,That_Narwhal,2020,1712,0.016,0.017,0.007,0.022,
43c96xxxx91,Hyper Bass,ExpertPlus,ZeCube,2025,141,0.094,0.017,0.028,0.026,many horizontal cuts / crossovers
1a46651,KillerToy,Hard,Jabob,2021,1483,0.035,0.017,0.007,0.023,
40095xx31,Run Away,Normal,Lalahti,2024,198,-0.062,-0.017,0.024,0.068,
166831,Meltdown feat. Rin,Normal,todokete,2018,192,0.011,-0.017,0.043,-0.014,long jump distance (29 m); many horizontal cuts / crossovers; few scores (noisy)
12b5391,VVelcome!!,ExpertPlus,SieR,2021,743,-0.03,-0.017,0.011,-0.014,
13b1751,UNO,Hard,Schwank vs. Narwhal,2021,866,-0.017,-0.017,0.009,0.035,
1d0cbx11,ONIGIRI FREEWAY,Easy,Fnyt,2021,460,0.055,0.017,0.018,-0.015,
281c5xx51,Immortal Flame,Hard,Jevk,2022,212,0.021,-0.017,0.018,-0.003,long jump distance (31 m)
12fa271,Monolith,Expert,Schwank vs. Narwhal,2021,1132,-0.003,0.017,0.008,0.012,
11c7771,CENSORED!!,Expert,Jabob,2020,2920,-0.033,-0.017,0.005,-0.033,
2c9bfxx91,Sister's Noise,ExpertPlus,anammelech,2022,524,-0.026,-0.017,0.014,-0.018,
6b8c51,MAYDAY,Hard,"Oddloop, RedMagi & AaltopahWi",2019,891,0.036,-0.017,0.014,0.001,long jump distance (34 m)
2713cx71,Burn,Expert,Rashed,2022,1014,0.043,0.017,0.01,0.015,
1667f91,Deep in the Night,ExpertPlus,scoop,2021,1000,-0.031,-0.017,0.007,-0.036,
18d3e31,Heart of Witch,Normal,Uninstaller,2021,540,-0.007,-0.017,0.015,0.04,long jump distance (28 m)
3b62dxxx51,SHEESH,Hard,Lalahti,2024,388,0.006,0.017,0.019,0.09,
b78591,HINODE,ExpertPlus,cerret,2020,1262,-0.033,-0.017,0.007,-0.015,
1fb3a51,Ether Strike,Hard,harbgy & Aquaflee,2022,858,-0.039,-0.017,0.009,0.002,
17e5571,Yubi Breaker,Expert,Jabob,2021,1345,-0.021,-0.017,0.008,-0.023,
41218xxx51,Cherish (My Love),Hard,"Lalahti, Danny",2024,470,-0.122,-0.017,0.014,-0.05,
90e671,Melancholia,Expert,Astrella,2020,1647,0.031,0.017,0.007,0.021,
44d9exxxx51,TRUST!,Hard,Bellus,2025,291,-0.04,0.017,0.021,-0.055,
1c54511,MeteorGlow Aftermath,Easy,Mystikmol,2021,289,-0.008,-0.017,0.019,-0.02,
b31391,HE4VEN,ExpertPlus,Mystikmol,2020,835,0.003,0.017,0.011,0.007,
a06351,Weeble Wobble VIP,Hard,+1 Rabbit,2020,631,0.011,-0.017,0.012,-0.015,long jump distance (29 m)
2c5b9xxx11,Dragostea Din Tei,Easy,Nebelmonster,2022,326,-0.03,-0.016,0.025,-0.033,
1cb5591,Big Town Banky Blaine's Rockabilly BBQ,ExpertPlus,BrightKnight,2021,1490,0.012,-0.016,0.007,-0.035,many horizontal cuts / crossovers
206b251,AK-40000000,Hard,Teuflum,2022,1535,-0.006,-0.016,0.008,0.053,
1b01b91,Knight Rider,ExpertPlus,"Nolanimations, Timbo",2021,2963,-0.003,-0.016,0.005,-0.051,
2d93e71,BREAKME,Expert,yabje,2023,814,-0.038,-0.016,0.01,-0.034,
12cab71,YELL!,Expert,Joshabi,2021,982,-0.004,0.016,0.008,0.003,
8bc71,Blood Sugar,Expert,rustic,2018,750,-0.036,-0.016,0.014,0.104,many horizontal cuts / crossovers; top players see it differently
1cce691,Spin Eternally,ExpertPlus,Nolanimations,2021,2849,0.026,0.016,0.005,0.014,
17a7091,ListENiNg to spEEDcorE turNs you iNto A fuckiNg idiot,ExpertPlus,Emilia,2021,974,0.025,0.016,0.008,0.016,
16e93x91,Rainbow Freeze,ExpertPlus,ComplexFrequency,2021,450,0.002,0.016,0.018,0.017,
233d291,Be Better,ExpertPlus,JRE_McNuggies & Taragon123,2022,963,-0.061,-0.016,0.009,-0.009,
187b191,Get Gamered Up,ExpertPlus,ItsVasili,2021,555,-0.029,-0.016,0.011,-0.003,
3ee0cxxxx91,UMMU,ExpertPlus,Blackjack,2024,679,0.015,-0.016,0.012,-0.014,many horizontal cuts / crossovers
3ff08xxxx51,CLAUDIA,Hard,BlAck_vOid-1001 vs. GalaxyMaster,2024,708,-0.007,-0.016,0.012,-0.099,
a20391,Tinnitus,ExpertPlus,abcbadq & Tootie,2020,893,0.041,-0.016,0.009,-0.003,many horizontal cuts / crossovers
2193cxx71,Oha-Yo-del!!,Expert,BigSlick,2022,1024,0.009,-0.016,0.008,-0.017,many horizontal cuts / crossovers
190cc91,WARNINGxWARNINGxWARNING,ExpertPlus,Yaomin,2021,680,0.006,0.016,0.011,0.031,many horizontal cuts / crossovers
1ed01x31,All My Love,Normal,Olaf & RFCaps,2021,577,-0.023,0.016,0.021,-0.036,
2e44c31,MUKOKU,Normal,chikinbiskit,2023,172,-0.018,-0.016,0.03,-0.064,
1895f31,Wild Ride,Normal,abcbadq,2021,331,-0.007,-0.016,0.018,0.028,
14b3451,"Top of the ""M""",Hard,abcbadq & altrewin,2021,694,0.014,0.016,0.01,-0.02,
340c0xxxxx91,TremENDouS,ExpertPlus,GalaxyMaster,2023,228,0.016,0.016,0.016,0.019,many horizontal cuts / crossovers
2824051,Bad Things,Hard,Bytrius,2022,712,0.017,0.016,0.013,0.083,
23f7bxx31,Dimension Hacker,Normal,Aquaflee,2022,1431,0.011,0.016,0.008,-0.009,
1d70931,EASY LOVE,Normal,That_Narwhal,2021,462,0.017,0.016,0.016,0.056,
40e0cxxx51,Final Hope,Hard,Poochy,2024,633,-0.018,-0.016,0.012,-0.099,
275e391,Gold,ExpertPlus,CookedChili,2022,2420,0.003,0.016,0.006,0.031,
3d06axxxxxxxxxxxx91,driving with my eyes closed,ExpertPlus,"Parapass, Classicstar & UglyApe",2024,932,-0.063,-0.016,0.012,-0.009,many horizontal cuts / crossovers
1cb6871,Main theme - Definite Edition,Expert,Sp234,2021,2115,-0.009,-0.016,0.008,0.094,long jump distance (26 m); top players see it differently
28dabxxx91,Gate of Hope,ExpertPlus,Alpal & Helloiamdaan,2022,240,0.01,-0.016,0.019,-0.021,
409ebxxxxx71,Scatman,Expert,shrado,2024,1542,-0.01,-0.016,0.009,-0.049,many horizontal cuts / crossovers
19b2711,Sparkling Software,Easy,"Cobayo, Vilawes & Slimy",2021,417,0.021,0.016,0.016,0.062,
20fdbxxxxxxx91,200cc,ExpertPlus,Spoekle & fqrb,2022,4721,0.038,0.016,0.004,-0.032,
cddb71,TRICKL4SH 220,Expert,That_Narwhal,2020,537,-0.001,0.016,0.011,-0.003,
1a2f771,Meikaruza,Expert,zilianthegreat & SlimyBlob,2021,1188,-0.027,-0.016,0.008,-0.017,
cca811,In My Heart,Easy,Mystikmol,2020,227,-0.03,-0.016,0.037,0.004,long jump distance (29 m)
2a636x91,Ouvertüre,ExpertPlus,Slayx,2022,728,-0.007,0.016,0.011,0.011,
220091,"Daisuki, Evolution",ExpertPlus,hexagonial,2018,672,0.053,-0.016,0.014,-0.01,long jump distance (35 m); many horizontal cuts / crossovers
1e0d511,Bounce,Easy,Fatalution,2021,338,-0.032,0.016,0.028,-0.071,
449a51,Fallen (Short Ver.),Hard,Uninstaller,2019,874,-0.099,-0.016,0.009,0.048,
e6a491,Diastrophism,ExpertPlus,Nuketime,2020,471,0.012,-0.016,0.011,-0.007,many horizontal cuts / crossovers
29c8b51,99.9,Hard,Soggynan & Anammelech,2022,1018,-0.029,-0.016,0.011,-0.017,
182bc91,Additional Memory,ExpertPlus,Joshabi,2021,2162,-0.016,-0.016,0.006,-0.051,
1601091,Quicksand,ExpertPlus,"Jabob, Narwhal, & Jez",2021,824,-0.005,0.015,0.01,0.012,
16bb151,Toymatic Parade,Hard,cerret,2021,1090,0.017,0.015,0.009,0.04,
342f5x91,Glide,ExpertPlus,Darkrealm7,2023,1581,-0.0,-0.015,0.007,-0.011,
3d124x71,Inertia,Expert,"Lekrkoekj, BanditByTheStreet, Scorefam, steeak",2024,311,-0.091,-0.015,0.02,0.043,
447b5xxxxx51,Ascension to Heaven,Hard,PnfrlEnm,2025,562,0.024,0.015,0.013,-0.038,
18e391,You're Everything,ExpertPlus,Zorowo,2018,524,0.038,0.015,0.012,0.081,many horizontal cuts / crossovers
1badc91,The Things We Believe In,ExpertPlus,Cyrix,2021,905,0.002,-0.015,0.008,-0.019,
1821891,Endless Adventure,ExpertPlus,Timbo,2021,1068,-0.033,-0.015,0.007,-0.013,
1b49e11,Darling Dance,Easy,Emir,2021,378,0.045,0.015,0.019,0.038,
20d0bx31,Iro o Ushinatta Machi,Normal,CoolingCloset & Helloiamdaan & Nolanimations,2022,1851,0.032,0.015,0.007,-0.055,
1079271,Mischievous Princess,Expert,Kitoyo,2020,632,-0.002,0.015,0.012,0.001,
fb8b71,Battle Of The Bros,Expert,Khenab,2020,1097,-0.047,-0.015,0.008,0.034,
26c74xx91,Riot,ExpertPlus,Fnyt,2022,2707,-0.006,-0.015,0.006,-0.04,
1c4a811,Lifelight,Easy,"FatBeanzoop, Umu & Nolanimations",2021,459,0.023,0.015,0.018,-0.019,
123b951,Vitality,Hard,Emir,2021,945,0.029,0.015,0.009,0.027,
29a1091,Get Your Wish,ExpertPlus,Emilia,2022,831,-0.061,-0.015,0.011,-0.011,
1eb8271,Untouched,Expert,RocKz vs. Shappy,2021,1166,-0.056,-0.015,0.009,-0.021,
fb8b51,Battle Of The Bros,Hard,Khenab,2020,476,-0.016,0.015,0.014,0.045,
1a59391,Barbecue,ExpertPlus,Schwank & Jabob,2021,2160,0.057,0.015,0.006,0.019,many horizontal cuts / crossovers
1375791,Flugel Arpeggio,ExpertPlus,Kuurama,2021,1368,-0.034,-0.015,0.008,-0.015,
71e591,Moudoku ga Osou,ExpertPlus,Tootie,2019,650,0.006,-0.015,0.011,-0.053,long jump distance (29 m)
33b46xx71,dumb dumb,Expert,August & RaccoonVR,2023,833,-0.02,-0.015,0.012,-0.034,many horizontal cuts / crossovers
2b56591,Ultimate Koopa,ExpertPlus,Jevk,2022,881,-0.007,-0.015,0.01,0.018,
12f3311,Cyaegha,Easy,Timbo,2021,622,0.001,0.015,0.015,0.04,long jump distance (28 m)
1b7d651,You'll Be Gone,Hard,EmotionalFlight,2021,545,-0.036,-0.015,0.015,0.071,
1d25f71,Oudenophobia,Expert,Ethanatorza7,2021,768,0.007,-0.015,0.009,-0.024,
33321xx91,Idol,ExpertPlus,"yabje, Rusty & Andy",2023,3836,-0.01,0.015,0.004,-0.023,
bd1d91,Shelter,ExpertPlus,muffn & SpiritusNoctis,2020,890,0.015,0.015,0.008,0.023,
16a3591,USAO ULTIMATE HYPER MEGA MIX,ExpertPlus,Edmard,2021,734,0.03,0.015,0.009,0.007,
1d74251,Enemy,Hard,Joetastic,2021,2049,0.017,0.015,0.01,0.22,top players see it differently
e3a071,iiillluuuvvvUUU,Expert,Emilia,2020,795,0.017,0.015,0.009,0.005,
23f7bxx91,Dimension Hacker,ExpertPlus,Aquaflee,2022,2218,0.018,0.015,0.006,0.005,
1fccd51,Escaping the Ruins,Hard,Sp234,2022,1003,0.032,-0.015,0.011,0.028,many horizontal cuts / crossovers
75a51,Snow Halation,Hard,todokete,2018,309,0.11,0.015,0.019,0.048,long jump distance (28 m); many horizontal cuts / crossovers
1adc091,THAT'S A JOKE,ExpertPlus,FatBeanzoop & muffn,2021,1289,0.018,0.015,0.007,0.007,
120a891,Welcome To Chaos,ExpertPlus,CoolingCloset,2020,1159,0.058,-0.015,0.009,-0.023,many horizontal cuts / crossovers
1ad2b71,Toxic Violet Cubes,Expert,BSWC Team,2021,1685,0.021,0.015,0.006,0.016,
2f46291,Diabolic Swing,ExpertPlus,yabje,2023,1250,-0.046,0.015,0.009,-0.004,
19b6f51,Rampage,Hard,simplymarvellous,2021,788,-0.015,-0.015,0.01,0.041,
16d2f31,HellFire,Normal,abcbadq & Timbo,2021,430,0.014,0.015,0.013,-0.012,
1a209xxxxxx91,Fallen Symphony,ExpertPlus,abcbadq & Alice,2021,1498,0.045,0.015,0.007,0.026,
1fec11,The Merchant Guild - 100k Contest,Easy,bakuenjin,2018,235,0.085,-0.015,0.033,-0.011,long jump distance (29 m); many horizontal cuts / crossovers
2ee2dxx71,fall at the same time,Expert,GojiCrafter & GalaxyMaster,2023,851,0.084,-0.015,0.014,-0.008,many horizontal cuts / crossovers
10cf191,Very Noise,ExpertPlus,Checkthepan,2020,1343,0.053,-0.015,0.008,-0.022,many horizontal cuts / crossovers
3e0dexxx71,fun TIME,Expert,Xarope93,2024,473,-0.066,-0.015,0.014,-0.006,
1f9f6x11,Heracles,Easy,Fnyt,2022,385,0.024,-0.015,0.019,0.043,
19cf191,BATTLE NO.1,ExpertPlus,Various Mappers,2021,1371,0.03,0.015,0.007,-0.0,
28ada71,31Hz,Expert,Raydz,2022,1000,0.011,0.014,0.009,0.023,
1313f71,Start of the Determination,Expert,xScaramouche,2021,917,-0.011,-0.014,0.009,0.032,
1373591,SAtAN,ExpertPlus,"Sombra, Fnyt & Slamsyk",2021,1147,-0.0,0.014,0.009,-0.0,
e34891,LET'S JUMP,ExpertPlus,Khenab,2020,684,-0.036,-0.014,0.01,0.002,
ca6251,Chikatto Chika Chika,Hard,abcbadq,2020,483,0.009,0.014,0.016,-0.036,
12b5331,VVelcome!!,Normal,SieR,2021,452,-0.057,-0.014,0.013,0.011,
2f9b2xxxx71,Embracing intelligences,Expert,shrado,2023,854,0.036,0.014,0.011,-0.037,many horizontal cuts / crossovers
8de191,Ringo Hiyori ~ The Wolf Whistling Song,ExpertPlus,Skeelie,2020,567,0.093,-0.014,0.013,-0.039,long jump distance (30 m); many horizontal cuts / crossovers
32c29xxx91,Future Candy,ExpertPlus,Remie,2023,1329,-0.023,-0.014,0.007,-0.052,
4e6afxxx71,D/N/A,Expert,Anammelech & Glasso050,2026,344,-0.011,0.014,0.016,-0.046,
1821851,Endless Adventure,Hard,Timbo,2021,1049,-0.007,0.014,0.008,-0.005,
9c1791,Nanamori,ExpertPlus,Depito & ExUnReal,2020,1109,0.036,0.014,0.008,0.009,many horizontal cuts / crossovers
e71891,Blastix Riotz,ExpertPlus,cerret,2020,526,-0.011,-0.014,0.012,-0.015,
3db1fxxxx91,Drift,ExpertPlus,"Serephor, Tpenny68",2024,405,-0.001,-0.014,0.013,-0.024,
46e4fxxx91,Lay Down,ExpertPlus,Uncouth,2025,914,-0.095,-0.014,0.009,-0.069,
a06371,Weeble Wobble VIP,Expert,+1 Rabbit,2020,1089,0.009,-0.014,0.009,-0.009,long jump distance (29 m)
3a73fxxx71,CHEER UP,Expert,"Lalahti, Jonas_0_0",2024,478,-0.036,0.014,0.012,-0.028,
1a55e51,My Album Is Out On Dance Corps So Now I Am Allowed To Do A Dancecore Yay!,Hard,Emilia,2021,824,0.003,-0.014,0.011,0.007,
270e0xxx71,Route 209 (Day),Expert,"yabje, Rashed & Tea Drinker",2022,748,0.024,0.014,0.01,-0.013,
33aa2xxx71,Megaburn,Expert,Pleo,2023,1058,-0.066,-0.014,0.009,-0.022,many horizontal cuts / crossovers
3712dxxx91,Friendly Gigant Fire,ExpertPlus,oegoe & yabje,2023,1407,-0.005,0.014,0.009,-0.005,many horizontal cuts / crossovers
3bb99x11,Masquerade,Easy,realtasty,2024,894,-0.111,-0.014,0.015,0.002,short jump distance (16 m)
12cac91,///Under Construxion///,ExpertPlus,Refugee Camp,2021,1360,-0.022,-0.014,0.007,-0.012,
f3e291,Battle Sirens,ExpertPlus,FatBeanzoop,2020,1267,-0.037,-0.014,0.007,-0.018,
1a74071,No Way Out,Expert,Emilia,2021,589,0.046,0.014,0.012,-0.01,
1040571,Splatter Party,Expert,Skeelie & AaltopahWi,2020,844,0.034,0.014,0.009,-0.002,
2a77f91,Lost in a Wave,ExpertPlus,JohnieCanine,2022,431,0.038,-0.014,0.013,-0.03,
1b4f991,Our Generation,ExpertPlus,nolan121405,2021,871,-0.007,0.014,0.01,0.017,
1336691,Xeon,ExpertPlus,abcbadq,2021,305,0.025,0.014,0.015,0.017,
2b3db71,Spoiled little brat,Expert,Purp1e,2022,406,-0.009,-0.014,0.015,-0.032,
1386591,Old School Sound,ExpertPlus,Checkthepan,2021,852,-0.032,-0.014,0.01,-0.007,many horizontal cuts / crossovers
3fa68xxxx51,ATE THAT,Hard,Jonas_0_0,2024,497,-0.034,0.014,0.014,0.068,
4d641x71,Interdixion,Expert,hwowhu & DiscoBaIIerz,2025,356,-0.011,0.014,0.015,0.002,many horizontal cuts / crossovers
29d32xxxxx11,Trinity Homerun,Easy,"Tseska, Irish & Joshabi",2022,479,-0.04,-0.014,0.014,-0.034,
fb8a91,SUPER REACTOR,ExpertPlus,xScaramouche & Scrappy,2020,1673,0.008,0.014,0.007,0.01,
e4dc91,New Game,ExpertPlus,Nolanimations,2020,649,-0.022,-0.014,0.01,-0.009,
e72b71,Memecore,Expert,FatBeanzoop,2020,1141,0.032,0.014,0.008,0.0,
455eexxxxxx51,toxic till the end,Hard,"Lalahti, Danny",2025,204,-0.127,-0.014,0.022,-0.114,
11c7791,CENSORED!!,ExpertPlus,Jabob,2020,3547,0.029,0.014,0.005,-0.019,
13fe111,Final Boss,Easy,"Checkthepan, ItsVasili, Timeweaver",2021,498,-0.02,-0.014,0.014,0.018,
b86a91,Hoshikuzu Struck,ExpertPlus,muffn,2020,551,0.007,-0.014,0.01,-0.009,
2b3db91,Spoiled little brat,ExpertPlus,Purp1e,2022,603,-0.05,-0.014,0.012,-0.003,
1d49011,The Spirit Tree,Easy,Sp234,2021,468,0.034,0.014,0.024,0.021,long jump distance (26 m); many horizontal cuts / crossovers
1d0ed71,The Imperial March,Expert,Fvrwvrd & FatBeanzoop,2021,864,-0.012,-0.014,0.009,0.003,
17dc491,Opa,ExpertPlus,Fatalution,2021,2114,0.005,-0.014,0.006,-0.032,
1a2ff91,what was the last thing u said,ExpertPlus,nolan121405,2021,2391,-0.065,-0.013,0.006,-0.033,
c5cd71,Nautilus,Expert,SmileEaglet,2020,450,0.009,0.013,0.013,0.022,
3a73fxxx11,CHEER UP,Easy,"Lalahti, Jonas_0_0",2024,140,-0.042,0.013,0.036,-0.059,
2538591,TremENDouS,ExpertPlus,Nolanimations,2022,1409,-0.013,-0.013,0.006,-0.017,
1860551,FLASHBACK,Hard,Joshabi,2021,1027,-0.006,-0.013,0.009,-0.012,
12d2451,Half Of It,Hard,jafdy,2021,263,0.023,0.013,0.02,-0.012,long jump distance (32 m)
28ada51,31Hz,Hard,Raydz,2022,648,-0.021,0.013,0.012,0.031,
3c3dfx51,Blue Heart,Hard,"Lalahti, Danny",2024,444,-0.034,-0.013,0.014,-0.034,
1b341xxxxxxxxxxxxxxx71,Galaxy Collapse,Expert,Emilia,2021,298,-0.004,-0.013,0.018,-0.012,
e17091,Paranoid Mirage,ExpertPlus,cerret,2020,1104,-0.022,-0.013,0.007,-0.006,
23893x91,Play With Fire,ExpertPlus,chikinbiskit,2022,1127,-0.028,-0.013,0.008,-0.028,
b72491,Falling,ExpertPlus,Teuflum,2020,2432,0.018,0.013,0.005,0.009,
26c74xx51,Riot,Hard,Fnyt,2022,1550,0.049,0.013,0.008,-0.021,
122b791,JDM,ExpertPlus,Atomosophere,2021,650,0.04,0.013,0.01,0.005,
214b791,GHOST VS. GHOUL MASHUP,ExpertPlus,Nolanimations,2022,2335,0.004,-0.013,0.005,0.003,
1877451,It's Been So Long,Hard,shrado & Schwank,2021,866,-0.047,-0.013,0.013,0.119,top players see it differently
1330471,Fingerbang,Expert,Fnyt,2021,576,0.025,0.013,0.01,0.023,
ca6271,Chikatto Chika Chika,Expert,abcbadq,2020,794,0.013,0.013,0.012,-0.011,
44eaaxxxxxxx91,Superhero,ExpertPlus,Blenderman,2025,584,0.022,-0.013,0.013,-0.031,many horizontal cuts / crossovers
3d2a8xxxx71,Sonic Blaster,Expert,Darkrealm7,2024,601,0.038,0.013,0.013,0.014,
32e4cxx71,Unicorn,Expert,Nebelmonster,2023,372,0.004,-0.013,0.016,-0.045,
3f9a5xxxxx91,5g,ExpertPlus,Bizzy,2024,1009,-0.005,0.013,0.01,-0.039,many horizontal cuts / crossovers
42ecexx51,Extraterrestrial,Hard,The Lunar Carver,2025,422,0.121,-0.013,0.016,-0.027,many horizontal cuts / crossovers
188ed11,The Everlasting Calamity That Shifts The Time - Space Continuum On A Nanosecondal Basis,Easy,Jabob & Helloiamdaan,2021,714,0.008,-0.013,0.01,0.017,
1c4a851,Lifelight,Hard,"FatBeanzoop, Umu & Nolanimations",2021,1292,-0.022,-0.013,0.008,-0.033,
108c631,OniiChan High Tech,Normal,Vilawes & altrewin,2020,477,0.024,0.013,0.013,0.004,
d79031,Einherjar Joker,Normal,Various Mappers,2020,877,-0.042,-0.013,0.009,-0.033,
1b51171,Mosaic,Expert,fqrb & yabje,2021,840,0.002,-0.013,0.01,-0.02,
3fa76xxxx71,Night of Knights,Expert,Komeijisan & Shosa,2024,1334,-0.037,-0.013,0.008,-0.066,
caa871,Sorry,Expert,Pixelguy & Teuflum,2020,604,0.009,0.013,0.012,-0.018,many horizontal cuts / crossovers
45234xxx71,OverDrive,Expert,Komeijisan051,2025,407,-0.05,-0.013,0.019,-0.026,
2433e51,ARIGA THESIS,Hard,Gabriel,2022,410,0.022,0.013,0.015,-0.009,
1329291,Shun no shifudo o ikashita Karefumi Paeria 808 shefu no Twerk to Trap shitate,ExpertPlus,ComplexFrequency & miitchel,2021,532,0.001,0.013,0.012,0.009,many horizontal cuts / crossovers
202d9xxx31,Gypsy Tronic,Normal,RocKz & yabje,2022,979,-0.003,0.013,0.009,-0.028,
132d691,VANDALIZED AI,ExpertPlus,Ramen Noodle,2021,441,-0.006,0.013,0.012,0.009,
2d1e571,paradox,Expert,Various Mappers,2022,576,-0.018,-0.013,0.012,0.015,
1a6a071,Overcome Me!!!!!!!,Expert,cerret,2021,1415,0.029,0.012,0.007,0.028,
16d2f91,HellFire,ExpertPlus,abcbadq & Timbo,2021,828,0.014,0.012,0.008,0.021,
1694e31,We Are LSM,Normal,hwatwhy & meldi,2021,287,-0.004,-0.012,0.017,-0.027,long jump distance (27 m)
1b1ba51,YoiYoi Kokon,Hard,Joshabi,2021,1827,-0.028,-0.012,0.007,-0.019,
1a209xxxxxx71,Fallen Symphony,Expert,abcbadq & Alice,2021,2362,0.026,0.012,0.006,0.024,
e72b91,Memecore,ExpertPlus,FatBeanzoop,2020,869,0.012,-0.012,0.01,-0.02,
33424x91,Okaeri,ExpertPlus,Anammelech,2023,303,-0.034,-0.012,0.021,-0.02,
3df2axx91,Macaron,ExpertPlus,Jonas_0_0,2024,1092,-0.078,-0.012,0.009,-0.039,
1695b91,I,ExpertPlus,Mystikmol & Moriik,2021,1151,0.011,0.012,0.008,0.01,
1527a71,Revolver Churros,Expert,scoop,2021,505,0.014,-0.012,0.013,-0.006,
24c2291,The Daybreak Will Never Come Again.,ExpertPlus,Nolanimations,2022,434,0.041,0.012,0.016,0.013,
78ca71,tinnitus,Expert,Souk & Oddloop,2019,597,0.007,0.012,0.013,0.003,
1c6af51,Koyomi Oniichan,Hard,Night Xrose,2021,1538,-0.038,-0.012,0.008,0.065,
33606x91,What We Lost,ExpertPlus,Alpha Cancri,2023,647,0.018,0.012,0.011,0.013,
ba2491,Cartoon Candy,ExpertPlus,Rogdude & muffn,2020,722,0.02,0.012,0.01,0.016,
293ddx91,ochtendbloem,ExpertPlus,unluckyL,2022,1461,0.018,0.012,0.01,0.001,
88131,Hyadain no Kakata Katamoi-C,Normal,todokete,2018,210,0.062,0.012,0.024,0.07,long jump distance (27 m); many horizontal cuts / crossovers
144bc71,Move,Expert,Teuflum,2021,1198,0.012,0.012,0.007,0.017,
1a77871,AIAIAI,Expert,Jevk,2021,903,-0.03,-0.012,0.011,-0.032,
1d2efx71,Night of Nights,Expert,Joshabi & Aquaflee,2021,1601,-0.043,-0.012,0.007,-0.026,
108f531,Tonchiki ranchiki chindon kikou,Normal,SieR,2020,246,-0.053,-0.012,0.023,-0.059,
7a631,Gas Mask,Normal,rustic,2018,528,-0.069,-0.012,0.031,-0.015,many horizontal cuts / crossovers
28636xxx91,overstroming,ExpertPlus,unluckyL,2022,1074,-0.004,0.012,0.011,0.012,
201e491,Speedcore Horse,ExpertPlus,Emilia & nolan121405,2022,1338,-0.032,0.012,0.009,0.019,players reset/repeat directions the analyzer does not expect
28ec5xx91,Love Sux,ExpertPlus,Emilia,2022,839,-0.033,-0.012,0.009,-0.036,
20db5xxxx11,Speedcore Sonata in the Moonlight,Easy,Vilawes,2022,1012,0.027,-0.012,0.012,0.028,
264e291,Without U,ExpertPlus,Phøenix,2022,571,-0.024,-0.012,0.013,-0.043,
17e5551,Yubi Breaker,Hard,Jabob,2021,901,0.018,0.012,0.01,0.039,
fdd311,Brain Power,Easy,Redmagi,2020,421,0.053,-0.012,0.027,-0.023,long jump distance (34 m); many horizontal cuts / crossovers
b2f391,epimerization,ExpertPlus,Fern,2020,449,0.037,0.012,0.011,0.019,
13b2b71,Extra Credit on the Chromosome Test! VICTORY ROYALE!!!,Expert,lobster & FatBeanzoop,2021,644,-0.008,0.012,0.012,0.021,
1c68051,Chou*Chou*Kou*Soku*De*Mae*Sai*Soku!!! Speed*Star*Kanade,Hard,spectre158,2021,793,0.011,0.012,0.012,0.062,
16f2491,!!!Chaos Time!!!,ExpertPlus,Vilawes & Jabob,2021,966,-0.001,0.012,0.008,0.008,
8b3c91,AO-Infinity,ExpertPlus,Light Ai,2020,770,0.022,0.012,0.009,0.003,
206b291,AK-40000000,ExpertPlus,Teuflum,2022,2106,0.011,0.012,0.006,0.002,
2ee85xx71,RoquiRa : Between Life and Death,Expert,Soup Cartel,2023,261,0.003,0.012,0.018,0.054,
352b0xx91,Bruises,ExpertPlus,Nebelmonster,2023,869,-0.066,0.011,0.011,-0.013,
34e1091,Moonfall,ExpertPlus,Serephor,2023,945,0.012,-0.011,0.009,-0.021,many horizontal cuts / crossovers
19be171,Uebok VIP,Expert,Fatalution,2021,936,-0.031,-0.011,0.01,0.022,
13fe131,Final Boss,Normal,"Checkthepan, ItsVasili, Timeweaver",2021,1223,-0.009,-0.011,0.008,-0.024,
39ba2xxx71,Dead To Me,Expert,Nebelmonster,2024,660,-0.03,0.011,0.012,-0.0,
ca3031,The Beast,Normal,Ramen Noodle,2020,385,-0.006,-0.011,0.014,-0.033,long jump distance (27 m)
3a111xxxxxxxxxxxxxxxxx91,PISSCORD,ExpertPlus,ob1cb & Anodize,2024,781,-0.027,-0.011,0.015,0.004,many horizontal cuts / crossovers; heavily retried
1820a71,Endless Adventure,Expert,Fvrwvrd,2021,1358,-0.031,-0.011,0.006,-0.001,
2ffd3xxxxx51,Triangles,Hard,AlephCubed,2023,466,-0.012,0.011,0.018,-0.02,
1fd0791,THE WORLD REVOLVING,ExpertPlus,Olaf & SlimyBlob,2022,1603,-0.016,-0.011,0.007,-0.016,
36a3bxxx71,Deutschland,Expert,Jevk,2023,656,-0.018,-0.011,0.011,-0.033,
1967311,Trance Dance Anarchy,Easy,Yaomin,2021,183,-0.008,-0.011,0.025,-0.014,
33321xx51,Idol,Hard,"yabje, Rusty & Andy",2023,2345,-0.019,-0.011,0.007,-0.033,
1aaeex71,eden,Expert,slamsyk,2021,2309,0.019,0.011,0.006,-0.002,
2a25bx91,"zeke didn't ""invent dariacore"", i did",ExpertPlus,Anammelech,2022,1263,-0.01,0.011,0.01,0.019,
1b8d371,Berserkerz' Warfare 345,Expert,cerret & ComplexFrequency,2021,559,0.013,0.011,0.013,0.012,
1a46671,KillerToy,Expert,Jabob,2021,2422,0.022,-0.011,0.005,-0.002,
1b49e51,Darling Dance,Hard,Emir,2021,1112,0.032,0.011,0.009,0.025,
281b731,Thunder,Normal,Semdol,2022,450,0.105,-0.011,0.02,-0.027,long jump distance (33 m)
3be60xxx71,Discord,Expert,minsiii,2024,779,-0.017,-0.011,0.011,-0.004,
1d0cbx71,ONIGIRI FREEWAY,Expert,Fnyt,2021,1081,0.01,-0.011,0.009,-0.03,
1b01b51,Knight Rider,Hard,"Nolanimations, Timbo",2021,1480,-0.002,-0.011,0.008,0.015,
1aaf171,Bookmaker,Expert,Lobster,2021,1468,-0.035,0.011,0.007,0.014,
4561cxxxxxx11,Yearn to Bloom - Aeldra's Theme,Easy,The Lunar Carver,2025,215,-0.107,-0.011,0.035,-0.05,
1695b71,I,Expert,Mystikmol & Moriik,2021,1107,-0.027,-0.011,0.008,-0.037,
27e37xx71,Super Idol,Expert,"Monke, Syn0Sin, Gordon, & Alpal",2022,713,-0.027,-0.011,0.01,-0.006,
2c9d771,Bones,Expert,Taddus,2022,1413,-0.033,-0.011,0.01,-0.013,
2943291,Party in the Hollowood feat. Nanahira,ExpertPlus,Gabriel & Marsh,2022,615,-0.005,-0.011,0.012,-0.007,
e8c831,Valhalla:0,Normal,That_Narwhal,2020,405,-0.012,-0.011,0.015,-0.055,long jump distance (27 m)
f2f151,I Said Meow,Hard,CyanSnow & Pixelguy,2020,335,0.07,0.011,0.017,0.069,
1305131,Xronier,Normal,"shrado, Scrappy, & altrewin",2021,389,-0.018,0.011,0.012,0.024,
188ba51,Popular Monster,Hard,muffn & altrewin,2021,884,0.016,0.011,0.009,-0.006,
3fad4xxx91,Truth Or Dare,ExpertPlus,Slayx,2024,1843,0.028,0.011,0.008,-0.005,many horizontal cuts / crossovers
c32d71,Ov Sacrament and Sincest,Expert,Rogdude,2020,2578,0.038,0.011,0.006,-0.002,
3d2c531,Retroscope,Normal,ViSi,2024,850,0.058,0.011,0.011,0.013,
127ec71,Nibelungen,Expert,ComplexFrequency,2021,1362,0.005,-0.011,0.007,-0.015,
13de691,Ultimate Ascension,ExpertPlus,Narwhal and Complex,2021,1195,-0.038,-0.011,0.008,-0.021,
7ced91,For UltraPlayers,ExpertPlus,Mystikmol & Loloppe,2020,783,-0.01,0.011,0.011,0.008,
41218xxx91,Cherish (My Love),ExpertPlus,"Lalahti, Danny",2024,1221,0.006,0.011,0.009,-0.001,many horizontal cuts / crossovers
1694e91,We Are LSM,ExpertPlus,hwatwhy & meldi,2021,1427,-0.023,-0.011,0.007,0.018,
108f571,Tonchiki ranchiki chindon kikou,Expert,SieR,2020,786,-0.017,0.011,0.01,0.005,
d75171,Guess Who Is Back,Expert,carrot,2020,634,0.012,0.011,0.012,0.024,
168de51,Der Herrgott hot glocht,Hard,"MonsterWook, FatBeanzoop & Fnyt",2021,693,-0.015,-0.01,0.011,0.034,
2f14ax71,Play Me Like That Video Game,Expert,LaidBackAries,2023,1117,-0.006,-0.01,0.01,-0.022,many horizontal cuts / crossovers
2f9491,DeltaMAX,ExpertPlus,yun0,2019,1014,0.032,0.01,0.01,0.054,many horizontal cuts / crossovers
1d69d91,Collapse Of Ego,ExpertPlus,Helloiamdaan,2021,820,-0.047,-0.01,0.012,-0.015,short jump distance (4 m)
41a23xxxxx91,Unwelcome School,ExpertPlus,Rusty & Bitz,2024,375,-0.037,0.01,0.015,0.026,many horizontal cuts / crossovers; heavily retried
1ac5691,AREA 52,ExpertPlus,That_Narwhal,2021,2239,-0.001,-0.01,0.005,-0.003,many horizontal cuts / crossovers
1428391,Echo,ExpertPlus,abcbadq,2021,825,0.011,0.01,0.009,0.018,
bc351,Crack Traxxxx,Hard,mystikmol,2018,1146,0.033,0.01,0.01,-0.012,long jump distance (31 m); many horizontal cuts / crossovers
124ea71,"This Is the Dead, and I Reached the Deathless.",Expert,Astrella & FatBeanzoop,2021,448,-0.022,-0.01,0.013,-0.015,
33bd7xxxx31,let you,Normal,Nebelmonster & August,2023,266,-0.076,-0.01,0.029,-0.108,short jump distance (15 m)
ff8391,Long Times,ExpertPlus,Teuflum & xScaramouche,2020,1279,-0.013,0.01,0.007,0.012,
1af2fx91,Brain Power,ExpertPlus,nolan121405 & dibl,2021,1451,0.008,0.01,0.006,0.015,
168d071,Light Behind The Shadow,Expert,TranquillizeMe,2021,447,0.029,0.01,0.013,-0.017,long jump distance (27 m)
3ba4bxx51,Click,Hard,Jonas_0_0,2024,221,-0.001,0.01,0.026,0.019,
16a6c91,ENDYMION,ExpertPlus,Soba`s & Artjoms,2021,586,-0.01,0.01,0.01,0.019,
243f71,Bomb Rush Blush (Smash Ultimate Mix),Expert,todokete,2018,852,0.007,-0.01,0.013,-0.034,many horizontal cuts / crossovers
1e24c71,"The Sun, The Moon, The Star",Expert,ThySpoon,2021,346,0.039,-0.01,0.014,-0.009,
36b8fxx91,Dual Fractal,ExpertPlus,Pleo,2023,1050,-0.022,0.01,0.01,0.017,many horizontal cuts / crossovers
1ff011,I can't stop,Easy,rustic,2018,285,0.063,-0.01,0.037,-0.079,long jump distance (34 m); many horizontal cuts / crossovers
d7c991,The Clear Blue Sky,ExpertPlus,Mystikmol,2020,1866,0.008,0.01,0.007,-0.031,
128ea51,Wolves Standing Towards Enemies,Hard,That_Narwhal,2021,616,0.003,0.01,0.011,0.031,
1b7bf71,Silentphobia,Expert,fraies,2021,1874,0.049,0.01,0.007,-0.009,
12dc351,RELOADED,Hard,CoolingCloset,2021,814,-0.029,-0.01,0.01,-0.02,
1a02771,Our Generation,Expert,Emilia,2021,828,0.011,0.01,0.009,0.023,
1d3f5x91,Night Raid with a Dragon,ExpertPlus,nolan121405,2021,2272,-0.047,-0.01,0.005,-0.008,
3df2axx51,Macaron,Hard,Jonas_0_0,2024,367,-0.019,0.01,0.018,0.03,
3ce7axxxxxxxxxxx71,The Purple Dimension,Expert,Cratornugget & ViSi,2024,1400,0.058,0.01,0.007,0.007,
123b991,Vitality,ExpertPlus,Emir,2021,1777,0.017,0.01,0.007,-0.016,
f59b31,The Snow White Princess is,Normal,Mystikmol & endcredits,2020,223,-0.005,-0.01,0.031,-0.098,
1689471,Merry-Go-Round,Expert,Zelazowa,2021,1363,0.017,-0.01,0.009,0.012,long jump distance (27 m)
43222xxxxx11,psychology,Easy,ViSi,2025,803,-0.006,0.01,0.012,-0.106,top players see it differently
29715xxx51,Introduction,Hard,fqrb & yabje,2022,2060,0.031,0.01,0.008,0.129,top players see it differently
1fa2191,Chakra,ExpertPlus,Jabob,2022,2317,-0.005,0.01,0.007,0.002,many horizontal cuts / crossovers
16ac171,Envy Baby,Expert,CoolingCloset & Nolanimations,2021,1110,-0.0,0.01,0.01,-0.02,
1f9d291,Harakiri,ExpertPlus,FatBeanzoop & Fvrwvrd,2022,584,-0.004,-0.01,0.01,-0.007,
34f5axxx91,brokenboys&bitterbitches,ExpertPlus,Nebelmonster,2023,697,-0.016,0.01,0.012,-0.013,many horizontal cuts / crossovers
e3a091,iiillluuuvvvUUU,ExpertPlus,Emilia,2020,968,0.016,-0.01,0.009,-0.021,
2805291,Rather Be,ExpertPlus,RFColaf,2022,2643,0.005,0.01,0.006,-0.042,
d73531,PRAGMATISM,Normal,shrado,2020,298,0.014,0.01,0.019,-0.0,long jump distance (29 m)
12b2731,Villain Virus,Normal,Denyah_ & Rusty,2021,908,-0.056,-0.01,0.016,0.046,
132d631,VANDALIZED AI,Normal,Ramen Noodle,2021,563,0.008,0.01,0.013,-0.007,long jump distance (27 m)
20f6391,SUPER EMULATOR,ExpertPlus,Nolanimations,2022,415,-0.009,-0.01,0.016,-0.009,
41873x91,Lian'ai Gaoji,ExpertPlus,"Lalahti, Danny, Jonas_0_0, Bellus",2024,1022,-0.124,-0.01,0.013,-0.056,many horizontal cuts / crossovers
3cf75xxxxxxx71,keep out!,Expert,UglyApe,2024,1476,0.139,0.01,0.01,0.008,many horizontal cuts / crossovers
1d70911,EASY LOVE,Easy,That_Narwhal,2021,369,-0.006,-0.01,0.02,-0.034,
948491,Bassdrop Freaks,ExpertPlus,muffn & Saut,2020,1344,0.034,-0.01,0.007,0.001,many horizontal cuts / crossovers
1f07451,Deimos,Hard,"Jabob, Narwhal, & Bullet",2021,990,0.056,0.01,0.009,0.015,
49cacxxx71,Slash Inferno,Expert,D7oomyAli x Undeceiver x LunarByte,2025,889,-0.027,0.009,0.008,-0.004,
1d0cbx51,ONIGIRI FREEWAY,Hard,Fnyt,2021,1308,0.023,0.009,0.009,-0.025,
41b58xxx51,Sudden Appearance Image,Hard,BsNico,2024,594,0.003,0.009,0.013,-0.02,
18f4e91,Ghost Family Living In Graveyard,ExpertPlus,"Jabob, Narwhal & Schwank",2021,1242,-0.049,0.009,0.009,0.007,many horizontal cuts / crossovers
13a091,Greenlights Serenade,ExpertPlus,edzo,2018,677,0.098,0.009,0.011,-0.025,long jump distance (34 m); many horizontal cuts / crossovers
1ed191,Sidetracked Day (Short Ver.),ExpertPlus,hexagonial,2018,443,-0.046,-0.009,0.015,0.006,
2847d51,"Haunt, The Cartoon Heart",Hard,BrightKnight,2022,199,0.011,-0.009,0.021,0.024,
15531,Midnight City,Normal,bennydabeast,2018,433,0.026,0.009,0.028,0.044,many horizontal cuts / crossovers
1f75d51,Sayonara. Arigatou.,Hard,XAce1337manX,2021,258,0.048,0.009,0.022,0.005,long jump distance (27 m); many horizontal cuts / crossovers
b47a91,Bleed Into Me,ExpertPlus,Rexxz,2020,583,0.079,0.009,0.012,-0.002,long jump distance (28 m)
1ffad71,A Drowning Cry,Expert,Fatalution,2022,789,-0.007,0.009,0.01,0.052,
79b671,On My MiND,Expert,Uninstaller,2019,392,-0.022,-0.009,0.013,0.04,
13e0d91,BIG HEAD BANGING,ExpertPlus,Jabob,2021,1011,0.005,0.009,0.008,0.006,
101a031,Haachama Channel,Normal,Light Ai & xtpn,2020,731,0.019,-0.009,0.016,0.05,
ba4091,Chocolate Lily,ExpertPlus,Rogdude,2020,1498,0.034,0.009,0.007,0.026,
1bfaa51,Lotus,Hard,Checkthepan,2021,610,0.049,-0.009,0.012,-0.053,many horizontal cuts / crossovers
11c7411,DONUT HOLE,Easy,Kizuflux & Uninstaller,2020,255,0.016,0.009,0.024,0.038,long jump distance (28 m)
23f7bxx71,Dimension Hacker,Expert,Aquaflee,2022,1941,-0.016,-0.009,0.007,-0.032,
1fc8c71,"BANGER A.F., BROOOO!!!",Expert,Timbo,2022,1361,-0.01,0.009,0.007,0.002,
1791451,Feast Ov Goreglutton,Hard,Emilia,2021,1702,0.033,-0.009,0.007,-0.028,
17e0291,We Could Get More Machinegun Psystyle! (and More Genre Switches),ExpertPlus,Various Mappers,2021,531,-0.021,-0.009,0.011,-0.008,
166871,Meltdown feat. Rin,Expert,todokete,2018,313,0.118,0.009,0.019,-0.003,long jump distance (35 m); many horizontal cuts / crossovers
124d271,ALONE,Expert,muffn & SimplyMarvellous,2021,796,-0.014,-0.009,0.009,-0.025,
33bd7xxxx71,let you,Expert,Nebelmonster & August,2023,585,0.009,0.009,0.014,-0.02,
2cde3xxx71,Shuenteki Routetsu Sokukakukyoku,Expert,Emilia,2022,190,0.006,-0.009,0.028,-0.002,
484bbxxxxxx91,Big Foot,ExpertPlus,tecmonke,2025,592,-0.056,0.009,0.014,0.004,many horizontal cuts / crossovers
12c0c51,Superpower,Hard,SlimyBlob,2021,673,0.041,0.009,0.012,-0.016,long jump distance (29 m)
16c5631,Dyscontrolled Galaxy,Normal,That_Narwhal,2021,610,-0.018,0.009,0.014,0.07,
1a2f671,Digital World,Expert,SlimyBlob,2021,1476,0.032,0.009,0.007,0.009,many horizontal cuts / crossovers
2f167xx71,Bailandorape,Expert,Emilia,2023,610,0.021,0.009,0.013,-0.043,
1acf591,SLIME INCIDENT,ExpertPlus,Helloiamdaan & Joshabi,2021,772,-0.011,0.009,0.01,0.004,
1e0a311,Night Raid with a Dragon,Easy,CyanSnow & Skeelie,2021,984,-0.015,-0.009,0.016,0.099,many horizontal cuts / crossovers; top players see it differently
3fa33xx91,GIRL HELL 1999,ExpertPlus,Serephor,2024,1743,-0.02,0.009,0.007,-0.007,
243c51,Ocarina of Time Medley,Hard,todokete,2018,414,0.02,-0.009,0.022,-0.06,many horizontal cuts / crossovers
166891,Meltdown feat. Rin,ExpertPlus,todokete,2018,781,0.036,0.009,0.01,0.077,many horizontal cuts / crossovers
15cb391,I'LL SHOW YOU,ExpertPlus,Emilia,2021,1036,0.002,-0.009,0.009,-0.017,
41c67xxxx51,QUATTUORUX,Hard,Azurii,2024,1047,-0.004,-0.008,0.01,-0.099,
1a50431,Quasar Dreams,Normal,ComplexFrequency & Fvrwvrd,2021,579,-0.043,-0.008,0.011,0.011,
1add6xx91,Reality Check Through The Skull,ExpertPlus,Bizzy,2021,1983,-0.02,-0.008,0.006,0.005,
1374b51,Evacuate The Moshpit,Hard,Emilia & Oddloop,2021,467,0.004,0.008,0.014,-0.013,
33219xx71,Bubble Tea (A Dark Cat Orchestration),Expert,Pleo,2023,327,-0.023,-0.008,0.018,-0.026,
1f75d91,Sayonara. Arigatou.,ExpertPlus,XAce1337manX,2021,1185,0.041,0.008,0.009,0.051,many horizontal cuts / crossovers
9deb91,Nirvana,ExpertPlus,Depito & ExUnReal,2020,1973,0.026,0.008,0.006,0.005,long jump distance (26 m)
1ac0c51,Viyella's Tears,Hard,Timbo,2021,2410,-0.033,-0.008,0.006,-0.011,
14c5171,Melancholia,Expert,Emilia,2021,1242,0.031,-0.008,0.008,0.021,
1966a71,XEVILIED,Expert,abcbadq,2021,1203,-0.031,0.008,0.008,-0.01,
2c7d691,Usseewa,ExpertPlus,AllPoland,2022,1348,0.002,0.008,0.009,0.011,many horizontal cuts / crossovers
b71,Believer,Expert,rustic,2018,3348,-0.075,0.008,0.007,0.102,many horizontal cuts / crossovers
2a4d9xx71,Falling down,Expert,D7oomyAli,2022,275,-0.001,0.008,0.017,-0.008,
1d9bcxx71,Spring Thief,Expert,AntiLink & TG90,2022,676,-0.018,0.008,0.011,0.024,
34bd4x91,5 minutes of Billie Eilish,ExpertPlus,Emilia,2023,678,-0.03,-0.008,0.011,0.021,
2622dxx91,Scuffed Up Age,ExpertPlus,CookedChili,2022,1213,-0.033,-0.008,0.008,-0.036,
1b7d671,You'll Be Gone,Expert,EmotionalFlight,2021,1124,-0.034,-0.008,0.009,0.027,
12d9651,Mane Mane Psychotropic,Hard,SlimyBlob,2021,658,0.005,-0.008,0.011,-0.012,
ce4271,Vicious Heroism,Expert,"ComplexFrequency, muffn & shadowlord723",2020,469,0.023,0.008,0.013,-0.001,
1386571,Old School Sound,Expert,Checkthepan,2021,625,-0.052,-0.008,0.011,-0.016,
1f9f6x31,Heracles,Normal,Fnyt,2022,669,0.05,0.008,0.012,0.03,
3be75xx71,Cosmic Diffusion,Expert,Blackjack,2024,1000,-0.014,-0.008,0.009,0.039,
1f9d251,Harakiri,Hard,FatBeanzoop & Fvrwvrd,2022,586,0.017,0.008,0.011,0.057,
1e0d531,Bounce,Normal,Fatalution,2021,335,-0.033,-0.008,0.022,-0.038,
530991,Chrome VOX (Uncut Edition),ExpertPlus,Souk,2019,514,-0.047,0.008,0.012,0.012,
1a53d51,Super Nuko World,Hard,riasuh,2021,568,0.01,0.008,0.013,-0.04,
1a18d91,PP BREAKER,ExpertPlus,Namoori,2021,1058,0.01,0.008,0.009,0.012,
12b2711,Villain Virus,Easy,Denyah_ & Rusty,2021,1007,-0.054,-0.008,0.018,0.029,
1a86291,You Are F**king Noob!!!!,ExpertPlus,Shappy,2021,1011,-0.005,-0.008,0.008,-0.006,
1a59371,Barbecue,Expert,Schwank & Jabob,2021,1548,0.022,0.008,0.007,0.027,
117f391,Come To Life,ExpertPlus,Nolanimations,2020,1002,-0.021,-0.008,0.008,-0.007,
343efxxx91,VIVIDVELOCITY,ExpertPlus,Alpha Cancri,2023,390,0.032,-0.008,0.014,0.002,
3e122xxxx51,I Don't Know Anything,Hard,ZeCube,2024,748,-0.001,0.008,0.011,-0.023,
1c4af71,Back In Time,Expert,Teuflum,2021,1860,-0.007,-0.008,0.006,0.001,
20d0bx51,Iro o Ushinatta Machi,Hard,CoolingCloset & Helloiamdaan & Nolanimations,2022,1179,0.038,-0.008,0.01,-0.029,
40e0cxxx31,Final Hope,Normal,Poochy,2024,386,-0.007,-0.008,0.016,-0.017,
176e391,The Fastest Love Song,ExpertPlus,cerret,2021,1895,0.021,-0.008,0.007,-0.004,
1044e51,Dream of Winds,Hard,Mystikmol,2020,564,-0.04,-0.008,0.014,-0.084,
2e409x71,666,Expert,Emilia,2023,843,0.003,0.007,0.009,0.012,
2a57111,ANOTHER HIM,Easy,Phøenix,2022,598,-0.028,-0.007,0.029,0.031,
27ab391,The 89's Momentum,ExpertPlus,yabje,2022,1189,0.026,-0.007,0.008,-0.017,many horizontal cuts / crossovers
1fc8c91,"BANGER A.F., BROOOO!!!",ExpertPlus,Timbo,2022,1381,-0.003,-0.007,0.007,-0.007,
1a55e31,My Album Is Out On Dance Corps So Now I Am Allowed To Do A Dancecore Yay!,Normal,Emilia,2021,335,-0.001,0.007,0.019,-0.007,
3c252x91,Cloud Nine,ExpertPlus,"Danny, Lalahti",2024,734,-0.071,0.007,0.011,-0.017,
1b68051,Apocaliptix //-Another-//,Hard,Huh,2021,634,0.008,0.007,0.011,0.018,
16c5651,Dyscontrolled Galaxy,Hard,That_Narwhal,2021,1131,0.0,-0.007,0.009,0.027,
1eb8251,Untouched,Hard,RocKz vs. Shappy,2021,889,-0.095,-0.007,0.009,-0.013,
e7ca11,Exciter,Easy,Skeelie,2020,160,0.03,-0.007,0.029,-0.075,long jump distance (31 m)
ca0311,Ding Dong Song,Easy,Teuflum,2020,185,0.058,0.007,0.042,-0.039,long jump distance (33 m); many horizontal cuts / crossovers; few scores (noisy)
1013a71,Ultrasonic Anthem,Expert,Refugee Camp,2020,368,-0.009,0.007,0.013,0.005,
acf71,EC2 - Still Waiting,Expert,rustic,2018,971,-0.039,-0.007,0.01,0.063,many horizontal cuts / crossovers
da1971,Lowermost revolt,Expert,DE125 & Schwank,2020,359,0.004,0.007,0.015,0.021,
270e0xxx11,Route 209 (Day),Easy,"yabje, Rashed & Tea Drinker",2022,415,0.021,0.007,0.019,-0.029,
3dd391,Zetsubou Plantation,ExpertPlus,rogdude,2019,853,0.002,0.007,0.009,-0.002,
29c8b31,99.9,Normal,Soggynan & Anammelech,2022,608,0.022,-0.007,0.014,-0.003,
41f311,Magnetism,Easy,squeaksies,2019,634,-0.02,0.007,0.03,-0.043,long jump distance (30 m)
dc9291,Exitium,ExpertPlus,Bush,2020,871,0.029,-0.007,0.009,-0.002,
1694f31,Ringed Genesis,Normal,That_Narwhal,2021,407,-0.016,-0.007,0.018,-0.039,
b60491,Okay,ExpertPlus,ItsVasili,2020,898,0.01,-0.007,0.009,0.019,
f12431,Avalanche,Normal,That_Narwhal,2020,871,0.03,0.007,0.013,-0.012,long jump distance (27 m)
1c54571,MeteorGlow Aftermath,Expert,Mystikmol,2021,999,-0.014,0.007,0.01,-0.041,
2acd5xxxxxx91,Silentphobia,ExpertPlus,1100ping_boi & Slayx,2022,521,0.008,-0.007,0.013,-0.008,
d77151,LIKEY,Hard,simplymarvellous,2020,617,0.002,0.007,0.013,-0.009,long jump distance (26 m)
a54c51,Galaxy Collapse,Hard,Skeelie,2020,1421,0.038,0.007,0.008,0.018,long jump distance (28 m)
d27e11,THE DROP,Easy,Teuflum,2020,169,0.003,-0.007,0.027,-0.003,long jump distance (28 m)
1b51191,Mosaic,ExpertPlus,fqrb & yabje,2021,1153,0.008,0.007,0.008,0.022,
29715xxx11,Introduction,Easy,fqrb & yabje,2022,1234,0.016,-0.007,0.013,0.031,
3248991,bedroom community,ExpertPlus,emilia,2023,665,-0.029,-0.007,0.01,0.024,
28d74xxxxxx31,Vicious Heroism,Normal,ComplexFrequency,2022,1325,0.016,0.007,0.008,0.007,
36b8fxx71,Dual Fractal,Expert,Pleo,2023,1313,-0.008,0.007,0.008,-0.018,many horizontal cuts / crossovers
12df451,KORO DISCO!,Hard,Depito,2021,677,0.093,0.007,0.014,-0.015,long jump distance (29 m)
345b9xx91,GALAXY BURST,ExpertPlus,RetrX,2023,440,-0.029,-0.007,0.014,-0.007,
2ee2dxx91,fall at the same time,ExpertPlus,GojiCrafter & GalaxyMaster,2023,1475,-0.055,0.007,0.008,-0.017,
29d68xxxx91,Big,ExpertPlus,D7oomyAli,2022,445,-0.02,-0.007,0.015,-0.003,
452f4xxxx91,VIVIDVELOCITY,ExpertPlus,Cratornugget,2025,1527,0.009,-0.007,0.008,-0.043,many horizontal cuts / crossovers
9afa91,Figue Folle,ExpertPlus,Vilawes,2020,1196,0.036,-0.007,0.007,0.019,
3be9fxxxxx71,Purple hat,Expert,Pleo,2024,723,-0.022,0.006,0.012,-0.064,
3d3d0xxx91,Minder Gezeur En Meer Kleur,ExpertPlus,yabje (ft. Mr_bjo & Semdol),2024,401,-0.08,0.006,0.015,0.033,many horizontal cuts / crossovers
dd5e91,Jellyfish,ExpertPlus,ItsVasili,2020,1706,0.004,-0.006,0.006,0.015,
10d0891,VVelcome!!,ExpertPlus,Mystikmol & muffn & Moriik,2020,882,-0.013,-0.006,0.01,-0.006,
2c2f991,You & DIE,ExpertPlus,Hener,2022,245,-0.045,0.006,0.018,0.015,
16e9771,LOVE SPICE LIKE U!!!,Expert,altrewin,2021,1312,0.008,0.006,0.008,-0.027,
59731,Buttonmasher,Normal,moriik,2018,153,-0.138,-0.006,0.032,0.027,short jump distance (15 m); many horizontal cuts / crossovers
327f691,You & DIE,ExpertPlus,AllPoland,2023,1133,0.038,-0.006,0.008,0.011,many horizontal cuts / crossovers
1b7d611,You'll Be Gone,Easy,EmotionalFlight,2021,237,-0.03,0.006,0.03,-0.044,long jump distance (26 m)
999e51,Twisted Drop Party,Hard,abcbadq,2020,638,-0.013,-0.006,0.011,0.029,
119f091,THE LAUNCH OF THE MEGANTO METEOR,ExpertPlus,Kuurama & miitchel & ExUnReal,2020,1548,-0.055,-0.006,0.007,-0.005,
10a9351,You are eating my rotten dick,Hard,Astrella,2020,1337,-0.005,-0.006,0.008,0.018,
2c7b1xxxxxx31,Glucagon,Normal,ComplexFrequency,2022,549,0.015,0.006,0.014,-0.042,
35469xxx91,Desperate,ExpertPlus,AllPoland,2023,1389,-0.035,0.006,0.009,0.008,many horizontal cuts / crossovers
1ea1exxxx31,Crazy banger,Normal,Aquaflee,2021,618,0.023,0.006,0.013,0.019,
138da11,Hellcat,Easy,CyanSnow,2021,247,0.009,-0.006,0.029,-0.021,long jump distance (27 m)
9c1771,Nanamori,Expert,Depito & ExUnReal,2020,966,0.035,0.006,0.01,-0.015,
31cb1x31,The Dumb Song,Normal,"Lekrkoekj, Tpenny68, Scorefam",2023,131,-0.086,-0.006,0.023,0.007,
1a55e71,My Album Is Out On Dance Corps So Now I Am Allowed To Do A Dancecore Yay!,Expert,Emilia,2021,1868,0.039,-0.006,0.008,-0.03,
1ac63x91,Full Flavor,ExpertPlus,Jevk,2021,522,-0.014,0.006,0.012,0.012,
2c22ex71,The DJ Is Crying For Help,Expert,Lekrkoekj & Scorefam,2022,482,-0.017,0.006,0.015,0.045,
5b2e51,volcanic,Hard,Souk & Hexagonial,2019,579,-0.016,-0.006,0.013,-0.023,
14c5151,Melancholia,Hard,Emilia,2021,461,0.03,-0.006,0.013,0.019,
33321xx71,Idol,Expert,"yabje, Rusty & Andy",2023,2251,-0.006,-0.006,0.006,-0.085,
1331e71,Dark Sky,Expert,ItsVasili,2021,939,0.0,0.006,0.009,-0.045,
258d131,Solid Ground,Normal,Phøenix,2022,156,-0.004,0.006,0.033,-0.098,top players see it differently
244991,Solace of Oblivion,ExpertPlus,psyc0pathic,2018,485,0.054,0.006,0.013,0.062,many horizontal cuts / crossovers
206b271,AK-40000000,Expert,Teuflum,2022,2021,-0.006,0.006,0.006,-0.002,
f2f131,I Said Meow,Normal,CyanSnow & Pixelguy,2020,229,0.046,0.006,0.028,0.02,
ca4091,Kings & Queens,ExpertPlus,Edmard,2020,3497,-0.021,-0.006,0.005,0.014,
2ceacxxxxx31,G e n g a o z o - f o o n,Normal,ComplexFrequency,2022,805,-0.027,0.006,0.011,-0.007,
1a58791,The Guinea Pig Is In Your Mind,ExpertPlus,Cobayo,2021,2409,0.019,0.006,0.007,-0.028,
46ba91,Summer Night Hiking,ExpertPlus,Uninstaller,2019,552,-0.024,-0.006,0.013,0.034,
2c220xx91,Start of the Determination,ExpertPlus,dentalstonk,2022,287,0.029,0.006,0.018,0.004,
349aexxxx51,Heart Shaker,Hard,Lalahti,2023,260,-0.027,-0.006,0.023,0.089,
bd6a71,Antithese,Expert,That_Narwhal,2020,1401,-0.035,-0.006,0.007,-0.025,
285e8x51,Shut Up And Dance,Hard,"Syndicate, OneSpookyBoi, TheCzar1994",2022,493,0.009,-0.006,0.013,-0.014,long jump distance (26 m)
37a4ax51,Cold-Blooded,Hard,"ben208, Phøenix",2023,265,-0.049,-0.006,0.022,-0.012,
1aa7591,A Betrayal Unforetold,ExpertPlus,Astrella,2021,413,0.022,0.006,0.013,0.006,
334e3x91,Black Apple,ExpertPlus,Emilia,2023,167,0.006,-0.006,0.029,-0.016,heavily retried
3e2fbxxx31,Shin FAKE STYLE,Normal,symphonic,2024,188,-0.009,0.006,0.024,-0.131,top players see it differently
3e2aexx91,dB doll,ExpertPlus,"Loloppe, StormPacer",2024,1121,-0.031,0.006,0.009,-0.036,
1329251,Shun no shifudo o ikashita Karefumi Paeria 808 shefu no Twerk to Trap shitate,Hard,ComplexFrequency & miitchel,2021,1071,-0.009,-0.006,0.008,0.012,
f0ea51,To Be Beautiful,Hard,Rayman9515,2020,201,0.054,-0.006,0.028,0.014,long jump distance (28 m); many horizontal cuts / crossovers
226e7xx71,Who's Not In Paris,Expert,Touqai,2022,1439,-0.01,-0.005,0.007,0.0,
1887071,NEVER MET!,Expert,Fvrwvrd,2021,391,-0.04,-0.005,0.014,0.014,
12ad951,Apocalypse Simulator,Hard,xScaramouche & Scrappy,2021,1452,-0.008,-0.005,0.007,-0.015,
3e96dxxxxx51,Wheels on the Bus,Hard,bobthezealot,2024,1613,-0.082,0.005,0.012,0.07,many horizontal cuts / crossovers
d4b891,You Are Mine,ExpertPlus,Ramen Noodle,2020,1773,0.024,0.005,0.006,0.037,
132e911,More One Night,Easy,That_Narwhal,2021,663,-0.006,-0.005,0.016,-0.005,long jump distance (28 m)
29c8b71,99.9,Expert,Soggynan & Anammelech,2022,795,0.028,0.005,0.011,0.022,
1a7f971,Animosity,Expert,ThySpoon,2021,2261,0.025,0.005,0.006,0.028,
28ada91,31Hz,ExpertPlus,Raydz,2022,1931,-0.011,-0.005,0.006,0.016,
1a74091,No Way Out,ExpertPlus,Emilia,2021,542,0.003,0.005,0.012,0.003,
1a68571,DUAL BREAKER XX,Expert,ThySpoon & ThyYeet,2021,2091,0.054,0.005,0.006,-0.021,
12fa231,Monolith,Normal,Schwank vs. Narwhal,2021,233,0.005,-0.005,0.026,0.052,long jump distance (26 m)
3ee4bxx71,RTX 20000,Expert,Darkrealm7 & bobthezealot,2024,877,-0.03,-0.005,0.011,0.04,
449a31,Fallen (Short Ver.),Normal,Uninstaller,2019,387,0.036,0.005,0.016,-0.035,long jump distance (32 m)
27be6xxx31,99.9,Normal,Spoekle & yabje,2022,1251,0.007,0.005,0.01,0.014,
ccbc91,Grievous Lady,ExpertPlus,ExUnReal,2020,535,0.017,-0.005,0.01,0.01,
1b91511,Attractor Dimension,Easy,Laur Fanclub,2021,1211,0.002,0.005,0.009,0.038,
36fb2xxxx91,Come to Life,ExpertPlus,oermergeesh,2023,581,-0.069,-0.005,0.016,-0.002,many horizontal cuts / crossovers; heavily retried
195551,Hitorigoto -TV MIX-,Hard,psyc0pathic,2018,781,0.015,-0.005,0.014,-0.005,long jump distance (29 m); many horizontal cuts / crossovers
1ace571,Venomous Firefly,Expert,ComplexFrequency,2021,1990,-0.01,-0.005,0.007,-0.034,
1f75d11,Sayonara. Arigatou.,Easy,XAce1337manX,2021,250,0.065,-0.005,0.037,0.029,long jump distance (30 m); many horizontal cuts / crossovers
342f5x71,Glide,Expert,Darkrealm7,2023,556,-0.037,0.005,0.014,-0.073,
2cfef91,Nisemono Chuuihou,ExpertPlus,Dailyy,2022,443,0.009,-0.005,0.014,-0.012,
1a1e551,Night Raid With A Dragon,Hard,Jabob vs. Narwhal,2021,991,0.012,0.005,0.009,-0.018,
1af8931,Dear Future Husband,Normal,GianniKoch,2021,355,-0.001,-0.005,0.025,-0.071,many horizontal cuts / crossovers
1940a71,Trendy,Expert,Dr_Marc,2021,443,-0.023,-0.005,0.012,-0.024,
338afxx91,Feral,ExpertPlus,"miitchel, Jabob & Hades",2023,216,0.007,-0.005,0.017,-0.003,many horizontal cuts / crossovers; heavily retried
fdd391,Brain Power,ExpertPlus,Redmagi,2020,1701,-0.017,0.005,0.007,-0.014,
12f3331,Cyaegha,Normal,Timbo,2021,1049,0.016,0.005,0.009,-0.033,
1ffad91,A Drowning Cry,ExpertPlus,Fatalution,2022,2653,0.013,0.005,0.006,0.005,
41d18xxxx91,song for when the bar closes,ExpertPlus,Parapass,2024,1211,-0.08,0.005,0.01,-0.03,many horizontal cuts / crossovers
1cab711,Imprinting,Easy,SlimyBlob & Shad,2021,395,0.026,-0.005,0.019,-0.004,many horizontal cuts / crossovers
1a50451,Quasar Dreams,Hard,ComplexFrequency & Fvrwvrd,2021,723,-0.0,0.005,0.009,0.003,
6b3691,NANI THE FUCK!!,ExpertPlus,Hoppaw & ExUnReal,2019,939,0.052,0.005,0.008,0.018,long jump distance (27 m)
e5cd71,Shinbatsu o Tadori Kyoukotsu ni Itaru,Expert,altrewin & ExUnReal,2020,180,-0.04,0.005,0.021,0.01,
12ad971,Apocalypse Simulator,Expert,xScaramouche & Scrappy,2021,693,0.019,-0.005,0.009,0.002,
b63971,Sono Gunjou ga Itoshikatta Youdatta,Expert,Uninstaller,2020,413,-0.01,0.005,0.014,0.028,
38419x31,Scream,Normal,"Serephor, CMP1111, LaidBackAries",2023,212,-0.035,-0.005,0.023,0.056,
26e4e11,Body Bag,Easy,Bytrius,2022,234,0.026,-0.005,0.023,0.023,
1293a51,citrus,Hard,nolan121405,2021,495,-0.006,0.005,0.015,0.028,
bd6a91,Antithese,ExpertPlus,That_Narwhal,2020,1907,-0.02,-0.005,0.006,-0.011,
14af891,Spectral,ExpertPlus,Jabob,2021,2053,-0.022,-0.005,0.007,-0.013,
1b68191,Scare Me,ExpertPlus,Fatalution,2021,2796,0.02,-0.005,0.006,0.016,
44b4dxxxxxxxxxxx11,Konpeito Extremists,Easy,shrado & Voidless,2025,351,0.161,-0.004,0.022,-0.114,many horizontal cuts / crossovers; top players see it differently
74351,EC1-Everything Goes,Hard,rustic,2018,208,-0.037,0.004,0.022,-0.017,many horizontal cuts / crossovers
11c9c31,Scratch,Normal,CyanSnow,2020,160,0.019,-0.004,0.025,0.031,
167ef51,Memento Mori,Hard,abcbadq,2021,742,0.006,0.004,0.011,-0.037,
fdd331,Brain Power,Normal,Redmagi,2020,436,0.034,-0.004,0.023,-0.059,long jump distance (30 m)
41218xxx31,Cherish (My Love),Normal,"Lalahti, Danny",2024,336,-0.041,0.004,0.017,0.019,
74a51,EC1-I'm on Fire,Hard,rustic,2018,219,0.002,0.004,0.026,-0.029,many horizontal cuts / crossovers
162e491,Up & Down,ExpertPlus,cat_using_a_toaster,2021,2056,0.001,-0.004,0.006,0.008,
e62d91,I'll Fight Back,ExpertPlus,ItsVasili,2020,492,0.033,0.004,0.011,0.011,
1687f31,ADAM,Normal,Shan_Man,2021,759,0.017,-0.004,0.014,0.044,long jump distance (26 m)
24d0f91,paradox,ExpertPlus,yabje,2022,629,-0.015,-0.004,0.01,-0.026,
46e4fxxx71,Lay Down,Expert,Uncouth,2025,369,-0.056,-0.004,0.015,-0.094,
1c52391,"Koyoi wa Hyouitsu na Egoist ~ Ego,Schizoid,Beat.",ExpertPlus,SlimyBlob,2021,821,-0.015,-0.004,0.008,-0.037,
1a58491,Farewell,ExpertPlus,Shark,2021,1384,0.014,-0.004,0.007,-0.008,
ba0991,IZANA,ExpertPlus,That_Narwhal,2020,1643,0.01,0.004,0.007,-0.023,
a51111,Can We Fix It?,Easy,simplymarvellous,2020,470,-0.035,0.004,0.028,-0.048,long jump distance (30 m)
101a071,Haachama Channel,Expert,Light Ai & xtpn,2020,1382,-0.019,-0.004,0.01,-0.002,
3dfc4xx31,Joker's Cranberrybox,Normal,"ViSi as ""U.N.Owen""",2024,474,0.047,0.004,0.014,-0.077,
1c6f051,Far Away,Hard,Bitz & HypersonicSharkz,2021,936,-0.012,0.004,0.009,-0.048,
d77f91,Wish upon Twin Stars,ExpertPlus,That_Narwhal,2020,1022,-0.025,-0.004,0.008,-0.014,
2ecc3xxxx91,cold weather,ExpertPlus,dentalstonk,2023,469,-0.002,-0.004,0.014,-0.008,
243e5xx31,Ajuga,Normal,shrado & Fnyt,2022,572,0.049,0.004,0.013,0.021,
2c5b9xxx31,Dragostea Din Tei,Normal,Nebelmonster,2022,246,-0.062,0.004,0.024,-0.039,
18f4e71,Ghost Family Living In Graveyard,Expert,"Jabob, Narwhal & Schwank",2021,981,-0.028,0.004,0.01,-0.009,
3e6cdxxxxx31,lustre,Normal,"UglyApe, Darkrealm7, edgii",2024,335,-0.027,-0.003,0.019,-0.006,
21c09x71,Raging Stream,Expert,Cat Using A Toaster,2022,630,0.001,0.003,0.011,0.022,
da1991,Lowermost revolt,ExpertPlus,DE125 & Schwank,2020,880,0.032,0.003,0.009,0.009,
bd6a31,Antithese,Normal,That_Narwhal,2020,567,0.022,0.003,0.013,0.026,long jump distance (30 m)
1b4f971,Our Generation,Expert,nolan121405,2021,1090,-0.031,0.003,0.01,-0.012,
3717351,Anytime Anywhere,Hard,CookedChili,2024,591,-0.013,-0.003,0.017,0.052,
15c08x91,WE LUV LAMA,ExpertPlus,Hexagonial & Oddloop & Daan,2021,212,-0.062,0.003,0.024,0.009,
3c3cexxxxxxxxx91,Mo-no/liTH,ExpertPlus,Komeijisan051,2024,218,-0.029,0.003,0.02,0.005,many horizontal cuts / crossovers
1ac1a51,Empty Bed,Hard,Timbo,2021,567,-0.048,0.003,0.023,-0.026,players reset/repeat directions the analyzer does not expect
167a571,Beyond Eternity,Expert,Timbo,2021,812,-0.04,0.003,0.009,-0.017,
40127xxx11,Apocalypse Simulator v2.0,Easy,ViSi,2024,599,0.015,-0.003,0.014,-0.006,
179eb91,kannabis kultivation,ExpertPlus,AlphaComplex,2021,407,0.019,0.003,0.01,0.011,
12d9631,Mane Mane Psychotropic,Normal,SlimyBlob,2021,296,0.033,-0.003,0.019,-0.034,long jump distance (27 m); many horizontal cuts / crossovers
16d2f11,HellFire,Easy,abcbadq & Timbo,2021,285,-0.02,0.003,0.018,-0.014,
440c1xxx31,Renegade (We Never Run),Normal,Pleo & MadChase,2025,468,-0.036,0.003,0.015,-0.068,
2a75e91,Megaton Karma,ExpertPlus,Helloiamdaan,2022,1043,0.021,-0.003,0.009,-0.015,
d88851,Neverland,Hard,carrot,2020,319,-0.028,-0.003,0.019,0.096,long jump distance (28 m)
d8f591,Fracture Ray,ExpertPlus,muffn & FatBeanzoop,2020,877,0.033,0.003,0.009,0.009,
3a751x71,Salamander,Expert,ViSi,2024,1484,0.01,-0.003,0.008,-0.014,
1305191,Xronier,ExpertPlus,"shrado, Scrappy, & altrewin",2021,586,-0.06,0.003,0.01,-0.002,
1a2cd11,Fantasie-Celeritas,Easy,ComplexFrequency,2021,591,0.014,-0.003,0.013,0.055,
1a02791,Our Generation,ExpertPlus,Emilia,2021,1346,-0.031,0.003,0.007,0.012,
b2f251,epimerization,Hard,CoolingCloset,2020,495,-0.015,-0.003,0.015,-0.018,
3af82xxxx51,ONE SPARK,Hard,"Lalahti, FireStrike",2024,324,0.005,0.003,0.017,-0.004,
2433e71,ARIGA THESIS,Expert,Gabriel,2022,603,0.001,-0.003,0.012,-0.017,
1542151,Oniyuri,Hard,Mystikmol & Pug,2021,585,-0.005,0.003,0.015,-0.042,long jump distance (26 m)
1d3f5x11,Night Raid with a Dragon,Easy,nolan121405,2021,454,-0.002,0.003,0.022,-0.001,
38a54xx31,The Vampire,Normal,Xarope93,2024,235,-0.059,-0.003,0.024,-0.057,
483791,Yugure,ExpertPlus,Soup,2019,533,0.02,-0.003,0.013,0.02,long jump distance (29 m)
40095xx11,Run Away,Easy,Lalahti,2024,152,-0.078,-0.003,0.032,-0.005,
31cb1x51,The Dumb Song,Hard,"Lekrkoekj, Tpenny68, Scorefam",2023,262,-0.021,0.003,0.019,0.04,
1ea3c51,Find Our Way,Hard,Klondike,2021,229,-0.011,0.003,0.021,-0.046,
3df2axx71,Macaron,Expert,Jonas_0_0,2024,708,-0.045,-0.003,0.011,0.017,
3abf8xx91,Rap God,ExpertPlus,Loloppe,2024,1720,-0.036,0.003,0.006,0.013,
1ac5651,AREA 52,Hard,That_Narwhal,2021,714,0.008,0.003,0.011,0.005,
1935771,GIMME DA BLOOD,Expert,Narwhal & Alice,2021,1099,-0.033,-0.002,0.009,0.06,
c61b51,Blaster,Hard,That_Narwhal,2020,815,0.002,-0.002,0.011,-0.038,
1bb8d11,Metamorphose,Easy,Jabob,2021,528,0.022,-0.002,0.019,0.014,
1313f51,Start of the Determination,Hard,xScaramouche,2021,526,-0.0,0.002,0.013,0.061,
202d9xxx11,Gypsy Tronic,Easy,RocKz & yabje,2022,895,0.016,0.002,0.011,-0.071,
1a8a11,Bitch Lasagna,Easy,rogdude,2018,1640,0.0,-0.002,0.009,0.068,many horizontal cuts / crossovers
eb2871,Holdin' On,Expert,Hoppaw,2020,1099,0.049,-0.002,0.008,0.008,
1ee2511,Ori and the Blind Forest - The Waters Cleansed,Easy,Sp234,2021,201,0.025,0.002,0.035,-0.034,long jump distance (26 m); many horizontal cuts / crossovers
1cb6811,Main theme - Definite Edition,Easy,Sp234,2021,444,0.068,-0.002,0.029,-0.024,long jump distance (26 m); many horizontal cuts / crossovers
12cab51,YELL!,Hard,Joshabi,2021,609,0.008,0.002,0.011,-0.028,
22845xxxxxxxxxxxxx71,Rude Buster,Expert,"shrado, Fvrwvrd, Timbo & Bitz",2022,502,-0.052,-0.002,0.012,-0.01,
14af851,Spectral,Hard,Jabob,2021,322,-0.015,0.002,0.019,-0.031,
dd8791,Barbecue,ExpertPlus,Vilawes,2020,778,0.029,0.002,0.01,0.009,many horizontal cuts / crossovers
19b9791,Release The Kraken,ExpertPlus,"Jabob, Daan, & lobster",2021,1382,-0.083,0.002,0.007,0.006,
38251,Telephone Awoo,Hard,calijor,2018,1389,0.001,0.002,0.012,-0.034,players reset/repeat directions the analyzer does not expect; many horizontal cuts / crossovers
b00291,Daijoubu,ExpertPlus,Skeelie,2020,709,-0.041,0.002,0.01,0.011,
1ad6691,Thunderstrike,ExpertPlus,abcbadq & Timbo,2021,827,-0.003,-0.002,0.009,-0.001,many horizontal cuts / crossovers
1ff94xxxxx71,DANGEROOOOUS JUNGLE,Expert,Purp1e,2022,1007,-0.001,-0.002,0.009,-0.007,
8eb611,All Night,Easy,Teuflum,2020,250,0.081,0.002,0.036,-0.113,long jump distance (34 m); many horizontal cuts / crossovers; top players see it differently
32266x71,We Won't Be Alone,Expert,Darkrealm7,2023,977,-0.02,-0.002,0.01,-0.003,
14b3491,"Top of the ""M""",ExpertPlus,abcbadq & altrewin,2021,959,-0.003,-0.002,0.009,-0.027,
1ff051,I can't stop,Hard,rustic,2018,668,-0.04,-0.002,0.016,-0.012,many horizontal cuts / crossovers
fb51,Kids,Hard,bennydabeast,2018,421,-0.004,-0.002,0.019,0.085,many horizontal cuts / crossovers
17e0271,We Could Get More Machinegun Psystyle! (and More Genre Switches),Expert,Various Mappers,2021,570,-0.011,-0.002,0.01,-0.003,
16c5691,Dyscontrolled Galaxy,ExpertPlus,That_Narwhal,2021,1192,-0.005,-0.002,0.009,-0.017,
138ba71,True Hero,Expert,"Cerret, Complex & Daan",2021,1221,-0.009,0.002,0.008,-0.004,
27db491,eddcore,ExpertPlus,cerret,2022,774,0.02,-0.002,0.011,-0.005,
17a7051,ListENiNg to spEEDcorE turNs you iNto A fuckiNg idiot,Hard,Emilia,2021,906,0.025,-0.002,0.009,-0.014,
37fa9xxx51,Affiliate Requiem,Hard,Emilia & Complex,2023,667,0.005,-0.002,0.011,-0.003,
3e542xxxxxx51,This is SPARTA !!!,Hard,Hibiscus,2024,269,-0.031,0.002,0.021,-0.011,
126bd31,XTREME,Normal,Timbo,2021,924,-0.028,-0.002,0.009,-0.022,
c64311,Digital Girl,Easy,Skeelie,2020,207,0.039,0.002,0.026,-0.022,long jump distance (32 m); many horizontal cuts / crossovers
1306991,Quon,ExpertPlus,+1 Rabbit,2021,1968,0.008,-0.001,0.006,-0.013,
e2ba11,Astronomia,Easy,That_Narwhal,2020,457,0.043,-0.001,0.022,-0.038,long jump distance (34 m)
1d9bcxx51,Spring Thief,Hard,AntiLink & TG90,2022,556,-0.027,-0.001,0.014,-0.04,
ca4051,Kings & Queens,Hard,Edmard,2020,941,-0.011,-0.001,0.012,-0.015,
d73571,PRAGMATISM,Expert,shrado,2020,809,-0.027,0.001,0.009,-0.012,
29c5491,"Young, Wild and Free",ExpertPlus,Remie,2022,683,0.013,-0.001,0.011,-0.015,
e2c391,Demon's Jingles,ExpertPlus,Helloiamdaan & ItsVasili,2020,769,-0.01,-0.001,0.01,-0.02,
36ae7x11,Slow Down,Easy,Lalahti,2023,137,-0.015,0.001,0.04,-0.094,
1696091,Moonlight Sonata 3rd Movement,ExpertPlus,J1K,2021,687,-0.073,0.001,0.009,0.022,
75a31,Snow Halation,Normal,todokete,2018,181,0.081,-0.001,0.031,0.008,long jump distance (28 m); many horizontal cuts / crossovers
16bb191,Toymatic Parade,ExpertPlus,cerret,2021,1054,0.01,0.001,0.008,-0.0,
17d0991,Iro wo ushinatta machi,ExpertPlus,ComplexFrequency,2021,744,-0.012,0.001,0.012,-0.013,many horizontal cuts / crossovers
1925971,Highscore,Expert,That_Narwhal,2021,1157,-0.012,-0.001,0.007,0.019,
dc9251,Exitium,Hard,Bush,2020,730,-0.002,-0.001,0.011,-0.022,long jump distance (28 m)
1e94171,The Curse Of The Lovely Fox,Expert,abcbadq,2021,1567,0.022,-0.001,0.007,-0.003,
2326b31,Kingslayer,Normal,Nolanimations & Sync,2022,449,0.011,-0.001,0.013,-0.007,
87aa91,Internet bitch,ExpertPlus,Light Ai & ExUnReal,2020,1011,-0.026,0.001,0.008,-0.016,
1a58471,Farewell,Expert,Shark,2021,712,0.007,-0.001,0.01,0.006,
226e7xx91,Who's Not In Paris,ExpertPlus,Touqai,2022,1234,-0.015,0.001,0.007,0.004,
c61b31,Blaster,Normal,That_Narwhal,2020,486,-0.001,0.001,0.014,-0.006,long jump distance (29 m)
d0eb31,The Donk,Normal,xScaramouche & Dat360NoScope,2020,177,-0.156,0.001,0.028,-0.052,short jump distance (9 m)
2937c91,Under Kids,ExpertPlus,yabje,2022,1078,0.015,-0.001,0.008,-0.039,
2d52611,Ori and the Blind Forest - Completing The Circle,Easy,Sp234,2022,214,0.02,-0.001,0.035,-0.114,top players see it differently
19b9f91,LEADER,ExpertPlus,Nolanimations,2021,1294,0.012,-0.001,0.007,-0.025,
3bcf5xxxxxxxx51,nieuwe tune,Hard,Stupidity-101,2024,1922,-0.015,0.001,0.007,-0.013,
1703f51,Party People,Hard,Helloiamdaan & Nolanimations,2021,824,-0.006,-0.001,0.01,0.001,
f91e51,Who's Laughing Now,Hard,Teuflum,2020,926,0.005,0.001,0.013,0.058,long jump distance (27 m)
37fa9xxx71,Affiliate Requiem,Expert,Emilia & Complex,2023,542,-0.024,0.001,0.013,-0.01,
b2c051,Fellow Feeling,Hard,FatBeanzoop & TheRealZeroz,2020,737,-0.045,0.001,0.014,-0.016,
1677a91,Bang!,ExpertPlus,BrightKnight,2021,3621,0.022,-0.001,0.005,0.051,many horizontal cuts / crossovers
3b62dxxx71,SHEESH,Expert,Lalahti,2024,701,-0.003,-0.001,0.012,0.02,
29d091,Happppy song,ExpertPlus,hexagonial,2019,717,0.021,0.001,0.01,0.019,many horizontal cuts / crossovers
3c3dfx11,Blue Heart,Easy,"Lalahti, Danny",2024,169,-0.052,-0.001,0.03,-0.061,
1b15591,Kabul,ExpertPlus,Khenab,2021,1035,-0.001,0.001,0.008,0.001,
1293a71,citrus,Expert,nolan121405,2021,1218,-0.02,0.001,0.009,0.056,
30b3991,awful,ExpertPlus,GojiCrafter & Phøenix,2023,1044,0.081,-0.0,0.012,-0.019,many horizontal cuts / crossovers
7dac91,ENDYMION,ExpertPlus,fraies & Oddloop,2020,408,-0.003,-0.0,0.013,0.004,
1badc11,The Things We Believe In,Easy,Cyrix,2021,175,0.007,-0.0,0.028,-0.034,
290c991,Superluminal Absolutely EXTRA-TONE-ordinary,ExpertPlus,cerret,2022,332,-0.003,-0.0,0.022,0.025,
138f291,Quaerite Veritatis,ExpertPlus,Rusty & Nolanimations,2021,1350,-0.044,-0.0,0.009,-0.031,
144bc91,Move,ExpertPlus,Teuflum,2021,1596,-0.011,0.0,0.007,-0.023,
2c888xxxxx91,Splatter Party,ExpertPlus,Anammelech & Otricity,2022,297,-0.026,-0.0,0.018,0.003,heavily retried
3e2fbxxx11,Shin FAKE STYLE,Easy,symphonic,2024,196,0.01,-0.0,0.024,-0.062,
6531,Awe,Normal,rustic,2018,317,-0.051,-0.0,0.03,-0.031,many horizontal cuts / crossovers
1c4af51,Back In Time,Hard,Teuflum,2021,1136,-0.013,0.0,0.009,0.028,
13fe891,0verf1ow,ExpertPlus,Timbo,2021,1347,0.018,0.0,0.008,-0.033,
196b971,Start of the Determination,Expert,Paper_Core,2021,1081,0.019,0.0,0.008,-0.033,
3f0fdxx71,Chiyu,Expert,"accuwucy, Jonas_0_0",2024,325,-0.08,-0.0,0.016,0.123,top players see it differently
1a2af71,Darkness Swallows Life,Expert,"Fvrwvrd, Daan & Nolanimations",2021,653,0.022,0.0,0.01,-0.006,
