hash,key,name,song,mapper,uploader,uploaded,created_at,last_published_at,version_created_at,versions,curated_at,bl_ranked,ss_ranked,declared_ai,bpm,duration,missing
006473f5f8e66058238f9abf1d1eea3333d6eb59,38bdd,Blue Bird feat. YonKaGor by ivycomb & Moka,Blue Bird,"Darkrealm7, ItsNoot3rch",Darkrealm7,2024-01-09T22:50:51.495928Z,2024-01-09T22:50:42.646666Z,2024-02-21T00:13:45.361507Z,2024-02-21T00:13:41.464686Z,1,,1,0,None,130.0,246,0
00b539e86ea3f0b1e966544a297fb4942e499e6f,243c,Ocarina of Time Medley [Smash Bros Map Pack],Ocarina of Time Medley,Todokete,todokete,2018-12-07T00:16:02.001Z,2018-12-07T00:16:02Z,2018-12-07T00:16:02Z,2018-12-07T00:16:02Z,1,,1,1,None,144.95,114,0
00d70ea0dce3003205db0d21cfb80b3f3b05d990,c24e,Audiofreq - Brain Stomp,Brain Stomp,Nolanimations,Nolanimations,2020-07-17T23:49:08.741Z,2020-07-17T23:49:08.741Z,2020-07-17T23:49:08.741Z,2020-07-17T23:49:08.741Z,1,,1,1,None,190.0,258,0
00db999dd09e123c963b909b731e5d8aa0fa8b82,1ad2b,[Ranked] Camellia - Toxic Violet Cubes,Toxic Violet Cubes,BSWC Team,abcbadq,2021-08-01T04:20:28.888Z,2021-08-01T04:20:28.888Z,2023-06-06T14:24:39.354527Z,2022-01-05T03:03:29.487260Z,1,,1,1,None,265.0,291,0
00e5671e594a6fe621c3605fcc5a0e4466ba6478,4c6,Muse - Uprising,Uprising,Rustic,rustic,2018-06-11T21:47:41Z,2018-06-11T21:47:41Z,2018-06-11T21:47:41Z,2018-06-11T21:47:41Z,1,2018-06-11T21:47:41Z,1,1,None,128.0,251,0
00ef562c32fa111fa901f6769e7737f0a5c49386,46f03,XH - Calamitous Demise,Calamitous Demise,ViSi,ViSi,2025-05-14T04:57:06.258543Z,2025-05-14T04:55:04.612918Z,2026-05-28T14:18:22.174727Z,2026-05-28T14:18:12.373513Z,1,2025-05-29T12:08:19.373759Z,1,0,None,422.0,374,0
00f03a5748e97cb4799d59a7ce9822095668efca,1c5fd,Toby Fox - THE WORLD REVOLVING (Camellia Remix) [From Deltarune Ch.01],THE WORLD REVOLVING,Nolanimations,Nolanimations,2021-09-19T19:41:04.563947Z,2021-09-19T19:40:53.829160Z,2022-01-11T13:16:03.077038Z,2022-01-11T13:15:57.338525Z,1,2021-09-19T19:41:04.563947Z,1,1,None,210.0,410,0
014986ea358c42b7778b5eb2229e2403d94c8ad5,110de,Mine All Day (Nolanimations Hardstyle Remix) - PewDiePie x Party In Backyard ,Mine All Day,Helloiamdaan,helloimdaan,2020-11-17T14:41:30.955Z,2020-11-17T14:41:30.955Z,2020-11-17T14:41:30.955Z,2020-11-17T14:41:30.955Z,1,,1,1,None,150.0,270,0
016117af64952a36ec80ab35b7f71fc5247cf5e7,2e409,Roughsketch - 666 (Extreme Full Ver.) [Short Edit],666,Emilia,Emilia,2023-01-15T23:08:20.711473Z,2023-01-15T23:02:56.250134Z,2023-04-20T17:04:52.303278Z,2023-04-20T17:04:36.530010Z,1,,1,0,None,333.0,194,0
0167975f8788afbbc7d27b4c939395660c1de854,1d3,DJ S3RL - Click Bait,Click Bait,DJ S3RL,calijor,2018-05-23T15:15:10Z,2018-05-23T15:15:10Z,2018-05-23T15:15:10Z,2018-05-23T15:15:10Z,1,,1,1,None,175.0,199,0
01afb37fd515e9fa387be2c4fb99bae99b835ed3,3965b,[BL VER] Remzcore - Sweater Weather,Sweater Weather,Luna & Yasu,Luna__,2024-01-28T03:01:58.234321Z,2024-01-28T03:01:30.478233Z,2024-01-28T03:01:58.234321Z,2024-01-28T03:01:30.478233Z,1,,1,0,None,190.0,233,0
01bda6c582867ad1f9664d1382488d7fa925ed6b,19cf1,TANO*C Sound Team - BATTLE NO.1,BATTLE NO.1,Various Mappers,helloimdaan,2021-07-02T09:47:35.393Z,2021-07-02T09:47:35.393Z,2021-09-07T12:31:20.578900Z,2021-09-07T12:31:09.689179Z,1,2021-07-02T09:47:35.393Z,1,1,None,200.0,133,0
01fb2aa5064d8e30105de66181be1b3fbc9fa28a,75f1,Camellia - Arche,Arche,Depito & ExUnReal,depito,2019-12-12T11:53:12.782Z,2019-12-12T11:53:12.782Z,2019-12-12T11:53:12.782Z,2019-12-12T11:53:12.782Z,1,2019-12-12T11:53:12.782Z,1,1,None,200.0,316,0
01fe02cf7cc8c74e94d5ae68d8f23f6ab143b33a,270b,TIERRA - Dj Genki,TIERRA,Rogdude,rogdude,2018-12-20T15:23:13Z,2018-12-20T15:23:13Z,2018-12-20T15:23:13Z,2018-12-20T15:23:13Z,1,,1,1,None,170.0,117,0
02175d27756185e84c1ff96cc158f95555046be6,3354b,R.E.M. - Losing My Religion,Losing My Religion,GojiCrafter,GojiCrafter,2023-06-21T00:51:29.510156Z,2023-06-21T00:51:21.211103Z,2023-11-29T23:15:51.433471Z,2023-11-29T23:15:41.462070Z,1,2023-06-21T03:11:16.518329Z,1,0,None,125.6,270,0
02286b2ca771e09b9a7bd94b3825ee4c5b3fdd75,2f77c,Rokudenashi - As You Don't Know,As You Don't Know,NTBased,NTBased,2023-02-16T02:38:45.380546Z,2023-02-16T02:34:36.226107Z,2023-04-01T01:12:39.347598Z,2023-04-01T01:09:58.833360Z,1,2023-02-16T03:18:02.190878Z,1,0,None,184.0,133,0
02453d0da574dc076f1fa1be810bbaf55c4bafb1,1303c,Aether Realm - Guardian,Guardian,shrado & Scrappy,shrado,2021-01-21T23:06:24.483Z,2021-01-21T23:06:24.483Z,2021-01-21T23:06:24.483Z,2021-01-21T23:06:24.483Z,1,2021-01-21T23:06:24.483Z,1,1,None,154.0,259,0
027758c2c60121fe78ea90c2b297e76dd575a006,41fbd,iyowa - Heat Abnormal (Nightcord at 25:00 x KAITO cover),Heat Abnormal,Spectral,leo.,2024-11-29T06:32:53.279761Z,2024-11-29T06:30:59.137514Z,2025-11-19T00:21:10.186994Z,2025-11-19T00:21:00.903789Z,1,,1,0,None,183.0,123,0
02861e7c155fefd133e40a8738a85589392adf7c,420b7,[Ranked] Emma Stevens - Gold Rush,Gold Rush,"Dereknalox123, Tseska, Taddus & Tpenny68",dereknalox123,2024-12-02T00:33:23.513919Z,2024-12-02T00:12:43.431983Z,2025-03-31T03:53:10.745998Z,2025-03-31T03:53:04.297062Z,1,2024-12-05T15:25:17.643457Z,1,1,None,107.0,191,0
02e42bb3280e0ea52829a4a2bf47f3eb8a3e32eb,e298,1788-L & Blanke - Destiny,Destiny,Emilia,Emilia,2020-09-02T21:50:33.890Z,2020-09-02T21:50:33.890Z,2022-04-26T00:06:39.102787Z,2020-09-02T21:50:33.890Z,1,,1,1,None,196.0,230,0
030947055a18b947169078357cda8a36b98b376c,1e8fe,Get Get Down - Paul Johnson,Get Get Down,Pink,Pink,2021-12-04T02:44:18.208812Z,2021-12-04T02:43:43.034311Z,2021-12-04T02:47:12.015411Z,2021-12-04T02:43:43.034311Z,1,,1,1,None,127.0,146,0
031ea5d27ea57bca71af6cc493f5b37d73d864f8,3d556,Bad Liar (Stripped),Bad Liar,azu azu,azu_azu,2024-06-05T18:00:55.607654Z,2024-06-05T18:00:27.943533Z,2024-06-10T18:49:35.351365Z,2024-06-10T18:49:03.004367Z,1,,1,0,None,177.99,247,0
03a4575b6fe87f1e79c1664464d482a2ff8e0780,e348,Camellia - LET'S JUMP,LET'S JUMP,Khenab,khenab,2020-09-04T06:16:53.269Z,2020-09-04T06:16:53.269Z,2020-09-04T06:16:53.269Z,2020-09-04T06:16:53.269Z,1,,1,1,None,180.0,320,0
03ba5157516ef3179ed9ce09f0eece7b95eca8ed,1e1d,Silicon XX - S3RL ft. Nikolett,Silicon XX,Edzo (lighting by AaltoPahWi),edzo,2018-11-05T03:07:20Z,2018-11-05T03:07:20Z,2018-11-05T03:07:20Z,2018-11-05T03:07:20Z,1,,1,1,None,175.0,123,0
040cf73b7e1881152f0e49463b8bff17a8fcdc35,29d68,WhySoSerious x Chuwe - Big,Big,D7oomyAli,D7oomyAli,2022-09-12T16:44:43.554728Z,2022-09-12T16:44:36.829626Z,2022-11-03T22:10:07.143435Z,2022-11-03T22:09:49.488520Z,1,,1,0,None,160.0,140,0
0437938ee67f7d54d89b42d5dd23f4a01fead731,19be1,Apashe - Uebok VIP [Chroma],Uebok VIP,Fatalution,fatalution,2021-06-30T04:53:48.297Z,2021-06-30T04:53:48.297Z,2021-06-30T04:53:48.297Z,2021-06-30T04:53:48.297Z,1,2021-06-30T04:53:48.297Z,1,1,None,160.0,176,0
04c5aece9740a97fd3fed5a328f03fcf895fb397,1d77,RED ZONE - Tatsh & NAOKI,RED ZONE,Zeekin,zeekin,2018-11-01T22:45:11Z,2018-11-01T22:45:11Z,2018-11-01T22:45:11Z,2018-11-01T22:45:11Z,1,,1,1,None,330.0,108,0
04c76a54c4649b04ee8a47b6c978bf30a6efabda,1c4a8,[Ranked] Camellia - Lifelight (Camellia's Hardstyle Bootleg),Lifelight,"FatBeanzoop, Umu & Nolanimations",fatbeanzoop,2021-09-17T09:01:03.566710Z,2021-09-17T08:59:47.095723Z,2022-01-12T07:11:40.517800Z,2022-01-12T07:11:31.502122Z,1,2021-09-17T09:01:03.566710Z,1,1,None,300.0,247,0
04eca67f7df4e277d188fa5d7b939f9146753160,200dc,[RANKED] Shinse - Mayonaka Dancehall!!! (feat. Hannah Rite),Mayonaka DanceHall!!!,Vilawes & Risi,vilawes,2022-01-13T07:56:03.224990Z,2022-01-13T07:55:24.131690Z,2022-05-05T12:38:10.763267Z,2022-05-05T12:37:46.804453Z,1,,1,1,None,127.5,307,0
05185403aae44cdba46d66e7046e3e60d4d5aa31,1f273,Camellia - The Cat Evolved Into The Microwave-proof Cat!,The Cat Evolved Into The Microwave-proof Cat!,epicmoo34 & Narwhal,Narwall,2021-12-24T04:11:42.423886Z,2021-12-24T04:11:01.224773Z,2022-06-03T16:04:54.074308Z,2022-06-03T16:04:51.090817Z,1,2022-04-13T22:24:10.050371Z,1,1,None,300.0,229,0
057b0694f66a35a956c8c4106e99e2b8a148e74c,379e9,Future Dash - Aice room / Nor,Future Dash,Petersome,petersome,2023-11-28T18:31:53.467415Z,2023-11-28T18:27:37.467215Z,2024-02-18T14:09:40.302869Z,2024-02-18T14:09:35.984664Z,1,,1,0,None,160.0,197,0
0597f8f7d8e396ebfef511dc9ec98b69635ce532,5130,Saint's Beat - Zeami,Saint's Beat,ejiejidayo,ejiejidayo,2019-06-04T01:57:34Z,2019-06-04T01:57:34Z,2019-06-04T01:57:34Z,2019-06-04T01:57:34Z,1,2019-06-04T01:57:34Z,1,1,None,169.0,130,0
059f454ff91830403b5eb3682e3043491972b625,24eff,Lil Dicky - Earth,Earth,JRE_McNuggies,JRE_McNuggies,2022-04-27T01:11:10.494400Z,2022-04-27T00:58:59.467869Z,2022-04-27T01:11:10.494400Z,2022-04-27T00:58:59.467869Z,1,2022-04-27T12:23:21.471194Z,1,0,None,192.0,284,0
05a1e0cf2d1ee6971116d2ec5184b68d3dc1ba3f,4cb5c,Zemeth - MIREN (feat. nayuta),MIREN,ZeCube,ZeCube,2025-12-04T09:07:12.987289Z,2025-12-04T08:56:34.429680Z,2026-07-30T13:14:38.600409Z,2026-07-30T13:14:31.365308Z,1,2025-12-04T13:53:51.756266Z,1,0,None,148.0,240,0
05ade6c52249659190140ebd4540786ef7752e06,1fec,Junghwan Park - The Merchant Guild - 100k Contest,The Merchant Guild - 100k Contest,Bakuenjin,bakuenjin,2018-11-12T17:40:44Z,2018-11-12T17:40:44Z,2018-11-12T17:40:44Z,2018-11-12T17:40:44Z,1,,1,1,None,134.0,94,0
05b35630a3a39a314fccca04f0d9b450d568d920,449de,[BL Ranked] Infant Annihilator - Three Bastards,Three Bastards,Slayx,Slayx,2025-02-23T15:06:52.487966Z,2025-02-23T15:06:02.081626Z,2025-10-24T18:47:01.623316Z,2025-10-24T18:46:21.024142Z,1,,1,0,None,280.0,260,0
060d2380785754c03694905147952ee88ccea08c,37e07,Camellia - R U Still xxxx?,R U Still xxxx?,Darkrealm7,Darkrealm7,2023-12-10T15:19:12.089666Z,2023-12-10T15:18:43.972896Z,2023-12-29T03:55:48.919960Z,2023-12-29T03:55:35.968669Z,1,2023-12-29T23:51:37.540917Z,1,0,None,234.0,248,0
062180fa016cf9fd1fa320c3d8ff03b413628c44,10908,Kotek & Temujin - Liquid Answers,Liquid Answers,Checkthepan,checkthepan,2020-11-03T17:21:41.503Z,2020-11-03T17:21:41.503Z,2020-11-03T17:21:41.503Z,2020-11-03T17:21:41.503Z,1,,1,1,None,174.0,223,0
06b0e70b6e87ed65de37aa2bb75c630e3cec64b8,29742,[Chroma] gladde paling - 5G straal (hamster),5G straal (hamster),Phøenix,Phoenix,2022-08-31T02:43:41.636057Z,2022-08-31T02:43:07.292068Z,2022-09-01T18:27:36.167851Z,2022-09-01T18:27:18.320826Z,1,2022-09-20T00:43:03.300148Z,1,0,None,180.0,88,0
06b576327f2050678a7927fe7d3d0bd01a76b629,b47a,Bleed Into Me - Trivium,Bleed Into Me,Rexxz,Rexxz,2020-06-21T00:48:57.915Z,2020-06-21T00:48:57.915Z,2020-06-21T00:48:57.915Z,2020-06-21T00:48:57.915Z,1,,1,1,None,184.0,230,0
06bae2979e5ac629635793dff1c444af21e082de,1e445,"[Chroma] Gareth Coker - Ori, Lost In The Storm","Ori, Lost in the Storm",Phoenix,Phoenix,2021-11-25T17:28:20.384749Z,2021-11-25T00:30:54.717715Z,2024-03-09T23:46:10.548890Z,2022-01-08T04:06:42.459676Z,1,2021-11-25T17:28:20.384749Z,1,1,None,100.0,68,0
06ddbe99bc8af1ec819ce1a6d5f4760c9ede6697,b2c0,[Ranked] Porter Robinson - Fellow Feeling (Isqa Remix),Fellow Feeling,FatBeanzoop & TheRealZeroz,fatbeanzoop,2020-06-15T08:09:37.963Z,2020-06-15T08:09:37.963Z,2020-06-15T08:09:37.963Z,2020-06-15T08:09:37.963Z,1,,1,1,None,174.0,62,0
071048b302300c07788d8422d05f7ccdf457fe40,1293a,[RANKED] kamome sano - citrus ,citrus,nolan121405,nolan121405,2021-01-11T23:10:42.863Z,2021-01-11T23:10:42.863Z,2021-01-11T23:10:42.863Z,2021-01-11T23:10:42.863Z,1,2023-02-23T05:04:19.373543Z,1,1,None,174.0,126,0
0714df4334b806289059f7f34dedb927186ecec2,2c89d,Rukadesu & 5KiLOBYTE - ULTIMATE,ULTIMATE,Irish & Anodize,Zana,2022-12-01T09:11:00.173513Z,2022-12-01T09:10:53.903046Z,2022-12-05T03:50:11.510588Z,2022-12-05T03:50:01.486745Z,1,2023-02-18T02:49:18.312039Z,1,0,None,256.0,222,0
071ba4fd4f08f74abba5ffbe3315e5006284909f,17b88,Schwank - The Sauce,The Sauce,Checkthepan,checkthepan,2021-05-09T00:02:16.996Z,2021-05-09T00:02:16.996Z,2021-05-09T00:02:16.996Z,2021-05-09T00:02:16.996Z,1,,1,1,None,180.0,264,0
0771d4052670794b7555fb75b05134fc81f12540,47a42,Protect Me ~ K?d ,Protect Me,CyphFrix,CyphFrix,2025-06-10T16:20:53.011395Z,2025-06-10T16:20:47.560375Z,2026-02-10T21:45:49.404210Z,2026-02-10T21:45:40.604173Z,1,,1,0,None,150.0,148,0
0795e8089414c6d3339c23dc2446a1bc50d00760,b9c4,SOOOO - a decayed garden sinks into the isolated sea,a decayed garden sinks into the isolated sea,Emilia,Emilia,2020-07-05T21:37:16.511Z,2020-07-05T21:37:16.511Z,2022-04-26T00:08:53.368719Z,2020-07-05T21:37:16.511Z,1,,1,1,None,153.0,236,0
07aaf7ed2dc6bf3d735671094142f2bd4d2ad157,19632,[Ranked] PSYQUI - Funk Assembly,Funk Assembly,Night Xrose & TheWildDash,nightxrose,2021-06-20T22:48:19.832Z,2021-06-20T22:48:19.832Z,2021-12-07T06:28:27.505834Z,2021-12-07T06:28:05.076964Z,1,2021-06-20T22:48:19.832Z,1,1,None,162.0,271,0
07c8ad5def079e60e9c9cdc00db62b27c0472740,24e64,[RANKED] Camellia - M1LLI0N PP,M1LLI0N PP,RetrX vs. FentonVR,RetrX,2022-04-25T22:38:33.526999Z,2022-04-25T22:35:09.748520Z,2022-08-30T00:08:56.650680Z,2022-08-30T00:08:45.318016Z,1,,1,1,None,234.0,431,0
07d36c6fed15feeb5a85aaa8d8e1fafb7283947c,b528,psychology,psychology,muffn,muffn,2020-06-22T23:32:00.861Z,2020-06-22T23:32:00.861Z,2020-06-22T23:32:00.861Z,2020-06-22T23:32:00.861Z,1,,1,1,None,306.0,217,0
0849471fe6b5d6fed8018c9d26a54f2af042fef4,28ada,[Splice EP] Tanger - 31Hz,31Hz,Raydz,Raydz,2022-08-09T06:13:49.542258Z,2022-08-09T06:13:46.065058Z,2022-08-09T06:13:49.542258Z,2022-08-09T06:13:46.065058Z,1,2022-08-12T02:30:26.426762Z,1,0,None,105.0,168,0
087cedeab4b9e4c3a4b9c594c97bee6f446f0a77,2649,[Aurora Theory] Erik McClure - Soar,Soar,Hexagonial,hexagonial,2018-12-16T21:04:48Z,2018-12-16T21:04:48Z,2018-12-16T21:04:48Z,2018-12-16T21:04:48Z,1,,1,1,None,160.0,350,0
08d67c25e377d20136e839b2bff51cc6e79611a8,1cd77,Deception - Dance Gavin Dance,Deception,cerret,cerret,2021-10-19T02:23:07.864101Z,2021-10-06T07:30:59.687014Z,2021-10-19T02:23:07.864101Z,2021-10-19T02:23:03.683249Z,1,2021-10-19T02:23:07.864101Z,1,0,None,316.0,233,0
0921df4bee8dddf36eebfa9d59b567b96d96697a,120a8,(K)NoW_NAME - Welcome To Chaos,Welcome To Chaos,CoolingCloset,CoolingCloset,2020-12-25T22:38:10.873Z,2020-12-25T22:38:10.873Z,2020-12-25T22:38:10.873Z,2020-12-25T22:38:10.873Z,1,2020-12-25T22:38:10.873Z,1,1,None,185.0,213,0
09289f43417a88b5af6f7b53f5a9771fc9c22489,b3cf,USAO - Big Daddy,Big Daddy,VRMasked,vrmasked,2020-06-18T21:29:32.138Z,2020-06-18T21:29:32.138Z,2020-06-18T21:29:32.138Z,2020-06-18T21:29:32.138Z,1,,1,1,None,190.0,274,0
0942a4ccaa61989a330f5cab9f3c314fdae15609,8a1,Qubism - Hate vs Brilliance,Qubism,Hate vs Brilliance,Moriik,2018-07-08T23:06:19Z,2018-07-08T23:06:19Z,2018-07-08T23:06:19Z,2018-07-08T23:06:19Z,1,,1,1,None,180.0,114,0
099b4fc62957a70ddf55bbad39c7405d1b5ebb19,25b7d,[TMM Pack] AJR - I Won't,I Won't,Lekrkoekj,Lekrkoekj,2022-07-28T13:02:03.765061Z,2022-05-17T15:36:13.637821Z,2022-07-28T13:02:03.765061Z,2022-07-28T13:01:28.998017Z,1,2022-07-28T16:07:02.004362Z,1,0,None,162.0,170,0
09a7ff632c3858b9b0e6475db9df76a231081e03,2522f,[1.20+] Cybernecia Catharsis - Tanchiky,Cybernecia Catharsis,That_Narwhal,Narwall,2022-05-01T22:19:31.011129Z,2022-05-01T21:37:46.442994Z,2022-05-01T22:19:31.011129Z,2022-05-01T22:15:39.962039Z,1,2022-05-02T06:06:56.851493Z,1,0,None,184.0,135,0
09f435b861416442fe61b5b2d512afca5c29bcf2,138ba,True hero - Kobaryo,True Hero,"Cerret, Complex & Daan",helloimdaan,2021-02-03T15:37:01.829Z,2021-02-03T15:37:01.829Z,2021-02-03T15:37:01.829Z,2021-02-03T15:37:01.829Z,1,,1,1,None,269.0,138,0
09f8bee6908e3a9cd724b3db3162a5c381ecb156,11b49,[Ranked] Pegboard Nerds - Purple People Eater,Purple People Eater,FatBeanzoop & ExUnReal,fatbeanzoop,2020-12-04T11:58:34.962Z,2020-12-04T11:58:34.962Z,2020-12-04T11:58:34.962Z,2020-12-04T11:58:34.962Z,1,2020-12-04T11:58:34.962Z,1,1,None,160.0,262,0
09fd6d30c55f6d721ab75a10fd412a1a1037f9a9,2b85f,[BL Ranked] Loffciamcore & Imil - At Least Speedcore Artists Aren't In It For The Money,At Least Speedcore Artists Aren't In It For The Money,Slayx,Slayx,2022-10-31T13:56:56.697990Z,2022-10-31T13:56:52.269809Z,2022-11-25T19:23:24.514924Z,2022-11-25T19:23:08.137328Z,1,,1,0,None,260.0,143,0
0a6a9bd7436b2fbd452d19f078860263bca5aa94,1a2ff,[RANKED] aldn & glaive - what was the last thing u said,what was the last thing u said,nolan121405,nolan121405,2021-07-12T01:05:59.268Z,2021-07-12T01:05:59.268Z,2021-09-10T22:48:23.658804Z,2021-09-10T22:48:18.840360Z,1,,1,1,None,152.411,229,0
0a6bfdfc1cf0f96e514215b18b600b1d4f9d4395,397bd,NextLevelNation 5Years-Edition,NextLevelNation,Craedien,Craedien,2024-01-30T22:39:49.123474Z,2024-01-30T22:34:51.684882Z,2024-02-22T23:18:57.398728Z,2024-02-22T23:17:29.288405Z,1,,1,0,None,180.0,221,0
0a72a364d9596f9fc76da1c49b21b7e2c6174fe5,4e5f4,Helianthus annuus,Helianthus annuus,wangyufy,wangyufy,2026-02-02T07:47:03.832907Z,2026-02-02T07:45:26.932684Z,2026-03-03T04:44:51.254136Z,2026-03-03T04:44:27.307442Z,1,2026-02-02T15:41:20.986164Z,1,0,None,190.018,215,0
0a7eddd407d6e272cf0aadf26e96850806abc5da,24d40,Bad Omens - The Grey,The Grey,Bytrius,Bytrius,2022-04-24T10:22:42.386394Z,2022-04-24T10:22:13.412481Z,2022-08-05T21:53:39.983443Z,2022-08-05T21:52:54.766209Z,1,2022-04-24T19:20:26.525969Z,1,0,None,190.0,249,0
0aa7cf61c6851b01ebfc96d8da8f47959e77e32a,2433e,MYUKKE. - ARIGA THESIS,ARIGA THESIS,Gabriel,Gabriel,2022-04-10T06:38:26.363839Z,2022-04-10T06:37:02.808286Z,2022-04-10T06:38:26.363839Z,2022-04-10T06:37:02.808286Z,1,,1,0,None,140.0,132,0
0ab508b0a381dadd2afbbac1dd45c76e5438ca9a,2d1e5,[BL queue]paradox Camellia's “fallacious” remix -Hanabasami Kyou-,paradox,Various Mappers,mux,2022-12-19T13:32:25.538955Z,2022-12-19T13:16:59.925072Z,2022-12-19T13:32:25.538955Z,2022-12-19T13:16:59.925072Z,1,,1,0,None,220.0,250,0
0ac5a871dafdf9326c52fd1fe61962fc60abc26f,d97d,[RANKED] Demon Hunter - Someone to hate,Someone To Hate,RocKz,rockz,2020-08-19T09:07:38.967Z,2020-08-19T09:07:38.967Z,2020-08-19T09:07:38.967Z,2020-08-19T09:07:38.967Z,1,,1,1,None,170.0,328,0
0ac89b03d8dce46a2e01f7b7eb3e38ce82784784,47f84,[Madoka Magica Pack Vol. 1] Yuki Kajiura - Sis Puella Magica!,Sis Puella Magica!,The Lunar Carver,TheLunarCarver,2025-06-22T13:00:00.777209Z,2025-06-22T06:40:25.982349Z,2026-03-02T08:10:33.682142Z,2026-03-02T08:10:29.823554Z,1,2025-06-23T19:46:33.692293Z,1,0,None,155.41,161,0
0ac8ae81aa569f9c2ca5661e18f18599f9c79975,1d490,Ori and the Blind Forest - The Spirit Tree,The Spirit Tree,Sp234,Sp234,2021-10-22T17:57:01.475447Z,2021-10-22T17:56:38.137376Z,2021-11-30T17:13:27.985044Z,2021-11-30T17:13:05.828633Z,1,2021-10-22T17:57:01.475447Z,1,1,None,110.0,107,0
0aee485890fd2bcc72db09388e79d22c11a46e2b,2f14a,Play Me Like That Video Game by Josef Bel Habib,Play Me Like That Video Game,LaidBackAries,LaidBackAries,2023-02-06T23:13:12.488452Z,2023-02-06T23:12:47.950352Z,2023-11-28T05:18:29.252230Z,2023-11-28T05:18:10.460984Z,1,,1,0,None,160.0,102,0
0b71ba47deef78a55c5709058abdb9b0849486f7,1695b,I SDVX ,I,Mystikmol & Moriik,mystikmol,2021-04-12T04:13:19.548Z,2021-04-12T04:13:19.548Z,2021-04-12T04:13:19.548Z,2021-04-12T04:13:19.548Z,1,2021-04-12T04:13:19.548Z,1,1,None,225.0,124,0
0b777de2c3fecd1e6c926ea710735b2647609c29,1b155,Soltan - Kabul,Kabul,Khenab,khenab,2021-08-09T22:55:03.040429Z,2021-08-09T22:55:03.040429Z,2021-08-09T22:55:03.040429Z,2021-08-09T22:51:13.695163Z,1,,1,1,None,150.0,228,0
0b93ff88a5231ed51605daac33f531a82ae35f57,3a97c,[Ranked] Camellia - PLANET//SHAPER,PLANET//SHAPER,edgii,edgiiiiiiiii,2024-03-04T03:55:15.279151Z,2024-03-04T03:54:57.636397Z,2024-03-27T14:48:36.371585Z,2024-03-27T14:47:55.063034Z,1,,1,0,None,147.0,418,0
0bf56fa581064964f936833a15d6351f0382a322,1a80e,[Ranked] Algorithm Dude - The X Is On Fire,The X Is On Fire,Cobayo,Cobayo,2021-07-22T01:55:18.089Z,2021-07-22T01:55:18.089Z,2022-01-04T08:16:44.161676Z,2022-01-04T08:16:34.186338Z,1,,1,1,None,340.0,139,0
0bfab2b62c6d7ea1c3587c48efd1a0eec365d983,126c,iLLness LiLin SDVX,iLLness LiLin ,Kaneko Chiharu,mystikmol,2018-08-29T11:20:25Z,2018-08-29T11:20:25Z,2018-08-29T11:20:25Z,2018-08-29T11:20:25Z,1,,1,1,None,280.0,123,0
0c467cc099ab6727ba350711f281c6c0b79ecf43,47dcd,The Quick Brown Fox & Klippa - MELANCHOLY passing into MANIA,MELANCHOLY passing into MANIA,ob1cb & RetrX,ob1cb,2025-06-18T03:16:22.828944Z,2025-06-18T03:16:13.052668Z,2025-10-26T21:15:38.932312Z,2025-10-26T21:15:35.659088Z,1,2025-07-31T07:22:59.714642Z,1,0,None,216.0,252,0
0ca00077668e64f2382eaecaa43c1ca0459aa2c5,19259,[o!mem]Highscore - Panda Eyes & Teminite[R],Highscore,That_Narwhal,Narwall,2021-06-14T23:01:47.449Z,2021-06-14T23:01:47.449Z,2021-06-14T23:01:47.449Z,2021-08-15T14:42:43.673159Z,1,2021-06-14T23:01:47.449Z,1,1,None,220.0,259,0
0ca3fec750a562897c03e37d415c61c41eccee31,1a459,[o!mem] Freedom Dive - xi,Freedom Dive,That_Narwhal,Narwall,2021-07-14T15:40:17.819Z,2021-07-14T15:40:17.819Z,2021-10-04T23:23:33.267685Z,2021-10-04T23:23:23.638234Z,1,,1,1,None,222.22,269,0
0cac133f16a319de4788ad5f27002994e120d818,15b6e,Camellia feat. Nanahira - Bassline Yatteru W,Bassline Yatteru? w,Joshabi & altrewin,Joshabi,2021-03-21T16:28:33.577Z,2021-03-21T16:28:33.577Z,2021-03-21T16:28:33.577Z,2021-03-21T16:28:33.577Z,1,2021-03-21T16:28:33.577Z,1,1,None,128.0,289,0
0d5278e5f4c9c030a7245637c5dd7394d45c9e04,1a027,Sunhiausa - Our Generation (feat Imil) [Sunhiausa 2019 Edit],Our Generation,Emilia,Emilia,2021-07-07T16:06:12.823Z,2021-07-07T16:06:12.823Z,2022-04-26T00:07:42.669420Z,2021-09-23T17:21:08.906740Z,1,,1,1,None,235.0,217,0
0d5b7812335c7bd75e1ab296652a817dee90222c,1a2f7,Nanahoshi Kangengakudan - Meikaruza,Meikaruza,zilianthegreat & SlimyBlob,SlimyBlob,2021-07-12T00:51:38.362Z,2021-07-12T00:51:38.362Z,2022-01-06T16:04:58.108112Z,2022-01-06T16:04:47.699252Z,1,,1,1,None,300.0,234,0
0d8e28dc7d26e55cebc5a2728049f1068f5905bc,36cf0,[BL Ranked] Omoi - テオ (Teo),Teo,chikinbiskit,chikinbiskit,2023-11-01T14:07:57.674416Z,2023-11-01T14:07:33.343699Z,2023-11-01T18:09:24.279075Z,2023-11-01T18:09:16.073741Z,1,2023-11-01T16:19:10.399321Z,1,0,None,185.0,210,0
0dd407a12b1bec51a298f9d478c7b02d56b45a0f,1cb68,Ori and the Blind Forest - Main Theme,Main theme - Definite Edition,Sp234,Sp234,2021-10-01T09:45:25.004647Z,2021-10-01T09:44:29.431207Z,2021-11-30T17:11:52.773775Z,2021-11-30T17:11:17.839009Z,1,2021-10-01T09:45:25.004647Z,1,1,None,100.0,119,0
0dd46bfa01acb153ef5ae357fb4968c9ed8e4595,19ef0,Camellia - Nasty * Nasty * Spell,Nasty * Nasty * Spell,Joshabi,Joshabi,2021-07-05T16:50:04.149Z,2021-07-05T16:50:04.149Z,2021-09-16T18:30:53.465659Z,2021-09-16T18:28:03.919336Z,1,2021-07-05T16:50:04.149Z,1,1,None,256.0,264,0
0ddd11f4c9315c4f07de3f284c1edf4adf627fe2,262cb,[ranked] SakiZ - osu!memories 2 [Chroma],osu!memories 2,Various Mappers,riasuh,2022-05-29T20:13:01.588185Z,2022-05-29T19:32:52.776397Z,2023-02-01T09:41:09.862129Z,2023-02-01T09:40:32.612315Z,1,2022-06-06T13:48:48.666493Z,1,1,None,190.0,467,0
0dec1275880d14c2f01fdcebde29ee650c957fca,45234,seatrus - OverDrive,OverDrive,Komeijisan051,komeijisan051,2025-03-11T13:47:51.086572Z,2025-03-11T13:46:53.957044Z,2025-06-17T14:39:05.823649Z,2025-06-17T14:39:01.886440Z,1,2025-09-04T23:38:21.841644Z,1,1,None,332.0,202,0
0dff062066e7fc61236cfd7c810f31cca5b1ffca,c61b,Blaster[R],Blaster,That_Narwhal,Narwall,2020-07-23T02:03:32.704Z,2020-07-23T02:03:32.704Z,2020-07-23T02:03:32.704Z,2020-07-23T02:03:32.704Z,1,,1,1,None,180.0,139,0
0e173d98da9dcb1804fc5a6d0c3e1300f0ce2cc3,2ad54,[R] Kenshi Yonezu - KICK BACK (TV Size) (Cinema),KICK BACK,CookedChili,CookedChili,2022-10-12T01:08:10.278597Z,2022-10-12T00:39:38.141067Z,2022-10-12T01:08:10.278597Z,2022-10-12T01:07:44.132508Z,1,2022-11-03T16:45:02.876729Z,1,0,None,204.0,88,0
0e87413c6a025496926a826d88b0cb4be706fee5,1de98,Camellia - Compute It With Some Devilish Alcoholic Steampunk Engines,Compute It With Some Devilish Alcoholic Steampunk Engines,Joshabi,Joshabi,2021-11-13T23:59:29.736789Z,2021-11-13T23:57:47.850716Z,2022-02-13T22:02:47.330170Z,2022-02-13T22:02:08.979206Z,1,2021-11-13T23:59:29.736789Z,1,1,None,165.0,268,0
0edc32c8b6414dacc62562c41953193f29e3b159,2800,(V2) Omoi - Teo (ft. Hatsune Miku),Teo (ft. Hatsune Miku),Hexagonial,hexagonial,2018-12-25T17:17:56Z,2018-12-25T17:17:56Z,2018-12-25T17:17:56Z,2018-12-25T17:17:56Z,1,,1,1,None,185.0,208,0
0ee512b17e6279fe28a06ded2791ea390f3d4710,d23f,[Ranked] cosMo@BousouP - Usagi no Honki,Usagi no Honki,abcbadq,abcbadq,2020-08-09T15:15:25.694Z,2020-08-09T15:15:25.694Z,2023-06-06T14:28:11.624687Z,2020-08-09T15:15:25.694Z,1,,1,1,None,264.0,218,0
0f78a1408c91134e3b309e0bba16b5ae914596f1,13e2f,[Ranked] you - Melancholia (EKU's Desolation Remix),Melancholia,abcbadq,abcbadq,2021-02-11T13:59:21.689Z,2021-02-11T13:59:21.689Z,2023-06-06T14:25:55.796226Z,2021-02-11T13:59:21.689Z,1,,1,1,None,225.0,351,0
1038b2b47e5036a43fac6a838d3e1097a13426bf,35469,TeddyLoid & Giga (feat. LOLUET) - Desperate,Desperate,AllPoland,AllPoland,2023-08-29T07:05:21.312970Z,2023-08-29T06:54:42.177150Z,2023-09-21T03:05:04.781721Z,2023-09-21T03:04:47.499610Z,1,2023-09-02T03:46:35.953633Z,1,0,None,126.0,175,0
1044ea822d8c5404c27f923e8ce794cacdbdc640,402f2,Kakeru - Do you love me? feat. りんたる,Do you love me?,Loloppe,loloppe,2024-09-13T15:38:36.751221Z,2024-09-13T15:38:24.823017Z,2025-01-11T02:19:15.675346Z,2025-01-11T02:19:11.707957Z,1,,1,0,None,150.0,223,0
110ab14323b08adf020b75bfb150bf890c96ce55,401eb,Executioner,Executioner,wangyufy,wangyufy,2024-09-10T02:53:49.336019Z,2024-09-10T02:49:27.873005Z,2025-03-09T05:58:52.092680Z,2025-03-09T05:56:46.770207Z,1,,1,1,None,270.0,241,0
115d10630ca566010e6548ed0a6df0ca3267a3f9,e8c8,Valhalla:0[R],Valhalla:0,That_Narwhal,Narwall,2020-09-12T04:57:22.211Z,2020-09-12T04:57:22.211Z,2020-09-12T04:57:22.211Z,2020-09-12T04:57:22.211Z,1,,1,1,None,200.0,143,0
11685b6d771d12b7733481dd28444aa007defcfa,1245e,Azazal & Paper Skies - Radiclaw,Radiclaw,CyanSnow,CyanSnow,2021-01-05T01:18:27.637Z,2021-01-05T01:18:27.637Z,2021-01-05T01:18:27.637Z,2021-01-05T01:18:27.637Z,1,,1,1,None,105.0,176,0
11788740e5c815a264c6d0f9b2b6098a4b541014,443da,Juggernaut - INTERDIXION,INTERDIXION,Scroungey,Scroungey,2025-02-13T13:10:09.216207Z,2025-02-13T13:10:05.745120Z,2026-07-31T20:08:34.304745Z,2026-07-31T20:08:23.011434Z,1,2025-03-01T19:20:58.417372Z,1,0,None,260.0,142,0
117ba7dbe98c84321513c12a75e562f9286fe5a1,40c6f,[BL Ranked] Kobaryo - Resurrection,Resurrection,Slayx & azu,Slayx,2024-10-09T17:07:43.257118Z,2024-10-09T17:06:31.582396Z,2025-04-04T20:53:27.368539Z,2025-04-04T20:52:23.280483Z,1,2024-10-23T07:08:14.584832Z,1,0,None,200.0,242,0
117fc264c21452adddbb9e04b57ebafc36d9376e,11e3d,t+pazolite - Himitsu CULT (ヒミツCULT),Himitsu CULT,Kitoyo,kitoyodesu,2020-12-21T21:25:55.086Z,2020-12-21T21:25:55.086Z,2020-12-21T21:25:55.086Z,2020-12-21T21:25:55.086Z,1,,1,1,None,190.0,192,0
11fc63b8fda3ff20189b4ed933e3f58cfb3afbb7,3a73f,TWICE - CHEER UP,CHEER UP,"Lalahti, Jonas_0_0",Lalahti,2024-03-01T08:46:07.271045Z,2024-02-28T22:51:43.730692Z,2024-03-18T02:04:18.526590Z,2024-03-18T02:04:14.630037Z,1,2024-03-02T14:13:34.825256Z,1,0,None,173.0,210,0
1209aa9835b057b2bd169ec0c3e9d4c7de27b4da,17a70,kenta-v.ez. - ListENiNg to spEEDcorE turNs you iNto A fuckiNg idiot (Kobaryo's FTN-Remix),ListENiNg to spEEDcorE turNs you iNto A fuckiNg idiot,Emilia,Emilia,2021-05-07T20:15:50.628Z,2021-05-07T20:15:50.628Z,2022-04-26T00:08:45.250824Z,2021-05-07T20:15:50.628Z,1,,1,1,None,350.0,226,0
123015bdc43bed6770408a9ad98b73f5284f4ac2,19156,"Mori Calliope - Excuse My Rudeness, But Could You Please RIP (ReeK's ""Dude Whats A Genre"" Remix)","Excuse My Rudeness, But Could You Please RIP",eZconfirmed & Complex,ezconfirmed,2021-06-13T00:36:26.228Z,2021-06-13T00:36:26.228Z,2021-06-13T00:36:26.228Z,2021-06-13T00:36:26.228Z,1,,1,1,None,220.0,496,0
1254d5f20c2f769d4edda981358e00071ae703f4,3fa33,GIRL HELL 1999 - Femtanyl,GIRL HELL 1999,Serephor,Serephor,2024-12-25T15:00:00.922307Z,2024-08-20T22:43:40.414140Z,2025-01-23T02:57:56.803673Z,2025-01-23T02:57:12.349125Z,1,2025-01-09T02:49:01.542368Z,1,0,None,175.0,151,0
129df707ea05945194382050f85945f48446045c,1eb82,[RANKED] The Veronicas - Untouched (Colin Hennerz Remix) [nxc edit],Untouched,RocKz vs. Shappy,rockz,2021-12-09T08:58:22.809740Z,2021-12-09T08:57:03.136382Z,2021-12-09T08:58:22.809740Z,2021-12-09T08:57:03.136382Z,1,,1,1,None,211.884,161,0
12e3ec0e91cf5956ed61cd0c5be4e484801f9618,162e4,Marnik - Up & Down (Ranked),Up & Down,cat_using_a_toaster,Acubens,2021-04-02T00:10:27.193Z,2021-04-02T00:10:27.193Z,2021-04-02T00:10:27.193Z,2021-04-02T00:10:27.193Z,1,,1,1,None,138.0,165,0
12ff14b83d1620593c493e73482e499511488015,39ec8,Bear Ghost - Rivers is a Vampire,Rivers Is A Vampire,BrightKnight,brightknight,2024-02-12T04:24:31.628969Z,2024-02-12T04:24:18.989303Z,2024-02-21T05:46:54.954503Z,2024-02-21T05:46:32.262972Z,1,2024-02-21T00:50:38.327239Z,1,0,None,100.0,187,0
13218e9e22ee54c549b387499836ca7b059938e5,36c8c,tv room - Say It Back,Say It Back,oddloop,oddloop,2023-10-31T01:11:17.812723Z,2023-10-30T23:49:35.769006Z,2023-11-07T14:11:16.213791Z,2023-11-07T14:11:12.512714Z,1,,1,0,None,120.0,166,0
1332f59025b7c86db461fa9abdf071ff6c35d5ee,2289d,"Sunrise Skater Kids (All Time Low Japanese Cover) - Dear Maria, Count Me In","Dear Maria, Count Me In",Bytrius,Bytrius,2022-03-04T02:35:43.745131Z,2022-03-04T02:34:30.446971Z,2022-03-04T02:35:43.745131Z,2022-03-04T02:34:30.446971Z,1,2022-03-05T02:00:48.189904Z,1,0,None,181.0,184,0
1338abc5881b9ba791fa6d8a3fbc47cc3389de74,33d77,[Fitbeat] Crispie x Minelli - Get Get Down,GET GET DOWN,Irahi,Irahi,2023-07-09T19:59:57.608760Z,2023-07-09T00:45:21.720155Z,2024-01-11T21:35:31.949785Z,2024-01-11T21:35:24.107953Z,1,2023-07-14T22:17:49.510134Z,1,0,None,128.0,153,0
13400f5fb2fd19f52e8c7ac48815d12e72fa3b4a,343ce,KSHMR x KAAZE - Devil Inside Me,Devil Inside Me,Nebelmonster & CMP1111,Nebelmonster,2023-07-20T16:09:21.063660Z,2023-07-20T16:09:11.877569Z,2023-08-15T18:33:59.206792Z,2023-08-15T18:33:55.224069Z,1,2023-07-21T06:43:29.268278Z,1,0,None,135.0,196,0
13c217e8068a0986d695729b8165b91f38079bb4,122f,"Nice To Meet You, Mr. Earthling ft. Hatsune Miku - Pinnochio-P","Nice To Meet You, Mr. Earthling ft. Hatsune Miku",Edzo,edzo,2018-08-28T01:22:31Z,2018-08-28T01:22:31Z,2018-08-28T01:22:31Z,2018-08-28T01:22:31Z,1,,1,1,None,175.0,236,0
140c5896d97dff949b1867c12e75348a694f2216,1b680,Juggernaut. - Apocaliptix //-Another-//,Apocaliptix //-Another-//,Huh,Huh,2021-08-20T12:48:41.693756Z,2021-08-19T19:15:52.978801Z,2022-01-03T17:17:44.955999Z,2022-01-03T17:16:02.259243Z,1,,1,1,None,210.0,262,0
144e7ecd535d6b293cba3eeb8a829d72c3de17e3,3c3ce,ReeK - Mo-no/liTH,Mo-no/liTH,Komeijisan051,komeijisan051,2024-05-01T15:26:54.499037Z,2024-05-01T14:06:42.572642Z,2025-08-15T15:22:41.395098Z,2025-08-15T15:22:22.107097Z,1,2024-05-05T20:44:22.766155Z,1,0,None,261.0,287,0
149db1f8649e8ae04862cf9002b47c2ffd139c35,43d05,ROSÉ & Bruno Mars - APT.,APT.,"Lalahti, Danny",Lalahti,2025-01-31T09:15:44.535796Z,2025-01-31T00:17:03.217456Z,2025-09-28T13:46:10.074757Z,2025-09-28T13:46:02.760002Z,1,2025-03-01T05:52:42.005743Z,1,0,None,149.0,170,0
14e74b977c74e9c808e7908a9043084877c525ba,3928e,I'm kidding - glass-96,I'm kidding,Petersome,petersome,2024-01-21T16:38:03.498519Z,2024-01-21T16:37:27.458586Z,2024-06-11T19:30:12.581686Z,2024-06-11T19:30:05.862384Z,1,,1,0,None,150.0,284,0
151b313aab48514cf287430965a3f9f809913389,32eb5,Blue Dragon - M2U,Blue Dragon,Pleo,pleo,2023-06-07T07:40:34.441848Z,2023-06-07T07:35:47.153611Z,2023-06-23T23:55:28.780474Z,2023-06-23T23:55:03.862234Z,1,2023-06-15T19:21:59.939640Z,1,0,None,128.0,122,0
1530b7627ca11d39f0379d4216e687db744943d0,28dab,Gate of Hope,Gate of Hope,Alpal & Helloiamdaan,Alpal_,2022-08-13T20:01:08.991411Z,2022-08-13T20:01:04.988786Z,2022-09-24T19:08:54.011001Z,2022-09-24T19:08:31.442903Z,1,,1,0,None,320.0,234,0
157577e05e325504cec89ebd0b382f9ef69246b7,d77f, Wish upon Twin Stars[R],Wish upon Twin Stars,That_Narwhal,Narwall,2020-08-16T07:33:07.716Z,2020-08-16T07:33:07.716Z,2020-08-16T07:33:07.716Z,2020-08-16T07:33:07.716Z,1,,1,1,None,200.0,121,0
1579fb221b2f286a5e3da2b85d9629b3e30aec33,4c05f,Pegboard Nerds & Tokyo Machine - MOSHI,MOSHI,"Huh, GalaxyMaster & Gibro",Huh,2025-11-11T12:43:28.911209Z,2025-11-11T12:30:49.686524Z,2026-03-24T23:05:28.846583Z,2026-03-24T23:05:09.497953Z,1,2025-11-11T13:30:50.631042Z,1,0,None,128.0,217,0
158005783f1b04090f97cd22325232ec7cbf6fd5,e5cd,Imperial Circus Dead Decadence - Shinbatsu o Tadori Kyoukotsu ni Itaru,Shinbatsu o Tadori Kyoukotsu ni Itaru,altrewin & ExUnReal,altrewin,2020-09-07T23:30:08.005Z,2020-09-07T23:30:08.005Z,2020-09-07T23:30:08.005Z,2020-09-07T23:30:08.005Z,1,,1,1,None,250.0,269,0
1587eac0a823ba850b7f9845289ffd55ce96fd0c,3b463,Lena - Loyal to myself,Loyal to myself,Jonas_0_0,Jonas,2024-03-28T04:56:37.390763Z,2024-03-28T04:55:41.689573Z,2024-06-10T01:40:12.206880Z,2024-06-10T01:40:07.946845Z,1,2024-03-30T00:35:31.161918Z,1,0,None,160.0,149,0
15ba13d183c824f46d2fc68ff5d6ba52ced1fad5,3c89,99.9 // Mob Choir feat. Sajou no Hana,99.9,Todokete,todokete,2019-03-08T16:51:17Z,2019-03-08T16:51:17Z,2019-03-08T16:51:17Z,2019-03-08T16:51:17Z,1,,1,1,None,168.0,98,0
15d17c6057709bebaaf9f133e46d660dffd516fe,1a7c0,[Ranked] Yooh - Wirepuller,Wirepuller,abcbadq,abcbadq,2021-07-21T03:41:53.764Z,2021-07-21T03:41:53.764Z,2023-06-06T14:24:49.068809Z,2021-07-21T03:41:53.764Z,1,,1,1,None,132.0,315,0
15f0831d73ba87a9eed840d74bcea1f92bf8cf53,dd87,Igorrr & Ruby My Dear - Barbecue,Barbecue,Vilawes,vilawes,2020-08-25T06:50:43.268Z,2020-08-25T06:50:43.268Z,2020-08-25T06:50:43.268Z,2020-08-25T06:50:43.268Z,1,,1,1,None,200.0,226,0
1627ac4318bab2676362f6e4c36a724183c7a8e2,2da0f,xi - Mjölnir,Mjölnir,SSnowy,SSnowy,2023-01-03T22:07:48.800992Z,2023-01-02T04:54:30.542278Z,2023-06-26T23:20:26.319155Z,2023-06-26T23:20:02.125865Z,1,2023-06-24T08:22:08.999185Z,1,0,None,222.0,253,0
1678a443cb4e280983f9bc78b9dc16fe996569c5,45254,"Masayoshi Minoshima - Bad Apple!! (Camellia's ""Bad Psy"" Remix)",Bad Apple!!,Kival Evan,Kival_Evan,2025-03-11T18:21:11.600831Z,2025-03-11T18:17:23.099874Z,2025-03-11T18:21:11.600831Z,2025-03-11T18:20:47.832829Z,1,2025-03-11T18:36:22.298238Z,1,1,None,160.0,298,0
16a457c5ceeb408adeeacea53ce31d2ea493647e,f279,TQBF - Break by Emilia,Break,Emilia,Emilia,2020-09-26T02:55:13.217Z,2020-09-26T02:55:13.217Z,2022-04-26T00:09:08.131560Z,2020-09-26T02:55:13.217Z,1,,1,1,None,260.0,99,0
16b64c8089b96e473392aef6b5e45679e8e8cb4c,44289,Within Destruction - Darkness Swallows Life,Darkness Swallows Life,Mrcaterpillar,Mrcaterpillar,2025-02-10T07:43:42.326793Z,2025-02-10T07:39:47.571161Z,2025-02-13T23:17:54.186221Z,2025-02-13T23:17:24.763039Z,1,,1,0,None,340.0,235,0
174866667bacba128e54ad5cb58077a46456303b,12ab3,Just the Way You Are - Pierce the Veil,Just the Way You Are,Uninstaller,uninstaller,2021-01-13T06:36:44.222Z,2021-01-13T06:36:44.222Z,2021-01-13T06:36:44.222Z,2021-01-13T06:36:44.222Z,1,2021-01-13T06:36:44.222Z,1,1,None,216.0,226,0
176e1549cc6aa8ce28517676c0894f7c16308ed5,70d7,Chocolate Planet SDVX,Chocolate Planet,Mystikmol,mystikmol,2019-11-19T11:04:27.328Z,2019-11-19T11:04:27.328Z,2019-11-19T11:04:27.328Z,2019-11-19T11:04:27.328Z,1,2019-11-19T11:04:27.328Z,1,1,None,185.0,121,0
1770bad044610898534757ac186371178d5e621e,36ac4,[BL Ranked] cassie - me & u (succducc bootleg),me & u ,August,August.,2023-10-25T21:22:42.353989Z,2023-10-25T21:22:16.692833Z,2023-11-17T18:34:10.079724Z,2023-11-17T18:33:56.548671Z,1,,1,0,None,160.0,194,0
177fc5788ea59e082c5a4b73c6305b71fa9b61fc,3acab,Cazok - Psychedelic Breakdown,Psychedelic Breakdown,Poochy & chikinbiskit,Poochy,2024-03-10T22:36:58.984655Z,2024-03-10T22:36:50.654570Z,2024-03-10T22:36:58.984655Z,2024-03-10T22:36:50.654570Z,1,,1,0,None,125.0,172,0
17be5ec2946914d6487aad50ecdc49e093bb642f,1a37b,Ice Nine Kills - Hip To Be Scared (feat. Jacoby Shaddix),Hip To Be Scared,Bytrius,Bytrius,2021-07-12T20:02:41.964Z,2021-07-12T20:02:41.964Z,2022-01-05T03:36:24.204894Z,2022-01-05T03:18:00.509437Z,1,2021-07-12T20:02:41.964Z,1,1,None,182.0,206,0
17c3f99f711a5a408a02ab497d8be962b3e7a228,d0eb,The Donk - Ben Nicky & Callum Higby,The Donk,xScaramouche & Dat360NoScope,xScaramouche,2020-08-08T02:24:51.490Z,2020-08-08T02:24:51.490Z,2020-08-08T02:24:51.490Z,2020-08-08T02:24:51.490Z,1,,1,1,None,160.0,143,0
17dcb57341f78636773fcb5f0102aebfa8ac3384,409ce,Viyella's Melancholy - Laur,Viyella's Melancholy,"Serephor, The_Editor",Serephor,2024-10-02T20:05:42.910273Z,2024-10-02T19:58:32.059261Z,2024-11-21T17:37:09.464792Z,2024-11-20T03:15:16.722690Z,1,2024-10-02T20:58:16.021290Z,1,0,None,220.0,149,0
1811ad76590bc42d80a25840146f1482b77e06f3,1edb1,IT LIVES  Dr Ushuu - Never Alone,Never Alone,DE125,straubreyyy,2021-12-12T21:41:38.243877Z,2021-12-12T21:24:02.480083Z,2022-02-12T11:26:58.425823Z,2022-02-12T11:25:19.223382Z,1,2022-03-04T19:26:55.277261Z,1,1,None,200.0,356,0
183b48fa557e6adac681551e433239cccb8ca735,26fc4,P*Light - EVE,EVE,yabje,yabje,2022-06-22T08:58:25.193932Z,2022-06-22T08:58:13.405134Z,2022-06-22T08:58:25.193932Z,2022-06-22T08:58:13.405134Z,1,2022-06-22T17:49:19.822711Z,1,0,None,200.0,120,0
186f7c2730bea07cd059afea3087524246017f85,4277a,OZIGIRI - Dies Irae,Dies Irae,Voidless,Voidless,2024-12-25T14:38:56.034888Z,2024-12-18T17:18:35.146359Z,2025-04-12T22:05:41.522568Z,2025-03-22T19:59:47.014987Z,1,2025-01-20T03:57:44.634270Z,1,0,None,388.0,230,0
187bea15de6bd730123917f889c2690a1500433c,3bcf5,gladde paling & vieze vaatdoek - nieuwe tune,nieuwe tune,Stupidity-101,UglyApe,2024-04-15T06:59:01.068283Z,2024-04-15T06:58:47.840024Z,2024-07-07T18:22:24.196748Z,2024-07-07T18:22:07.138345Z,1,,1,0,None,180.0,93,0
189596bb9bf3904e8e3f2178add7bb77fa25e21c,21f4,[SDVX Collab] NOMA - Brain Power (Updated),Brain Power (SDVX Mix),Hexagonial/Loloppe,hexagonial,2018-11-24T16:04:07Z,2018-11-24T16:04:07Z,2018-11-24T16:04:07Z,2018-11-24T16:04:07Z,1,,1,1,None,170.0,110,0
18a80b1eef10f4155461994ea2bfc6d20773fd5a,3b3bd,[Ranked] Kobaryo - SEITEN NO TERIYAKI NO DENSETSU,SEITEN NO TERIYAKI NO DENSETSU,edgii,edgiiiiiiiii,2024-03-27T07:30:13.940466Z,2024-03-27T07:29:52.388593Z,2024-05-14T03:49:35.157125Z,2024-05-14T03:48:58.038619Z,1,,1,0,None,273.0,239,0
18b195f582b284389ae935ee4cfcc34ff342c137,12a6b,Count down 321,Count down 321,"muffn, FatBeanzoop, DE125",muffn,2021-01-12T23:16:05.296Z,2021-01-12T23:16:05.296Z,2021-01-12T23:16:05.296Z,2021-01-12T23:16:05.296Z,1,,1,1,None,321.0,228,0
18e8007ad0f75c1fd1c11d675211c924e634990e,46472,[RANKED] takehirotei - FINAL_ROAD_MEGAMIX,FINAL_ROAD_MEGAMIX,Hanari,Hanari,2025-04-20T03:19:58.926419Z,2025-04-20T03:19:47.524960Z,2026-04-09T14:32:53.050841Z,2026-04-09T14:32:15.352338Z,1,,1,0,None,280.0,212,0
18edd433da1cca636c750af20a44b01b45b294c7,20402,Orbit - Good Kid,Orbit,Tranch,Tranch,2022-01-16T17:33:12.777845Z,2022-01-16T17:27:02.708788Z,2022-05-26T21:38:19.066635Z,2022-05-26T21:38:12.478860Z,1,2022-01-16T17:33:12.777845Z,1,0,None,235.006,146,0
18ef469f44b0fa93327f9d193d10bdfe7401e5a0,36b8f,Dual Fractal - M2U,Dual Fractal,Pleo,pleo,2023-10-28T18:06:08.486061Z,2023-10-28T18:06:02.222040Z,2023-11-21T12:30:22.287151Z,2023-11-21T12:29:45.394154Z,1,2023-11-29T04:40:04.135007Z,1,0,None,160.0,125,0
190e5f92082a85ee6e20ded0d03fedf2e6828fce,4634d,[R] ryo (supercell) - Great Distance (feat. chelly) (Chroma),Great Distance,"CookedChili, Loloppe & Uninstaller",CookedChili,2025-04-16T21:17:38.234590Z,2025-04-16T21:14:36.199844Z,2025-11-07T03:21:03.689690Z,2025-11-07T03:20:13.356111Z,1,,1,0,None,197.0,273,0
198ccd6ed423448de1125b9c287bacbd659876a5,1e9d8,[RANKED] Camellia - Rip It Off (now) Rip It Off,Rip It Off (Now) Rip It Off,Spicy Baguette & Irish,spicybaguette,2021-12-05T07:53:32.774847Z,2021-12-05T07:53:20.104553Z,2022-10-25T05:46:21.986275Z,2022-10-25T05:46:08.415084Z,1,,1,1,None,270.0,257,0
19af73336a1c2fe788ff3df0d93db6e0beaa0640,16858,[RANKED] INTERSECTION - Falling (PSYQUI Remix),Falling,nolan121405,nolan121405,2021-04-10T21:05:24.203Z,2021-04-10T21:05:24.203Z,2021-04-10T21:05:24.203Z,2021-04-10T21:05:24.203Z,1,2021-04-10T21:05:24.203Z,1,1,None,140.0,183,0
19f2879d11a91b51a5c090d63471c3e8d9b7aee3,b,Imagine Dragons - Believer,Believer,Rustic,rustic,2018-05-08T18:56:36Z,2018-05-08T18:56:36Z,2018-05-08T18:56:36Z,2018-05-08T18:56:36Z,1,2018-05-08T18:56:36Z,1,1,None,125.0,205,0
1a2272e59ef6a5721aef10055eb0dad4181fb783,3e291,ここなつ - ヒミツダイヤル(koko natu - ruminasu deizu),Himitsu dial,wangyufy,wangyufy,2024-07-05T04:59:19.881088Z,2024-07-05T04:57:47.166294Z,2024-12-13T08:11:33.266211Z,2024-12-13T08:11:01.966014Z,1,2024-07-08T10:58:48.479166Z,1,0,None,224.0,118,0
1ab633c075210c9aeabdbeca34843d88ae4714e0,16bb1,DJ Genki - Toymatic Parade (Kobaryo's FTN-Remix),Toymatic Parade,cerret,cerret,2021-04-16T02:05:50.457Z,2021-04-16T02:05:50.457Z,2021-04-16T02:05:50.457Z,2021-04-16T02:05:50.457Z,1,,1,1,None,280.0,193,0
1b0e538ed914f54f00374af0a876dea67d366114,72f3,Toby Fox - sans.,sans.,Souk,Soukky,2019-12-01T01:44:37.615Z,2019-12-01T01:44:37.615Z,2019-12-01T01:44:37.615Z,2019-12-01T01:44:37.615Z,1,,1,1,None,128.0,53,0
1c1a22c6a4a7a6fe6c68bcf05a9bb7fe3fd48fd5,1f9f6,[RANKED] Yooh - Heracles,Heracles,Fnyt,Fnyt,2022-01-03T22:03:29.663679Z,2022-01-03T22:03:13.103437Z,2022-04-14T10:14:31.843973Z,2022-04-14T10:13:59.020833Z,1,2022-04-11T02:05:26.589919Z,1,1,None,193.0,130,0
1c704361330367cd933711a70f405d21f0bcb795,1a57d,[Ranked] USAO - Outbreak (P*Light & DJ Myosuke Remix),Outbreak,abcbadq,abcbadq,2021-07-17T01:12:36.839Z,2021-07-17T01:12:36.839Z,2023-06-06T14:25:01.333267Z,2021-10-28T17:34:04.118299Z,1,,1,1,None,210.0,259,0
1c93c87b8ff700ae69d2dd9a742f5c13bd35cc47,1695f,[Ranked]Kabocha - ΣgØ,EgO,Soba`s,Sobas,2021-04-12T06:27:41.072Z,2021-04-12T06:27:41.072Z,2021-04-12T06:27:41.072Z,2021-04-12T06:27:41.072Z,1,,1,1,None,236.0,124,0
1cca456bf71339f4a9b0e7bee5ef9e6a016d20cc,243e,Snakey Chantey [Smash Bros Map Pack],Snakey Chantey ,Edzo,edzo,2018-12-07T00:16:10Z,2018-12-07T00:16:10Z,2018-12-07T00:16:10Z,2018-12-07T00:16:10Z,1,,1,1,None,134.0,119,0
1cdcceec6f4710a7ed10c7385ba71feeed41a566,14af8,[Ranked] Schwank - Spectral,Spectral,Jabob,Jabob,2021-02-26T20:15:08.224Z,2021-02-26T20:15:08.224Z,2021-02-26T20:15:08.224Z,2021-02-26T20:15:08.224Z,1,,1,1,None,155.0,159,0
1cec2294ace0e972b6cd23baca9232725f1ee7f0,24d0f,Kyo Hanabasami - paradox (Camellia’s “fallacious” remix),paradox,yabje,yabje,2022-04-23T23:06:00.930955Z,2022-04-23T23:05:55.143445Z,2022-04-23T23:06:00.930955Z,2022-04-23T23:05:55.143445Z,1,2022-05-03T07:27:41.398591Z,1,0,None,220.0,251,0
1d0ed8a10ecfcbca37adf30169a2ef7ed7b7ba7e,1c680,[R] Chou*Chou*Kou*Soku*De*Mae*Sai*Soku!!! Speed*Star*Kanade,Chou*Chou*Kou*Soku*De*Mae*Sai*Soku!!! Speed*Star*Kanade,spectre158,spectre158,2021-09-20T18:10:31.835436Z,2021-09-20T18:10:28.731998Z,2022-01-09T18:37:45.218470Z,2022-01-09T18:37:41.134436Z,1,,1,1,None,250.0,123,0
1d2d3124fc2ea8e4f3cc0c292c9e6417a49c6b8b,18605,Camellia feat. Reol - FLASHBACK,FLASHBACK,Joshabi,Joshabi,2021-05-25T16:31:50.048Z,2021-05-25T16:31:50.048Z,2021-05-25T16:31:50.048Z,2021-05-25T16:31:50.048Z,1,2021-05-25T16:31:50.048Z,1,1,None,140.0,261,0
1d4265129cf078090cb43ce2cb4d927e15cf9863,29b0c,Revenge (ReeK's What's a Genre? Remix) - TryHardNinja,Revenge,"nolan121405, Olaf, Bitz & Qwasyx",olaf,2022-09-06T23:31:59.193825Z,2022-09-06T23:31:41.496094Z,2022-09-13T08:14:07.479291Z,2022-09-13T08:13:40.537254Z,1,2022-11-15T11:51:28.471950Z,1,1,None,330.0,279,0
1d66780397a89e3cac77187354d75cbddd66f303,2fd7c,[330BPM Peak] Infant Annihilator - A Rape of Sirens (feat. Alex Terrible) || CS Level 1,A Rape of Sirens,Emilia,Emilia,2023-02-27T05:37:18.764312Z,2023-02-27T05:36:27.692601Z,2023-02-28T06:06:08.594574Z,2023-02-28T06:06:00.854190Z,1,,1,0,None,250.0,284,0
1db527a2b8964772c8b2554058dfa0a81bfef1ec,3a3b9,JVKE - this is what heartbreak feels like [Chroma & V3],this is what heartbreak feels like,ben,bberg,2024-02-21T12:25:26.926880Z,2024-02-21T12:25:08.937852Z,2024-06-27T18:23:25.859084Z,2024-06-27T18:23:20.823169Z,1,2024-03-30T00:03:24.641912Z,1,0,None,110.0,160,0
1de420e30b629a33bd12899c33de98157287e6aa,2d93e,Tanger - BREAKME,BREAKME,yabje,yabje,2023-01-01T15:27:27.243977Z,2023-01-01T15:27:19.948993Z,2023-01-01T15:27:27.243977Z,2023-01-01T15:27:19.948993Z,1,,1,0,None,190.0,181,0
1df70edcaa6b14fbb48b8e7f071d53ea3d4689f7,33b46,mazie - dumb dumb,dumb dumb,August & RaccoonVR,August.,2023-07-05T17:00:00.356908Z,2023-07-05T03:27:51.747986Z,2023-07-13T18:11:05.490334Z,2023-07-13T18:11:00.740085Z,1,,1,0,None,122.0,128,0
1dfe69e34c2f5b778fd807689249e8f1454cc79c,a79,Boku No Pico Opening Theme,Boku no Pico,???,squeaksies,2018-07-19T05:08:05Z,2018-07-19T05:08:05Z,2018-07-19T05:08:05Z,2018-07-19T05:08:05Z,1,,1,1,None,132.0,102,0
1e342362345bbf5700d8841057a45926c9940ba2,4e47a,Tanger - BIKE,BIKE,JumPizza115,JumPizza115,2026-01-31T00:49:09.359931Z,2026-01-31T00:39:33.221749Z,2026-08-10T02:09:34.160871Z,2026-08-10T02:09:07.002491Z,1,,1,0,None,210.0,103,0
1e4c062285401efbda8f0061a532e4bc9778311e,3af6a,gladde paling - fissa x 13,fissa x 13,UglyApe,UglyApe,2024-03-16T18:01:38.392525Z,2024-03-16T18:01:32.738942Z,2024-04-16T20:20:48.405418Z,2024-04-16T20:20:37.893927Z,1,,1,0,None,180.0,111,0
1ebb6c788c2c6c5b55f0d7c62092575dc3c4946f,108c6,RISH - OniiChan High Tech -True OniiChan ver- (feat. Choko),OniiChan High Tech,Vilawes & altrewin,vilawes,2020-11-02T23:57:37.675Z,2020-11-02T23:57:37.675Z,2020-11-02T23:57:37.675Z,2020-11-02T23:57:37.675Z,1,2020-11-02T23:57:37.675Z,1,1,None,150.0,208,0
1ec5412df0b2eaad909bff4a682bbd55682442da,2b4f2,[Ranked] Yooh - RPG (osu! World Cup 2021 Grand Finals Tiebreaker) (2023 best ranked map above 10 stars),RPG,"ComplexFrequency, ThySpoon & Fnyt",complexfrequency,2022-10-24T21:26:34.784892Z,2022-10-24T21:24:16.262407Z,2023-05-26T13:57:19.262138Z,2023-05-26T13:57:03.665819Z,1,2022-12-08T00:10:13.905013Z,1,1,None,190.0,371,0
1f01fc8e555faf5c1451e2ab14f11b74efcef42b,34f56,[BL RANKED] Osanzi - Secret Lie (feat. Hatsune Miku),Secret Lie,GalaxyMaster,GalaxyMaster,2023-08-16T16:13:48.302244Z,2023-08-16T16:11:05.195907Z,2023-09-28T15:44:42.539632Z,2023-09-28T15:44:33.569569Z,1,2023-08-17T05:33:25.482554Z,1,0,None,128.0,207,0
1f1e84b0447b0fef8189cd2ed754c66c7417baff,1f747,[Ranked] Niko - Made Of Fire,Made of Fire,fraies & FatBeanzoop,fatbeanzoop,2021-12-31T08:04:29.837190Z,2021-12-31T08:03:26.758587Z,2021-12-31T08:04:29.837190Z,2021-12-31T08:03:26.758587Z,1,,1,1,None,326.0,83,0
1f2453197f1537dead709b6dd0dcb74cad9b6be4,732e,BABYMETAL - Distortion,Distortion,altrewin,altrewin,2019-12-01T21:05:18.717Z,2019-12-01T21:05:18.717Z,2019-12-01T21:05:18.717Z,2019-12-01T21:05:18.717Z,1,,1,1,None,195.0,186,0
1f3a051f3a846766d1a315c1c45c5d6b6262c8d6,2e3fc,Morimori Atsushi vs MASAKI - Interceptor of SIREN,Interceptor of SIREN,IlluminatiSalad,IlluminatiSalad,2023-01-15T20:41:03.977864Z,2023-01-15T20:36:44.121747Z,2023-07-13T08:36:56.436670Z,2023-07-13T08:36:38.187091Z,1,,1,0,None,231.0,152,0
1f663c22aec5f0293d5fbf0ab1cb2f50eb011e40,39cb9,Adust Rain - Nevxxxxerland,Nevxxxxerland,ViSi,ViSi,2024-02-08T11:27:39.243466Z,2024-02-08T11:26:56.189584Z,2024-02-22T17:12:10.953616Z,2024-02-22T17:12:03.172057Z,1,,1,0,None,200.0,220,0
1f6b8fa4f483b9c8e7cb67a6cdee4901a3c80bd7,392e6,[BL RANKED] gladde paling - een vliegtuig,een vliegtuig,Classicstar,Classicstar,2024-01-22T15:09:04.166060Z,2024-01-22T15:08:17.131783Z,2024-03-18T13:59:57.532749Z,2024-03-18T13:59:46.115733Z,1,,1,0,None,360.0,91,0
1fb8d26ef00049d75f8f15b315c8146b7978ef52,1fd41,Falling In Reverse - Zombified,Zombified,Bytrius,Bytrius,2022-01-09T05:09:01.109008Z,2022-01-08T05:19:15.773829Z,2022-10-10T23:56:57.069505Z,2022-10-10T23:55:23.853574Z,1,2022-01-09T05:09:01.109008Z,1,0,None,182.0,221,0
1fef6d7c8e4984831738e290f3cd1111b6c65710,1a2f6,Amaranthe - Digital World,Digital World,SlimyBlob,SlimyBlob,2021-07-12T00:42:26.918Z,2021-07-12T00:42:26.918Z,2021-09-12T15:32:28.009174Z,2021-09-12T15:31:42.136846Z,1,2021-07-12T00:42:26.918Z,1,1,None,150.0,198,0
20003569447e4024720fd3fbb32ce5183ec06d31,16a5e,Warak - REANIMATE,REANIMATE,cerret & Nolanimations,cerret,2021-04-13T22:54:47.475Z,2021-04-13T22:54:47.475Z,2021-04-13T22:54:47.475Z,2021-04-13T22:54:47.475Z,1,2021-04-13T22:54:47.475Z,1,1,None,174.0,156,0
200549108bb22752112c62d102bf69ee0c47fd7a,2f94,DM Ashura - DeltaMAX,DeltaMAX,Yun0,yun0,2019-01-20T21:16:32Z,2019-01-20T21:16:32Z,2019-01-20T21:16:32Z,2019-01-20T21:16:32Z,1,,1,1,None,100.0,127,0
207695fcb14323679a02fd282e261c5cbbaa4def,1cb55,Bear Ghost - Big Town Banky Blaine's Rockabilly BBQ,Big Town Banky Blaine's Rockabilly BBQ,BrightKnight,brightknight,2021-10-01T02:36:26.345756Z,2021-10-01T02:35:28.775494Z,2021-11-18T04:01:02.227062Z,2021-11-18T03:51:47.280292Z,1,2022-02-23T23:14:43.700663Z,1,1,None,270.0,228,0
207cc54d61a787e26da47ce6c0cc45d9608d87fb,3e4b,Heeartbeeat Oveerheeat!!!! - Camellia,Heeartbeeat Oveerheeat!!!!,Rogdude & Loloppe,rogdude,2019-03-16T22:08:35Z,2019-03-16T22:08:35Z,2019-03-16T22:08:35Z,2019-03-16T22:08:35Z,1,,1,1,None,280.0,250,0
2090c2b0a765e4ab63767f66e3b2f19953a23d14,4561c,"aivi & surasshu (ft. Adriana Figueroa) - Yearn to Bloom: Aeldra's Theme (from ""Ikenfell"")",Yearn to Bloom - Aeldra's Theme,The Lunar Carver,TheLunarCarver,2025-03-21T06:45:03.997815Z,2025-03-21T06:44:28.697540Z,2025-09-30T00:45:18.332766Z,2025-09-30T00:45:10.299298Z,1,,1,1,None,140.0,167,0
20aa6f361df79c980f50893812c792efb253e8cb,2f167,Imil & m1dlet - Bailandorape v2,Bailandorape,Emilia,Emymap,2023-02-07T13:25:27.440320Z,2023-02-07T13:25:13.583111Z,2024-08-11T01:10:23.696057Z,2024-08-11T01:10:17.654971Z,1,,1,0,None,300.0,186,0
20c8f4e729b12f907142006d63c276b939de5826,47ec2,[BL RANKED] Claw Finger - Akira Yamaoka (Silent Hill 1 Soundtrack),Claw Finger,ElectronXI,ElectronOYed,2025-06-20T18:58:50.665252Z,2025-06-20T18:58:45.610664Z,2025-10-23T03:22:41.382464Z,2025-10-23T03:22:36.512609Z,1,,1,0,None,91.0,98,0
2121702301e62650f6c13a32677b6d146d83e21a,24c22,seatrus - The Daybreak Will Never Come Again.,The Daybreak Will Never Come Again.,Nolanimations,Nolanimations,2022-04-22T15:12:40.795179Z,2022-04-22T15:12:27.917100Z,2022-04-22T15:12:40.795179Z,2022-04-22T15:12:27.917100Z,1,,1,0,None,200.0,168,0
212f8fe00311c6cbd35824795cab94d2c5db1b24,27509,[Chroma] Novo Amor & Ed Tullett - Terraform,Terraform,Jevk,Jevk,2022-07-01T01:23:27.882088Z,2022-07-01T01:20:14.956975Z,2022-07-01T01:23:27.882088Z,2022-07-01T01:20:14.956975Z,1,2022-07-06T23:03:20.251762Z,1,0,None,144.0,253,0
21387bc9f224efab18d72bff575e5f086da7fe3b,16e93,[BL Ranked] Kobaryo - Rainbow Freeze,Rainbow Freeze,ComplexFrequency,complexfrequency,2021-04-19T20:27:34.917Z,2021-04-19T20:27:34.917Z,2022-10-10T19:35:26.913813Z,2022-10-10T19:34:43.951741Z,1,,1,0,None,388.5,158,0
21a989606d52edf96b2971dbede366b1d0523088,198db,M2U - Felis,Felis,ComplexFrequency & Checkthepan,checkthepan,2021-06-25T16:08:37.481Z,2021-06-25T16:08:37.481Z,2021-06-25T16:08:37.481Z,2021-06-25T16:08:37.481Z,1,2021-06-25T16:08:37.481Z,1,1,None,155.0,138,0
21e16fe469294ee8e9741cb3bd1c5ac09a9b1961,bc3,Crack Traxxxx SDVX,Crack Traxxxx,Lite Show Magic,mystikmol,2018-07-25T10:20:21Z,2018-07-25T10:20:21Z,2018-07-25T10:20:21Z,2018-07-25T10:20:21Z,1,,1,1,None,220.0,119,0
21fbb1da30b777383243f1e6d28c765c6159a494,3f0fd,[tripleS Pack] tripleS - Chiyu,Chiyu,"accuwucy, Jonas_0_0",accuwucy,2024-08-02T14:00:01.250841Z,2024-08-02T12:53:31.246863Z,2025-04-24T14:52:27.372108Z,2025-04-24T14:52:13.392522Z,1,2024-08-13T16:29:58.613264Z,1,0,None,90.0,172,0
227dbc1a8a9ece3a68300aa490b9d30884f80f29,35046,[BL Ranked] KANA-BOON - Song of the Dead,Song of the Dead,Acubens,Acubens,2023-08-18T10:19:32.431856Z,2023-08-18T10:13:09.205391Z,2023-09-28T15:35:59.560626Z,2023-09-28T15:35:57.235702Z,1,2023-08-22T04:31:33.734983Z,1,0,None,169.0,197,0
228b9e3edc52b7f6b35fe8d47dafa126e6d62d32,bd6a,Antithese[R],Antithese,That_Narwhal,Narwall,2020-07-11T05:00:52.813Z,2020-07-11T05:00:52.813Z,2020-07-11T05:00:52.813Z,2020-07-11T05:00:52.813Z,1,,1,1,None,172.0,144,0
2298efdd295c6aa85941dae56cf1ee8a2f1fe2e7,12d24,"Half Of It - Abraxis, Seven Lions & Dimibo",Half Of It,jafdy,jafdy,2021-01-17T12:04:58.165Z,2021-01-17T12:04:58.165Z,2021-01-17T12:04:58.165Z,2021-01-17T12:04:58.165Z,1,2021-01-17T12:04:58.165Z,1,1,None,140.0,282,0
22bcc74cf885bc5f18b41a8b52ca3f86584cdc89,474c5,[R] EGOIST - Namae no Nai Kaibutsu (Chroma),Namae no Nai Kaibutsu,CookedChili,CookedChili,2025-05-28T02:10:48.571926Z,2025-05-28T02:10:15.937421Z,2025-08-19T16:06:36.472857Z,2025-08-19T16:06:25.518789Z,1,,1,0,None,180.0,317,0
23015a4e5087a298c723754c64dfd36a668386ae,10a93,You are eating my rotten dick - QURELESS,You are eating my rotten dick,Astrella,astrella_,2020-11-06T20:03:42.785Z,2020-11-06T20:03:42.785Z,2020-11-06T20:03:42.785Z,2020-11-06T20:03:42.785Z,1,,1,1,None,350.0,164,0
2303911f554aa4507ecd4fa2c94cb8eb83453dd4,41a76,Totsuka no Tsurugi,Totsuka no Tsurugi,Glasso050,Glasso050,2024-11-15T07:24:27.447655Z,2024-11-15T07:24:24.120048Z,2025-03-05T05:27:06.337055Z,2025-03-05T05:27:00.487485Z,1,,1,1,None,232.0,162,0
23328a868c4c13c72e191a77eb42622d551ef5ac,da19,"Camellia - Lowermost revolt (""Jeremiad"" Long ver.) feat. Kagekiha gakusei",Lowermost revolt,DE125 & Schwank,straubreyyy,2020-08-20T03:26:03.030Z,2020-08-20T03:26:03.030Z,2020-08-20T03:26:03.030Z,2020-08-20T03:26:03.030Z,1,,1,1,None,219.184,306,0
235cc69acff2f40f3e42c59243828a7905e97c78,1940a,Trendy - Greyl  [Chroma 2.0],Trendy,Dr_Marc,drmarc,2021-06-17T12:19:21.416Z,2021-06-17T12:19:21.416Z,2021-06-17T12:19:21.416Z,2021-06-17T12:19:21.416Z,1,,1,1,None,130.0,271,0
237109cfbdf4594de63bd16c52a18204d85ad778,a2de,The Government Knows - Knower,The Government Knows,Ramen Noodle,JohnnyDee,2020-05-05T17:50:44.371Z,2020-05-05T17:50:44.371Z,2020-05-05T17:50:44.371Z,2020-05-05T17:50:44.371Z,1,2020-05-05T17:50:44.371Z,1,1,None,146.0,226,0
2378cf88a59ea4eb14713cb1a9030a15361d8d05,3b531,[BL RANKED] Meteoric Impact - Kyutatsuki,Meteoric Impact,BlAck_vOid-1001,BlAck_vOid-1001,2024-03-29T22:30:44.915027Z,2024-03-29T22:30:36.632932Z,2024-08-09T21:21:52.693899Z,2024-08-09T21:21:39.746871Z,1,2024-08-12T00:38:29.343771Z,1,0,None,300.0,122,0
2385c7df0a693b378066db19b1da64902024f535,f60d,"t+pazolite - I still think about y​%​#'​(​)​_​*​{​\​\​""'&36​)​%​(​""'​$​&''&​(​15y​!​!​!​_​?​?​*​`​~","I still think about y​%​#'​(​)​_​*​{​\​\​""'&36​)​%​(​""'​$​&''&​(​15y​!​!​!​_​?​?​*​`​~​​",Vilawes,vilawes,2020-09-30T20:05:17.211Z,2020-09-30T20:05:17.211Z,2020-09-30T20:05:17.211Z,2020-09-30T20:05:17.211Z,1,,1,1,None,90.0,265,0
23f1b0564e8306b96a2e82d7b5a571674161d5f9,11354,[Ranked] t+pazolite - See You Never,See you Never,Anammelech,anzu7,2020-11-23T23:38:43.256Z,2020-11-23T23:38:43.256Z,2020-11-23T23:38:43.256Z,2020-11-23T23:38:43.256Z,1,,1,1,None,286.0,266,0
24627c2703119e7d6e66603b6e8fe91e8f21605f,41d18,[BL RANKED] ericdoa - song for when the bar closes,song for when the bar closes,Parapass,para,2024-11-21T23:22:02.269218Z,2024-11-21T23:19:49.911269Z,2025-04-25T21:09:02.027211Z,2025-04-25T21:08:55.524896Z,1,,1,0,None,147.0,111,0
24a148cdf2192f7a4f10a265b70e5c0deb6424e9,8d89,Azazal & MachineDoll - Meowchine,Meowchine,CyanSnow,CyanSnow,2020-03-06T02:16:39.709Z,2020-03-06T02:16:39.709Z,2020-03-06T02:16:39.709Z,2020-03-06T02:16:39.709Z,1,2020-03-06T02:16:39.709Z,1,1,None,115.0,183,0
24ac0f388c9d843f897b60c5f4b04a68baa43379,12cf3,The Quick Brown Fox - I'm A Fucking Car,I'm A Fucking Car,Emilia & dibl,Emilia,2021-01-17T01:15:22.682Z,2021-01-17T01:15:22.682Z,2022-04-26T00:08:41.536610Z,2021-01-17T01:15:22.682Z,1,,1,1,None,200.0,125,0
24af9248164cba57d0c9d910b1f641b4ebba357c,42de8,[R] Camellia - Clouds in the Blue,Clouds in the Blue,Potassium 737 & Jevk,Potassium__737,2025-01-02T08:05:24.033819Z,2025-01-02T08:04:38.322634Z,2025-03-05T18:43:24.361891Z,2025-03-05T18:42:33.756542Z,1,2025-01-02T13:41:49.203511Z,1,1,None,175.0,289,0
24b997d33544da0e6b21945f7f6bbed681bf5d8e,115af,Monolith - Schwank,Monolith,fraies,fraies,2020-11-27T01:53:27.621Z,2020-11-27T01:53:27.621Z,2020-11-27T01:53:27.621Z,2020-11-27T01:53:27.621Z,1,,1,1,None,215.0,269,0
24f34e47bdfcae96d1f37117f6f1f4fbe25e58e5,dda,Let Mom Sleep (Jet Set Radio) - Hideki Naganuma,Let Mom Sleep,Todokete,todokete,2018-08-05T03:02:49Z,2018-08-05T03:02:49Z,2018-08-05T03:02:49Z,2018-08-05T03:02:49Z,1,,1,1,None,136.32,176,0
2500a6cd5d1abfe0ae44237beec2de4bd7daedba,2f,Netsky - Escape Feat. Darrison,Escape,Rustic,rustic,2018-05-10T22:34:12Z,2018-05-10T22:34:12Z,2018-05-10T22:34:12Z,2018-05-10T22:34:12Z,1,2018-05-10T22:34:12Z,1,1,None,174.0,222,0
25084f5be7f600906cb7d6d54638925f327fbc59,21705,[RANKED] Camellia - Another Xronixle,Another Xronixle,Fnyt & Helloiamdaan,Fnyt,2022-02-09T18:55:53.459206Z,2022-02-09T18:55:26.931922Z,2022-07-10T20:49:27.872524Z,2022-07-10T20:49:21.664085Z,1,,1,1,None,332.0,346,0
254655d990df2f4ac868e61a62e9fb4bf53b0699,3f19d,i_need_u,i_need_u,"Raged, WDG_Frxtil",Frxtil,2024-08-04T00:55:20.239894Z,2024-08-04T00:53:53.530310Z,2024-09-17T03:15:51.403387Z,2024-09-17T03:15:42.014809Z,1,,1,0,None,200.0,120,0
254d9faa986c0cb9600d0460bf4addcbcdd89c6a,e2bc,[Ranked] Blacklolita & Massive New Krew - Mushussu,Mushussu,abcbadq & Dr_Marc,abcbadq,2020-09-03T03:48:07.292Z,2020-09-03T03:48:07.292Z,2023-06-06T14:28:06.828681Z,2020-09-03T03:48:07.292Z,1,,1,1,None,300.0,241,0
25722f55347d4ef0bfebd59778c84838905dc656,3e209,Yooh - Flashkick,Flashkick,CosmonautSaitni,CosmonautSaitni,2024-07-04T02:13:08.693060Z,2024-07-04T02:13:01.239652Z,2024-10-13T23:27:25.439736Z,2024-10-13T23:27:09.253135Z,1,,1,0,None,350.0,141,0
2591f5a7018e997e92c5860319ecd4daaa2c785e,4003f,Fox Stevenson - Bruises,Bruises,Loloppe,loloppe,2024-09-05T17:00:48.946016Z,2024-09-05T17:00:39.278720Z,2024-11-23T00:14:25.071764Z,2024-11-23T00:14:08.584861Z,1,2025-01-04T06:33:31.013285Z,1,0,None,174.0,225,0
25f76a04677f383f2c5753fcdf6bb8581572311e,16e97,"LOVE SPICE LIKE U!!! (SPICE""MEGA MORI""MIX) - DJ Genki",LOVE SPICE LIKE U!!!,altrewin,altrewin,2021-04-19T20:36:01.903Z,2021-04-19T20:36:01.903Z,2021-04-19T20:36:01.903Z,2021-04-19T20:36:01.903Z,1,2021-04-19T20:36:01.903Z,1,1,None,200.0,203,0
263846fe81d14bfeeab4c27e5fb4e8ca2957e584,46f3d,intentions - NO NAME,NO NAME,GojiCrafter,GojiCrafter,2025-05-14T23:22:34.057522Z,2025-05-14T23:22:25.986796Z,2025-11-05T04:47:22.270165Z,2025-11-05T04:47:14.564432Z,1,,1,0,None,196.0,218,0
26581526580fb65e6d3905eb5e132ad8dda58683,9b36,a crowd of rebellion - Ill,Ill,carrot,carrot090,2020-04-15T05:50:38.677Z,2020-04-15T05:50:38.677Z,2020-04-15T05:50:38.677Z,2020-04-15T05:50:38.677Z,1,,1,1,None,212.0,238,0
2689ee1e1ac4affaf303f87de853fca887bf5d7e,13292,[Ranked] Camellia - Shun no Shifudo,Shun no shifudo o ikashita Karefumi Paeria 808 shefu no Twerk to Trap shitate,ComplexFrequency & miitchel,complexfrequency,2021-01-25T20:30:03.521Z,2021-01-25T20:30:03.521Z,2021-01-25T20:30:03.521Z,2021-01-25T20:30:03.521Z,1,,1,1,None,220.0,279,0
26933342740e324ffeeeb1ff53f5231e5cea3d95,1668,Meltdown feat. Kagamine Rin - Iroha(Sasaki),Meltdown feat. Rin,Todokete,todokete,2018-09-21T20:38:54Z,2018-09-21T20:38:54Z,2018-09-21T20:38:54Z,2018-09-21T20:38:54Z,1,,1,1,None,165.0,206,0
26bf3c369025dc0e899d89c4391170ee2a10a6d1,455ee,ROSÉ - toxic till the end,toxic till the end,"Lalahti, Danny",Lalahti,2025-03-21T17:39:35.168020Z,2025-03-20T20:30:10.485800Z,2026-03-28T10:00:21.750309Z,2026-03-28T10:00:19.189557Z,1,2025-03-23T18:12:29.022744Z,1,0,None,168.0,158,0
2712a515d8fefb9c06cd0f8fb7021e7d5da3f2d1,3e2c2,Kobaryo Vs. HyuN  - Dual Doom Deathmatch,Dual Doom Deathmatch,Blackjack,blackjack,2024-07-05T22:24:46.921778Z,2024-07-05T22:24:17.115270Z,2024-07-24T23:25:27.415805Z,2024-07-24T23:25:20.184273Z,1,2024-07-07T17:51:01.085250Z,1,0,None,222.0,142,0
2717b6bf388b3963f4f9fb023b9a12d9e565127b,1fccd,Ori and the Blind Forest - Escaping the Ruins,Escaping the Ruins,Sp234,Sp234,2022-01-07T20:59:04.300499Z,2022-01-07T20:58:37.178146Z,2022-02-01T16:33:09.333803Z,2022-02-01T16:32:24.832966Z,1,2022-01-07T20:59:04.300499Z,1,1,None,160.0,140,0
274f140a9c98ac51b3f75f58f32e558c724fd655,38884,Jagwar Twin - Bad Feeling (Oompa Loompa),Bad Feeling,Nebelmonster,Nebelmonster,2024-01-02T20:47:03.179129Z,2024-01-02T20:46:45.650913Z,2024-01-02T20:47:03.179129Z,2024-01-02T20:46:45.650913Z,1,2024-01-02T21:24:50.902401Z,1,0,None,189.87,136,0
27860892dd00df00da30a3db12c23a6999eb853f,1a1e5,Night Raid With A Dragon (Fvrwvrd Remix)[R],Night Raid With A Dragon,Jabob vs. Narwhal,Narwall,2021-07-10T19:45:30.982Z,2021-07-10T19:45:30.982Z,2021-07-10T19:45:30.982Z,2021-07-10T19:45:30.982Z,1,2022-02-24T04:55:17.733273Z,1,1,None,200.0,259,0
2786aa2fffb530624e1d777b58f0f3c04c452bfb,4a752,[Fitbeat / Chroma] Mori Calliope - Make 'Em Afraid (BL RANKED),Make 'Em Afraid,TaylorGaming,TaylorGaming,2025-09-16T23:12:34.295082Z,2025-09-16T22:23:16.766561Z,2026-01-10T23:51:21.908305Z,2026-01-10T23:50:52.861997Z,1,2025-09-18T06:14:38.842843Z,1,0,None,140.0,212,0
27931e9ec57030d34e5c17d2bc61862b8813c2f7,2f8aa,Kobaryo - SEITEN NO TERIYAKI NO DENSETSU,SEITEN NO TERIYAKI NO DENSETSU,ItsVasili & fraies,Vasilidesu,2023-02-18T15:55:23.239804Z,2023-02-18T15:55:00.416222Z,2024-04-30T11:35:43.554552Z,2024-04-30T11:35:39.597651Z,1,,1,0,None,273.0,239,0
279e2c6185fb0bdac8eef8c349120a9f982de218,4bbe5,[GD Mash Pack II] Frums - Wavetapper,Wavetapper,Mr_bjo,Mr_bjo,2025-11-01T14:09:39.069592Z,2025-11-01T14:09:01.299370Z,2026-06-14T10:43:24.661700Z,2026-06-14T10:43:19.663450Z,1,,1,0,None,224.0,161,0
27f024c4770d44f5e72d4f272db0dac23608c8e9,44eaa,Unknown Brain - Superhero (feat. Chris Linton),Superhero,Blenderman,Blenderman,2025-03-04T22:13:32.371162Z,2025-03-04T22:13:13.333116Z,2025-04-23T15:09:44.436404Z,2025-04-23T15:09:39.982155Z,1,,1,0,None,150.0,179,0
27fcbab3fb731b16eaba14a5d039eeffd7bd44c9,1ef6,Overkill,Overkill,Kry,krydar,2018-11-08T17:03:21Z,2018-11-08T17:03:21Z,2018-11-08T17:03:21Z,2018-11-08T17:03:21Z,1,,1,1,None,174.0,310,0
2803c4df553cbeeb296a1a02e243c4550ab620f8,1c775,Kou! - TERABYTE,TERABYTE,Huh,Huh,2021-09-23T04:44:59.280667Z,2021-09-23T04:43:37.232367Z,2022-04-10T14:01:01.069432Z,2022-04-10T14:00:41.003174Z,1,2022-04-21T14:58:34.909374Z,1,1,None,210.0,170,0
282862e847f53fb627a34ab73873d16861a5fcd1,1897d,Akira Complex - EZ Mode,EZ Mode,Checkthepan,checkthepan,2021-05-31T21:50:48.829Z,2021-05-31T21:50:48.829Z,2021-05-31T21:50:48.829Z,2021-05-31T21:50:48.829Z,1,,1,1,None,194.0,176,0
28547d0245f0fef153a5f4c96bb3b4f91a9d0ab8,16a2f,Collapse Of Ego - Dj Myosuke,Collapse Of Ego,Helloiamdaan,helloimdaan,2021-04-13T18:05:31.828Z,2021-04-13T18:05:31.828Z,2021-04-13T18:05:31.828Z,2021-04-13T18:05:31.828Z,1,,1,1,None,350.0,142,0
287216ea522fd427a23f74350a7ccfbf01bce7ad,40d3a,[RANKED] Kobaryo - Bookmaker (2D Version),Bookmaker,Slayx & azu,Slayx,2024-10-12T15:02:16.348367Z,2024-10-12T15:00:30.094231Z,2025-01-16T01:08:07.363924Z,2025-01-16T01:07:23.145447Z,1,,1,1,None,175.0,154,0
287f0f9cb50ea07ce1e9006a433e16cd2b9f90f6,d27e,Gammer - THE DROP [Chroma],THE DROP,Teuflum,Teuflum,2020-08-09T21:52:33.031Z,2020-08-09T21:52:33.031Z,2020-08-09T21:52:33.031Z,2020-08-09T21:52:33.031Z,1,2020-08-09T21:52:33.031Z,1,1,None,150.0,234,0
28a0cb2b37eb71325c9d68a7116f52f3c6104f99,26af7,C-Show - FUTURE is Dead,FUTURE is Dead,Voidless & Goob,Voidless,2022-06-26T20:41:52.784747Z,2022-06-12T16:37:35.625183Z,2022-11-07T22:00:15.130834Z,2022-11-07T22:00:06.591344Z,1,2022-06-28T02:33:05.845379Z,1,1,None,220.0,120,0
28abb0bb8bdb7c7af3e18d11dbdaa40e56f779c1,1687f,P*Light - ADAM,ADAM,Shan_Man,shan_man,2021-04-11T00:54:04.820Z,2021-04-11T00:54:04.820Z,2021-04-11T00:54:04.820Z,2021-04-11T00:54:04.820Z,1,,1,1,None,200.0,122,0
28bdd9211bd4cd76e2d2fb8a32245dbb7f38f7ab,9c22,Kobaryo - Galaxy Friends,Galaxy Friends,Jez,jez,2020-04-17T22:45:04.516Z,2020-04-17T22:45:04.516Z,2020-04-17T22:45:04.516Z,2020-04-17T22:45:04.516Z,1,,1,1,None,300.0,242,0
28c869a9223666410d28a27689df72e01aa53a01,2b846,Laur - DANGEROOOOUS JUNGLE (Extended) ,DANGEROOOOUS JUNGLE,Anammelech,anzu7,2022-10-31T02:19:31.584852Z,2022-10-31T02:19:25.561873Z,2022-11-06T03:02:26.318032Z,2022-11-06T03:02:20.356387Z,1,2022-11-06T03:02:55.825204Z,1,0,None,320.0,239,0
28cdfc3507c5924c603b5fe2f7aae7f6a9ef762a,4d77b,"coltrane - jane didn't ""invent dariacore"", i did","jane didn't ""invent dariacore"", i did",Darkrealm7,Darkrealm7,2026-01-01T21:07:58.521666Z,2026-01-01T21:07:50.626323Z,2026-09-12T20:07:54.288024Z,2026-09-12T20:07:47.095606Z,1,2026-04-19T21:30:51.971905Z,1,0,None,190.0,124,0
28e8a3995e597b1f8baadf6afab0666e39672d2a,1d42,Ai Kotoba III - DECO*27 ft. Hatsune Miku,Ai Kotoba III,Edzo,edzo,2018-11-01T00:01:23Z,2018-11-01T00:01:23Z,2018-11-01T00:01:23Z,2018-11-01T00:01:23Z,1,,1,1,None,274.0,247,0
299632ca96127614e06962fb90de6e3a97a0ddac,27bac,Mandragora - Slytherin,Slytherin,Emilia,Emilia,2022-07-12T21:18:15.108004Z,2022-07-12T21:15:57.096230Z,2022-07-12T21:18:15.108004Z,2022-07-12T21:15:57.096230Z,1,2022-07-15T21:50:45.624133Z,1,0,None,164.0,213,0
29b174c6b887a7ba3eeba99fb529623f5a7c8115,1cab7,[Chroma]  Sakuzyo - Imprinting,Imprinting,SlimyBlob & Shad,SlimyBlob,2021-09-29T14:19:55.331418Z,2021-09-29T14:19:44.053299Z,2022-01-04T03:10:43.135175Z,2022-01-04T03:10:13.332472Z,1,,1,1,None,174.988,117,0
29dac83a7ef560223e29ec730cbe4099488ab081,4d6bd,"Jamie Paige, Marcy Nabors, Penny Parker - Do No Harm (Ventricular Mix)",Do No Harm,The Lunar Carver,TheLunarCarver,2025-12-31T09:12:13.958207Z,2025-12-31T09:12:05.098673Z,2026-07-29T22:07:07.581514Z,2026-07-29T22:07:03.914383Z,1,,1,0,None,88.0,305,0
29e0f9cb632cf82ccbeb7806b7b9db39a000097f,35829,TWICE - What is Love? ,What is Love?,Lalahti,Lalahti,2023-09-07T23:00:52.540179Z,2023-09-07T22:00:10.229595Z,2023-12-13T20:25:32.159806Z,2023-12-13T20:25:11.610910Z,1,,1,0,None,170.0,211,0
2a4491c3bbb920c5a620417b80622272222cc228,40370,SONG REQUEST,SONG REQUEST,"Cratornugget, Slipknotfan",Cratornugget,2024-09-14T20:13:44.227733Z,2024-09-14T20:13:35.878240Z,2025-02-28T22:24:10.861890Z,2025-02-28T22:19:21.119245Z,1,,1,0,None,130.0,207,0
2a4527a4b44a51ca7f6fe1dcd34015050901578e,47df0,Rainbow Rave Parade - Chime,Rainbow Rave Parade,Petersome,petersome,2025-06-18T13:10:28.284410Z,2025-06-18T13:10:06.413795Z,2025-11-16T22:41:17.251980Z,2025-11-16T22:40:54.000234Z,1,,1,0,None,150.0,214,0
2a54ed06ea0a194a4a897d73f414f5ffac42edde,8822,First Storm - DECO*27 feat. Hatsune Miku,First Storm,Uninstaller,uninstaller,2020-02-17T20:28:45.649Z,2020-02-17T20:28:45.649Z,2020-02-17T20:28:45.649Z,2020-02-17T20:28:45.649Z,1,,1,1,None,190.0,237,0
2b4e5851a2babc5b356f527fa08b72e5b9b3a19b,27c9a,[Chroma] Direct / Matt Van - Cold Ground,Cold Ground,Phøenix,Phoenix,2022-07-24T17:00:00.001Z,2022-07-14T18:22:29.743600Z,2022-07-24T17:00:00.924476Z,2022-07-16T04:56:39.586061Z,1,2022-08-04T07:47:41.382239Z,1,0,None,145.0,227,0
2b4f851be22d71cb7186073d781b20aa8742aaa2,360ce,mitsukiyo & Lee Jin-ah - Target For Love (Ludicin's hardcore Bootleg),Target For Love,Anammelech,anzu7,2023-09-29T01:25:18.796456Z,2023-09-29T01:25:07.782423Z,2023-10-02T03:34:40.946556Z,2023-10-02T03:34:36.748771Z,1,,1,0,None,340.0,180,0
2b8a75d4346aa7300d001e69caf85d0fac9d8291,10d08,VVelcome!! SDVX,VVelcome!!,Mystikmol & muffn & Moriik,mystikmol,2020-11-10T20:41:38.913Z,2020-11-10T20:41:38.913Z,2020-11-10T20:41:38.913Z,2020-11-10T20:41:38.913Z,1,,1,1,None,265.0,123,0
2b92a21bc94fdbd8fecdbc872785ce2bdc9ba89e,382,Telephone Awoo,Telephone Awoo,Junko Ohashi,calijor,2018-06-03T14:15:33Z,2018-06-03T14:15:33Z,2018-06-03T14:15:33Z,2018-06-03T14:15:33Z,1,,1,1,None,94.0,54,0
2bb2289c50607b01ba13ef6274bc4916cfe4e940,2a45a,Kurokotei - Scattered Faith,Scattered Faith,Aquaflee & voltage4356,Aquaflee,2022-09-25T21:24:30.110892Z,2022-09-25T21:24:18.855861Z,2022-09-25T21:24:30.110892Z,2022-09-25T21:24:18.855861Z,1,,1,0,None,320.0,503,0
2bdc7c19dc3fe84e30cbf8dd5be5d812c566c5c8,2c220,Kobaryo  - Start of the Determination,Start of the Determination,dentalstonk,dentalstonk,2022-11-18T13:54:05.635077Z,2022-11-18T13:53:45.843692Z,2022-11-19T19:40:53.869772Z,2022-11-19T19:40:50.986215Z,1,,1,0,None,400.0,176,0
2c908df9bb7aa93884ab9bfa8ddc598c3de479e9,5309,t+pazolite - Chrome VOX (Uncut Edition),Chrome VOX (Uncut Edition),Souk,Soukky,2019-06-14T23:46:19.486Z,2019-06-14T23:46:19.486Z,2019-06-14T23:46:19.486Z,2019-06-14T23:46:19.486Z,1,,1,1,None,205.0,255,0
2ca56cf8089df51c424668b98f6e2236969f4232,1aacd,lapix - Carry Me Away (Extended Mix) [DANCE MAP],Carry Me Away,harbgy & Edmard,harbgy,2021-07-27T16:14:54.221Z,2021-07-27T16:14:54.221Z,2022-03-07T20:47:46.154906Z,2022-03-07T20:47:34.582592Z,1,,1,1,None,175.0,244,0
2ccc09c94a093455226e5509c9a114e2eac8d865,41218,[ILLIT Pack] ILLIT - Cherish (My Love),Cherish (My Love),"Lalahti, Danny",Lalahti,2024-10-25T16:11:30.009868Z,2024-10-25T16:11:16.269524Z,2025-02-28T01:52:40.101595Z,2025-02-28T01:52:12.941061Z,1,2025-03-21T03:34:43.426873Z,1,0,None,143.0,177,0
2ccd5887859f4e2d7d59977f8a4f0a0db9b194b7,4aafe,Shy Toy Soldier (JBSL),Shy Toy Soldier,Cush,Cush,2025-09-25T14:00:00.894321Z,2025-09-25T11:48:57.760619Z,2026-02-12T18:01:56.251723Z,2026-02-12T18:01:49.823557Z,1,2025-10-01T07:00:42.437463Z,1,1,None,163.0,152,0
2d219a8890585f457abb018da09451b08cd98495,8c0a,BLACK LABEL,BLACK LABEL,Yun0,yun0,2020-03-01T00:07:53.768Z,2020-03-01T00:07:53.768Z,2020-03-01T00:07:53.768Z,2020-03-01T00:07:53.768Z,1,,1,1,None,174.0,196,0
2d2507a054cb9f59840b5829e08ea5456d5f2e2c,1cd59,DJ Genki - PanicPop*FESTIVAL,PanicPop*FESTIVAL!!!,Shan_Man & Nolanimations,shan_man,2021-10-05T22:58:10.546294Z,2021-10-05T22:57:59.922036Z,2022-01-04T05:50:02.808076Z,2022-01-04T05:49:58.182380Z,1,2021-10-05T22:58:10.546294Z,1,1,None,230.0,142,0
2d7b46c7040c575bbda8c9a921c482d7463a26a6,1a477,[Ranked] Toby Fox - Spider Dance (Tanger Remix),Spider Dance,Jabob & Fvrwvrd,Jabob,2021-07-14T19:57:25.137Z,2021-07-14T19:57:25.137Z,2021-07-14T19:57:25.137Z,2021-07-14T19:57:25.137Z,1,,1,1,None,240.0,341,0
2d812894b3ac24d18f917cd9ba65f5c60987345e,117f3,ARM Feat. Nicole Curry - Come to Life (Camellia's “Not on your life though!” Remix),Come To Life,Nolanimations,Nolanimations,2020-11-29T15:11:22.708Z,2020-11-29T15:11:22.708Z,2020-11-29T15:11:22.708Z,2020-11-29T15:11:22.708Z,1,,1,1,None,210.0,276,0
2d924e6a5e10746726a41147a297ab2b88b537ba,41a23,Mitsukiyo - Unwelcome School (音圧第一 Remix),Unwelcome School,Rusty & Bitz,Rusty,2024-11-13T23:03:07.793566Z,2024-11-13T23:02:29.037781Z,2024-12-26T20:14:33.055508Z,2024-12-26T20:14:27.530187Z,1,2024-12-26T05:50:33.548223Z,1,0,None,227.0,135,0
2dc048e407309b8d7813bf294b2f5657f27e4831,17707,Trapped in the past,Trapped in the Past,muffn,muffn,2021-05-02T02:43:36.537Z,2021-05-02T02:43:36.537Z,2021-05-02T02:43:36.537Z,2021-08-05T16:30:27.355344Z,1,2021-05-02T02:43:36.537Z,1,1,None,180.0,231,0
2dc3f6dd835321190979fb6bf9d577d72e1902b3,15512,Sullivan King - The Glock,The Glock,Tseska,tseska,2021-03-11T15:52:44.821Z,2021-03-11T15:52:44.821Z,2021-03-11T15:52:44.821Z,2021-03-11T15:52:44.821Z,1,,1,1,None,160.0,189,0
2dda4054c81530d0cf09980b646a0050cc0bf94c,1e0d5,[Alphabeat - Monstercat Pack]  VESK GREEN & Pegboard Nerds - Bounce [Chroma],Bounce,Fatalution,fatalution,2021-11-22T17:00:09.866115Z,2021-11-17T16:08:13.708812Z,2022-02-03T16:41:41.930301Z,2022-02-03T16:39:55.043072Z,1,2021-11-22T17:00:09.866115Z,1,1,None,150.0,207,0
2dda97bb04e23d6f68889f68bec9c7c1cdea1cac,30c0a,glaive / ericdoa - mental anguish,mental anguish,Phøenix & GojiCrafter,Phoenix,2023-03-21T15:31:40.002531Z,2023-03-21T02:54:11.397581Z,2023-03-21T15:31:40.002531Z,2023-03-21T02:54:11.397581Z,1,2023-03-24T00:55:57.086907Z,1,0,None,168.0,116,0
2dddd6672560cb2c1d4c689ff31b5ea58ef1641e,b724,Dropgun x Asketa & Natan Chaim - Falling,Falling,Teuflum,Teuflum,2020-06-28T11:22:49.373Z,2020-06-28T11:22:49.373Z,2020-06-28T11:22:49.373Z,2020-06-28T11:22:49.373Z,1,2020-06-28T11:22:49.373Z,1,1,None,126.0,194,0
2e01a4b67cc259134b201e22c9e5f0c3b44bed7a,37d4b,Ado - Odo (Bon-Odo Remix),Odo,SpaceDorito,AngrySpaceDorito,2023-12-08T19:13:21.072451Z,2023-12-08T19:13:07.493013Z,2023-12-12T12:09:30.451410Z,2023-12-12T12:08:46.171258Z,1,,1,0,None,148.0,173,0
2e4614de850731444559c6fbeeddf789fac2784b,17e02,Camellia - We Could Get More Machinegun Psystyle! (and Genre Switches) [Fvrwvrd's Machinegun Symphony Remix],We Could Get More Machinegun Psystyle! (and More Genre Switches),Various Mappers,vilawes,2021-05-14T05:39:33.992Z,2021-05-14T05:39:33.992Z,2021-05-14T05:39:33.992Z,2021-05-14T05:39:33.992Z,1,,1,1,None,324.0,362,0
2e6cb362f31d00ee9f2b9c8640cfd94bbfb8377f,e2ba,Coffin Dance (Camellia Remix)[R],Astronomia,That_Narwhal,Narwall,2020-09-03T03:29:53.456Z,2020-09-03T03:29:53.456Z,2020-09-03T03:29:53.456Z,2020-09-03T03:29:53.456Z,1,,1,1,None,200.0,171,0
2e887f6cd0fa896a890d2fb8d023a17db47f0ea9,13b2b,Schwank - Extra Credit on the Chromosome Test! VICTORY ROYALE!!! (feat. Lil Triangle),Extra Credit on the Chromosome Test! VICTORY ROYALE!!!,lobster & FatBeanzoop,lobsterrrrr,2021-02-07T01:34:07.280Z,2021-02-07T01:34:07.280Z,2021-02-07T01:34:07.280Z,2021-02-07T01:34:07.280Z,1,,1,1,None,175.0,133,0
2e98ad44b99bff172738ec16ddc6c446cd5c20d0,2ee85,[Soup Cartel] Raphiiel - RoquiRa : Between Life and Death,RoquiRa : Between Life and Death,Soup Cartel,soupcartel,2023-02-01T23:00:00.979734Z,2023-02-01T22:02:53.687630Z,2023-09-10T20:10:53.693658Z,2023-09-10T20:10:48.101734Z,1,2023-02-16T03:37:40.234517Z,1,0,None,183.0,648,0
2ee429cd43e8c68ba21b6f3beace82aa0c95a52e,36520,KARD - ICKY,ICKY,minsiii & mansiii,minsiii,2023-10-09T22:23:59.867783Z,2023-10-09T22:22:26.226110Z,2023-10-28T23:22:39.370130Z,2023-10-28T23:21:31.939560Z,1,,1,0,None,112.0,180,0
2f09bb6c2ecb9ec5b66b4805656b1cbe9c6ac7cd,1492f,Team Grimoire - C18H27NO3,C18H27NO3,Duh Hello,duh-hello,2021-02-25T00:04:29.898Z,2021-02-25T00:04:29.898Z,2021-02-25T00:04:29.898Z,2021-02-25T00:04:29.898Z,1,,1,1,None,210.0,337,0
2f114018abd0e2fabb43541a6e32bf6ef82de0c0,1ae12,Laur - Kill Kill Kill Kill Kill,Kill Kill Kill Kill Kill,Helloiamdaan & cerret,cerret,2021-08-05T00:19:37.184041Z,2021-08-05T00:19:37.184041Z,2021-08-05T00:19:37.184041Z,2021-08-10T20:32:30.561993Z,1,,1,1,None,280.0,188,0
2f2c1cc092dc4c75ebb27f2252651010d15c25d0,1ff94,[Ranked] Laur - DANGEROOOOUS JUNGLE,DANGEROOOOUS JUNGLE,Purp1e,Purp1e,2022-01-11T12:01:44.055083Z,2022-01-11T12:00:12.302448Z,2022-07-14T21:38:32.765671Z,2022-07-14T21:38:27.352264Z,1,,1,1,None,320.0,138,0
2f41fe99f15712330a173571899a91774b559c95,43018,Oh No,Oh No,bobthezealot,bobthezealot,2025-01-08T05:01:26.276210Z,2025-01-08T05:01:14.097438Z,2025-01-25T06:22:02.967324Z,2025-01-25T06:21:58.481503Z,1,,1,0,None,176.0,58,0
2f64d68c9690aaeb952a62d9370d1faec0db5d4f,18f5d,[Chroma] Knife Party - Centipede,Centipede,SlimyBlob & Bloo,SlimyBlob,2021-06-08T22:48:01.020Z,2021-06-08T22:48:01.020Z,2021-06-08T22:48:01.020Z,2021-06-08T22:48:01.020Z,1,2021-06-08T22:48:01.020Z,1,1,None,140.0,247,0
2fbe7946456c5a4da6880d7096fb39ec8f028283,2abf7,[BL Ranked] Camellia - Flamewall,Flamewall,Slayx,Slayx,2022-10-09T15:47:00.481957Z,2022-10-09T15:46:22.881869Z,2022-10-12T13:14:09.185293Z,2022-10-12T13:11:58.983388Z,1,2022-12-10T12:41:26.411924Z,1,0,None,300.0,411,0
2fddb136bda7f9e29b4cb6621d6d8e0f8a43b126,1f90,RIOT - Overkill,Overkill,Nuketime,nuketime,2018-11-10T20:57:38Z,2018-11-10T20:57:38Z,2018-11-10T20:57:38Z,2018-11-10T20:57:38Z,1,,1,1,None,174.0,308,0
2fdee3c70bebd6b5da84a30dcaf4dd3fa2bf2186,45431,VVUP - Ain't Nobody,Ain't Nobody,"minsiii, Danny",minsiii,2025-03-16T01:07:57.410497Z,2025-03-16T01:05:37.864021Z,2025-11-30T22:07:51.759346Z,2025-11-30T22:07:15.430540Z,1,2025-03-21T23:55:59.885135Z,1,0,None,140.0,168,0
2ff1d5b62cf869abcbb183dca363ab726ebbf852,1aaf1,Kobaryo - Bookmaker,Bookmaker,Lobster,lobsterrrrr,2021-07-27T21:12:39.498Z,2021-07-27T21:12:39.498Z,2021-07-27T21:12:39.498Z,2021-07-27T21:12:39.498Z,1,,1,1,None,175.0,266,0
2ff1fcc2f998a900a395874237e73a0557e04a98,224f3,KNOCK KNOCK - TWICE,KNOCK KNOCK,gmiz92,gmiz92,2022-02-26T19:56:40.203635Z,2022-02-26T19:55:42.316420Z,2022-10-25T01:59:38.102548Z,2022-10-25T01:59:33.969375Z,1,2022-02-26T20:11:09.223095Z,1,0,None,260.0,198,0
3016c47c18a430f687ac8c388583394d35ca3cb9,2a75e,DJ Myosuke - Megaton Karma,Megaton Karma,Helloiamdaan,helloimdaan,2022-10-01T13:49:38.305910Z,2022-10-01T13:47:18.927649Z,2022-10-01T13:49:38.305910Z,2022-10-01T13:49:28.597537Z,1,,1,0,None,270.0,207,0
3017641e764900d19f0408bf2cefaec5e2329241,3116e,[BL Ranked] t+pazolite - Prism Fountain,Prism Fountain,1100ping_boi,1100ping_boi,2023-03-31T23:23:13.452454Z,2023-03-31T23:20:10.821891Z,2023-08-29T00:49:05.354113Z,2023-08-29T00:48:56.959966Z,1,,1,0,None,200.0,148,0
30681da193987fa5c2dd019091f525cb4cce84fc,2bee0,[BL RANKED] Camellia - Looking for Edge of Ground,Looking for Edge of Ground,GalaxyMaster,GalaxyMaster,2022-11-13T02:42:50.859913Z,2022-11-13T02:26:30.216903Z,2023-04-20T18:30:39.651792Z,2023-04-20T18:30:33.906745Z,1,2022-12-21T20:34:03.660038Z,1,0,None,174.0,506,0
30af0d575a468f26b5e61ba0f2b7b15ed9eca48c,cd5c,"[Ranked]Camellia as ""fluX Xroise"" - Xronièr (""genèXe"" Long ver.)",Xronier,Soba`s,Sobas,2020-08-03T01:31:38.587Z,2020-08-03T01:31:38.587Z,2020-08-03T01:31:38.587Z,2020-08-03T01:31:38.587Z,1,,1,1,None,234.0,306,0
30b602465acedc9bbad69f9ea8ea2a3633ef5904,41cfb,[Chroma] Storyteller - The Intense Voice of Hatsune Miku,The Intense Voice of Hatsune Miku,Darkrealm7,Darkrealm7,2024-11-21T17:40:51.800753Z,2024-11-21T17:40:34.207874Z,2025-10-20T20:31:35.756344Z,2025-10-20T20:31:31.839020Z,1,2024-11-22T14:27:24.780197Z,1,0,None,200.0,158,0
30bb09ed78b0abee79bdeca20d60c2d071662c23,624e,Ace Aura - Flow,Flow,Fern,fern,2019-09-08T23:06:44.068Z,2019-09-08T23:06:44.068Z,2019-09-08T23:06:44.068Z,2019-09-08T23:06:44.068Z,1,,1,1,None,150.0,242,0
3183d3b96837211c4699eda88a22e000ae5dfe7a,15c08,WE LUV LAMA - DJ Sharpnel,WE LUV LAMA,Hexagonial & Oddloop & Daan,helloimdaan,2021-03-22T14:52:48.444Z,2021-03-22T14:52:48.444Z,2022-09-15T20:09:08.213468Z,2022-09-15T20:09:01.823852Z,1,,1,0,None,210.0,328,0
31b21b7eaa71ec4ffdff5fab66b8ba938a6e7060,36c09,[BL RANKED] [SC2H] Nhato - Virus Funk,Virus Funk,GalaxyMaster,GalaxyMaster,2023-10-29T21:00:38.739044Z,2023-10-29T21:00:25.600385Z,2024-01-30T23:05:29.267128Z,2024-01-30T23:04:44.853951Z,1,2023-10-31T00:58:46.193074Z,1,0,None,132.0,123,0
31f03aa8d7ae633c08e3787897ce780ef433ce96,29a10,Porter Robinson - Get Your Wish,Get Your Wish,Emilia,Emilia,2022-09-05T10:06:34.060470Z,2022-09-05T10:05:16.934258Z,2022-09-05T10:13:04.916458Z,2022-09-05T10:13:01.796733Z,1,2022-09-06T19:05:04.089669Z,1,0,None,95.0,221,0
3255bd794b35b59dc1799c93e0072d8eb2f052fb,3aef5,Break by Emilia,Break,Emilia,Emymap,2024-03-15T23:01:44.596320Z,2024-03-15T23:01:41.088801Z,2024-03-17T23:30:10.896979Z,2024-03-17T23:30:00.078471Z,1,,1,0,None,260.0,99,0
3278743645f2e14c71a9f6701fdbdab4d0800f62,39984,TWICE - I GOT YOU,I GOT YOU ,Lalahti,Lalahti,2024-02-03T01:09:11.594363Z,2024-02-02T23:59:15.351966Z,2024-02-21T06:01:00.967786Z,2024-02-21T05:59:47.208818Z,1,2024-02-04T03:23:46.927449Z,1,0,None,176.0,174,0
327aba007350c469ce163c5bb0332840ef6c449f,288c5,Bad Omens - THE DEATH OF PEACE OF MIND,THE DEATH OF PEACE OF MIND,Bytrius,Bytrius,2022-08-07T03:14:02.861170Z,2022-08-06T14:24:38.795829Z,2022-12-10T22:41:48.134833Z,2022-12-10T22:41:35.851804Z,1,2022-08-07T13:22:19.777142Z,1,0,None,155.0,243,0
328277ff5fb15a1f3b7cde7277c2190904cea824,1b511,[RANKED] Tanger - Mosaic,Mosaic,fqrb & yabje,fqrb,2021-08-16T11:10:56.918619Z,2021-08-16T11:10:56.918619Z,2022-01-03T12:18:11.813050Z,2022-01-03T12:18:04.554439Z,1,2022-05-16T17:48:39.738903Z,1,1,None,260.0,246,0
32a5e7097955e0138eaec0831b973bb1d29deb72,2b3db,underscores - Spoiled little brat (six impala Version),Spoiled little brat,Purp1e,purp2e,2022-10-23T01:24:32.351067Z,2022-10-23T01:23:48.010765Z,2022-10-23T01:24:32.351067Z,2022-10-23T01:23:48.010765Z,1,,1,0,None,190.0,160,0
32ab4f42c5b968dc8b36e811dcc6a905490c3960,32266,Feint - We Won't Be Alone (feat. Laura Brehm) [Monstercat Release],We Won't Be Alone,Darkrealm7,Darkrealm7,2023-05-07T09:49:01.632077Z,2023-05-06T22:36:56.056136Z,2023-11-29T19:20:03.158459Z,2023-11-29T19:19:55.636828Z,1,2023-05-07T21:15:13.318310Z,1,0,None,175.0,236,0
32ae684f553e7fa90d1e5325bd54581c0afd37fa,acf,EC2 - Prototyperaptor - Still Waiting,EC2 - Still Waiting,Rustic,rustic,2018-07-20T22:07:52Z,2018-07-20T22:07:52Z,2018-07-20T22:07:52Z,2018-07-20T22:07:52Z,1,2018-07-20T22:07:52Z,1,1,None,124.57,286,0
32af8ce683e92e9c2650e4c2e6834cb2b1c93666,1aae2,[Qumu Pack] [Ranked] King Dedede's Theme (Qumu Remix),King Dedede's Theme,yabje,yabje,2021-07-27T19:32:31.631Z,2021-07-27T19:32:31.631Z,2021-07-27T19:32:31.631Z,2021-07-27T19:32:31.631Z,1,,1,1,None,175.0,149,0
32c5267652903b9cc2f938280145ad748826da05,41864,AJR - Turning out pt. iii [Chroma],Turning Out Pt. iii,ben,bberg,2024-11-10T00:10:06.329691Z,2024-11-10T00:10:01.668301Z,2025-02-09T16:41:08.761535Z,2025-02-09T16:40:56.272973Z,1,,1,0,None,102.0,233,0
32f8ce033b4aa48798a65a5e5b4da45b6d7a38f7,19673,[Chroma 2.4][Ranked]Akatsuki Records - Trance Dance Anarchy,Trance Dance Anarchy,Yaomin,yaomin,2021-06-21T08:49:04.563Z,2021-06-21T08:49:04.563Z,2021-06-21T08:49:04.563Z,2021-08-10T05:23:50.736814Z,1,2021-06-21T08:49:04.563Z,1,1,None,195.0,237,0
33197b762060bd8fa2952bbba3beddb9e9832dee,7f3f,Hellberg - The Girl (feat. Cozi Zuehlsdorff) (Stonebank Remix),The Girl,Teuflum,Teuflum,2020-01-18T18:52:54.760Z,2020-01-18T18:52:54.760Z,2020-01-18T18:52:54.760Z,2020-01-18T18:52:54.760Z,1,2020-01-18T18:52:54.760Z,1,1,None,170.0,255,0
331f58d8d307aa0b9de015cf6f349b2e69c4fa07,194d8,[Ranked] Kobaryo - Galaxy Friends,Galaxy Friends,Cobayo,Cobayo,2021-06-18T23:08:30.764Z,2021-06-18T23:08:30.764Z,2021-06-18T23:08:30.764Z,2021-08-13T18:58:05.501705Z,1,2021-06-18T23:08:30.764Z,1,1,None,300.0,242,0
33430b8252051cac4510c43cecaec365972c697f,27829,Au5 - Crossroad (feat. Danyka Nadeau) [Monstercat Release],Au5 - Crossroad,Darkrealm7,Darkrealm7,2022-07-07T14:48:24.626591Z,2022-07-07T14:48:15.667914Z,2022-07-07T14:48:24.626591Z,2022-07-07T14:48:15.667914Z,1,2022-07-14T16:10:00.614601Z,1,0,None,128.0,419,0
335431839b3d8c2a95f5f25d6ed46335388431a6,3b77f,[BL RANKED] DECO*27 - Rabbit Hole feat. Hatsune Miku,Rabbit Hole,Ryleeeee,Ryleeeee,2024-04-02T12:28:38.306578Z,2024-04-02T12:27:11.484117Z,2024-06-05T18:11:23.153152Z,2024-06-05T18:11:00.491605Z,1,2024-10-10T06:24:32.985565Z,1,0,None,173.0,164,0
338699c518a2f6b2cb8f09b99cdfa4498020c729,a511,Can We Fix It? ,Can We Fix It?,simplymarvellous,simplymarvellous,2020-05-11T07:23:45.139Z,2020-05-11T07:23:45.139Z,2020-05-11T07:23:45.139Z,2020-05-11T07:23:45.139Z,1,,1,1,None,134.0,56,0
3396a18505f11ae956c821caa0ec259c883c086e,4ad0d,tsubi club - laced up,laced up,Shiokarai,monolotus,2025-09-30T02:07:08.279076Z,2025-09-30T02:06:53.336751Z,2026-03-14T20:25:21.468186Z,2026-03-14T20:24:58.901032Z,1,,1,0,None,135.0,174,0
33e3b6a3b3265c14b494241307ca92eefbfca86f,3906f,[BL RANKED] La prière - The Illusionista of Love,The Illusionista of Love,GalaxyMaster,GalaxyMaster,2024-01-18T15:26:49.049136Z,2024-01-18T15:15:45.512465Z,2024-02-18T20:38:40.920633Z,2024-02-18T20:38:31.872355Z,1,2024-01-22T17:20:07.797217Z,1,0,None,270.0,204,0
33f5e5578e6150eec24b8118bdb1454e8e5156cc,25b67,NayutalieN - Sparkling Galaxy,Sparkling Galaxy,Yaomin,yaomin,2022-05-17T11:39:29.646717Z,2022-05-17T11:39:01.091718Z,2022-05-17T11:39:29.646717Z,2022-05-17T11:39:01.091718Z,1,2022-05-27T05:52:03.497156Z,1,0,None,157.0,198,0
33f7950e5d92996727d514c78d5d30242d371761,ff02,[R] Toby Fox - Your Best Friend,Your Best Friend,Various Mappers,Raiine,2020-10-15T20:17:24.831Z,2020-10-15T20:17:24.831Z,2020-10-15T20:17:24.831Z,2020-10-15T20:17:24.831Z,1,,1,1,None,124.0,25,0
3402aa430181f7c254007a28e15fc397c48086b0,3cbc3,LeaF - Armageddon [Chroma],Armageddon,ViSi,ViSi,2024-05-17T01:14:56.671413Z,2024-05-17T01:14:44.574703Z,2025-04-15T22:00:59.364358Z,2025-04-15T22:00:48.955694Z,1,2024-05-26T16:42:09.240049Z,1,1,None,210.0,149,0
34100b14bdc8a26cc6ee4230fc42082412cf2ba3,30b39,juno - awful,awful,GojiCrafter & Phøenix,GojiCrafter,2023-03-19T17:26:29.065479Z,2023-03-19T17:26:11.590474Z,2023-03-19T17:26:29.065479Z,2023-03-19T17:26:11.590474Z,1,2023-03-19T21:23:52.139265Z,1,0,None,155.0,129,0
34e90d7efc16a399fdbdae70315fcc856151c7e0,497a7,Camellia - UmbЯal (feat. Camellia),UmbЯal,VoltageO & THMX,VoltageO,2025-08-15T21:06:36.800772Z,2025-08-15T21:04:02.555266Z,2026-04-27T15:12:29.932621Z,2026-04-27T15:12:06.296510Z,1,2025-08-18T08:01:19.756837Z,1,1,None,310.0,290,0
3522d950f43ade708a1a20e57033177d2fad578d,1ac47,[Ranked] Schwank - Memories of the winter storm,Memories of the winter storm,Jabob,Jabob,2021-07-30T20:01:36.435Z,2021-07-30T20:01:36.435Z,2021-11-20T04:32:03.388347Z,2021-11-20T04:32:00.813284Z,1,,1,1,None,205.0,195,0
352385c338d45fc09127c4393848307ce454eae1,389bc,(BL Ranked) Limites feat. mikanzil - x=1/0,x=1/0,Alpha Cancri,AlphaCancri,2024-01-05T16:24:30.185590Z,2024-01-05T16:24:24.954338Z,2024-03-19T20:12:56.490187Z,2024-03-19T20:12:54.383587Z,1,2024-01-30T17:24:30.880274Z,1,0,None,182.0,221,0
353cc2a81468323c1e2812141326d440ce53af6a,1aa75,A Betrayal Unforetold - Infereri,A Betrayal Unforetold,Astrella,astrella_,2021-07-26T19:17:09.540Z,2021-07-26T19:17:09.540Z,2021-07-26T19:17:09.540Z,2021-07-26T19:17:09.540Z,1,,1,1,None,250.0,321,0
3549bdcaa9c9b86e8512a07c897a667e349cdeda,3cd56,"Indila, Bennett - Dernière danse (Techno Mix)",Dernière danse,Nebelmonster,Nebelmonster,2024-05-20T21:34:12.843256Z,2024-05-20T21:34:09.032003Z,2024-10-10T20:20:46.985882Z,2024-10-10T20:20:44.781818Z,1,2024-05-21T03:44:01.802288Z,1,0,None,140.0,198,0
3569841e50ebfb50246aaddfd0752ca6ec5c9c3d,fba3,Bass Modulators - Ruffneck Bass,Ruffneck Bass,Nolanimations,Nolanimations,2020-10-08T15:08:53.996Z,2020-10-08T15:08:53.996Z,2020-10-08T15:08:53.996Z,2020-10-08T15:08:53.996Z,1,,1,1,None,150.0,241,0
35820cc7cd0dfffe085a4fde8bddaa39294fddd1,491b6,[Chroma] Teminite x Boom Kitty - Danger,Danger,Darkrealm7,Darkrealm7,2025-08-02T13:00:13.342720Z,2025-08-02T13:00:05.514325Z,2025-11-05T03:05:36.148745Z,2025-11-05T03:05:27.291402Z,1,2025-08-02T19:57:27.750615Z,1,0,None,150.0,201,0
359b91bc4f763e330dca3812e072944c1d34dc76,79b6,On My MiND - Mrs. GREEN APPLE,On My MiND,Uninstaller,uninstaller,2019-12-26T07:53:15.321Z,2019-12-26T07:53:15.321Z,2019-12-26T07:53:15.321Z,2019-12-26T07:53:15.321Z,1,2019-12-26T07:53:15.321Z,1,1,None,187.0,202,0
35d58f383a4b13c385c37b4ed6ff6460b765c29a,fb,Kids - MGMT,Kids,BennyDaBeast,bennydabeast,2018-05-18T22:24:22Z,2018-05-18T22:24:22Z,2018-05-18T22:24:22Z,2018-05-18T22:24:22Z,1,2018-05-18T22:24:22Z,1,1,None,123.0,271,0
35d68f8e1ff229821a7517b56895b27174fb1eee,b4ff,Giga - BRING IT ON ft. Kagamine Rin & Len,BRING IT ON,CoolingCloset,CoolingCloset,2020-06-22T12:54:49.578Z,2020-06-22T12:54:49.578Z,2020-06-22T12:54:49.578Z,2020-06-22T12:54:49.578Z,1,,1,1,None,160.0,238,0
362ee2b424cf8057c899d11a598f50ea435ead8b,1d600,Beartooth - Dominate,Dominate,Bytrius,Bytrius,2021-11-09T22:31:48.700242Z,2021-10-26T02:19:51.190273Z,2021-11-09T22:31:48.700242Z,2021-11-09T22:31:30.248723Z,1,2021-11-09T22:31:48.700242Z,1,0,None,202.0,220,0
3631d5e2d465e42fa299abde61d432a3029cd192,20db5,[Ranked] Fvrwvrd - Speedcore Sonata in the Moonlight,Speedcore Sonata in the Moonlight,Vilawes,vilawes,2022-01-29T20:33:49.089880Z,2022-01-29T20:33:30.764226Z,2022-08-11T23:15:43.195363Z,2022-08-11T23:15:39.729409Z,1,2022-03-14T17:01:44.481609Z,1,1,None,350.0,180,0
36374f66adc73b3db823d90bff31c51acf7f43c7,12cca,[Ranked] Ruby My Dear - Anemone,Anemone,Jabob & Vilawes,Jabob,2021-01-16T20:34:09.895Z,2021-01-16T20:34:09.895Z,2021-01-16T20:34:09.895Z,2021-01-16T20:34:09.895Z,1,,1,1,None,192.0,251,0
363c558ff066dad730a22497b7ae1c0a92e6c56b,36fb2,ARM (IOSYS) - Come To Life,Come to Life,oermergeesh,oermer,2023-11-06T21:01:46.396535Z,2023-11-06T21:01:33.996186Z,2024-03-28T12:23:13.110123Z,2024-03-28T12:22:59.632555Z,1,2023-11-16T03:36:54.326536Z,1,0,None,180.0,127,0
36afd0e84d8db7600db5d023be779bb47421be6f,4a53,Enigma II,Enigma II,Yun0,yun0,2019-05-03T17:29:23Z,2019-05-03T17:29:23Z,2019-05-03T17:29:23Z,2019-05-03T17:29:23Z,1,,1,1,None,201.0,114,0
36b6dc3ddd7c1ff23c91a933e6719e5dac5711d1,33705,"Camellia - 999 (""666"" Camellia's Unofficial/Rejected Remix)",999,Bitz,Bitz,2023-06-25T22:00:51.721338Z,2023-06-25T22:00:17.744434Z,2026-05-14T06:22:02.698542Z,2026-05-14T06:22:00.374197Z,1,,1,0,None,249.75,125,0
36c0fa7fa9f5408a535c248e52b599a284c76190,259b,Midnight,Midnight,Kry,krydar,2018-12-14T02:24:08Z,2018-12-14T02:24:08Z,2018-12-14T02:24:08Z,2018-12-14T02:24:08Z,1,,1,1,None,200.0,142,0
36d0db44e6528bd956d4a473d886433510d1be26,8339,"Ingo ohne Flamingo - Saufen, morgens, mittags, abends","Saufen morgens, mittags, abends",Various Mappers,Teuflum,2020-02-01T12:37:20.275Z,2020-02-01T12:37:20.275Z,2020-02-01T12:37:20.275Z,2020-02-01T12:37:20.275Z,1,2020-02-01T12:37:20.275Z,1,1,None,125.0,243,0
371d7c9efe2f7def999f62a03b5787516f7a95b0,2bf42,[BL Ranked] Marpril - Spectrum,Spectrum,Acubens,Acubens,2022-11-13T20:58:27.930422Z,2022-11-13T20:46:04.936549Z,2023-07-08T18:56:36.547397Z,2023-07-08T18:56:32.901006Z,1,2022-11-16T06:32:26.562783Z,1,0,None,175.0,203,0
374f0c27fb30fdd79ce688f484f02f55fca51e8a,36f55,C-Show - My My My,My My My,Blackjack,blackjack,2023-11-06T01:33:16.281681Z,2023-11-06T01:33:09.455014Z,2023-12-11T18:45:20.105870Z,2023-12-11T18:45:07.755727Z,1,2024-01-26T17:59:08.918515Z,1,0,None,175.0,126,0
3751435792bebc3901cf09ecfe434c095a6d81c1,167a5,GHOST DATA - Beyond Eternity [Ranked],Beyond Eternity,Timbo,Timbo,2021-04-09T15:52:17.505Z,2021-04-09T15:52:17.505Z,2021-04-09T15:52:17.505Z,2021-04-09T15:52:17.505Z,1,,1,1,None,180.0,263,0
3751c4e80ea591856be52ebca2a9f654b0888d2a,7b30,Silver Forest - Tsurupettan,Tsurupettan,Kival Evan,Kival_Evan,2019-12-31T09:50:40.054Z,2019-12-31T09:50:40.054Z,2019-12-31T09:50:40.054Z,2019-12-31T09:50:40.054Z,1,2019-12-31T09:50:40.054Z,1,1,None,180.0,162,0
376f2ace119dc0ba9c7d2da74bf5ae096e0021e1,1ba1,ACE FOR ACES,ACE FOR ACES,Kry,krydar,2018-10-22T15:18:27Z,2018-10-22T15:18:27Z,2018-10-22T15:18:27Z,2018-10-22T15:18:27Z,1,,1,1,None,100.0,127,0
37aa9a561bbf58651503b3c8a59de294ea2f380e,b875,Red Dress (Srezcat & Kobaryo Remix) - Srav3R,Red Dress,xScaramouche,xScaramouche,2020-07-02T01:45:40.632Z,2020-07-02T01:45:40.632Z,2020-07-02T01:45:40.632Z,2020-07-02T01:45:40.632Z,1,,1,1,None,160.0,237,0
3802e143b736923468cc8da67acf21a9ef585da2,27e37,Super Idol (Schwank's easiest 96.41% of my life remix),Super Idol,"Monke, Syn0Sin, Gordon, & Alpal",tecmonke,2022-07-18T03:48:47.492490Z,2022-07-18T03:47:26.972351Z,2022-11-01T03:29:59.052509Z,2022-11-01T03:29:47.649334Z,1,,1,0,None,200.0,172,0
380b9810a771b57d29db44f8e2217502d76d6094,b2f2,Camellia - epimerization (Short Ver.),epimerization,CoolingCloset,CoolingCloset,2020-06-15T22:44:38.905Z,2020-06-15T22:44:38.905Z,2020-06-15T22:44:38.905Z,2020-06-15T22:44:38.905Z,1,,1,1,None,204.0,105,0
383024ad5bc88a1ca5c6d6cb53a6185cc8671737,3ba9b,Camellia - liquated,liquated,Petersome,petersome,2024-04-10T19:34:40.840626Z,2024-04-10T19:34:13.788879Z,2024-04-25T06:45:38.837001Z,2024-04-25T06:45:31.705539Z,1,2024-05-12T23:44:25.672798Z,1,0,None,140.0,292,0
38319743ffe8cd96f9858b7d23ce92e63bb3a0d1,1a938,Juggernaut. - Revenant,Revenant,Shan_Man,shan_man,2021-07-24T05:21:48.683Z,2021-07-24T05:21:48.683Z,2021-07-24T05:21:48.683Z,2021-08-07T05:15:45.619305Z,1,,1,1,None,210.0,193,0
388729eddb09bd57a4544923f5663b05a0ceecb0,3639d,モリモリあつし - HeaveИ's Rain,HeaveИ's Rain,Loloppe,loloppe,2023-10-06T13:05:34.295114Z,2023-10-06T13:05:09.090163Z,2023-10-30T23:59:38.273703Z,2023-10-30T23:59:33.980824Z,1,,1,0,None,285.0,134,0
38b1617c73186d9528f29e72550c729a0377522b,2d5bd,UNDEAD CORPORATION - The Empress,The Empress,Emilia,Emymap,2022-12-25T23:07:19.854913Z,2022-12-25T23:07:12.097899Z,2023-06-26T03:27:48.331335Z,2023-06-26T03:27:39.173801Z,1,,1,0,None,270.0,280,0
3921b2d7db671088eb2433f56414bcdc27931067,221ca,Gareth Coker feat. Aeralie Brighton - Light of Nibel (Ori and the Blind Forest),Light of Nibel,AlephCubed,AlephCubed,2022-02-23T04:25:36.765163Z,2022-02-23T04:24:52.241942Z,2023-07-08T04:45:06.677126Z,2023-07-08T04:44:36.613533Z,1,,1,0,None,80.0,256,0
395dda27bb64e2c6e902634fa649bb6f43d1cafb,4225b,[Ranked] Mitchie M - Mai Mai Mai [Chroma 2.0],Mai Mai Mai,Dr_Marc & Ge2toro,drmarc,2024-12-05T12:44:05.978175Z,2024-12-05T12:43:48.879250Z,2025-11-15T22:48:18.152297Z,2025-11-15T22:48:14.454162Z,1,,1,0,None,145.0,230,0
397f4485345e33cc0ca1212425c19274ec855740,282,(One Saber) Prototyperaptor - Awe,Awe (One Saber),Rustic,rustic,2018-05-27T21:05:59Z,2018-05-27T21:05:59Z,2018-05-27T21:05:59Z,2018-05-27T21:05:59Z,1,2018-05-27T21:05:59Z,1,1,None,128.0,234,0
39a1ea8e809934f5699d894cc434671911a28f69,41eff,ICHILLIN' - Official,Official,Jonas_0_0,Jonas,2024-11-26T22:04:40.429121Z,2024-11-26T22:03:40.438092Z,2025-09-22T03:18:27.346576Z,2025-09-22T03:18:13.622517Z,1,2024-11-28T23:21:23.965798Z,1,0,None,128.0,189,0
39bad59376d78d5e6c81c03d5d116ca1aa2d2ff8,20ec9,Camellia - Mysta Megamix,Mysta Megamix,Rusty & Bitz,Rusty,2022-01-30T23:59:42.437190Z,2022-01-30T23:59:25.980117Z,2022-07-09T01:19:25.969309Z,2022-07-09T01:19:13.836576Z,1,2022-01-30T23:59:42.437190Z,1,1,None,210.0,131,0
39c57a98472e376ada8f8573c5f4fb4ab5af51d9,19357,GIMME DA BLOOD[R],GIMME DA BLOOD,Narwhal & Alice,Narwall,2021-06-16T19:52:41.736Z,2021-06-16T19:52:41.736Z,2021-09-09T21:47:46.124192Z,2021-09-09T21:46:50.332232Z,1,2021-06-16T19:52:41.736Z,1,1,None,220.0,134,0
39ea1c7f8ecf7f927e2acd072378bc08c94f230a,1694f,Ringed Genesis [90°/360°][R],Ringed Genesis,That_Narwhal,Narwall,2021-04-12T01:36:21.489Z,2021-04-12T01:36:21.489Z,2021-04-12T01:36:21.489Z,2021-04-12T01:36:21.489Z,1,2021-04-12T01:36:21.489Z,1,1,None,160.0,136,0
3a1c8898db89cc5882078f0bb4fa7f249febaad1,1af89,Meghan Trainor - Dear Future Husband,Dear Future Husband,GianniKoch,GianniKoch,2021-08-06T17:36:00.334903Z,2021-08-06T17:36:00.334903Z,2021-12-02T19:09:17.859244Z,2021-12-02T19:08:43.684067Z,1,2021-08-06T17:36:00.334903Z,1,1,None,159.0,186,0
3a25265c95c1a45370b363ae6a4fe1cf51d16ee7,4ad7e,Raised by Bats - Aurelio Voltaire [Chroma+],Raised by Bats,Craedien,Craedien,2025-10-01T13:34:26.981336Z,2025-10-01T13:23:02.432187Z,2026-07-25T07:39:56.947995Z,2026-07-25T07:38:49.953012Z,1,2025-10-08T07:22:49.170442Z,1,0,None,105.0,213,0
3a2c0e02d4a1d14d59bfdb1a54e15cf38fcbea86,24edc,ENVY BABY,ENVY BABY,Semdol,Semdol,2022-04-26T19:37:30.121854Z,2022-04-26T19:36:06.911029Z,2022-04-26T19:37:30.121854Z,2022-04-26T19:36:06.911029Z,1,2022-05-30T20:51:03.167013Z,1,0,None,171.0,136,0
3adb7906d8c63b89a62d279fb02fe0af5e8fb9a2,16a6c,[Ranked]fallen shepherd [ft. RabbiTon Strings] - ENDYMION (long edit),ENDYMION,Soba`s & Artjoms,Sobas,2021-04-14T00:26:00.109Z,2021-04-14T00:26:00.109Z,2021-04-14T00:26:00.109Z,2021-04-14T00:26:00.109Z,1,,1,1,None,220.0,261,0
3b2005183b2ac76c2a65f34540ebb6fd293ddb38,1fb19,[RANKED] USAO - Blows Up Everything,Blows Up Everything,Irish,Zana,2022-01-05T07:37:33.699587Z,2022-01-05T07:37:14.653620Z,2023-01-19T19:07:06.237403Z,2023-01-19T19:06:42.072180Z,1,,1,1,None,215.0,138,0
3b439c16dfc546edc6b41a07b0dd33908986a087,9978,goreshit - toromi hearts 2 (Short Ver.),toromi hearts 2,Souk & fraies,Soukky,2020-04-11T01:08:22.284Z,2020-04-11T01:08:22.284Z,2020-04-11T01:08:22.284Z,2020-04-11T01:08:22.284Z,1,,1,1,None,219.0,152,0
3b71d6726171cede9756482ca027463a7a6d7164,10cf6,[RANKED] Yunomi - Miracle Sugar Land (feat. Momobako),Miracle Sugar Land,ItsVasili,Vasilidesu,2020-11-10T18:06:33.446Z,2020-11-10T18:06:33.446Z,2020-11-10T18:06:33.446Z,2020-11-10T18:06:33.446Z,1,,1,1,None,160.0,189,0
3bbdb41216a9a39f61502fd17d473f5a2012209b,188b1,Pendulum – Come Alive [Chroma],Come Alive,Fatalution,fatalution,2021-05-30T12:33:24.150Z,2021-05-30T12:33:24.150Z,2021-05-30T12:33:24.150Z,2021-05-30T12:33:24.150Z,1,2021-05-30T12:33:24.150Z,1,1,None,206.0,235,0
3bee5a9667080fdef8827c62b4227a698aacbf5e,1ace8,Kobaryo - Villain Virus [feat. Camellia],Villain Virus,cerret & muffn,cerret,2021-07-31T19:31:11.658Z,2021-07-31T19:31:11.658Z,2021-07-31T19:31:11.658Z,2021-07-31T19:31:11.658Z,1,,1,1,None,260.0,269,0
3c343632e166895da887d29172b161a1cff62e71,44178,[BL RANKED] Chroma - Higher Than the Sky,Higher Than the Sky,GalaxyMaster,GalaxyMaster,2025-02-08T09:53:03.204136Z,2025-02-08T09:49:49.046505Z,2025-05-08T13:47:32.044456Z,2025-05-08T13:46:31.851955Z,1,2025-05-10T06:28:42.754196Z,1,0,None,200.0,303,0
3c37d1264fc2754051b4045ac84909cdf0703d62,f532,Yooh - Tribal Trial,Tribal Trial,CoolingCloset & Nolanimations,CoolingCloset,2020-09-29T10:48:33.816Z,2020-09-29T10:48:33.816Z,2022-01-12T13:44:59.152742Z,2022-01-12T13:44:52.182819Z,1,2022-05-14T21:57:13.492162Z,1,1,None,165.0,118,0
3c425c93a76fee7d9edcfd0ab7b6ee6fb241a48d,16960,Beethoven - Moonlight Sonata 3rd Movement (meganeko remix),Moonlight Sonata 3rd Movement,J1K,Jevk,2021-04-12T07:18:51.274Z,2021-04-12T07:18:51.274Z,2021-04-12T07:18:51.274Z,2021-04-12T07:18:51.274Z,1,,1,1,None,155.0,250,0
3c45bae25da6d11b993d06885ffc45596383b1dc,3e0de,Kobaryo & Matatabi Sound System + DJ NECOJITA + Shinonome I/F + blaxervant - fun TIME,fun TIME,Xarope93,Xarope93,2024-06-30T18:23:47.637920Z,2024-06-30T18:08:59.422417Z,2024-09-15T00:30:32.333835Z,2024-09-15T00:24:29.369908Z,1,2024-08-11T19:41:22.838751Z,1,0,None,208.0,182,0
3cf0a7b39941554f35cf2d48e2d7261b589211c4,18870,[RANKED!] CMTEN - NEVER MET!,NEVER MET!,Fvrwvrd,fvrwvrd,2021-05-29T21:19:55.581Z,2021-05-29T21:19:55.581Z,2021-05-29T21:19:55.581Z,2021-05-29T21:19:55.581Z,1,,1,1,None,160.0,147,0
3d2173dfcfb9bec97e13db574e15ae6d33c8ff76,37e81,[BeatLeader Ranked] TeraVolt - Katali,TeraVolt,BlAck_vOid-1001,BlAck_vOid-1001,2023-12-11T00:39:53.220123Z,2023-12-11T00:39:38.816095Z,2024-01-31T21:49:31.078085Z,2024-01-31T21:49:05.459299Z,1,,1,0,None,154.0,145,0
3d2ec5fc9568c5fe748552c9634b85b87839c361,3be79,[BL RANKED] ericdoa - arm and a leg,arm and a leg,Parapass,para,2024-04-19T02:51:09.903521Z,2024-04-19T02:49:11.148570Z,2024-11-29T07:22:09.371038Z,2024-11-29T07:22:04.653646Z,1,2025-01-19T14:41:27.507483Z,1,0,None,140.0,143,0
3d3fa076fb3d04d4633380f80c6022202116b69c,1496b,"Kobaryo - Invisible Frenzy (Camellia's ""593: Insanely Fluctuated"" Remix)",Invisible Frenzy,Denyah & Astrella,astrella_,2021-02-25T07:51:29.417Z,2021-02-25T07:51:29.417Z,2021-02-25T07:51:29.417Z,2021-02-25T07:51:29.417Z,1,,1,1,None,296.5,295,0
3d4a54e79965d0f7e4d120f4863f08d460345683,452f4,VIVIDVELOCITY,VIVIDVELOCITY,Cratornugget,Cratornugget,2025-03-12T23:24:57.622307Z,2025-03-12T23:24:37.562313Z,2025-05-08T18:51:51.445714Z,2025-05-08T18:51:41.963487Z,1,,1,1,None,256.0,132,0
3d7fb0986f9e748b4726f0666a03743670842764,7bc7,[Ranked] Chroma - Nijiiro no Hana,Nijiiro no Hana,shrado,shrado,2020-01-03T04:47:25.160Z,2020-01-03T04:47:25.160Z,2020-01-03T04:47:25.160Z,2020-01-03T04:47:25.160Z,1,,1,1,None,152.0,234,0
3d8ebd36af5e6957154b1fb1553f6155157ff05f,e718,"Camellia - Blastix Riotz (""Fullblast"" Long ver.)",Blastix Riotz,cerret,cerret,2020-09-10T01:23:11.137Z,2020-09-10T01:23:11.137Z,2020-09-10T01:23:11.137Z,2020-09-10T01:23:11.137Z,1,,1,1,None,256.0,274,0
3d8fa87644f593218a74886988b17be56bad6345,1d7c,V for EXTREME - dj TAKA,V for EXTREME,Zeekin,zeekin,2018-11-02T00:08:55Z,2018-11-02T00:08:55Z,2018-11-02T00:08:55Z,2018-11-02T00:08:55Z,1,,1,1,None,300.0,105,0
3d9a11455975c9af0d22738dfee861dfb33a1454,2b0aa,Aekhloria - The Dark Field,The Dark Field,Helloiamdaan,helloimdaan,2022-10-16T17:00:22.571136Z,2022-10-16T17:00:17.334745Z,2022-10-16T17:33:01.607843Z,2022-10-16T17:30:08.921383Z,1,,1,0,None,310.0,196,0
3dc717e1b6ac8efbd709d021665774b4d3b08430,72ef,Yuyoyuppe - Hidamari no Uta,Hidamari no Uta,carrot & Loloppe,carrot090,2019-12-01T00:42:30.141Z,2019-12-01T00:42:30.141Z,2019-12-01T00:42:30.141Z,2019-12-01T00:42:30.141Z,1,,1,1,None,136.0,332,0
3dd546694b054204db4c6c7979354aeb3b3eef9a,3db71,[BL RANKED] Teminite & Boom Kitty - The Master,The Master,"Galaxy as ""The Master""",GalaxyMaster,2024-06-17T22:49:30.286851Z,2024-06-17T21:35:06.900117Z,2024-07-02T12:25:00.493142Z,2024-07-02T12:23:58.252074Z,1,2024-06-18T07:49:51.258323Z,1,0,None,135.0,192,0
3de250c9d343f2638128285f0b1bb7cb175af8a7,355d3,ConcernedApe - Night Market,Night Market,UglyApe,UglyApe,2023-09-02T09:48:17.665739Z,2023-09-02T09:47:32.382389Z,2023-11-17T18:20:04.784879Z,2023-11-17T18:19:41.895108Z,1,,1,0,None,140.0,131,0
3de687620b5722a9aa411ac6592d80e79537755b,12bd2,RoughSketch - 666,666,cerret,cerret,2021-01-15T00:00:23.551Z,2021-01-15T00:00:23.551Z,2021-01-15T00:00:23.551Z,2021-01-15T00:00:23.551Z,1,,1,1,None,333.0,121,0
3dedf5840d5438920d9105315d44fd35625f5bcd,1460,Avalanche - Memme,Avalanche,Zorowo,zorowo,2018-09-09T19:31:54Z,2018-09-09T19:31:54Z,2018-09-09T19:31:54Z,2018-09-09T19:31:54Z,1,,1,1,None,175.0,121,0
3df1614a21f1927ad0807cfbcf2c0e725c6c2907,1df68,"astrid - glaive (nolanLMOA's ""Balls n' Bass"" Bootleg)",Astrid,Spledgey & Emilia,spledgey,2021-11-14T20:51:42.193444Z,2021-11-14T20:50:34.150375Z,2021-11-14T20:51:42.193444Z,2021-11-14T20:50:34.150375Z,1,,1,0,None,190.0,124,0
3dfa74e6620b5a392b70e05d16a0a0e81b321bd9,3bed8,The Promise of an Azure Sky(碧空の約束),The Promise of an Azure Sky,Huanqiu&wangyufy,Huanqiu,2024-04-20T03:15:55.162002Z,2024-04-20T03:13:40.537100Z,2024-06-28T06:35:56.486862Z,2024-06-28T06:35:50.965703Z,1,,1,0,None,188.0,123,0
3e3393951868d53e21f65b439b1f8ad94e9e1e1f,29d32,[RANKED] KASAI HARCORES - Trinity Homerun,Trinity Homerun,"Tseska, Irish & Joshabi",Zana,2022-09-12T03:14:55.145223Z,2022-09-12T03:14:31.026948Z,2023-02-17T04:34:59.988018Z,2023-02-17T04:34:40.236290Z,1,2022-09-12T21:29:30.637702Z,1,1,None,175.0,254,0
3e6717bb70dc6c2f815c3b17079e121e995636ca,2c4de,Maroon 5 - Maps ,Maps,Rail Zen,railzen,2022-11-23T20:33:48.098632Z,2022-11-23T20:33:34.117871Z,2022-11-23T21:30:54.922417Z,2022-11-23T21:30:13.570974Z,1,2022-11-27T02:00:57.280597Z,1,0,None,120.0,192,0
3e6c073b44feaa26d06699d0ee7f24524e62aef5,19686,[RANKED] Infant Annihilator - The Kingdom Sitteth Lonely Beneath Thine Hollowed Heavens,The Kingdom Sitteth Lonely Beneath Thine Hollowed Heavens,Fnyt,Fnyt,2021-06-21T15:46:57.621Z,2021-06-21T15:46:57.621Z,2022-05-04T21:55:05.542561Z,2022-05-04T21:54:42.880343Z,1,2022-05-10T17:45:54.175827Z,1,1,None,280.0,429,0
3e71158d17e9c257e3db69f98f7c1237d9c1b8d4,c24b,Es Isso - Habstrakt & Asdek,Es Isso,xScaramouche & JohnnyDee,JohnnyDee,2020-07-17T23:05:16.447Z,2020-07-17T23:05:16.447Z,2020-07-17T23:05:16.447Z,2020-07-17T23:05:16.447Z,1,,1,1,None,126.0,184,0
3e86daf870fb28706c91df792272066f3f396a2f,e7ca,"[NoodleGames Vol.2] Exciter - Xavier ""mv"" Dang",Exciter,Skeelie,Skeelie,2020-09-10T19:09:49.786Z,2020-09-10T19:09:49.786Z,2020-09-10T19:09:49.786Z,2020-09-10T19:09:49.786Z,1,2020-09-10T19:09:49.786Z,1,1,None,140.0,158,0
3e8fa1493215a51cfc248c85f658c0528c0e13cf,1ff88,"Camellia - ANOMALY (Camellia's ""MUTATION"" Schranz Remix)",ANOMALY,Night Xrose vs. Day Xrose,nightxrose,2022-01-11T07:07:03.676159Z,2022-01-11T06:48:29.203861Z,2022-09-12T05:41:30.532331Z,2022-09-12T05:38:31.871539Z,1,,1,0,None,165.0,299,0
3ea5e571c93aef0564446d28cba1d6c205da0642,35a61,"(BL Ranked) cosMo@bousouP - Lapin Beast (feat. Hatsune Miku, GUMI)",Lapin Beast,Alpha Cancri,AlphaCancri,2023-09-14T18:09:49.310092Z,2023-09-14T18:09:37.727442Z,2023-10-10T21:58:19.923190Z,2023-10-10T21:58:16.126760Z,1,,1,0,None,257.0,228,0
3eb725a7d0343654527475369ae950a6ab8154f7,220f2,LeKtriQue & Seek N Destroy - Atomic (VIP),Atomic,A Jhintleman & GojiCrafter,a-jhintleman,2022-02-21T20:40:09.467135Z,2022-02-21T20:39:45.381484Z,2022-07-31T22:11:18.825989Z,2022-07-31T22:11:10.852182Z,1,2022-02-21T21:13:55.738253Z,1,1,None,130.0,254,0
3ec20ea3672db7bb738680b9de1e2f0080d0a811,195a6,"[RANKED] Tanger - Westpoolchestershireshire (feat. Denyah, Thatlittlebirb, L_, Cucco, Olafstad, Celeste & Spyrox)",Westpoolchestershireshire,ItsVasili & Olaf,Vasilidesu,2021-06-20T07:54:03.167Z,2021-06-20T07:54:03.167Z,2021-06-20T07:54:03.167Z,2021-06-20T07:54:03.167Z,1,,1,1,None,180.0,190,0
3ed159a3439f52a1cba7de0e40fabfd9dc37bbda,256,Approaching Nirvana - Rainbow Notes,Rainbow Notes,Rustic,rustic,2018-05-26T19:00:17Z,2018-05-26T19:00:17Z,2018-05-26T19:00:17Z,2018-05-26T19:00:17Z,1,2018-05-26T19:00:17Z,1,1,None,128.0,207,0
3ef771dd89ca8292dc8568078a059a8e38ef55eb,244eb,Aether Realm - The Magician,The Magician,shrado & cerret,shrado,2022-04-12T22:26:11.457312Z,2022-04-12T22:26:05.056817Z,2022-07-10T08:29:16.058801Z,2022-07-10T08:29:10.977881Z,1,2022-05-14T15:17:00.007515Z,1,1,None,200.0,372,0
3f567bc5cc7ada8c9b5bc1436960c65c92355972,2c888,Camellia - Splatter Party (Feat. Hatsune Miku) [Xena Galia Cover || XH / KYURO3 Remix],Splatter Party,Anammelech & Otricity,anzu7,2022-12-01T04:20:16.752081Z,2022-12-01T04:19:33.075534Z,2023-03-30T21:29:34.966568Z,2023-03-30T21:29:28.473535Z,1,2023-04-02T18:42:02.089551Z,1,0,None,216.0,278,0
3f729ee74db0d1f3807524c99a5d81c0ef81d800,5d9f,Freezer - Dreamin' Tonight (ft. Kiichigo),Dreamin' Tonight,Yun0,yun0,2019-08-17T21:14:06.474Z,2019-08-17T21:14:06.474Z,2019-08-17T21:14:06.474Z,2019-08-17T21:14:06.474Z,1,,1,1,None,128.0,204,0
3f8037725b321b4962d3084085862eae3e3aea19,1ee25,Ori and the Blind Forest - The Waters Cleansed,Ori and the Blind Forest - The Waters Cleansed,Sp234,Sp234,2021-12-14T12:20:55.498246Z,2021-12-14T12:20:09.363922Z,2021-12-14T12:20:55.498246Z,2021-12-14T12:20:09.363922Z,1,2021-12-14T12:20:55.498246Z,1,0,None,160.0,121,0
3f97c2436882538c7b482e87a5e97b9f14edcb69,a066,uma vs Morimori Atsushi - FIRST:DREAMS,FIRST:DREAMS,muffn & altrewin,muffn,2020-04-29T19:47:10.202Z,2020-04-29T19:47:10.202Z,2020-04-29T19:47:10.202Z,2020-04-29T19:47:10.202Z,1,,1,1,None,300.0,119,0
3f9fc40da181ed1adbd7bff06e21d891d8a6bfb2,bd1d,Porter Robinson & Madeon - Shelter (Pure 100% Remix),Shelter,muffn & SpiritusNoctis,muffn,2020-07-10T19:50:44.873Z,2020-07-10T19:50:44.873Z,2020-07-10T19:50:44.873Z,2020-07-10T19:50:44.873Z,1,2020-07-10T19:50:44.873Z,1,1,None,100.0,414,0
3fb5c8cc39dfee210530c02fdc2eb55b9179209c,4038,Zettai Tokken Shuchou Shimasu! Hoshi Syoko Solo Remix,Zettai Tokken Shuchou Shimasu! Hoshi Syoko Solo Remix,Aithke,aithke,2019-03-24T03:21:34Z,2019-03-24T03:21:34Z,2019-03-24T03:21:34Z,2019-03-24T03:21:34Z,1,,1,1,None,200.0,197,0
3fc0a7f2599576bc9e1bae6b951c712b35a617eb,31cb1,[TMM Pack] AJR - The Dumb Song [V3],The Dumb Song,"Lekrkoekj, Tpenny68, Scorefam",Lekrkoekj,2023-04-23T13:33:10.540779Z,2023-04-23T09:10:47.557784Z,2023-08-21T16:57:51.524207Z,2023-08-21T16:57:21.481934Z,1,2023-04-27T06:15:07.720711Z,1,0,None,171.0,228,0
3ffa62bd196370d7cd0ad9817efb11d5633706d9,a544,Kobaryo - G4M3-0V3R (m1dy Remix),G4M3-0V3R,shrado & abcbadq,shrado,2020-05-11T18:56:50.975Z,2020-05-11T18:56:50.975Z,2020-05-11T18:56:50.975Z,2020-05-11T18:56:50.975Z,1,,1,1,None,222.0,134,0
403fe120b764a47a4a129f45a27541f4b00dce90,18d3e,"M2U as ""ReX"" - Heart of Witch [DEEMO Arr.]",Heart of Witch,Uninstaller,uninstaller,2021-06-05T22:01:25.781Z,2021-06-05T22:01:25.781Z,2021-06-05T22:01:25.781Z,2021-06-05T22:01:25.781Z,1,,1,1,None,170.0,92,0
4050a8a9df4b7b895a63a23f1caf61232d9601ef,13865,Cesqueax & Wuki - Old School Sound,Old School Sound,Checkthepan,checkthepan,2021-02-02T21:02:49.208Z,2021-02-02T21:02:49.208Z,2021-02-02T21:02:49.208Z,2021-02-02T21:02:49.208Z,1,,1,1,None,150.0,176,0
40c3782bfcfebdac374203b6410092002c1c9ec5,3f829,Extratongue,Extratongue,Cratornugget,Cratornugget,2024-08-15T20:38:14.118780Z,2024-08-15T20:37:44.368367Z,2025-01-03T18:43:47.426866Z,2025-01-03T18:43:14.276078Z,1,,1,0,None,500.0,112,0
40d956a3cf8aea0fa87871791e449a8f4874176c,8bc,Pendulum - Blood Sugar (Knife Party Remix),Blood Sugar,Rustic,rustic,2018-07-09T19:43:21Z,2018-07-09T19:43:21Z,2018-07-09T19:43:21Z,2018-07-09T19:43:21Z,1,2018-07-09T19:43:21Z,1,1,None,128.0,244,0
41081669b6062d0d0a378fe023256720bbb91c26,22971,[RANKED] Camellia - FLYING OUT TO THE SKY,FLYING OUT TO THE SKY,Spicy Baguette,spicybaguette,2022-03-05T08:57:31.284805Z,2022-03-05T08:56:30.907575Z,2022-07-12T08:20:19.714158Z,2022-07-12T08:19:34.755210Z,1,,1,1,None,244.0,269,0
417e413d6227f556bbfc3a6b73c32cfb11afe9e7,197ba,Spin Eternally - Camellia,Spin Eternally,fraies & Narwhal,fraies,2021-06-23T22:35:36.686Z,2021-06-23T22:35:36.686Z,2021-06-23T22:35:36.686Z,2021-08-09T18:26:12.516124Z,1,,1,1,None,222.0,228,0
417f22a92dc4efb0750a4ea538e45eaf50ce628b,3893a,2WEI - Hit the Road Jack (Official Epic Cover),Hit The Road Jack,AlephCubed,AlephCubed,2024-01-04T17:47:55.836481Z,2024-01-04T17:36:10.433175Z,2024-01-12T00:29:24.166842Z,2024-01-12T00:29:07.323683Z,1,,1,0,None,140.0,211,0
41c21a4c326d3b427dc68509921a4cb6c0f4b3ca,2789,Quo Vadis - M2U,Quo Vadis,squeaksies,squeaksies,2018-12-23T08:26:17Z,2018-12-23T08:26:17Z,2018-12-23T08:26:17Z,2018-12-23T08:26:17Z,1,,1,1,None,160.0,146,0
41d7c7b621d397db0723b55f75ab2ef6be1891e8,ca40,Kings & Queens - Ava Max,Kings & Queens,Edmard,edmard,2020-07-29T22:38:29.144Z,2020-07-29T22:38:29.144Z,2020-07-29T22:38:29.144Z,2020-07-29T22:38:29.144Z,1,,1,1,None,130.0,162,0
41f8405baf966d111fb3d357dded382eb91030a3,36a10,LeaF - Queen Aluett,Queen Aluett,Anammelech,anzu7,2023-10-22T17:58:16.762093Z,2023-10-22T17:58:13.306503Z,2023-11-01T00:38:30.861773Z,2023-11-01T00:37:46.041234Z,1,2023-10-24T19:43:07.849140Z,1,0,None,212.0,152,0
41fc762b67bb5215ed2aa7fba0a13ca78662fab2,b97b,Toby Fox - Uwa!! So Temperate // UNDERTALE SOUNDTRACK,Uwa!! So Temperate,Xhera,Xhera,2020-07-04T19:33:04.947Z,2020-07-04T19:33:04.947Z,2020-07-04T19:33:04.947Z,2020-07-04T19:33:04.947Z,1,,1,1,None,140.0,58,0
426a3ddba5e1e1d4a6afa5ae6dc6df54b75c562c,1b984,[SS/BL RANKED] [Soup Cartel] Villy - Crimson Night (Gardens Remix),Crimson Night,"GalaxyMaster, Mr. Mrow & 3Stans",GalaxyMaster,2021-08-25T12:46:10.757Z,2021-08-25T12:39:50.804075Z,2022-01-03T17:16:17.730683Z,2022-01-03T17:16:01.531184Z,1,,1,1,None,215.0,76,0
428d6d5ec1a8888857886e7b4161815d4193f798,32bbd,The Correspondents - Fear & Delight,Fear & Delight,BrightKnight,brightknight,2023-05-30T02:22:18.760410Z,2023-05-30T02:22:03.099683Z,2023-07-07T23:26:21.398249Z,2023-07-07T23:25:44.280085Z,1,2023-06-01T00:01:08.688589Z,1,0,None,102.0,193,0
429ff959e81100e5afaf2019c921ef5218634bc6,2b571,Vickeblanka - Black Rover (TV Size),Black Rover,Aquaflee,Aquaflee,2022-10-25T22:56:27.939497Z,2022-10-25T22:56:22.691497Z,2022-10-25T22:56:27.939497Z,2022-10-25T22:56:22.691497Z,1,,1,0,None,204.04,90,0
42c10857af7e114c71a1b9f598e8462ba07c3dc1,11c74,[Ranked] Hachi ft. GUMI - DONUT HOLE,DONUT HOLE,Kizuflux & Uninstaller,kizuflux,2020-12-20T14:40:58.363Z,2020-12-20T14:40:58.363Z,2020-12-20T14:40:58.363Z,2020-12-20T14:40:58.363Z,1,,1,1,None,252.0,205,0
42c4a0d1a902f2c279b98e78eaa88366fc4dcd41,18f49,Get Busy Spongebob - Spongebob Squarewave,Get Busy Spongebob,Bitz & Luackci,Bitz,2021-06-08T19:42:42.770Z,2021-06-08T19:42:42.770Z,2021-06-08T19:42:42.770Z,2021-06-08T19:42:42.770Z,1,2022-03-14T17:08:27.058334Z,1,1,None,200.0,291,0
42f218850e16f24cbccb94def959889f9ab4663c,20359,The 90's Decision - MYUKKE.,The 90's Decision,That_Narwhal,Narwall,2022-01-16T02:22:14.781724Z,2022-01-16T02:21:59.401061Z,2022-03-16T21:03:00.700755Z,2022-03-16T21:02:51.917647Z,1,2022-01-16T02:22:14.781724Z,1,1,None,128.0,133,0
4310f1b1d5ae5344f6ccd0ab31b892df166f6c1a,1bdd,SakiZ - osu!memories,osu!memories,Various Mappers,Psyc0,2018-10-24T02:08:36Z,2018-10-24T02:08:36Z,2018-10-24T02:08:36Z,2018-10-24T02:08:36Z,1,,1,1,None,180.0,471,0
4329ffddedf37efa45006faeffc480d41525334d,12bdc,Monochrome Butterfly,Monochrome Butterfly,muffn,muffn,2021-01-15T00:24:55.003Z,2021-01-15T00:24:55.003Z,2021-01-15T00:24:55.003Z,2021-01-15T00:24:55.003Z,1,,1,1,None,175.0,91,0
43304202ec7681e52b4026313c7ab9099be2890d,2576d,"RoughSketch - 666 (Nanodesu's Elect""6"" Swing Remix)",666,Bitz & Luck,Bitz,2022-05-10T22:20:43.305271Z,2022-05-10T22:19:42.035141Z,2022-07-22T15:58:03.088728Z,2022-07-22T15:57:37.943669Z,1,2022-05-30T03:17:24.887653Z,1,1,None,250.0,159,0
435f2461aa0f4347d55944f2ffe39f9a68d6d030,17914,Infant Annihilator - Feast Ov Goreglutton || CS Level 3,Feast Ov Goreglutton,Emilia,Emilia,2021-05-05T16:35:40.280Z,2021-05-05T16:35:40.280Z,2022-04-26T00:07:55.601523Z,2021-05-05T16:35:40.280Z,1,,1,1,None,350.0,146,0
43af6a337098e2565b598676332921c4062c072d,33613,May (Qumu Remix),May,yabje,yabje,2023-06-23T14:35:27.833847Z,2023-06-23T14:35:22.428608Z,2023-06-30T08:31:30.969062Z,2023-06-23T14:35:22.428608Z,1,2023-07-04T06:21:36.441858Z,1,0,None,130.0,133,0
43b8c6ae3128c2060b38905662c85e0884bb98e2,c643,Digital Girl - KIRA,Digital Girl,Skeelie,Skeelie,2020-07-23T10:18:24.127Z,2020-07-23T10:18:24.127Z,2020-07-23T10:18:24.127Z,2020-07-23T10:18:24.127Z,1,2020-07-23T10:18:24.127Z,1,1,None,103.0,184,0
444548e1720dcc46523683f26e46ed1dcd72a707,2cc5d,Rejection feat. such - Signal (7_7 bootleg),Signal (7_7 bootleg),Hener,Hener,2022-12-07T20:04:41.552894Z,2022-12-07T20:03:55.194987Z,2022-12-07T20:04:41.552894Z,2022-12-07T20:03:55.194987Z,1,2022-12-08T04:48:44.285875Z,1,0,None,200.0,276,0
44fd0660296e5082a8448046657334b924c36c0d,416b4,Symholic - 永遠の約束と■◆■◆ (Towa no Yakusoku to Nanika),Towa no Yakusoku to Nanika,ZeCube,ZeCube,2024-11-05T11:00:01.204981Z,2024-11-04T22:03:26.893823Z,2025-08-14T17:20:25.898769Z,2025-08-14T17:20:15.218472Z,1,,1,0,None,151.0,141,0
450b2f57ebebb0893d3fd0a3b4b2db5221d0c102,44b4d,[Chroma+] STEAKA - Konpeito Extremists (feat. 夢ノ結唱 POPY),Konpeito Extremists,shrado & Voidless,Voidless,2025-04-02T05:59:16.791030Z,2025-02-25T23:39:31.092657Z,2025-10-10T21:55:11.078672Z,2025-10-10T21:54:31.580810Z,1,2025-04-08T16:43:22.364376Z,1,1,None,180.0,122,0
4529498dab9d920c1e7a3ba46507b677655b3ad7,16ac1,#Beat220DidNothingWrong ------- Kanaria - Envy Baby (Will Stetson Cover),Envy Baby,CoolingCloset & Nolanimations,CoolingCloset,2021-04-14T14:17:26.597Z,2021-04-14T14:17:26.597Z,2021-04-14T14:17:26.597Z,2021-04-14T14:17:26.597Z,1,2021-04-14T14:17:26.597Z,1,1,None,171.0,134,0
4563a954e597c9d4326f2ec2b618060cafd89a9c,43615,doodle - Zachz Winner,doodle,BurntSandwich,overcookedsandwich,2025-01-18T18:51:22.321460Z,2025-01-18T18:50:07.825184Z,2025-04-11T20:03:03.707943Z,2025-04-11T20:02:43.189400Z,1,2025-05-03T01:37:44.052631Z,1,0,None,160.0,79,0
45c07335607febdcdd9c4841b5b3c042f19df52d,2971b,[Chroma] Former Hero - cardinal,cardinal,Phøenix,Phoenix,2022-08-30T20:11:59.721699Z,2022-08-30T20:11:48.540321Z,2022-11-06T18:46:40.058008Z,2022-11-06T18:46:13.903484Z,1,2022-09-07T15:32:41.644605Z,1,0,None,185.0,273,0
45f9480a43ddea9ff338bf449ad9ead62f73eb52,16abf,Avicii - The Nights,The Nights,Nolanimations,Nolanimations,2021-04-14T13:27:38.617Z,2021-04-14T13:27:38.617Z,2021-04-14T13:27:38.617Z,2021-04-14T13:27:38.617Z,1,2021-04-14T13:27:38.617Z,1,1,None,126.0,178,0
4607e03d138dc86e38ae9b88c1cb3302556ab761,376de,[Ranked] Camellia - crystallized,crystallized,edgii,edgiiiiiiiii,2023-11-23T16:30:55.116815Z,2023-11-23T16:30:27.130712Z,2023-12-02T22:37:28.822075Z,2023-12-02T22:37:17.514068Z,1,,1,0,None,174.0,277,0
4636e2c0fbcc6c118edf6fde61ef07eaa87eeedf,17e55,[Ranked] ReeK - Yubi Breaker (From TANOCCA) [Level 3],Yubi Breaker,Jabob,Jabob,2021-05-14T20:11:54.214Z,2021-05-14T20:11:54.214Z,2021-05-14T20:11:54.214Z,2021-05-14T20:11:54.214Z,1,,1,1,None,190.0,145,0
463d142cff785702a3bfc7cd511ae84db2db68e8,7904,Kaneko Chiharu - iLLness LiLin,iLLness LiLin,Jez & Sab,jez,2019-12-24T03:29:23.789Z,2019-12-24T03:29:23.789Z,2019-12-24T03:29:23.789Z,2019-12-24T03:29:23.789Z,1,,1,1,None,280.0,122,0
466f8d90761609e11c16d43f99270bfd7128d21d,32604,Juggernaut. - Retaliation (VIP),Retaliation,Huh & Jojobanana,Huh,2023-05-14T20:14:48.664806Z,2023-05-14T19:56:05.228696Z,2023-06-26T18:24:00.757938Z,2023-06-26T18:22:51.470956Z,1,,1,0,None,200.0,197,0
468e2618a69bcc772cb2095c1cd843d7537d0f0c,d790,[Ranked]DJ genki vs Gram - Einherjar Joker,Einherjar Joker,Various Mappers,Sobas,2020-08-16T10:30:01.363Z,2020-08-16T10:30:01.363Z,2020-08-16T10:30:01.363Z,2020-08-16T10:30:01.363Z,1,,1,1,None,222.0,140,0
469bbcd0501e57c56684790014021ded4a509531,3ddf9,"F.HERO, Bodyslam & BABYMETAL - Leave It All Behind",Leave It All Behind,"eurnkung, NoteIIEvil",eurnkung,2024-06-23T15:59:40.946674Z,2024-06-23T15:53:43.202695Z,2024-06-29T17:19:37.166099Z,2024-06-29T17:19:00.729868Z,1,,1,0,None,142.0,250,0
46ce44063c0a98557cf2abd0afe9f565982e7065,3b341,5KiLOBYTE vs. Raphiiel - -Totsuka no Tsurugi-,-Totsuka no Tsurugi-,Anammelech & Excess10n,anzu7,2024-03-25T22:44:14.168004Z,2024-03-25T22:43:45.619307Z,2024-03-25T22:44:14.168004Z,2024-03-25T22:43:45.619307Z,1,,1,0,None,232.323,162,0
46dae11677d6191ed03ad61286a09b9070be7800,3442c,[BL RANKED] Kobaryo - Villain Virus [feat. Camellia],Villain Virus,GalaxyMaster & GojiCrafter,GalaxyMaster,2023-07-21T20:00:56.126789Z,2023-07-21T19:47:02.646860Z,2023-11-20T00:39:39.915575Z,2023-11-20T00:39:32.325416Z,1,2023-07-22T06:32:10.726084Z,1,0,None,260.0,269,0
46f2104ac01aa6f49d72e842a732200fda3a60c3,34bd4,Lucas Inutilismo - 5 minutes of Billie Eilish feat. Luana,5 minutes of Billie Eilish,Emilia,Emilia,2023-08-07T21:01:35.538014Z,2023-08-07T21:01:31.792248Z,2023-08-07T21:03:43.052837Z,2023-08-07T21:03:40.606429Z,1,,1,0,None,150.0,337,0
46f4eabd0991264d2fdeef575df90b2f47c7fad6,c5cd,Yorushika - Nautilus ノーチラス / ヨルシカ (星乃めあ),Nautilus,SmileEaglet,SmileEaglet,2020-07-22T21:15:42.760Z,2020-07-22T21:15:42.760Z,2020-07-22T21:15:42.760Z,2020-07-22T21:15:42.760Z,1,,1,1,None,160.0,239,0
4709ac195f880d2935cc546fb7ac40c6461e53d7,4d641,Juggernaut. - Interdixion,Interdixion,hwowhu & DiscoBaIIerz,DiscoBaIIerz,2025-12-30T15:16:42.084007Z,2025-12-30T15:13:28.900967Z,2026-03-14T15:42:24.390511Z,2026-03-14T15:42:12.495151Z,1,,1,0,None,260.0,140,0
471b5a6822576df5d2411d9d8bc86dca3c68436e,1a593,[Ranked] Igorrr & Ruby My Dear - Barbecue,Barbecue,Schwank & Jabob,Jabob,2021-07-17T06:09:48.370Z,2021-07-17T06:09:48.370Z,2021-10-08T18:30:44.004256Z,2021-10-08T18:30:25.933297Z,1,,1,1,None,200.0,226,0
471f3b4ad0ecf25db7f796ead977019d4711df17,39017,Rumble - [Guy Arthur Remix] | [Ranked],Rumble,Rain Jur,rain-jur,2024-01-18T00:51:09.142532Z,2024-01-18T00:50:58.762079Z,2024-05-25T18:47:26.909785Z,2024-05-25T18:47:00.206969Z,1,,1,0,None,145.0,210,0
4738ac40930bc9c5f435fb57ddb3d8fddebe58ea,b336,Ultra Vomit - Le Train Fantome,Le Train Fantome,Vilawes,vilawes,2020-06-16T18:08:03.526Z,2020-06-16T18:08:03.526Z,2020-06-16T18:08:03.526Z,2020-06-16T18:08:03.526Z,1,,1,1,None,192.0,103,0
4760c60cf143a1514da1baa87380d7d6ed15b107,4324e,Tanchiky vs. siromaru - Gravisphere Crisis,Gravisphere Crisis,shrado,shrado,2025-01-12T01:35:00.497388Z,2025-01-12T01:34:57.248895Z,2025-12-01T03:56:52.454316Z,2025-12-01T03:56:48.697138Z,1,,1,0,None,210.0,118,0
477363ebab4637a15fc3cafb9648de394ba3834e,10cf1,Igorrr - Very Noise,Very Noise,Checkthepan,checkthepan,2020-11-10T17:32:17.439Z,2020-11-10T17:32:17.439Z,2020-11-10T17:32:17.439Z,2020-11-10T17:32:17.439Z,1,,1,1,None,180.0,108,0
477fac9561e8931c7efaf49faa065611348f159d,14bd,Starship - We Built This City,We Built this City,"GreatYazer, Rustic, BennyDaBeast",rustic,2018-09-12T19:05:18Z,2018-09-12T19:05:18Z,2018-09-12T19:05:18Z,2018-09-12T19:05:18Z,1,2018-09-12T19:05:18Z,1,1,None,143.0,298,0
479037e38d3d631ea51139462a5333d76e4b810f,ec00,ReeK - Possesed By The Bloodmoon,Possesed By The Blood Moon,"DE125, Skeelie, Vilawes",straubreyyy,2020-09-16T03:23:11.130Z,2020-09-16T03:23:11.130Z,2020-09-16T03:23:11.130Z,2020-09-16T03:23:11.130Z,1,,1,1,None,210.0,259,0
47bcc7380af03bfbea6a3a46c71f8317cc332ee5,16b05,[Ranked] P*Light - Nirvana,Nirvana,abcbadq,abcbadq,2021-04-15T00:49:37.541Z,2021-04-15T00:49:37.541Z,2023-06-06T14:25:37.127897Z,2021-04-15T00:49:37.541Z,1,,1,1,None,300.0,259,0
47d574d2274c36b45a63a7b808bcf74b49a0a3ba,19854,[RANKED] glaive - astrid,astrid,nolan121405,nolan121405,2021-06-24T17:17:02.356Z,2021-06-24T17:17:02.356Z,2021-06-24T17:17:02.356Z,2021-06-24T17:17:02.356Z,1,2021-06-24T17:17:02.356Z,1,1,None,169.511,100,0
4867e299296a5b965edc4dcd930c07703b06b96e,2200,"Minazuki Airi with Atsushi - Daisuki, Evolution (Updated)","Daisuki, Evolution",Hexagonial,hexagonial,2018-11-24T21:02:25Z,2018-11-24T21:02:25Z,2018-11-24T21:02:25Z,2018-11-24T21:02:25Z,1,,1,1,None,250.0,103,0
487219d2a9b4694db8ba2a2affde87ba1415c733,1bfaa,Mr. Bill & Bandoum - Lotus,Lotus,Checkthepan,checkthepan,2021-09-06T14:32:54.941813Z,2021-09-06T14:32:48.984393Z,2022-01-03T12:37:12.642036Z,2022-01-03T12:36:58.112678Z,1,,1,1,None,160.0,144,0
48c1968a3a37307d61e90ac20ea8497821fb5a25,1374b,Imil - Evacuate The Moshpit,Evacuate The Moshpit,Emilia & Oddloop,Emilia,2021-01-31T21:24:48.508Z,2021-01-31T21:24:48.508Z,2022-04-26T00:08:43.489652Z,2021-01-31T21:24:48.508Z,1,,1,1,None,200.0,164,0
48c302770659065d1c6c91bd5de0e25e50e18ef8,1a778,Kizuna AI - AIAIAI (feat. Yasutaka Nakata),AIAIAI,Jevk,Jevk,2021-07-20T15:50:57.527Z,2021-07-20T15:50:57.527Z,2021-11-13T18:44:10.762056Z,2021-11-13T17:55:41.925230Z,1,,1,1,None,128.0,195,0
48ceba69bba928cc15ab2f091fa61f9a404d630a,214b7,Camellia - GHOST VS. GHOUL MASHUP,GHOST VS. GHOUL MASHUP,Nolanimations,Nolanimations,2022-02-06T20:24:56.271904Z,2022-02-06T20:24:41.902141Z,2022-02-06T20:24:56.271904Z,2022-02-06T20:24:41.902141Z,1,,1,0,None,230.0,298,0
48fc24e047d691088342a23c4f97e1fc3d0e3563,41d08,Yesod - Amenemhat,Amenemhat,AllPoland & Undeceiver,AllPoland,2024-11-21T21:52:08.855036Z,2024-11-21T19:34:50.445963Z,2024-12-18T21:27:55.836898Z,2024-12-18T21:26:03.217577Z,1,2024-11-26T22:45:23.673718Z,1,0,None,155.0,129,0
4919283d28dedc793d4e090f309b4662358e5984,13735,[RANKED] P*Light - SAtAN,SAtAN,"Sombra, Fnyt & Slamsyk",Fnyt,2021-01-31T20:35:21.123Z,2021-01-31T20:35:21.123Z,2021-01-31T20:35:21.123Z,2021-01-31T20:35:21.123Z,1,,1,1,None,300.0,122,0
49246d2574ca91c5134d51de8484581ab44ef07e,793,Jaroslav Beck - Hyper Drive,Hyper Drive,Rustic,rustic,2018-07-02T18:19:58Z,2018-07-02T18:19:58Z,2018-07-02T18:19:58Z,2018-07-02T18:19:58Z,1,2018-07-02T18:19:58Z,1,1,None,128.0,95,0
493fecef6e76fa4041ba3eec848b35a7524b98a9,3e542,SAMMY & LESEN - This is SPARTA !!!,This is SPARTA !!!,Hibiscus,Wynttter,2024-07-10T17:33:39.371975Z,2024-07-10T16:57:52.039606Z,2025-01-05T06:11:41.764233Z,2025-01-05T06:11:35.174423Z,1,,1,0,None,128.0,137,0
495e4fb9d9460900a0433e11ca8bdbd3bb8dd471,2a571,[Chroma] Toby Fox - ANOTHER HIM,ANOTHER HIM,Phøenix,Phoenix,2022-09-28T23:32:52.931876Z,2022-09-28T02:30:32.873176Z,2022-09-28T23:32:52.931876Z,2022-09-28T02:30:32.873176Z,1,,1,0,None,110.0,50,0
49635e84bd0518b5192b653af59922a5d2c97a3f,e170,Kobaryo - Paranoid Mirage,Paranoid Mirage,cerret,cerret,2020-08-31T21:45:59.571Z,2020-08-31T21:45:59.571Z,2020-08-31T21:45:59.571Z,2020-08-31T21:45:59.571Z,1,,1,1,None,260.0,212,0
4963752d07b806f9b0028d0015dc7e65bb74a1c8,7e8f,Quiet Water,Quiet Water,Whiisper,Whiisper,2020-01-15T04:26:13.372Z,2020-01-15T04:26:13.372Z,2020-01-15T04:26:13.372Z,2020-01-15T04:26:13.372Z,1,,1,1,None,60.0,32,0
4a213c80312185342418e0a9656d8768b59582cc,236f7,Games We Play - I Hope You're Happy,I Hope You're Happy,JRE_McNuggies,JRE_McNuggies,2022-03-24T23:56:37.795411Z,2022-03-24T23:53:19.052247Z,2022-03-24T23:56:37.795411Z,2022-03-24T23:53:19.052247Z,1,2022-04-07T02:57:46.495583Z,1,0,None,175.0,183,0
4a59e71417ada362cac8337ee54defc8281eef20,3c326,Kobaryo & Matatabi Sound System + DJ NECOJITA + Shinonome I/F + blaxervant - Leave it to Fate (HVS ver.),Leave it to Fate,DiscoBaIIerz,DiscoBaIIerz,2024-04-30T01:21:19.013845Z,2024-04-30T01:21:15.105239Z,2025-03-12T16:42:05.009221Z,2025-03-12T16:41:56.915434Z,1,,1,0,None,205.0,213,0
4a5a4707cf1afee2172986ba94d0196b1711b71c,8de1,Ringo Hiyori ~ The Wolf Whistling Song - ROCKY CHACK,Ringo Hiyori ~ The Wolf Whistling Song,Skeelie,Skeelie,2020-03-07T09:53:16.067Z,2020-03-07T09:53:16.067Z,2020-03-07T09:53:16.067Z,2020-03-07T09:53:16.067Z,1,,1,1,None,90.0,287,0
4a6ee299d15fe5a2e1fea295991dac1a89f4fd0f,132cb,Here We Go - M1dy,Here We Go,Astrella,astrella_,2021-01-25T23:42:08.734Z,2021-01-25T23:42:08.734Z,2021-01-25T23:42:08.734Z,2021-01-25T23:42:08.734Z,1,,1,1,None,200.0,187,0
4a716d59ab416d73461590d2f43d552ea4aa00f8,10f6b,[Ranked] Doja Cat - Say So (Short Version),Say So,Hoppaw,Hoppaw,2020-11-14T18:19:18.669Z,2020-11-14T18:19:18.669Z,2021-12-26T19:04:39.373856Z,2021-12-26T19:04:28.520121Z,1,2022-11-16T01:43:13.672713Z,1,1,None,111.0,117,0
4a7f6d5a815b218500bff129e5f80b966bcf8c16,1735b,ILLENIUM - Pray (feat. Kameron),Pray,Skeelie,Skeelie,2021-04-26T09:33:53.715Z,2021-04-26T09:33:53.715Z,2022-01-07T17:40:30.127023Z,2022-01-07T17:40:02.894890Z,1,2021-04-26T09:33:53.715Z,1,1,None,146.0,298,0
4a80557024487fc64f4901e108e93c7e298d4b6f,2df01,"[RANKED] Aether Realm - The Sun, The Moon, The Star","The Sun, The Moon, The Star",RetrX,RetrX,2023-01-09T01:46:51.363567Z,2023-01-09T01:45:38.149206Z,2023-07-30T07:04:23.180698Z,2023-07-30T07:04:06.482664Z,1,2023-03-03T16:21:58.660087Z,1,0,None,210.0,1152,0
4a9fd81f0e0d24ab42118fc7e8f722ead8a0b4a6,10a34,Better Not - Louis The Child Ft. Wafia,Better Not,Olaf,olaf,2020-11-06T02:11:11.196Z,2020-11-06T02:11:11.196Z,2020-11-06T02:11:11.196Z,2020-11-06T02:11:11.196Z,1,2020-11-06T02:11:11.196Z,1,1,None,114.0,223,0
4ac6f4ef8edb601e117f6944a575d43ded2e43ed,25922,Motionless In White - Slaughterhouse (ft. Bryan Garris),Slaughterhouse,Bytrius,Bytrius,2022-05-18T21:42:31.140526Z,2022-05-14T12:10:53.379845Z,2022-11-20T04:02:33.248556Z,2022-11-20T04:00:53.152369Z,1,2022-05-20T12:23:27.320638Z,1,0,None,150.0,265,0
4b2dccc87e2c492a12f037cbee7d212290c71c92,2171e,Kizuna AI - AIAIAI (feat. Yasutaka Nakata),AIAIAI,ItsVasili,Vasilidesu,2022-02-09T21:30:47.720775Z,2022-02-09T21:28:38.114813Z,2023-01-23T11:31:14.045737Z,2023-01-23T11:30:52.581624Z,1,2022-02-09T21:30:47.720775Z,1,0,None,128.0,195,0
4b449e118399723e0022efb0dfab5fe3dcba303a,3b838,yaseta -  Bluenation [Chroma 2.0] ,Bluenation,Dr_Marc,drmarc,2024-04-04T17:35:07.349104Z,2024-04-04T17:35:01.309656Z,2024-11-23T19:55:42.474983Z,2024-11-23T19:53:54.120563Z,1,,1,0,None,180.0,324,0
4b6672956a0b64fe7922f5df932077c716d27808,1f284,Pulsedriver & FSDW - Cambodia (Short Mix),Cambodia,Skeelie,Skeelie,2021-12-24T10:19:24.231766Z,2021-12-24T10:18:50.402211Z,2022-01-08T16:59:10.936048Z,2022-01-08T16:59:00.315131Z,1,,1,1,None,126.0,147,0
4b6c9ba4e391967427af8b17c2ac18b329748ed7,3898f,Massive Attack - The Spoils (ft. Hope Sandoval),The Spoils,Undeceiver,Undeceiver,2024-01-05T09:24:39.884232Z,2024-01-05T09:11:48.630586Z,2024-02-20T03:21:18.854141Z,2024-02-20T03:21:02.002551Z,1,2024-01-05T18:46:06.331111Z,1,0,None,71.286,347,0
4b7cd94d7e276e2bee9a8f3b848fd71a6bc29d51,3fad4,[RANKED] Emily Osment - Truth Or Dare (Nightcore Mix),Truth Or Dare,Slayx,Slayx,2024-08-22T16:04:44.683221Z,2024-08-22T12:15:55.138123Z,2025-01-09T15:52:58.682220Z,2025-01-09T15:47:11.990668Z,1,,1,1,None,160.89,158,0
4ba8b460a7f5a1c32cfb2ee728b8fa0773e40559,16b33,Last Kingdom - USAO,Last Kingdom,Uninstaller,uninstaller,2021-04-15T08:53:05.259Z,2021-04-15T08:53:05.259Z,2021-04-15T08:53:05.259Z,2021-04-15T08:53:05.259Z,1,,1,1,None,150.0,147,0
4bbdaa1004a00eeb9c8d9432640e1c7d490b46d9,1703f,Party People - Laur,Party People,Helloiamdaan & Nolanimations,helloimdaan,2021-04-22T12:28:56.751Z,2021-04-22T12:28:56.751Z,2021-04-22T12:28:56.751Z,2021-04-22T12:28:56.751Z,1,,1,1,None,350.0,186,0
4bce6da72ad5d299cf1e8f940975fcad73da1c7d,d90a,Jake Kaufman - Watch Me Dance!,Watch Me Dance!,SlimyBlob & Victonator,SlimyBlob,2020-08-18T16:44:19.347Z,2020-08-18T16:44:19.347Z,2020-08-18T16:44:19.347Z,2020-08-18T16:44:19.347Z,1,,1,1,None,171.417,72,0
4bdd28c4f2811dda4945b2f9556df5130931e0b3,253a1,Taylor Swift - I knew you were trouble,I Knew You Were Trouble,Joshabi,Joshabi,2022-05-04T18:12:09.696843Z,2022-05-04T17:51:45.321151Z,2022-05-04T18:12:09.696843Z,2022-05-04T17:51:45.321151Z,1,2022-05-04T18:36:15.260666Z,1,0,None,154.0,222,0
4c0fa506fe189f4cac1287fda39a7b0ff3298af4,297f1,Fox Stevenson - Get Through, Get Through,Davaayy,Davaayy,2022-09-01T15:23:57.490265Z,2022-09-01T15:16:07.842046Z,2022-09-01T15:23:57.490265Z,2022-09-01T15:16:07.842046Z,1,2022-09-05T17:52:28.227195Z,1,0,None,126.0,225,0
4c2a2ce240210d55042ff95a53d7b4d17afc5f17,1ee29,[QUEUE] A Towel in the Air,Towel in the Air,Tomerisnice,tomer,2021-12-14T14:17:44.324654Z,2021-12-14T14:17:30.838740Z,2022-02-16T15:57:21.555829Z,2022-02-16T15:56:59.191590Z,1,,1,1,None,150.0,177,0
4c66620b46f996723963da2938ae8faff79345fa,37eaa,[Chroma] Boom Kitty - Warzone,Warzone,Jevk,Jevk,2023-12-13T05:18:33.760066Z,2023-12-11T23:45:54.199140Z,2024-02-22T15:09:47.071946Z,2024-02-22T15:09:43.896287Z,1,,1,0,None,132.0,118,0
4ca473c021ea8ae3b6930d0bf05156a229543c7a,2b9a8,7_7 - Nyahaha ^~ [FOR RANK],Nyahaha ^~,Hener,Hener,2022-11-03T01:05:48.865143Z,2022-11-03T01:05:45.533215Z,2023-01-17T23:11:13.177810Z,2023-01-17T23:11:05.345882Z,1,,1,0,None,174.0,129,0
4cac1a9396b70d91ad8e803a58e4363c35acaf50,2ee2d,aldn - fall at the same time,fall at the same time,GojiCrafter & GalaxyMaster,GojiCrafter,2023-02-01T18:50:00.979409Z,2023-02-01T02:35:13.332317Z,2023-06-23T13:39:42.196043Z,2023-06-23T13:39:37.870368Z,1,2023-02-01T19:50:17.268036Z,1,0,None,135.0,145,0
4d03502003602e8e8f0d9f8c84a3e70da0c389f6,27be6,[RANKED] MOB CHOIR - 99.9 (Schwank bootleg),99.9,Spoekle & yabje,Spoekle,2022-07-13T11:03:18.616337Z,2022-07-13T10:57:42.845771Z,2022-11-04T16:00:32.595518Z,2022-11-04T15:59:48.340282Z,1,,1,1,None,250.0,127,0
4d2559d4be335632ae12bd53360297c6d2d58a90,243b,Lifelight [Smash Bros Map Pack],Lifelight,Edzo & Todokete,todokete,2018-12-07T00:16:02Z,2018-12-07T00:16:02Z,2018-12-07T00:16:02Z,2018-12-07T00:16:02Z,1,,1,1,None,132.03003,230,0
4d29d911d8db88784d0960fd11b3ce7536f83882,1adae,Within Destruction - D E A T H W I S H (feat. Duncan Bentley of Vulvodynia),D E A T H W I S H,Helloiamdaan,helloimdaan,2021-08-02T10:59:56.282Z,2021-08-02T10:59:56.282Z,2021-08-02T10:59:56.282Z,2021-08-02T10:59:56.282Z,1,,1,1,None,340.0,247,0
4d6591aeec65f9cdaeca17f8245b23bc11505f18,1dc95,Kyutatsuki - Meteoric Impact,Meteoric Impact,cerret,cerret,2021-11-09T23:16:13.426672Z,2021-11-09T23:16:08.868169Z,2021-11-09T23:16:13.426672Z,2021-11-09T23:16:08.868169Z,1,,1,0,None,300.0,120,0
4db2c6d3b760bd379c40d439e86b0974b281cb21,39660,Blue Youth,Blue Youth,"Cratornugget, LackWiz",Cratornugget,2024-01-28T03:58:34.532886Z,2024-01-28T03:56:38.960645Z,2024-05-25T02:21:48.566482Z,2024-05-25T02:21:40.172191Z,1,,1,0,None,200.0,112,0
4dfaf66b4a2e78e1b87d7a83634ee322afd270c5,11c9c,Azazal - Scratch,Scratch,CyanSnow,CyanSnow,2020-12-20T16:23:49.671Z,2020-12-20T16:23:49.671Z,2020-12-20T16:23:49.671Z,2020-12-20T16:23:49.671Z,1,,1,1,None,120.0,198,0
4dfd8c4b453d601586fe615a248950ffbce58d48,4cf6a,Falling In Reverse - Ronald,Ronald,Glasso050,Glasso050,2025-12-15T04:12:10.934609Z,2025-12-15T04:11:59.845833Z,2026-03-03T04:40:41.992073Z,2026-03-03T04:40:32.632277Z,1,2025-12-29T19:27:34.290719Z,1,0,None,185.0,200,0
4e113baf37b911240d313da330830fb873d3ab78,34e10,Moonfall - Ichika Nito,Moonfall,Serephor,Serephor,2023-08-13T02:20:53.218189Z,2023-08-13T02:11:30.889531Z,2023-08-13T02:20:53.218189Z,2023-08-13T02:11:30.889531Z,1,2023-08-13T05:39:11.642365Z,1,0,None,174.0,227,0
4e19c93ff2d7e086536aeab2f551c2e184160640,20d0b,Camellia - Iro o Ushinatta Machi feat. Camellia,Iro o Ushinatta Machi,CoolingCloset & Helloiamdaan & Nolanimations,CoolingCloset,2022-01-29T00:09:50.624647Z,2022-01-29T00:09:45.599452Z,2022-08-20T23:09:44.712873Z,2022-08-20T23:09:37.620280Z,1,,1,1,None,332.0,122,0
4e3e2bd0f25efb0aa8856141a92335de6ba601c4,3bd5c,It's Juicy - Aice Room (Nor),It's Juicy,Petersome,petersome,2024-04-16T11:34:05.105739Z,2024-04-16T11:31:14.212452Z,2024-07-12T14:41:54.440659Z,2024-07-12T14:41:43.141677Z,1,2024-04-20T07:35:39.613118Z,1,0,None,128.0,220,0
4e8d7fda7b72cbd73f14a694b15eff28c613314b,270e0,[Qumu Pack] [Ranked] Route 209 (Day) - Qumu remix,Route 209 (Day),"yabje, Rashed & Tea Drinker",yabje,2022-06-23T15:44:16.121195Z,2022-06-23T15:43:49.005970Z,2022-09-23T14:52:26.782187Z,2022-09-23T14:51:42.473134Z,1,2022-06-24T21:48:46.119994Z,1,1,None,180.0,218,0
4e98cb06c52c885ab0e195552159e0d7f96ad3c2,41d0c,Yoho - Divine Light of Myriad - ,- Divine Light of Myriad -,Blackjack,blackjack,2024-11-21T20:22:51.551669Z,2024-11-21T20:22:23.683315Z,2025-07-15T19:46:35.542120Z,2025-07-15T19:46:18.970200Z,1,,1,0,None,172.0,144,0
4eadad68a4670db9779bfb86cb832f052670771d,39aa6,[BL RANKED] ericdoa - kickstand,kickstand,Parapass,para,2024-02-04T02:17:50.680320Z,2024-02-04T02:17:41.270915Z,2024-06-20T17:21:57.855438Z,2024-06-20T17:19:53.313915Z,1,,1,0,None,126.0,132,0
4f0ef62b9460d5d41bf235ca7abf49a1140c9bae,76c2,It's Raining Somewhere Else - Toby Fox (Undertale),It's Raining Somewhere Else,Skeelie,Skeelie,2019-12-16T17:07:28.515Z,2019-12-16T17:07:28.515Z,2019-12-16T17:07:28.515Z,2019-12-16T17:07:28.515Z,1,2019-12-16T17:07:28.515Z,1,1,None,96.0,173,0
50194dfca62912c6ba2d752b35452194a4da1f9b,1b7bf,Silentphobia - t+pazolite VS Sakuzyo,Silentphobia,fraies,fraies,2021-08-21T20:29:02.569864Z,2021-08-21T20:28:25.789099Z,2022-01-09T03:04:43.215273Z,2022-01-09T03:04:04.262632Z,1,,1,1,None,290.0,158,0
506904800e3c03f9e0074156f6aae8bcb2f15705,2cde3,[440BPM] Xystran - Shuenteki Routetsu Sokukakukyoku || CS Level 10,Shuenteki Routetsu Sokukakukyoku,Emilia,Emymap,2022-12-10T21:17:30.259562Z,2022-12-10T21:16:47.614135Z,2023-05-27T23:24:59.724381Z,2023-05-27T23:24:27.939007Z,1,,1,0,None,220.0,232,0
5069825e81402a20fc194d97d3d5a6091fbd9f81,1af57,Imil - The Unwritten Chapter,The Unwritten Chapter,Emilia,Emilia,2021-08-06T05:57:42.275497Z,2021-08-06T05:57:42.275497Z,2021-08-06T05:57:42.275497Z,2021-08-06T21:34:50.516231Z,1,,1,0,None,300.0,159,0
509c657f1262eb5397258a21cfeb2ee83f80103a,3b62d,BABYMONSTER - SHEESH,SHEESH,Lalahti,Lalahti,2024-04-01T02:55:38.486013Z,2024-04-01T02:26:22.014661Z,2024-06-23T15:05:18.071632Z,2024-06-23T15:04:23.820458Z,1,2024-04-02T06:36:41.061250Z,1,0,None,140.0,140,0
50d3f8302337c1e9812eb1c0a0aadf87e1b0ff82,14b34,"[Ranked] Unlucky Morpheus - Top of the ""M""","Top of the ""M""",abcbadq & altrewin,abcbadq,2021-02-27T01:29:06.911Z,2021-02-27T01:29:06.911Z,2023-06-06T14:27:40.559321Z,2021-02-27T01:29:06.911Z,1,,1,1,None,208.0,201,0
51046d610d192bbd1ffcb220efa5d6d00b1e094d,4200f,It's Okay Now,It's Okay Now,wangyufy,wangyufy,2024-11-30T02:22:08.139092Z,2024-11-30T02:18:24.042821Z,2025-10-18T06:46:33.562078Z,2025-10-18T06:44:43.071032Z,1,,1,0,None,170.0,149,0
5116e9bb15cf870610101e2a8b94e5a400b5c5ed,1b0cb,[Ranked] Inferi - Destroyer,Destroyer,Cobayo,Cobayo,2021-08-09T05:46:26.398042Z,2021-08-09T05:46:26.398042Z,2021-10-22T23:18:09.489449Z,2021-10-22T23:18:05.566044Z,1,,1,1,None,250.0,386,0
51284444bf53c79584bce5a2b6a2f450dcbaa12b,ba24,[Refugee Camp] Cartoon Candy - Kobaryo,Cartoon Candy,Rogdude & muffn,rogdude,2020-07-06T10:55:48.050Z,2020-07-06T10:55:48.050Z,2020-07-06T10:55:48.050Z,2020-07-06T10:55:48.050Z,1,,1,1,None,270.0,216,0
512b0951e2e09f8c090b4cd8b0df2f16f1c074c3,1fb94,"[RANKED] Camellia - Xeroa (""preconnaiXance"" Long ver.)",Xeroa,Cobayo & ThySpoon,ThySpoon,2022-01-05T23:04:18.293352Z,2022-01-05T23:04:12.550428Z,2022-01-07T22:26:12.570806Z,2022-01-07T22:26:09.473965Z,1,,1,1,None,301.0,291,0
5183c321719c2b93fca26aa2ef0463f2e22fe9f5,948a,lapix - Kill The Beat,Kill The Beat,simplymarvellous,simplymarvellous,2020-03-28T05:52:31.213Z,2020-03-28T05:52:31.213Z,2020-03-28T05:52:31.213Z,2020-03-28T05:52:31.213Z,1,,1,1,None,120.0,98,0
518fd81ac6fdbfd050ab8fac7c6ae7d73e16257a,ba40,Chocolate Lily - Kobaryo,Chocolate Lily,Rogdude,rogdude,2020-07-06T16:27:28.733Z,2020-07-06T16:27:28.733Z,2020-07-06T16:27:28.733Z,2020-07-06T16:27:28.733Z,1,,1,1,None,282.0,134,0
51b3467f411fefefa050fdafeb1a6d8c9d5e9b7f,36a3b,[Chroma] RAMMSTEIN - DEUTSCHLAND,Deutschland,Jevk,Jevk,2023-10-23T14:02:15.365648Z,2023-10-23T09:25:38.785847Z,2024-12-27T23:35:40.586243Z,2024-12-27T23:35:29.251980Z,1,,1,1,None,120.0,324,0
51cb5a9d50f73feac9380570cec13a91d3824e64,1d742,Enemy (from the series Arcane League of Legends) - Imagine Dragons ft. J.I.D,Enemy,Joetastic,Joetastic,2021-10-29T04:53:27.796752Z,2021-10-29T04:53:08.615716Z,2021-10-29T06:46:30.980517Z,2021-10-29T06:46:25.125531Z,1,2021-10-29T04:53:27.796752Z,1,0,None,154.0,172,0
522e3f1267ddd644f3587004064bed83adcc9833,3e2ae,"YUE.STEVEN, uen - dB doll",dB doll,"Loloppe, StormPacer",loloppe,2024-07-05T17:36:59.459013Z,2024-07-05T17:36:50.618683Z,2024-07-08T01:56:12.740142Z,2024-07-08T01:56:05.457719Z,1,2024-07-12T23:57:31.010344Z,1,0,None,127.99,105,0
5235f144674de6f5f1c797a0365a3f01d99ac846,3d6ab,Sound Souler - 414 Per Speed (Game Edit),414 PER SPEED,sploobers,sploob,2024-06-08T09:59:57.202628Z,2024-06-08T09:59:34.717606Z,2024-12-12T23:40:28.287558Z,2024-12-12T23:40:19.300398Z,1,2024-08-24T15:41:53.644543Z,1,0,None,207.0,154,0
52492db20518f0ea73f5104e47985cf838390b1f,275e3,[R] EGOIST - Gold (Chroma/Cinema),Gold,CookedChili,CookedChili,2022-07-11T17:22:10.699257Z,2022-07-03T04:27:10.138640Z,2022-07-11T17:22:10.699257Z,2022-07-11T17:20:30.711489Z,1,2022-07-14T00:48:29.136691Z,1,0,None,160.0,178,0
52570cf0e132c46ec33156507dd703a02b817510,1a209,[Ranked] Ludicin - Fallen Symphony,Fallen Symphony,abcbadq & Alice,abcbadq,2021-07-11T00:16:19.856Z,2021-07-11T00:16:19.856Z,2023-06-06T14:24:53.469162Z,2022-07-10T02:25:26.180629Z,1,2022-05-31T04:11:50.632Z,1,1,None,250.0,567,0
528392431acb2c10e619b195db7bbd05c2d4d17a,1ac0c,Laur - Viyella's Tears [Ranked],Viyella's Tears,Timbo,Timbo,2021-07-30T10:49:01.704Z,2021-07-30T10:49:01.704Z,2021-07-30T10:49:01.704Z,2021-07-30T10:49:01.704Z,1,2021-07-30T10:49:01.704Z,1,1,None,218.0,158,0
52862e833fff427a1f7192cf38952e9f30717ce0,168d0,Light Behind The Shadow - Beatcore,Light Behind The Shadow,TranquillizeMe,tranquillizeme,2021-04-11T11:34:52.970Z,2021-04-11T11:34:52.970Z,2021-04-11T11:34:52.970Z,2021-04-11T11:34:52.970Z,1,,1,1,None,150.0,184,0
52d0566938f2c604dfc593dd9a6c4542b9dddde6,327f6,USAO - You & DIE,You & DIE,AllPoland,AllPoland,2023-05-20T01:31:25.260817Z,2023-05-20T01:09:19.987411Z,2023-05-20T01:31:25.260817Z,2023-05-20T01:09:19.987411Z,1,2023-05-20T05:27:07.363526Z,1,0,None,210.0,251,0
532d6987004e927b5b54ed2afc9efc20c5970d51,17d,Life Will Change - Shoji Meguro,Life Will Change,Shoji Meguro,squeaksies,2018-05-21T14:30:21Z,2018-05-21T14:30:21Z,2018-05-21T14:30:21Z,2018-05-21T14:30:21Z,1,,1,1,None,132.0,257,0
53444a571168ee0db0e345fa65c813ba0af0e3a5,26c47,RoughSketch ft. aikapin - Grimm (Kobaryo's FTN-Remix),Grimm,Aquaflee,Aquaflee,2022-06-15T16:15:05.559257Z,2022-06-15T16:14:46.023670Z,2022-06-15T16:15:05.559257Z,2022-06-15T16:14:46.023670Z,1,,1,0,None,200.0,223,0
5351ab155439192d52338d04bde1505402bf883f,2ae17,[BL Ranked] Aekhloria - The Dark Field,The Dark Field,Acubens,Acubens,2022-10-13T18:25:41.791451Z,2022-10-13T18:25:30.048840Z,2022-10-14T08:20:44.191101Z,2022-10-14T08:20:31.795736Z,1,,1,0,None,310.0,196,0
538864fbdcf76377b2cca9024149ddb0e851cd44,3b036,Wish you the worst - Ryan Mack,Wish You the Worst,ItsNoot3rch,ItsNoot3rchUwU,2024-03-18T21:28:59.283643Z,2024-03-18T21:28:47.371488Z,2024-03-19T05:16:35.477791Z,2024-03-19T05:16:21.291069Z,1,,1,0,None,95.0,146,0
539b292333db7fbf0f463f4efce889d6c9db7e9b,47000,Linkin Park - Let You Fade,Let You Fade,Loloppe,loloppe,2025-05-17T03:19:46.652465Z,2025-05-17T03:19:24.907016Z,2025-11-02T13:40:42.195720Z,2025-11-02T13:40:34.420071Z,1,,1,0,None,164.0,212,0
53be7270ec6db3c195a7eda3ae85955dff70bf74,3e7d8,Schwank - stasis,stasis,GojiCringer,GojiCringer,2024-07-16T02:53:15.493345Z,2024-07-16T02:53:11.723774Z,2024-11-05T05:32:53.486368Z,2024-11-05T05:32:48.623091Z,1,,1,0,None,230.0,145,0
53c04084a8b33ac931c10d1d942e9d6b86d3eca0,1ed4,9mm Parabellum Bullet - Inferno,Inferno,Hexagonial,hexagonial,2018-11-07T23:30:09Z,2018-11-07T23:30:09Z,2018-11-07T23:30:09Z,2018-11-07T23:30:09Z,1,,1,1,None,195.0,92,0
53e0d70a6fe3618533bddbbf7a7e3ab488b10c96,109e8,[Chroma] Knife Party - Bonfire,Bonfire,SlimyBlob & Pixelguy,SlimyBlob,2020-11-05T13:04:24.311Z,2020-11-05T13:04:24.311Z,2020-11-05T13:04:24.311Z,2020-11-05T13:04:24.311Z,1,,1,1,None,174.0,274,0
53e9542794da8e12a01b2b5fd3737674f1b7fbec,f2f1,Azazal & Said - I Said Meow,I Said Meow,CyanSnow & Pixelguy,CyanSnow,2020-09-26T16:32:31.567Z,2020-09-26T16:32:31.567Z,2020-09-26T16:32:31.567Z,2020-09-26T16:32:31.567Z,1,,1,1,None,100.0,216,0
53f7cf74e451da7df1c2f35b8e55dbd2e4c483a3,2abea,Zekk - Freefall,Freefall,ItsVasili,Vasilidesu,2022-10-09T14:30:42.452779Z,2022-10-09T14:25:13.131812Z,2022-11-02T08:14:18.091327Z,2022-11-02T08:13:59.958164Z,1,,1,0,None,180.0,132,0
541bb4be6d9d95c08426e3995bae782a5ece5fd3,12bdb,Camellia - Qyoh (Nine Stars),Qyoh,muffn,muffn,2021-01-15T00:24:27.683Z,2021-01-15T00:24:27.683Z,2021-01-15T00:24:27.683Z,2021-01-15T00:24:27.683Z,1,,1,1,None,242.0,429,0
5465aece382660e1689006462dc90e760a7ed836,45265,"MyNewSoundtrack, MasterSwordRemix - Guns Blazing (From Undertale Yellow)",Guns Blazing,"spartplat, Najoko",spartplat,2025-03-13T05:48:38.281430Z,2025-03-11T20:38:56.847188Z,2025-10-23T20:04:48.165292Z,2025-10-23T20:04:30.668703Z,1,2025-03-14T06:30:02.944956Z,1,0,None,179.98,133,0
547c91eec37c6fb000f9a037ee10afc6f4712d6c,16a01,[Ranked] ESAI - Caffeine Kitty,Caffeine Kitty,abcbadq,abcbadq,2021-04-13T12:36:26.491Z,2021-04-13T12:36:26.491Z,2023-06-06T14:25:41.368368Z,2021-04-13T12:36:26.491Z,1,,1,1,None,230.0,256,0
547d15e033e7c3480428d3a0508f1b7ce50da5d6,2ee3b,[Ranked] Roughsketch - 666 (Extreme Full Ver.) (Short Edit),666,ComplexFrequency & Narwhal,complexfrequency,2023-02-01T03:20:09.029226Z,2023-02-01T03:19:12.454269Z,2023-12-13T17:24:57.823203Z,2023-12-13T17:24:49.165425Z,1,2023-02-18T02:50:00.923451Z,1,1,None,333.0,196,0
5529bb4fc12b2fcb632c2bfba293d47bc9eb60c3,3861d,[Ranked] [Single Saber] Barracuda JSAB edit - Noisestorm,Barracuda,Stock Image of a Man,stock_image_of_a_man,2023-12-28T02:42:58.193582Z,2023-12-28T02:42:49.967868Z,2024-05-14T22:45:27.135712Z,2024-05-14T22:45:20.293374Z,1,,1,0,None,130.0,110,0
556237fc9a8541e27fe324708d77301b64b03778,1edfc,Madeon (☆the sky remix☆) - La Lune (Modchart),La Lune,TzurS11 & Tomerisnice,TzurS11,2021-12-13T21:21:04.195917Z,2021-12-13T21:20:21.251905Z,2021-12-17T23:24:14.103101Z,2021-12-13T21:20:21.251905Z,1,2021-12-13T21:21:04.195917Z,1,0,None,185.0,173,0
558fd3c73d5f7e5bbbf1616760e099ebcfd75903,9c17,Kotori - Nanamori (youth Remix),Nanamori,Depito & ExUnReal,depito,2020-04-17T19:51:19.939Z,2020-04-17T19:51:19.939Z,2020-04-17T19:51:19.939Z,2020-04-17T19:51:19.939Z,1,,1,1,None,215.0,169,0
559113d5c4247438c6ecad852c61d03d79396af1,f91e,Ava Max - Who's Laughing Now,Who's Laughing Now,Teuflum,Teuflum,2020-10-04T11:45:39.424Z,2020-10-04T11:45:39.424Z,2020-10-04T11:45:39.424Z,2020-10-04T11:45:39.424Z,1,2020-10-04T11:45:39.424Z,1,1,None,92.0,182,0
55af5c3f06b0ea32bd1a9515fe15e4aae956ab66,3bc7b,[Chroma+] Bad Side - Jake Daniels,Bad Side,steeak & Tsunami_Pro,steeak,2024-04-14T10:36:01.919737Z,2024-04-14T10:34:55.821974Z,2024-12-06T21:19:38.616255Z,2024-12-06T21:19:32.856568Z,1,2024-04-14T14:12:19.409922Z,1,0,None,142.0,142,0
564153d2932888c996e08703ef00c7b587f74257,133d6,TWICE - I CAN'T STOP ME,I CAN'T STOP ME,Sotarks,sotarks,2021-01-27T21:34:09.847Z,2021-01-27T21:34:09.847Z,2021-01-27T21:34:09.847Z,2021-01-27T21:34:09.847Z,1,,1,1,None,150.0,208,0
56617c820776ae2ded07909464cbf1fefa00375e,15421,Oniyuri SDVX,Oniyuri,Mystikmol & Pug,mystikmol,2021-03-10T11:56:00.825Z,2021-03-10T11:56:00.825Z,2021-03-10T11:56:00.825Z,2021-03-10T11:56:00.825Z,1,2021-03-10T11:56:00.825Z,1,1,None,153.0,124,0
568d13ad086165d77d71ef3d35485c2319b25b45,284de,Awake - Amidst,Awake,Rexxz & General Dumbass,Rexxz,2022-07-31T00:30:27.562178Z,2022-07-31T00:30:10.400683Z,2022-07-31T00:56:38.026924Z,2022-07-31T00:56:17.107428Z,1,2022-07-31T12:22:34.077394Z,1,0,None,130.0,224,0
56cf317021261b351879df2430462a6425ab9960,1ad66,[Ranked] SEPHID - Thunderstrike,Thunderstrike,abcbadq & Timbo,abcbadq,2021-08-01T22:50:09.680Z,2021-08-01T22:50:09.680Z,2023-06-06T14:24:29.927870Z,2021-12-19T00:44:50.969174Z,1,,1,1,None,256.0,308,0
57511ee48555e00e031bd3b1df90ba7be5712b56,1d3f5,[RANKED] Camellia - Night Raid with a Dragon,Night Raid with a Dragon,nolan121405,nolan121405,2021-10-21T00:18:50.641624Z,2021-10-21T00:18:47.377060Z,2022-03-16T22:04:01.040943Z,2022-03-16T22:03:38.835880Z,1,2021-10-21T00:18:50.641624Z,1,1,None,256.0,211,0
578d38721f73123493c14e3933410f268f67eec6,28ec5,Avril Lavigne - Love Sux,Love Sux,Emilia,Emilia,2022-08-16T01:46:32.697710Z,2022-08-16T01:45:30.195253Z,2023-04-18T03:15:37.721793Z,2023-04-18T03:15:29.132430Z,1,2022-08-16T04:12:26.279126Z,1,0,None,174.0,172,0
57953e9aeb0d36c764004dedbe2679c8d1098685,1a584,[Ranked] Farewell,Farewell,Shark,shark720,2021-07-17T03:03:25.146Z,2021-07-17T03:03:25.146Z,2021-10-19T23:17:56.332026Z,2021-10-19T23:17:39.091395Z,1,,1,1,None,210.0,168,0
57c92914a2034e8d6725f47f123457de3dccf8c3,390f2,JVKE - golden hour [Chroma/V3],golden hour,ben,bberg,2024-01-19T13:49:20.143009Z,2024-01-19T13:48:22.927279Z,2024-06-05T23:49:13.462169Z,2024-03-19T21:34:08.094306Z,1,,1,0,None,94.5,214,0
57cc994b8f713ef5e10fbf31754fb9bd8a161524,194f0,[Ranked] Kobaryo feat. DJ Genki - Volatile Memory,Volatile Memory,ComplexFrequency,complexfrequency,2021-06-19T03:07:02.784Z,2021-06-19T03:07:02.784Z,2021-06-19T03:07:02.784Z,2021-06-19T03:07:02.784Z,1,2022-06-02T06:03:21.137061Z,1,1,None,290.0,278,0
57e25a8d2645fe41a625c7e19aac8ff96a619d29,1f0d,Hyadain no Joujou Yuujou (Nichijou OP 2) - Hyadain,Hyadain no Joujou Yuujou,Todokete,todokete,2018-11-09T00:11:52Z,2018-11-09T00:11:52Z,2018-11-09T00:11:52Z,2018-11-09T00:11:52Z,1,,1,1,None,200.0,225,0
57e4ca2dd2e4bc17a120efa8fb6a095987f769f7,33497,[Cinema] なとり - Overdose (Kobo Kanaeru Cover),Overdose,Rusty,Rusty,2023-06-18T19:33:39.885246Z,2023-06-18T19:32:42.124826Z,2023-09-21T08:35:20.502476Z,2023-09-21T08:35:11.852857Z,1,2023-06-19T11:58:31.754494Z,1,0,None,118.0,195,0
580944fbce4941ad56c03c7d99de4e8bf5db398b,28636,gladde paling - overstroming,overstroming,unluckyL,unluckyL,2022-08-02T21:15:30.635525Z,2022-08-02T21:14:54.944823Z,2022-08-21T10:12:56.321129Z,2022-08-21T10:12:50.066107Z,1,,1,0,None,180.0,98,0
5868546dd2a98e6f0bc288a83506eb766113a9eb,1a568,Chester Young & STIMX - Forever [Chroma],Forever,Teuflum & muffn,Teuflum,2021-07-16T20:41:47.739Z,2021-07-16T20:41:47.739Z,2021-07-16T20:41:47.739Z,2021-07-16T20:41:47.739Z,1,2021-07-16T20:41:47.739Z,1,1,None,252.0,164,0
587555cf2df3895b4e963ae992c9e103244ebe88,48b7a,[Beat the Heat] Good Kid - Osmosis,Osmosis,UglyApe,UglyApe,2025-07-21T06:00:02.277137Z,2025-07-19T20:26:35.935106Z,2026-03-13T21:38:44.342558Z,2026-03-13T21:38:41.770795Z,1,2025-07-31T15:02:38.757112Z,1,0,None,190.0,175,0
587be0be0a3801bbb38e1d2d29f32d4b318dd1fe,43fb6,[Chain Spam] Avilon & Holo Bass - Ground Pound,Ground Pound,The Lunar Carver,TheLunarCarver,2025-02-04T07:22:40.221988Z,2025-02-04T07:19:30.497852Z,2025-07-14T22:12:05.884300Z,2025-07-14T22:11:43.765289Z,1,,1,0,None,126.0,177,0
58ad62206a48b2880685fd12226f41e1c05f2c8f,264e2,[Chroma] Direct / CloudNone - Without U,Without U,Phøenix,Phoenix,2022-07-24T17:00:00.926Z,2022-06-02T05:29:01.226266Z,2022-07-24T17:22:33.548988Z,2022-06-02T05:29:01.226266Z,1,,1,0,None,130.0,199,0
58b8e5c6910f72cb21dd74db1d8d43d9d97326c4,32cd9,"[Cinema] K/DA - THE BADDEST ft. (G)I-DLE, Bea Miller, Wolftyla",THE BADDEST,Darkrealm7,Darkrealm7,2023-06-01T19:41:06.874608Z,2023-06-01T19:40:41.895197Z,2023-06-01T19:41:06.874608Z,2023-06-01T19:40:41.895197Z,1,2023-06-01T21:13:56.371055Z,1,0,None,150.0,164,0
58b97c73a2fdacefc75c48813c4d267d2369b9ce,17842,Tenohira de Odoru - sokoninaru,Tenohira De Odoru,Tootie & Oddloop & fraies,tootie,2021-05-04T00:50:40.833Z,2021-05-04T00:50:40.833Z,2021-10-21T02:31:12.326833Z,2021-10-21T02:29:47.961549Z,1,,1,1,None,215.0,199,0
58ccde29de6216b36141be6405a806927072bcec,23c7b,[BL RANKED] DJ Genki vs Gram - Einherjar Joker,Einherjar Joker,GalaxyMaster & The Senate,GalaxyMaster,2022-10-27T20:13:34.892740Z,2022-04-01T19:41:41.195085Z,2023-07-12T16:08:19.066267Z,2023-07-12T16:08:03.996810Z,1,,1,0,None,222.0,138,0
58e67b3204a85bc72877e66dc8d9f16d3c873856,9eff,(G)I-DLE - Senorita,Senorita,simplymarvellous,simplymarvellous,2020-04-25T12:03:37.789Z,2020-04-25T12:03:37.789Z,2020-04-25T12:03:37.789Z,2020-04-25T12:03:37.789Z,1,,1,1,None,120.0,198,0
58e760690ffb379864d76b06505f4056e84fbe84,6b8c,TheFatRat - MAYDAY feat. Laura Brehm,MAYDAY,"Oddloop, RedMagi & AaltopahWi",oddloop,2019-10-22T19:11:34.707Z,2019-10-22T19:11:34.707Z,2019-10-22T19:11:34.707Z,2019-10-22T19:11:34.707Z,1,2019-10-22T19:11:34.707Z,1,1,None,150.0,249,0
58eb1c803030d10ee71e91d4fe6c966b09ac341c,71e5,Moudoku ga Osou - Mafumafu,Moudoku ga Osou,Tootie,tootie,2019-11-25T03:00:36.663Z,2019-11-25T03:00:36.663Z,2019-11-25T03:00:36.663Z,2019-11-25T03:00:36.663Z,1,,1,1,None,156.0,255,0
58ec0c23fe7884db894f874a9e6c41cd5fa0e920,201e4,Underscore - Speedcore Horse || CS Level 1,Speedcore Horse,Emilia & nolan121405,Emilia,2022-01-14T15:25:24.317750Z,2022-01-14T15:24:51.672407Z,2022-04-26T00:10:04.545376Z,2022-01-14T15:24:51.672407Z,1,,1,1,None,336.0,152,0
58ff349229bf3a466783c28e65565f7135a4f79b,3ad60,Kenji Mizuno VS Kanon Oguni - DA'AT -The First Seeker of Souls- ,DA'AT -The First Seeker of Souls-,foxylax & jojobanana,jojobanana,2024-03-12T19:35:18.423778Z,2024-03-12T19:28:46.822354Z,2024-08-04T15:12:11.500Z,2024-08-04T15:12:07.321867Z,1,,1,0,None,222.0,163,0
5909c4cc3f242632bf4c826305732489f8c54f9b,14c51,you - Melancholia,Melancholia,Emilia,Emilia,2021-02-27T22:59:12.666Z,2021-02-27T22:59:12.666Z,2022-04-26T00:08:41.649310Z,2021-02-27T22:59:12.666Z,1,,1,1,None,340.0,188,0
595f76619e3058472a9de19dafceffd2b5392093,202d9,[RANKED] M2U - Gypsy Tronic,Gypsy Tronic,RocKz & yabje,rockz,2022-01-15T14:56:15.989909Z,2022-01-15T14:56:09.719190Z,2022-10-06T21:21:30.448910Z,2022-10-06T21:20:57.485247Z,1,,1,1,None,250.0,151,0
59ac9f63f3eec2fe6bad3aaaf4fbcc3fefed2ccb,3cf22,GHOUL - Camellia,GHOUL,CyberTurtle & fraies,fraies,2024-05-25T02:48:10.719721Z,2024-05-25T02:46:28.004793Z,2024-06-23T18:24:34.171907Z,2024-06-23T18:18:49.096045Z,1,2024-06-30T19:45:47.274438Z,1,0,None,230.0,272,0
59b5445e569b55fdbd72fecc035607d3ceb7e9f1,188ed,[Ranked] ReeK - The Everlasting Calamity That Shifts The Time - Space Continuum On A Nanosecondal Basis [LEVEL 3],The Everlasting Calamity That Shifts The Time - Space Continuum On A Nanosecondal Basis,Jabob & Helloiamdaan,Jabob,2021-05-30T22:58:12.946Z,2021-05-30T22:58:12.946Z,2021-05-30T22:58:12.946Z,2021-05-30T22:58:12.946Z,1,,1,1,None,286.5,145,0
59edc79516acbc2edaa130542f8d3a204585bff0,3e05,Koi no Hime Hime Pettanko,Koi no Hime Hime Pettanko,Rogdude,rogdude,2019-03-14T23:08:20Z,2019-03-14T23:08:20Z,2019-03-14T23:08:20Z,2019-03-14T23:08:20Z,1,,1,1,None,178.0,94,0
5a00878a5d14aefa4b923d041350603aadbbc66a,3d2f9,[Chroma] JVKE - This is what autumn feels like,this is what autumn feels like,THMX & BsNico,THMX,2024-06-01T18:25:16.625505Z,2024-06-01T18:23:30.814283Z,2024-10-18T21:25:59.350595Z,2024-10-18T21:25:52.022823Z,1,2024-11-10T11:23:03.108258Z,1,0,None,165.0,222,0
5a6ecfec1a678ed2df7e366744e16e77c061b82a,f3e2,[Ranked] Knife Party & Tom Morello - Battle Sirens (RIOT Remix),Battle Sirens,FatBeanzoop,fatbeanzoop,2020-09-27T16:49:45.365Z,2020-09-27T16:49:45.365Z,2020-09-27T16:49:45.365Z,2020-09-27T16:49:45.365Z,1,,1,1,None,174.0,271,0
5a8377cec04daac76a525cf810156ac6456d1f1f,ce42,[Ranked] Kobaryo - Vicious Heroism,Vicious Heroism,"ComplexFrequency, muffn & shadowlord723",complexfrequency,2020-08-04T01:20:47.555Z,2020-08-04T01:20:47.555Z,2020-08-04T01:20:47.555Z,2020-08-04T01:20:47.555Z,1,,1,1,None,256.0,143,0
5b1f55e3354c482f66319e6bddf045f5f5144296,2cdea,Xi - Halcyon,Halcyon,SSnowy,SSnowy,2022-12-10T22:55:44.765127Z,2022-12-10T22:53:16.787940Z,2022-12-16T23:30:10.073169Z,2022-12-16T23:30:03.337789Z,1,,1,0,None,191.0,158,0
5b4563d66dd4f2d12677ea046afda8baf9ee2a7e,6c4f,Chroma - Sudden Visitor,Sudden Visitor,Loloppe,loloppe,2019-10-26T05:40:20.171Z,2019-10-26T05:40:20.171Z,2023-06-14T03:03:25.113369Z,2023-06-14T03:03:15.236702Z,1,,1,0,None,178.0,140,0
5b57beaf60790d0e4ca0421f01f2123919caa995,456d0,[BL RANKED] Juice WRLD - Oxycodone,Oxycodone,Classicstar,Classicstar,2025-03-23T02:20:42.312616Z,2025-03-23T02:19:15.413068Z,2025-10-23T12:57:12.116064Z,2025-10-23T12:57:01.336141Z,1,,1,0,None,167.0,168,0
5b7a14204226fb8031e3878231a53ffff998b484,1add6,DM DOKURO - Reality Check Through The Skull,Reality Check Through The Skull,Bizzy,Bizzy,2021-08-02T19:18:21.181Z,2021-08-02T19:18:21.181Z,2022-09-04T21:36:31.522769Z,2022-09-04T21:36:23.284044Z,1,,1,0,None,260.0,335,0
5bf9f2e7ef07841763be90cbf3331e1ae4753697,16a35,USAO - USAO ULTIMATE HYPER MEGA MIX,USAO ULTIMATE HYPER MEGA MIX,Edmard,edmard,2021-04-13T18:22:51.411Z,2021-04-13T18:22:51.411Z,2021-04-13T18:22:51.411Z,2021-04-13T18:22:51.411Z,1,,1,1,None,200.0,311,0
5c6c1d7cfda4c91920ce0510fe4b43d6ca918aff,1f3b,kana - Hammer o Denpa Song ni Shitemita,Hammer o Denpa Song ni Shitemita,CoolingCloset,CoolingCloset,2018-11-09T18:13:16Z,2018-11-09T18:13:16Z,2018-11-09T18:13:16Z,2018-11-09T18:13:16Z,1,,1,1,None,165.0,148,0
5c6c8b78ea64e9b82febe58a7f8a48632f03c4e3,65ee,Bangin' Burst (Outburst Long ver.) - Camellia,Bangin' Burst ,Light Ai,LightAi,2019-09-26T05:34:26.124Z,2019-09-26T05:34:26.124Z,2019-09-26T05:34:26.124Z,2019-09-26T05:34:26.124Z,1,,1,1,None,234.0,275,0
5c8135879973bd8e27ba745497fa7d12c6a035e4,cca8,In My Heart DJMAX,In My Heart,Mystikmol,mystikmol,2020-08-01T21:44:24.151Z,2020-08-01T21:44:24.151Z,2020-08-01T21:44:24.151Z,2020-08-01T21:44:24.151Z,1,,1,1,None,123.0,102,0
5c870272e2159096d453f9420a8120980a5d4d29,d771,TWICE - LIKEY,LIKEY,simplymarvellous,simplymarvellous,2020-08-16T07:00:24.845Z,2020-08-16T07:00:24.845Z,2020-08-16T07:00:24.845Z,2020-08-16T07:00:24.845Z,1,,1,1,None,132.0,209,0
5cbed40afc17f67a1f72b88de556df4c6d6efa17,2840c,Polyphia - Playing God,Playing God,TG90 & Nitronik.EXE,TG90,2022-07-29T01:21:26.961835Z,2022-07-29T01:21:19.299415Z,2022-09-26T04:32:36.823115Z,2022-09-26T04:31:12.452449Z,1,2023-02-13T19:31:08.632740Z,1,0,None,137.0,208,0
5d1e32af06742b2cb7718e10218a401bd3527510,2804a,Cillia - FIRST,FIRST,SSnowy,SSnowy,2022-07-21T00:54:40.506460Z,2022-07-21T00:54:17.968502Z,2022-10-10T21:56:52.000250Z,2022-10-10T21:56:03.317686Z,1,,1,0,None,190.0,196,0
5d3290e93807c8b40301adc15ecc4c5ccb50470e,3f571,Slipknot - The Devil in I,The Devil in I,Contradictions,Contradictions,2024-08-08T18:05:38.720682Z,2024-08-08T17:56:45.751866Z,2024-12-14T00:35:09.533577Z,2024-12-14T00:34:53.074041Z,1,2024-10-30T00:47:45.004551Z,1,0,None,180.0,343,0
5d5c5d164105245b0c902aaecea79a31179a5179,35208,Infant Annihilator - Childchewer,Childchewer,The Witch,The-Witch,2023-08-22T01:11:28.746013Z,2023-08-22T01:11:17.837014Z,2025-02-19T16:03:13.288454Z,2025-02-19T16:02:58.872369Z,1,,1,0,None,260.0,168,0
5d663d78102b837fa4198673a178b88d10fd1f05,1ea8c,[Ranked] Camellia - Zhuzhzhalka76,Zhuzhzhalka76,"yabje, Irish & fqrb",yabje,2021-12-06T17:39:38.921600Z,2021-12-06T17:39:10.452755Z,2022-07-06T14:38:13.370270Z,2022-07-06T14:38:02.467973Z,1,2022-05-02T22:21:24.421498Z,1,1,None,176.0,277,0
5dad7fc4b01891ce4faed9d8b13eacab9cd522d8,27a20,Hizumi Rei Feat.Meika Mikoto - Darling Dance (Under Construction Remix),Darling Dance,Anammelech + Otricity,anzu7,2022-07-10T07:57:39.108218Z,2022-07-10T07:57:33.715005Z,2022-07-10T07:57:39.108218Z,2022-07-10T07:57:33.715005Z,1,,1,0,None,320.0,209,0
5ddaf3976d3f53abe71853c986862b08605c4d67,18f62,Icecore & Kou! - Powerful,Powerful,cerret,cerret,2021-06-09T00:03:59.532Z,2021-06-09T00:03:59.532Z,2021-06-09T00:03:59.532Z,2021-06-09T00:03:59.532Z,1,2021-06-09T00:03:59.532Z,1,1,None,220.0,288,0
5dde38dac84d8fab1937097d7bbf1383ece5cbd2,25368,[RANKED] Archspire - Drain of Incarnation,Drain of Incarnation,ThySpoon,ThySpoon,2022-05-04T05:26:50.325983Z,2022-05-04T05:24:29.087385Z,2022-05-20T06:17:18.831249Z,2022-05-20T06:17:15.066164Z,1,2022-05-06T21:13:17.573717Z,1,1,None,320.0,261,0
5dec41a9b0f78f848f1939facad73eef826159d1,4452a,Camellia - Operation Zenithfall,Operation: Zenithfall,ZenithGD,ZenithGD,2025-02-15T22:51:28.436333Z,2025-02-15T22:45:55.303548Z,2026-09-23T15:34:28.518076Z,2026-09-23T15:34:20.511138Z,1,,1,0,None,210.0,357,0
5e248054f789f5a5f4d5aed713d20b21f8d87c68,471f8,Xeveir and Xeron vs. OdiN - OVER:Acceleration,OVER:Acceleration,Komeijisan051,komeijisan051,2025-05-20T17:53:54.911244Z,2025-05-20T17:53:06.342364Z,2025-10-26T01:36:12.455961Z,2025-10-26T01:35:42.384813Z,1,,1,0,None,353.0,310,0
5e51e3cac6b1dc3376f776f6e6b961b754ff9cc4,15f74,t+pazolite - Chapter 99: Afterword,Chapter 99: Afterword,Emilia,Emilia,2021-03-27T19:55:29.177Z,2021-03-27T19:55:29.177Z,2022-04-26T00:07:02.535849Z,2021-03-27T19:55:29.177Z,1,,1,1,None,187.97,69,0
5eea46e777960913951ed9d0257404cc3a1be305,e72b,[Ranked] HiTECH NINJA - Memecore,Memecore,FatBeanzoop,fatbeanzoop,2020-09-10T02:56:04.421Z,2020-09-10T02:56:04.421Z,2020-09-10T02:56:04.421Z,2020-09-10T02:56:04.421Z,1,,1,1,None,175.0,202,0
5f13b5ec505ae57411883ea70d4b2219ded602c5,1ac63,Karetus - Full Flavor,Full Flavor,Jevk,Jevk,2021-07-30T21:59:43.757Z,2021-07-30T21:59:43.757Z,2023-03-04T21:32:22.832755Z,2023-03-04T21:32:19.657710Z,1,,1,0,None,128.0,320,0
5f3cbf3c5783ec05656eca0e1143e41ca75524f0,2d526,Ori and the Blind Forest - Completing The Circle,Ori and the Blind Forest - Completing The Circle,Sp234,Sp234,2022-12-24T19:00:00.535Z,2022-12-24T11:27:37.021786Z,2022-12-24T19:00:00.532874Z,2022-12-24T12:59:43.093332Z,1,2022-12-31T15:32:15.563545Z,1,0,None,130.0,137,0
5f42bc2c9858b561830cbcb2bd447c8db2969b50,36afc,[BL Ranked] Rings of Saturn - No Pity for a Coward,No Pity for a Coward,JohnieCanine,JohnieCanine,2023-10-26T19:25:48.802501Z,2023-10-26T19:25:29.552584Z,2023-11-29T19:26:27.927982Z,2023-11-29T19:26:17.971364Z,1,,1,0,None,210.0,189,0
5f4f010301806cf47f0ace06deadf9d321b06dac,e6a4,Diastrophism - (Anamorphism Long ver.) Camellia,Diastrophism,Nuketime,nuketime,2020-09-09T03:58:02.931Z,2020-09-09T03:58:02.931Z,2020-09-09T03:58:02.931Z,2020-09-09T03:58:02.931Z,1,,1,1,None,228.0,258,0
5faf5fa82a44027a1417dad4f945f7f8dcebdc9e,3ee4b,[Chroma] Kobaryo - RTX 20000,RTX 20000,Darkrealm7 & bobthezealot,Darkrealm7,2024-07-27T12:02:34.831442Z,2024-07-27T11:59:01.129212Z,2025-01-20T02:38:49.980418Z,2025-01-20T02:38:42.638048Z,1,,1,0,None,312.5,139,0
5fc930dd535f282d1c8a0abd1d1407b10a5abf5c,243e5,you - Ajuga,Ajuga,shrado & Fnyt,shrado,2022-04-11T05:24:26.167762Z,2022-04-11T05:23:55.740050Z,2022-08-05T10:41:19.960866Z,2022-08-05T10:41:16.808617Z,1,2022-08-21T15:38:56.942588Z,1,1,None,250.0,210,0
5fd6aca860510e8afdf3d174598f7624d3af593d,1a587,[Ranked] Parry Gripp - The Guinea Pig Is In Your Mind,The Guinea Pig Is In Your Mind,Cobayo,Cobayo,2021-07-17T03:16:44.817Z,2021-07-17T03:16:44.817Z,2021-08-26T14:44:24.045409Z,2021-08-26T14:44:18.943716Z,1,,1,1,None,180.0,63,0
5fe145b5c58cdbf89c5089c7aadd16dae987abd2,37762,Parry Gripp - Guinea Pig Olympics,Guinea Pig Olympics,Light Ai,LightAi,2023-11-24T19:56:23.418016Z,2023-11-24T19:51:23.142570Z,2023-11-24T20:56:51.445423Z,2023-11-24T20:56:43.943887Z,1,2023-11-26T07:30:17.386254Z,1,0,None,160.0,55,0
6012ca987c1b5411b2c45bc2faad459371c9dde6,3b8bf,Cupid Shuffle by Cupid (One Saber),Cupid Shuffle,LaidBackAries,LaidBackAries,2024-04-06T17:53:15.647092Z,2024-04-06T17:52:55.529502Z,2024-04-06T17:53:15.647092Z,2024-04-06T17:52:55.529502Z,1,,1,0,None,143.6,234,0
60203dff132875c0e4e90dc3b5e741d5fa22b3d1,1e24c,"Aether Realm - The Sun, The Moon, The Star","The Sun, The Moon, The Star",ThySpoon,ThySpoon,2021-11-21T02:35:14.316474Z,2021-11-21T00:47:04.803170Z,2021-11-21T02:35:14.316474Z,2021-11-21T00:47:04.803170Z,1,,1,0,None,210.0,1152,0
604ac21a79c26207c96f59b540ecdad00567dc9a,2a1b3,(BL Ranking) Infant Annihilator - II. Anal Prolapse Suffocation,II. Anal Prolapse Suffocation,Vilawes,vilawes,2022-09-20T15:44:05.429903Z,2022-09-20T15:43:42.984390Z,2022-09-20T15:44:05.429903Z,2022-09-20T15:43:42.984390Z,1,,1,0,None,350.0,182,0
6067b339e7799f24a4d7a530cd0fb7b03e26e5e4,2bd9a,Animal Crossing New Horizons - Welcome Horizons [Remix],Animal Crossing New Horizons - Welcome Horizons [Remix],4orizon,Tonkie,2022-11-10T23:54:52.187851Z,2022-11-10T23:53:02.211335Z,2022-11-10T23:54:52.187851Z,2022-11-10T23:53:02.211335Z,1,,1,0,None,150.0,158,0
6099fda09df3b14771fef6e8b330b168d4574f73,1a462,"Imperial Circus Dead Decadence - Fusyoku Ressentiment, Fushiyoku No Sarugakuza.","Fusyoku Ressentiment, Fushiyoku No Sarugakuza.",shrado & Scrappy,shrado,2021-07-14T16:19:40.439Z,2021-07-14T16:19:40.439Z,2021-07-14T16:19:40.439Z,2021-07-14T16:19:40.439Z,1,2022-04-15T20:37:11.792947Z,1,1,None,300.0,431,0
60a777a5370da2b9d7ac991f5acdba36e4bd295f,188ba,Falling In Reverse - Popular Monster,Popular Monster,muffn & altrewin,muffn,2021-05-30T13:56:21.970Z,2021-05-30T13:56:21.970Z,2021-05-30T13:56:21.970Z,2021-05-30T13:56:21.970Z,1,2021-05-30T13:56:21.970Z,1,1,None,165.0,222,0
60d0a66737d9114c883b1f9a3293595e42adbfcb,b785,Camellia - HINODE (Basscore VIP),HINODE,cerret,cerret,2020-06-29T09:59:08.583Z,2020-06-29T09:59:08.583Z,2020-06-29T09:59:08.583Z,2020-06-29T09:59:08.583Z,1,,1,1,None,165.0,276,0
60d472d8e938a316e72f831be444ccf578b4dcea,18a92,Proof of a Hero (Camellia Remix)[R],Proof of a Hero,That_Narwhal,Narwall,2021-06-02T16:32:47.522Z,2021-06-02T16:32:47.522Z,2021-06-02T16:32:47.522Z,2021-06-02T16:32:47.522Z,1,,1,1,None,160.0,183,0
611ff5f46ae9785d08dd3fdd026419eff2bfe8e9,38dce,[V3]オセロ(Othello),Othello,wangyufy,wangyufy,2024-01-13T07:53:04.971184Z,2024-01-13T07:50:54.543543Z,2024-01-31T03:12:28.558884Z,2024-01-31T03:11:05.247295Z,1,2024-01-13T13:05:17.001202Z,1,0,None,212.0,168,0
615e2f6965dc2aef8a29e2940904542be05b11a7,22845,Toby Fox - Rude Buster (Camellia Remix),Rude Buster,"shrado, Fvrwvrd, Timbo & Bitz",shrado,2022-03-03T14:27:27.266584Z,2022-03-03T14:26:53.714572Z,2022-10-10T21:19:57.248167Z,2022-10-10T21:19:46.413205Z,1,2022-05-06T21:47:07.944119Z,1,1,None,265.0,347,0
616856e99747291758bc02e624aafd9222173fa8,3b35b,[Chroma+] kors k & MAYA - Forbidden Noise,Forbidden Noise,shrado & Anodize,shrado,2024-03-26T06:46:35.032565Z,2024-03-26T06:44:43.822083Z,2024-10-27T20:12:00.164705Z,2024-10-27T20:09:58.562619Z,1,2024-05-14T01:30:30.750951Z,1,1,None,120.0,234,0
619250fcf1d3a479d53469b9250837391ae449ea,12162,Schwank - Fresh!,Fresh!,ItsVasili,Vasilidesu,2020-12-27T14:51:24.593Z,2020-12-27T14:51:24.593Z,2020-12-27T14:51:24.593Z,2020-12-27T14:51:24.593Z,1,2020-12-27T14:51:24.593Z,1,0,None,235.0,195,0
61caada06a65088bd514e00d88397ccdef8c7714,1ace5,[Ranked] Camellia - Venomous Firefly,Venomous Firefly,ComplexFrequency,complexfrequency,2021-07-31T19:17:50.528Z,2021-07-31T19:17:50.528Z,2021-07-31T19:17:50.528Z,2021-07-31T19:17:50.528Z,1,2021-07-31T19:17:50.528Z,1,1,None,264.0,122,0
61e3bf41196feac853fa1d531ef87a35153dfb67,31a2d,fifty fifty - Cupid,Cupid,Nebelmonster,Nebelmonster,2023-04-17T20:28:30.242682Z,2023-04-17T20:28:27.631441Z,2023-04-17T20:28:30.242682Z,2023-04-17T20:28:27.631441Z,1,2023-04-20T03:03:16.274654Z,1,0,None,144.0,147,0
620cbed0b317879355e561b5c06ff356686c1706,12ad9,Apocalypse Simulator - Kobaryo,Apocalypse Simulator,xScaramouche & Scrappy,xScaramouche,2021-01-13T17:14:49.352Z,2021-01-13T17:14:49.352Z,2021-01-13T17:14:49.352Z,2021-01-13T17:14:49.352Z,1,,1,1,None,222.0,235,0
62128dfdd39db6a2cc380c254031a9d4367b87a1,127ec,[Ranked] Gram - Nibelungen,Nibelungen,ComplexFrequency,complexfrequency,2021-01-11T02:03:36.770Z,2021-01-11T02:03:36.770Z,2021-01-11T02:03:36.770Z,2021-01-11T02:03:36.770Z,1,,1,1,None,222.0,185,0
6219c4306e833e7fa1e01b0ed4dbcbba69318d39,18864,DJ Noriken - Shoulda Known Better,Shoulda Known Better,shrado & Fvrwvrd,shrado,2021-05-29T20:13:49.198Z,2021-05-29T20:13:49.198Z,2021-05-29T20:13:49.198Z,2021-05-29T20:13:49.198Z,1,2022-04-14T05:52:09.306234Z,1,1,None,170.0,299,0
624c13435ddc281c9881bfb80d9629a5657242f5,2c00e,Laur - Sound Chimera【Game Edition】,Sound Chimera,Purp1e,Purp1e,2022-11-15T11:25:23.889719Z,2022-11-15T11:21:10.149547Z,2022-11-15T11:33:31.236810Z,2022-11-15T11:32:21.244839Z,1,,1,0,None,190.0,143,0
6254580c9ab17f367298e7a7b78986fb58d2a1c8,f583,[Refugee Camp] F-777 - Ludicrous Speed,Ludicrous Speed,Refugee Camp,refugeecamp,2020-09-30T00:03:40.451Z,2020-09-30T00:03:40.451Z,2020-09-30T00:03:40.451Z,2020-09-30T00:03:40.451Z,1,,1,1,None,166.0,181,0
625642cf98cd718dc2835882c227ed983fc65c6b,1013a,[Refugee Camp] Oltrasonik Anfem - t+pazolite (Kobaryo's FTN-Remix),Ultrasonic Anthem,Refugee Camp,refugeecamp,2020-10-21T23:00:33.751Z,2020-10-21T23:00:33.751Z,2020-10-21T23:00:33.751Z,2020-10-21T23:00:33.751Z,1,,1,1,None,300.0,197,0
62e82c1e9c78c9ee5d6d2025e7c1689ac6bb8919,40e0c,Riya - Final Hope,Final Hope,Poochy,Poochy,2024-10-13T21:22:07.273547Z,2024-10-13T21:21:56.298912Z,2025-01-06T19:06:45.195845Z,2025-01-06T19:06:33.687577Z,1,,1,0,None,220.0,115,0
6303c5319d53359fdc053b45f1ef8d4dd2fe0200,22584,Oscar Garvin - Hytale Announcement Trailer,Hytale Announcement Trailer,AlephCubed,AlephCubed,2022-02-27T06:08:27.657510Z,2022-02-27T06:07:56.635708Z,2022-10-04T03:46:55.577690Z,2022-10-04T03:46:47.238568Z,1,,1,0,None,140.0,130,0
6316743b3a2900a75ff59447937ff5b39e4fc907,40127,Kobaryo - Apocalypse Simulator v2.0,Apocalypse Simulator v2.0,ViSi,ViSi,2024-09-08T13:35:45.622078Z,2024-09-08T13:34:46.336642Z,2025-01-01T09:54:03.461704Z,2025-01-01T09:53:55.463241Z,1,2024-09-14T19:21:09.416989Z,1,0,None,222.0,235,0
6343bbda0b1c75d52423e6273858c1d80b6f9326,3ce7a,The Purple Dimension - Extended Version,The Purple Dimension,Cratornugget & ViSi,Cratornugget,2024-05-24T00:43:25.268020Z,2024-05-24T00:43:11.621386Z,2024-08-16T05:26:56.566265Z,2024-08-16T05:26:51.919224Z,1,2024-07-09T20:08:44.798024Z,1,0,None,464.0,187,0
636c13f49eb90c255c6d04df26e9aed336247344,108f5,HaTa - Tonchiki ranchiki chindon kikou (feat. Hatsune Miku),Tonchiki ranchiki chindon kikou,SieR,SieR,2020-11-03T11:43:06.586Z,2020-11-03T11:43:06.586Z,2020-11-03T11:43:06.586Z,2020-11-03T11:43:06.586Z,1,,1,1,None,210.0,169,0
63c42ff6c7f69d8f9c94a41e3db068efb244c1c9,298c6,Mimi Webb - House on Fire,House on Fire,Fireluke Gaming,Fireluke_Gaming,2022-09-03T08:33:00.220487Z,2022-09-03T08:32:54.740835Z,2022-09-03T08:33:00.220487Z,2022-09-03T08:32:54.740835Z,1,2022-09-06T15:25:07.229131Z,1,0,None,150.0,144,0
63d410c14c4361e0a064325c9fbebafbf72fbc3f,e1ff,Jackknife - RIOT,Jackknife,Bush,bush,2020-09-01T19:51:55.527Z,2020-09-01T19:51:55.527Z,2020-09-01T19:51:55.527Z,2020-09-01T19:51:55.527Z,1,,1,1,None,150.0,273,0
6423c4d623ed204905bc8db569e6b1d5a76c141e,187b1,[RANKED] Schwank - Get Gamered Up (feat. DE125 & Lil Triangle) [Short Ver.],Get Gamered Up,ItsVasili,Vasilidesu,2021-05-28T07:12:51.097Z,2021-05-28T07:12:51.097Z,2021-05-28T07:12:51.097Z,2021-05-28T07:12:51.097Z,1,,1,1,None,210.0,327,0
6423f3a3429d503fa97a1c5282155436d12a9366,1e07d,[Ranked] Igorrr - Unpleasant Sonata,Unpleasant Sonata,"Complex, Jabob, & Slimy",complexfrequency,2021-11-16T15:31:30.071189Z,2021-11-16T15:31:08.564021Z,2021-11-30T13:22:57.962999Z,2021-11-30T13:22:32.571570Z,1,2022-09-01T16:49:05.953318Z,1,1,None,224.0,137,0
64540add6f4fae327d8dfebaa695ffe692b5c1bc,1adc0,[Ranked] NF - THAT'S A JOKE,THAT'S A JOKE,FatBeanzoop & muffn,fatbeanzoop,2021-08-02T16:20:03.934Z,2021-08-02T16:20:03.934Z,2021-08-02T16:20:03.934Z,2021-08-14T17:54:21.642818Z,1,2021-08-02T16:20:03.934Z,1,1,None,278.0,230,0
64688ee557a6c0916d2108aa3b39dd79c8468db3,1aaee,[ranked] eden - Gram,eden,slamsyk,slamsyk,2021-07-27T20:56:42.984Z,2021-07-27T20:56:42.984Z,2022-08-26T15:01:18.675759Z,2022-08-26T15:01:09.453126Z,1,2022-09-22T19:20:30.332413Z,1,1,None,246.0,146,0
64a3204bf9804d4e3d8ce5c2f9dab8b551d074fe,98bd,BLANKFIELD - Esoteria,Esoteria,Jez,jez,2020-04-08T20:56:35.383Z,2020-04-08T20:56:35.383Z,2020-04-08T20:56:35.383Z,2020-04-08T20:56:35.383Z,1,,1,1,None,270.0,219,0
64b81f99b76742b3c70eac3bda4230ed55e0d2ad,13051,"Camellia as ""fluX Xroise"" - Xronier (""geneXe"" Long ver.)",Xronier,"shrado, Scrappy, & altrewin",shrado,2021-01-22T03:08:14.060Z,2021-01-22T03:08:14.060Z,2021-01-22T03:08:14.060Z,2021-01-22T03:08:14.060Z,1,2021-01-22T03:08:14.060Z,1,1,None,234.0,303,0
64d8116ca37ad023f986d6d6aba87b2b374be9ac,344bc,DJ Raisei vs Setca. - Utakata no Sekai de (feat. nayuta),Utakata no Sekai de,Light Ai,LightAi,2023-07-23T00:22:32.295810Z,2023-07-23T00:19:37.249960Z,2024-02-22T23:33:43.899146Z,2024-02-22T23:33:16.644854Z,1,2023-07-23T04:50:21.635487Z,1,0,None,216.0,163,0
64f562e56bb52d908c254f31273ff1df29ad4dd7,1e0ef,Camellia - We Magicians Still Alive In 2021,We Magicians Still Alive In 2021,Joshabi,Joshabi,2021-11-18T12:22:12.409509Z,2021-11-17T17:38:24.700519Z,2021-11-18T12:22:12.409509Z,2021-11-18T11:44:42.016992Z,1,2021-11-18T12:22:12.409509Z,1,0,None,155.0,331,0
6518c8d32c6659a74cb72237873340d8f55c99f3,22a16,Dance Gavin Dance - Strawberry's Wake,Strawberry's Wake,Bytrius,Bytrius,2022-03-05T22:18:41.794812Z,2022-03-05T22:16:50.796637Z,2022-03-05T22:18:41.794812Z,2022-03-05T22:16:50.796637Z,1,2022-03-05T23:31:01.168360Z,1,0,None,130.0,221,0
651f82b3849e4e37f7cfddcd9209a4e506b2982e,16711,AttraqtiA[R],AttraqtiA,That_Narwhal,Narwall,2021-04-08T20:18:41.066Z,2021-04-08T20:18:41.066Z,2021-04-08T20:18:41.066Z,2021-04-08T20:18:41.066Z,1,,1,1,None,202.0,161,0
65271048a9a759feca86ced657d1733d5994cdf1,2a9e7,DDImil - Speedcore Paradise || CS Level 1,Speedcore Paradise,Emilia,Emymap,2022-10-05T15:27:26.175572Z,2022-10-05T15:27:16.310268Z,2022-10-05T15:27:26.175572Z,2022-10-05T15:27:16.310268Z,1,,1,0,None,350.0,147,0
65412724a62400ba9d97ee50aa306c7a9c04446e,16dbc,[RANKED] BlackY - ULT!MATE END,ULT!MATE END,Helloiamdaan & RocKz,rockz,2021-04-18T17:00:26.850Z,2021-04-18T17:00:26.850Z,2021-04-18T17:00:26.850Z,2021-04-18T17:00:26.850Z,1,,1,1,None,300.0,268,0
657d3fb7d1d0bfde96caacff43ebc4c7ce970dad,1fdfa,Camellia - Electromagnetic Stealth Girl Born In Philadelphia,Electromagnetic Stealth Girl Born In Philadelphia,Aimedhades16 & Lobster,Aimedhades16,2022-01-09T01:45:46.666715Z,2022-01-09T01:45:41.203634Z,2022-09-02T00:11:10.662809Z,2022-09-02T00:10:41.625835Z,1,2022-10-02T03:14:48.427936Z,1,1,None,264.0,296,0
65b27b229061130a336d1f5ff0892a9ad6f3b6ea,2f625,Schwank - Memories of the winter storm,Memories of the winter storm,ItsVasili,Vasilidesu,2023-02-14T10:27:30.865380Z,2023-02-14T10:27:03.562939Z,2023-05-21T08:44:02.533195Z,2023-05-21T08:43:58.929179Z,1,,1,0,None,205.0,195,0
66193dabe3828397b148bd3cc3750e237490a74a,15300,+ERABY+E CONNEC+10N - Camellia,+ERABY+E CONNEC+10N,Tootie,tootie,2021-03-08T23:05:55.734Z,2021-03-08T23:05:55.734Z,2021-03-08T23:05:55.734Z,2021-03-08T23:05:55.734Z,1,,1,1,None,230.0,309,0
666eeac0f3eee2278dcb971ac1d27421a0335801,1a552,Eight - Yotsuya-san ni Yoroshiku (Himeringo cover),Yotsuya-san ni Yoroshiku,CoolingCloset,CoolingCloset,2021-07-16T18:43:11.360Z,2021-07-16T18:43:11.360Z,2021-10-11T20:42:27.065243Z,2021-10-11T20:42:17.104490Z,1,2021-07-16T18:43:11.360Z,1,1,None,220.0,173,0
668b09ac765bfd4c6b65c7d76da7cf125e324cdb,2c803,Camellia - ∀NOMALY,ANOMALY,A Jhintleman,a-jhintleman,2022-11-30T06:07:57.900243Z,2022-11-30T06:07:46.838929Z,2022-12-03T06:52:40.214226Z,2022-12-03T06:52:23.122959Z,1,,1,0,None,210.0,266,0
66ceefd205ecc6cd007ea851f1bf7e4856ab8ffc,630e,werewolf howls. [''Growling'' Long ver.],werewolf howls.,DE125,straubreyyy,2019-09-13T01:29:47.950Z,2019-09-13T01:29:47.950Z,2019-09-13T01:29:47.950Z,2019-09-13T01:29:47.950Z,1,,1,1,None,222.0,262,0
66d6fee693a2d1c20c0fd729df95ec47d413feef,2a4d9,2Hounds - Falling down,Falling down,D7oomyAli,D7oomyAli,2022-09-26T23:13:18.258324Z,2022-09-26T23:12:53.408344Z,2022-10-23T00:22:28.938970Z,2022-10-23T00:22:08.289666Z,1,2022-11-20T23:19:11.101967Z,1,0,None,126.0,149,0
670e079a9d657b5abe4ec97abe6d5045938598fd,37fa9,Kobaryo - Affiliate Requiem || CS Level 3,Affiliate Requiem,Emilia & Complex,Emymap,2023-12-13T22:37:43.537355Z,2023-12-13T22:37:14.784300Z,2023-12-27T22:48:36.563202Z,2023-12-27T22:48:06.745424Z,1,,1,0,None,300.0,209,0
67102d4c2d0010b636a0e99b0965b25bd477991a,36844,[Scaretastic Pack] Schwank - OPEN YOUR 3RD EYE,OPEN YOUR 3RD EYE,Pink,Pink,2023-10-19T15:06:59.467375Z,2023-10-19T15:06:55.142035Z,2023-11-12T04:59:12.362392Z,2023-11-12T04:59:07.073002Z,1,,1,0,None,233.0,187,0
676689a389f4409386a98fa8dfe46d8575024ca2,12e52,[Ranked] Camellia - Syzygia,Syzygia,Jabob,Jabob,2021-01-19T14:27:39.315Z,2021-01-19T14:27:39.315Z,2021-01-19T14:27:39.315Z,2021-01-19T14:27:39.315Z,1,,1,1,None,190.0,255,0
67935d25caf0996a282e87ac7a21738812b629dd,f621,[Ranked]Kobaryo - Paranoid Mirage,Paranoid Mirage,Soba`s,Sobas,2020-09-30T23:00:15.005Z,2020-09-30T23:00:15.005Z,2020-09-30T23:00:15.005Z,2020-09-30T23:00:15.005Z,1,,1,1,None,260.0,214,0
67a32c8e55eab4ec913eec676b0b23b45bcc9e0e,1feab,[Ranked] DJ Noriken feat. Kanae Asaba - Turn It Up (Yooh Remix),Turn It Up,abcbadq,abcbadq,2022-01-09T19:51:15.189426Z,2022-01-09T19:50:38.476834Z,2023-06-06T14:21:52.476825Z,2022-07-09T01:23:41.371371Z,1,2022-06-08T03:09:33.070665Z,1,1,None,175.0,245,0
67a8a7ef7d27ef3a62bc27f1a5f73b2ce639a5cb,1eaff,All Time Low - Monsters (feat Blackbear & Demi Lovato),Monsters,JRE_McNuggies,JRE_McNuggies,2021-12-07T20:24:43.512771Z,2021-12-07T20:22:31.437047Z,2022-07-27T17:40:59.187640Z,2022-07-27T17:40:56.059603Z,1,2021-12-07T20:24:43.512771Z,1,0,None,162.0,176,0
67acef2b69544228abbced6b4140e63cc938ff31,100e7,Seiryu x t+pazolite 256*256,256*256,Rise & SieR,rise,2020-10-21T06:30:17.142Z,2020-10-21T06:30:17.142Z,2020-10-21T06:30:17.142Z,2020-10-21T06:30:17.142Z,1,,1,1,None,256.0,242,0
67bb0d3f7b8e46968c7a4f4346dee5f9d8effd09,a069,MDK - Press Start,Press Start,muffn,muffn,2020-04-29T20:37:16.103Z,2020-04-29T20:37:16.103Z,2020-04-29T20:37:16.103Z,2020-04-29T20:37:16.103Z,1,,1,1,None,123.0,212,0
67cc2802080878e5492d4f9d64b4de0ebbe83d53,3ba4b,ME:I - Click,Click,Jonas_0_0,Jonas,2024-04-09T18:27:07.274883Z,2024-04-09T18:23:31.849069Z,2024-06-10T00:53:23.211131Z,2024-06-10T00:53:17.919624Z,1,2024-04-10T01:08:34.003354Z,1,0,None,141.0,167,0
67d447c76d71c525c24d07a8519f55f23a5c15a0,362f1,Kobaryo - GiveMe!Kid'sMeal! ft. Yukacco,GiveMe!Kid'sMeal!,Jojobanana,jojobanana,2023-10-04T17:14:22.357645Z,2023-10-04T17:14:11.547686Z,2023-10-28T14:29:59.006334Z,2023-10-28T14:29:48.650214Z,1,2023-10-09T14:48:38.164053Z,1,0,None,298.0,202,0
67dd0fa1244645d3bd69bfe67aa7a25edcf15692,b604,[RANKED] Talitha Tan - Okay (Spuds Remix),Okay,ItsVasili,Vasilidesu,2020-06-25T12:14:14.449Z,2020-06-25T12:14:14.449Z,2020-06-25T12:14:14.449Z,2020-06-25T12:14:14.449Z,1,2020-06-25T12:14:14.449Z,1,1,None,152.0,236,0
67ed4a435e15f5611b2faeb5efc8a00076e709aa,38a54,DECO*27 - The Vampire (Nerissa Ravencroft Cover),The Vampire,Xarope93,Xarope93,2024-01-06T22:49:56.413755Z,2024-01-06T22:42:53.809887Z,2024-02-22T18:53:16.595607Z,2024-02-22T18:53:01.448843Z,1,2024-01-07T22:07:46.134777Z,1,0,None,164.0,181,0
68314820e8cad82322452f840845e06089416cc6,18ea0,[RANKED] XXXTENTACION - changes,changes,nolan121405,nolan121405,2021-06-07T15:44:32.503Z,2021-06-07T15:44:32.503Z,2021-06-07T15:44:32.503Z,2021-06-07T15:44:32.503Z,1,,1,1,None,130.0,124,0
684a8001e7b3c7a3a365baeb00b711ad62a6f232,3fa76,"beatMario - Night of Knights (Camellia's ""Once Upon A [K]Night"" Remix)",Night of Knights,Komeijisan & Shosa,komeijisan051,2024-08-21T15:11:47.260499Z,2024-08-21T15:06:24.942908Z,2025-01-04T05:52:39.686028Z,2025-01-04T05:51:32.945757Z,1,2024-08-26T18:54:29.322437Z,1,0,None,188.0,280,0
68744c619f4769305bf55c33ab99c013870dc96a,4413,[V2] Ring Of Fortune - Eri Sasaki (Plastic Memories OP TV Size),Ring Of Fortune (TV Size),SagittariusFam,sagittariusfam,2019-04-07T11:36:07Z,2019-04-07T11:36:07Z,2019-04-07T11:36:07Z,2019-04-07T11:36:07Z,1,,1,1,None,158.0,90,0
68b26b53bc3e1b5999770db7b6c4358251717521,765d,Kobaryo - Recollection,Recollection,muffn & ExUnReal,muffn,2019-12-14T17:04:23.047Z,2019-12-14T17:04:23.047Z,2019-12-14T17:04:23.047Z,2019-12-14T17:04:23.047Z,1,2023-01-10T09:51:40.150180Z,1,1,None,266.0,228,0
68ef4d3d2d22d2d256d380becb48d7b9fc2883d3,29432,t+pazolite - Party in the Hollowood feat. Nanahira [HOLLOWeen Sitchaka Metchaka Remix],Party in the Hollowood feat. Nanahira,Gabriel & Marsh,Gabriel,2022-08-27T01:11:03.215745Z,2022-08-27T01:08:58.939623Z,2022-08-27T01:11:03.215745Z,2022-08-27T01:08:58.939623Z,1,,1,0,None,200.0,202,0
692c3639c199dc1fa381325b77a70966186c125f,1942,Chrome Vox - t+pazolite,Chrome Vox,Moriik,Moriik,2018-10-08T03:33:42Z,2018-10-08T03:33:42Z,2018-10-08T03:33:42Z,2018-10-08T03:33:42Z,1,,1,1,None,205.0,144,0
696113c37609449e94d6b0f33a7e2ac28faf73c7,fb8b,Ray Volpe - Battle Of The Bros,Battle Of The Bros,Khenab,khenab,2020-10-08T04:37:27.399Z,2020-10-08T04:37:27.399Z,2020-10-08T04:37:27.399Z,2020-10-08T04:37:27.399Z,1,,1,1,None,150.0,218,0
696ad801f4b1add00605f9aef2883a629037901e,43222,Adust Rain - psychology [Chroma],psychology,ViSi,ViSi,2025-01-11T21:07:30.456308Z,2025-01-11T21:06:50.232441Z,2025-02-24T15:51:05.650707Z,2025-02-24T15:51:01.227694Z,1,2025-06-11T12:58:53.216718Z,1,1,None,153.0,217,0
697b9800de84149ef6e938ea198f0af14c391ec0,c1b2,Camellia - Z:iRNiTRA,Z:iRNiTRA,DE125 & TheRealZeroz,straubreyyy,2020-07-17T02:08:33.412Z,2020-07-17T02:08:33.412Z,2020-07-17T02:08:33.412Z,2020-07-17T02:08:33.412Z,1,,1,1,None,235.0,384,0
69805a8deb951713842ee24b7f016634e8201e08,4cdf0,TAK x Corbin - Tic! Tac! Toe!,Tic! Tac! Toe!,thenamesashley,thenamesashley,2025-12-11T16:45:30.337414Z,2025-12-11T16:45:25.156204Z,2026-03-14T14:47:00.699314Z,2026-03-14T14:46:56.298815Z,1,2025-12-12T09:29:09.100998Z,1,0,None,126.0,137,0
699be1d240cc0e814812b000fa2444e2b0165469,182bc,JIN - Additional Memory,Additional Memory,Joshabi,Joshabi,2021-05-21T22:17:28.029Z,2021-05-21T22:17:28.029Z,2021-05-21T22:17:28.029Z,2021-08-05T07:55:50.282427Z,1,2021-05-21T22:17:28.029Z,1,1,None,200.0,243,0
69aaacf7ce0b66e590e9a6530d087ac4b3d5ee40,b342,Camellia - crystallized,crystallized,muffn & ExUnReal,muffn,2020-06-16T23:39:50.975Z,2020-06-16T23:39:50.975Z,2020-06-16T23:39:50.975Z,2020-06-16T23:39:50.975Z,1,,1,1,None,174.0,277,0
69e494f4a295197bf03720029086fabe6856fbce,e970,Nekopara - Shiny Happy Days (TV Size),Shiny Happy Days,VRMasked & Dr_Marc,vrmasked,2020-09-12T22:29:19.887Z,2020-09-12T22:29:19.887Z,2020-09-12T22:29:19.887Z,2020-09-12T22:29:19.887Z,1,,1,1,None,188.0,91,0
69f88e8c58f6c6708c0cc5c71c0113bb244c9f7d,48374,[V4.1] S3RL & Atef - One More,One More,Blackjack,blackjack,2025-07-02T19:28:13.041930Z,2025-07-02T19:27:06.627840Z,2025-10-24T14:17:25.147588Z,2025-10-24T14:17:20.497467Z,1,2025-08-01T01:10:13.001635Z,1,0,None,175.0,191,0
6a244f12d828b4df03cc0aef84bb81232ab0996c,2d205,Mo Falk - I Gotchu,I Gotchu,"Phøenix, AkaBaka",Phoenix,2022-12-19T21:22:20.506677Z,2022-12-19T21:19:44.849286Z,2022-12-19T21:22:20.506677Z,2022-12-19T21:19:44.849286Z,1,2022-12-20T00:54:36.643092Z,1,0,None,126.0,148,0
6a5aea3ce9a7a9f120ebd4deea377b4a54640bfb,6b5f,V2 | The Quick Brown Fox - Break,Break,Souk & Oddloop,Soukky,2019-10-21T18:27:32.597Z,2019-10-21T18:27:32.597Z,2019-10-21T18:27:32.597Z,2019-10-21T18:27:32.597Z,1,,1,1,None,260.0,97,0
6a6d548e2f809a323cef284f338567480aaeee9f,1667f,Snails & Pegboard Nerds - Deep in the Night (Muzzy Remix),Deep in the Night,scoop,scoop,2021-04-07T23:09:37.843Z,2021-04-07T23:09:37.843Z,2021-04-07T23:09:37.843Z,2021-04-07T23:09:37.843Z,1,2022-08-21T15:57:04.001624Z,1,1,None,175.0,250,0
6a7b5ac69f69a88ea0ac00e4282ff129173ffb83,23f7b,[RANKED] Kobaryo - Dimension Hacker,Dimension Hacker,Aquaflee,Aquaflee,2022-04-05T18:08:40.047013Z,2022-04-05T18:08:31.199208Z,2022-07-09T23:08:02.137587Z,2022-07-09T23:07:36.658695Z,1,,1,1,None,343.0,150,0
6a941e5cdb465890202fbe9113b8e9a028ab1603,2e61d,abcdefu - Gayle (explicit lyrics),abcdefu,LaidBackAries,LaidBackAries,2023-01-19T22:04:08.524068Z,2023-01-19T22:03:43.695730Z,2023-11-16T22:39:14.403326Z,2023-11-16T22:38:30.566623Z,1,,1,0,None,122.0,170,0
6ad27b1f25953c0112d6d79bfc1cab76c89f630a,2b4cf,[Latin] Mambo by DJ Steve Aoki,Mambo,DeeDee,Dee-Dee,2022-10-24T14:08:28.655403Z,2022-10-24T14:07:04.343824Z,2022-10-24T14:08:28.655403Z,2022-10-24T14:07:04.343824Z,1,2022-10-24T21:37:01.062762Z,1,0,None,128.0,250,0
6b571c3594426b088e73fdb12c1e81ddb9076631,17164,Azazal - Paws and Play,Paws and Play,CyanSnow,CyanSnow,2021-04-23T23:07:16.192Z,2021-04-23T23:07:16.192Z,2021-04-23T23:07:16.192Z,2021-04-23T23:07:16.192Z,1,,1,1,None,110.0,176,0
6b9f13a8fdf111da8faa849a3615e2bcdcb4954a,102e2,MARETU - Tool,Tool,Kitoyo & Emilia,kitoyodesu,2020-10-24T20:21:53.166Z,2020-10-24T20:21:53.166Z,2020-10-24T20:21:53.166Z,2020-10-24T20:21:53.166Z,1,,1,1,None,172.0,53,0
6bab712a09d31ab568f27c5e8c0fcb1651da40f5,97d0,"Adieu, to this Lively Graveyard - Stack Bros.","Adieu, to this Lively Graveyard",Various Mappers,redmagi,2020-04-05T21:24:51.541Z,2020-04-05T21:24:51.541Z,2020-04-05T21:24:51.541Z,2020-04-05T21:24:51.541Z,1,,1,1,None,115.0,184,0
6be290e33fd748cd678d4c38f1d59e582a44045f,29715,[RANKED] DJ Genki - Introduction,Introduction,fqrb & yabje,fqrb,2022-08-30T18:07:00.790707Z,2022-08-30T18:06:41.797711Z,2022-11-13T13:25:19.066232Z,2022-11-13T13:25:03.889020Z,1,2022-09-01T23:26:20.724223Z,1,1,None,200.0,46,0
6c01278f0ef657ce2ef86026fab6035b3d8d20a3,2c5b9,BIMONTE - Dragostea Din Tei,Dragostea Din Tei,Nebelmonster,Nebelmonster,2022-11-25T12:52:23.423305Z,2022-11-25T12:52:16.431950Z,2023-04-09T11:39:07.304100Z,2023-04-09T11:39:04.223697Z,1,2022-11-28T18:55:51.445954Z,1,0,None,124.0,129,0
6c0407067f97127c3c766a34d91efe40a1878c15,3bebd,[BL RANKED] Yooh - ULTRA BOOST,ULTRA BOOST,GalaxyMaster,GalaxyMaster,2024-04-19T22:48:41.047010Z,2024-04-19T22:45:26.208240Z,2024-07-10T09:11:44.760131Z,2024-07-10T09:11:39.195166Z,1,2024-05-20T04:37:59.651287Z,1,0,None,180.0,160,0
6c08b42f00716b35bfe8d0f7f234f7f06b17964a,1fd07,THE WORLD REVOLVING (Camellia Remix) - Toby Fox,THE WORLD REVOLVING,Olaf & SlimyBlob,olaf,2022-01-08T00:16:25.834610Z,2022-01-08T00:16:12.258302Z,2022-03-02T02:08:07.231174Z,2022-03-02T02:07:53.744667Z,1,,1,1,None,210.0,410,0
6c56ad4e1265698229b4686dd38627fd5b0cfd96,24504,The Girl (feat. Cozi Zuehlsdorff) (Stonebank Remix) - Hellberg,The Girl,Olaf,olaf,2022-04-13T00:23:44.448409Z,2022-04-13T00:23:33.255212Z,2022-04-13T00:23:44.448409Z,2022-04-13T00:23:33.255212Z,1,2022-06-30T12:34:31.690708Z,1,0,None,170.0,255,0
6c62c4396147438160153d63f28dccd9334cbd28,35340,NOOT NOOT - Luca-Dante Spadafora,NOOT NOOT,"Pasketi, Jevk",Pasketi,2023-08-25T18:29:28.611992Z,2023-08-25T18:24:48.471037Z,2023-12-05T21:11:01.926581Z,2023-12-05T21:10:43.811145Z,1,,1,0,None,158.0,129,0
6c680ab891c7a5af515161c156bf0249fe77f010,10793,Planetes - EGOIST,Planetes,Uninstaller,uninstaller,2020-11-01T12:02:28.111Z,2020-11-01T12:02:28.111Z,2020-11-01T12:02:28.111Z,2020-11-01T12:02:28.111Z,1,2020-11-01T12:02:28.111Z,1,1,None,140.0,258,0
6c69b6331925f0cf6aed9998286988f31f3f9141,2767c,[Chroma] acloudyskye - Safety!,Safety!,"Phøenix, Endy, GojiCrafter",Phoenix,2022-07-08T13:54:39.294497Z,2022-07-04T04:16:06.902930Z,2022-07-08T19:44:05.372441Z,2022-07-08T19:43:51.153144Z,1,2022-07-08T14:46:44.005759Z,1,0,None,90.0,638,0
6c90343ab239d12ee9187fde0ceb214e9674f15d,3fbe5,[BL Ranked] Elena Siegman - 115 (Futakuchi Mana Cover),115,Slayx & ViSi,Slayx,2024-08-24T17:13:32.443952Z,2024-08-24T17:11:53.186692Z,2024-12-23T14:18:30.144882Z,2024-12-23T14:18:20.458847Z,1,2024-08-30T01:24:48.357950Z,1,0,None,200.0,232,0
6cb7990450b240d223f8081e541d8fe777f2308e,26be9,Kobaryo - Theme for Psychopath Justice,Theme for Psychopath Justice,Aquaflee,Aquaflee,2022-06-14T17:03:53.334459Z,2022-06-14T17:03:42.584033Z,2022-06-14T17:03:53.334459Z,2022-06-14T17:03:42.584033Z,1,2022-10-29T15:28:01.501872Z,1,0,None,183.0,136,0
6cbe4f85271656591cf5402c3bab3364bf8b98aa,2b4,Happy Synthesizer,Happy Synthesizer ,EasyPop,mystikmol,2018-05-29T09:39:16Z,2018-05-29T09:39:16Z,2018-05-29T09:39:16Z,2018-05-29T09:39:16Z,1,,1,1,None,127.0,96,0
6cd691417bc2b085aaffe0e450504e9f11cc93c3,284d0,[SC2H] seatrus - Raindrop,Raindrop,GojiCrafter,GojiCrafter,2022-07-31T00:00:00.680Z,2022-07-30T23:43:46.709393Z,2022-09-01T21:48:14.758503Z,2022-09-01T21:48:05.615465Z,1,,1,0,None,155.0,151,0
6d9b79e4ecfc59729dac40b61d7bd54d3b86c38d,32d62,REDALiCE vs MASAKI - BUCHiGiRE Berserker,BUCHiGiRE Berserker,Jojobanana,jojobanana,2023-06-02T22:15:19.050376Z,2023-06-02T22:15:11.269951Z,2023-06-03T13:56:52.848483Z,2023-06-03T13:55:36.645290Z,1,,1,0,None,200.0,149,0
6dd22ddebe42d403bd585ef2cfbe772e931f2d65,c2f1,Rhodanthe - Jumping!! (Short Vers.),Jumping!!,VRMasked & Dr_Marc,vrmasked,2020-07-18T22:33:23.084Z,2020-07-18T22:33:23.084Z,2020-07-18T22:33:23.084Z,2020-07-18T22:33:23.084Z,1,,1,1,None,175.0,83,0
6e1dd7faa7e8b4fd73d1512e86c466dfb6397e5a,2acd5,[BL Ranked] t+pazolite VS Sakuzyo - Silentphobia,Silentphobia,1100ping_boi & Slayx,1100ping_boi,2022-10-22T14:48:59.424379Z,2022-10-10T21:22:44.749222Z,2023-04-24T14:36:30.701125Z,2023-04-24T14:36:26.604033Z,1,,1,0,None,290.0,158,0
6e3a349f55e861703c599065f4ecb9f4374057c7,cddb,TRICKL4SH 220[R],TRICKL4SH 220,That_Narwhal,Narwall,2020-08-03T15:58:05.162Z,2020-08-03T15:58:05.162Z,2020-08-03T15:58:05.162Z,2020-08-03T15:58:05.162Z,1,,1,1,None,220.0,228,0
6e9498f81bbf26fa47b1691557b22486a720254d,24d9b,[BL RANKED] Gram VS Kobaryo - Yggdrasil,Yggdrasil,GalaxyMaster,GalaxyMaster,2022-10-05T20:18:27.376885Z,2022-04-24T21:35:06.094537Z,2023-06-02T21:44:15.857505Z,2023-06-02T21:44:09.880035Z,1,,1,0,None,200.0,423,0
6ea16cccb4aa82c9a023a73e10bc058a2721728e,3eedf,uma vs. モリモリあつし - Re: End of a Dream,Re: End of a Dream,zomman,zomman,2024-07-28T13:52:55.547916Z,2024-07-28T13:35:33.422757Z,2025-01-28T08:34:18.943891Z,2025-01-28T08:33:45.889460Z,1,2024-08-03T12:23:01.135834Z,1,0,None,212.0,144,0
6f05a9b96661dd873ea407730f59a25f6b5cef67,4b51f,Gram VS Kobaryo - Yggdrasil,Yggdrasil,Komeijisan051,komeijisan051,2025-10-16T16:35:03.513809Z,2025-10-16T16:33:34.792012Z,2026-04-08T14:23:04.415966Z,2026-04-08T14:22:55.702755Z,1,,1,0,None,200.0,424,0
6f33249b17710972bf5ddd742c3fa66ce4637bc2,4d8ea,it's a seal! - justan oval,it's a seal!,StrangeSparky,StrangeSparky,2026-01-04T22:00:00.659583Z,2026-01-04T21:45:04.652786Z,2026-03-25T14:35:23.575488Z,2026-03-25T14:34:59.717177Z,1,2026-03-25T17:31:45.158028Z,1,0,None,105.0,69,0
6f41db10db5070511552d5932419c738b17d3e41,19de,Made In Love SDVX,Made In Love,Chroma,mystikmol,2018-10-12T16:46:29Z,2018-10-12T16:46:29Z,2018-10-12T16:46:29Z,2018-10-12T16:46:29Z,1,,1,1,None,88.0,139,0
6f6566885d6fbff5164dc8ad785a9f25dc8da2df,a063,Eliminate - Weeble Wobble VIP,Weeble Wobble VIP,+1 Rabbit,plusonerabbit,2020-04-29T18:59:32.657Z,2020-04-29T18:59:32.657Z,2020-04-29T18:59:32.657Z,2020-04-29T18:59:32.657Z,1,,1,1,None,150.0,169,0
6f737e2c408081173d2fee29285c4c207ee18a24,2e16b,NF - The Search,The Search,Phøenix,Phoenix,2023-01-12T23:01:13.586766Z,2023-01-12T22:56:27.445670Z,2023-01-12T23:01:13.586766Z,2023-01-12T22:56:27.445670Z,1,,1,0,None,240.0,249,0
6f8edc6c41c881a53ed6d9c307fc2ab0217a0f3b,3a6ab,[One Saber] Camellia - Mystery Circles Ultra / U.U.F.O.,Mystery Circles Ultra / U.U.F.O.,Darkrealm7,Darkrealm7,2024-02-26T18:40:57.980923Z,2024-02-26T18:40:48.260124Z,2024-04-19T23:41:03.646423Z,2024-04-19T23:40:54.138894Z,1,2024-05-13T10:38:44.595763Z,1,0,None,200.0,242,0
6f95b1ecbb5861b68bdeb6951ee3d5d1680aa8b3,144bc,Dropgun & Leat'eq - Move,Move,Teuflum,Teuflum,2021-02-19T15:01:18.904Z,2021-02-19T15:01:18.904Z,2021-02-19T15:01:18.904Z,2021-02-19T15:01:18.904Z,1,2021-02-19T15:01:18.904Z,1,1,None,126.0,186,0
701587ce2d1e502f8352c3cfd0627c1844b0ff0a,12dc3,EGOIST - RELOADED (Short Ver.),RELOADED,CoolingCloset,CoolingCloset,2021-01-18T12:18:56.841Z,2021-01-18T12:18:56.841Z,2021-01-18T12:18:56.841Z,2021-01-18T12:18:56.841Z,1,2021-01-18T12:18:56.841Z,1,1,None,173.0,199,0
705044aaa316f5b5e68d9a898c29dded36439f36,47dd6,I Feel Fine (Pt.1) - Sex Bob-Omb,I Feel Fine,pkmo,pkmo.,2025-06-18T05:57:48.510536Z,2025-06-18T05:57:41.957309Z,2026-05-09T23:52:22.695253Z,2026-05-09T23:52:12.670611Z,1,,1,0,None,190.0,58,0
7074a3c9865d2018eb1dda09ea9d5cbd8ae506e8,1527a,Kobaryo - Revolver Churros,Revolver Churros,scoop,scoop,2021-03-08T11:55:01.150Z,2021-03-08T11:55:01.150Z,2021-03-08T11:55:01.150Z,2021-03-08T11:55:01.150Z,1,,1,0,None,261.0,190,0
7091e07305aab0e1e85f4c292c97750d138a9e4b,1a55e,Imil - My Album Is Out On Dance Corps So Now I Am Allowed To Do A Dancecore Yay!,My Album Is Out On Dance Corps So Now I Am Allowed To Do A Dancecore Yay!,Emilia,Emilia,2021-07-16T20:01:11.565Z,2021-07-16T20:01:11.565Z,2022-04-26T00:06:24.381390Z,2021-09-13T20:32:52.982222Z,1,,1,1,None,250.0,116,0
70a8c2ecd63493beaf9a98609006ef4c50aa72cc,27ab3,MYUKKE. - The 89's Momentum,The 89's Momentum,yabje,yabje,2022-07-11T12:26:44.451202Z,2022-07-11T12:26:22.715709Z,2022-07-11T12:27:49.589419Z,2022-07-11T12:27:43.262048Z,1,2022-07-14T02:53:56.990775Z,1,0,None,256.0,139,0
70c128e70d8e42ed53cd2546028516a0bae1ca2d,4c356,[GD Mash Pack II] Rukkus - Classical VIP,Classical VIP,"3psilon9, Swell, The_Editor",3psilon9,2025-11-17T05:10:21.493481Z,2025-11-17T05:06:37.145520Z,2026-07-30T20:59:18.201255Z,2026-07-30T20:58:58.968854Z,1,2026-01-22T22:50:22.869092Z,1,0,None,174.0,197,0
71413caa60c658afd4c872c1a21fb1e7209ab367,26d82,Camellia - Play with Fire / Hiasobi (feat. Hatsune Miku),Play With Fire / Hiasobi,BrightKnight,brightknight,2022-06-18T04:24:09.290345Z,2022-06-18T04:22:30.278985Z,2022-06-18T14:01:00.937858Z,2022-06-18T13:59:43.513876Z,1,2022-06-23T02:17:51.545129Z,1,0,None,134.0,245,0
714f0c1cdf53c41083fcd357b6e995c2f6a8fa6c,873f,Dropgun - Fire Blazing,Fire Blazing,Teuflum,Teuflum,2020-02-15T16:00:10.680Z,2020-02-15T16:00:10.680Z,2020-02-15T16:00:10.680Z,2020-02-15T16:00:10.680Z,1,2020-02-15T16:00:10.680Z,1,1,None,140.0,143,0
71f4a05a0eb2284be83ab5ef07f46b03f320e5dd,49389,t+pazolite vs Kaneko Chiharu - CHUTEN,CHUTEN,Glasso050,Glasso050,2025-08-07T07:31:06.055472Z,2025-08-07T07:31:00.725663Z,2025-10-26T11:00:24.099169Z,2025-10-26T11:00:19.760029Z,1,,1,0,None,250.0,161,0
71fc5dfb49eb607f9aa9063fe63f2384bc1dbce0,37483,Moon Halo - M2U,Moon Halo,Pleo,pleo,2023-11-17T14:43:01.143371Z,2023-11-17T14:33:30.171963Z,2023-11-29T00:18:28.441253Z,2023-11-29T00:18:11.131008Z,1,2023-11-18T23:28:08.517310Z,1,0,None,180.0,110,0
71feed23bff9e8b967c3ffe2646b1c878aeb86df,b2f3,Camellia - epimerization,epimerization,Fern,fern,2020-06-15T23:04:00.119Z,2020-06-15T23:04:00.119Z,2020-06-15T23:04:00.119Z,2020-06-15T23:04:00.119Z,1,,1,1,None,204.0,330,0
71ff5e91972c87304873a02276ce6a9d80691ee9,fdd3,Brain Power (SDVX Mix) - NOMA,Brain Power,Redmagi,redmagi,2020-10-12T20:16:38.972Z,2020-10-12T20:16:38.972Z,2020-10-12T20:16:38.972Z,2020-10-12T20:16:38.972Z,1,,1,1,None,170.0,110,0
7226750a78717554c34dbf96e18d4cd94176b089,2cde2,[340-380BPM] DJ Myosuke - Inevitable Misfortune || CS Level 5,Inevitable Misfortune,Emilia,Emymap,2022-12-10T21:17:27.970806Z,2022-12-10T21:15:47.331071Z,2023-04-19T02:43:32.097050Z,2023-04-19T02:43:27.794866Z,1,,1,0,None,340.0,200,0
7245cf4b22da8c2360e6c7eb00850d0cad63e1c6,3fe0a,Final-Boss-Chan,Final-Boss-Chan,Oceania Beat Saber,Speecil,2024-08-30T07:56:20.458323Z,2024-08-30T07:56:04.772540Z,2024-12-09T01:40:01.877884Z,2024-12-09T01:39:39.512292Z,1,,1,0,None,322.0,206,0
725fd8e611f1951f993fef82ba6f507421615e4c,14338,[RANKED] Camellia - No Heroes are Allowed to Enter ,No Heroes are Allowed to Enter,ThySpoon,ThySpoon,2021-02-17T23:28:55.025Z,2021-02-17T23:28:55.025Z,2021-02-17T23:28:55.025Z,2021-02-17T23:28:55.025Z,1,,1,1,None,200.0,265,0
726b43f1f3608910558eb596ffe3a77303988742,3838a,"Juice WRLD, Eminem & benny blanco - Lace It",Lace It,Loloppe,loloppe,2023-12-21T23:11:57.206078Z,2023-12-21T23:10:04.860064Z,2024-01-22T00:08:01.495036Z,2024-01-22T00:07:57.139102Z,1,,1,0,None,160.0,220,0
727f16f8bef6ddb62f7a1abd3677737f5082a302,243d,Flat Zone 2 [Smash Bros Map Pack],Flat Zone 2,Todokete,todokete,2018-12-07T00:16:03Z,2018-12-07T00:16:03Z,2018-12-07T00:16:03Z,2018-12-07T00:16:03Z,1,,1,1,None,160.0,129,0
7296582b7df0475dd25dbec1bfa1db274ab044e6,28d74,[Ranked] Kobaryo - Vicious Heroism -Traitor Version-,Vicious Heroism,ComplexFrequency,complexfrequency,2022-08-13T12:26:33.754571Z,2022-08-13T12:21:46.321226Z,2023-02-02T02:42:17.589649Z,2023-02-02T02:42:13.044397Z,1,2022-09-01T16:46:25.557018Z,1,1,None,256.0,188,0
7369a0c65edef33f7a5d4771f929c2681a58f657,46e4f,Priestess - Lay Down,Lay Down,Uncouth,Uncouth,2025-05-12T12:38:22.071708Z,2025-05-12T12:27:59.591744Z,2025-07-30T12:05:04.767393Z,2025-07-30T12:04:58.852675Z,1,2025-07-18T16:34:03.057387Z,1,0,None,122.0,188,0
738b9b0543b37c5589d56f0c2a8fb821f7f88bcf,15fd7,[Ranked] Camellia - (The) Immortal Scream,(The) Immortal Scream,ComplexFrequency,complexfrequency,2021-03-28T17:23:11.490Z,2021-03-28T17:23:11.490Z,2021-03-28T17:23:11.490Z,2021-03-28T17:23:11.490Z,1,,1,1,None,299.0,262,0
73aa21e280242cc6935cfe371b9da96720032ff7,1a8a,Bitch Lasagna.,Bitch Lasagna,Rogdude,rogdude,2018-10-16T15:13:55Z,2018-10-16T15:13:55Z,2018-10-16T15:13:55Z,2018-10-16T15:13:55Z,1,,1,1,None,150.0,135,0
73c29ac68f83825c602d070709dcce05d21bbd56,325e5,Jonas Blue ft. William Singe - Mama,Mama,Nebelmonster,Nebelmonster,2023-05-14T12:21:46.471117Z,2023-05-14T12:21:42.386722Z,2023-06-27T13:52:00.051301Z,2023-06-27T13:51:58.252698Z,1,2023-05-19T00:03:47.483498Z,1,0,None,104.0,182,0
74609523dbf9d849862260cfcec3dc45034913e0,bbe2,"[Ranked] t+pazolite - Good Night, Bad Luck","Good Night, Bad Luck",abcbadq,abcbadq,2020-07-08T23:59:41.037Z,2020-07-08T23:59:41.037Z,2023-06-06T14:28:16.637712Z,2020-07-08T23:59:41.037Z,1,,1,1,None,285.0,221,0
74da5649f0c327c6d9e092d5cbad1204e1855559,1dc94,Camellia - Mystery Circles Ultra / U.U.F.O.,Mystery Circles Ultra / U.U.F.O.,cerret & Nolanimations,cerret,2021-11-09T23:14:37.284365Z,2021-11-09T23:13:01.936586Z,2021-11-09T23:14:37.284365Z,2021-11-09T23:13:01.936586Z,1,,1,1,None,200.0,240,0
750f50be79cbfb01ecde329e80fd4cff075e3150,12af0,Chester Young and Castion - PYRO,PYRO,Checkthepan & Teuflum,checkthepan,2021-01-13T18:55:01.450Z,2021-01-13T18:55:01.450Z,2021-01-13T18:55:01.450Z,2021-01-13T18:55:01.450Z,1,,1,1,None,126.0,147,0
75493bc84f667d16511a45e499286b6c007f6812,27c61,[400/200BPM] Mandragora & 4i20 - Pachamama (Henrique Camacho Hi-Tech Remix) || CS Level 6,Pachamama,Emilia,Emilia,2022-07-14T04:42:14.906038Z,2022-07-14T04:40:56.270979Z,2022-09-27T00:28:35.931661Z,2022-09-27T00:28:26.588409Z,1,,1,0,None,200.0,244,0
754dac6ff0ed6c0f7eaaac90c7373ce35f43ef58,12d96,Kairiki Bear feat. GUMI - Mane Mane Psychotropic,Mane Mane Psychotropic,SlimyBlob,SlimyBlob,2021-01-17T22:37:05.279Z,2021-01-17T22:37:05.279Z,2021-01-17T22:37:05.279Z,2021-01-17T22:37:05.279Z,1,,1,1,None,210.0,205,0
7582d2ad3d974c8815d8434c533e458d023b61a0,440c1,"Raja Kumari, Stefflon Don, Jarina DeMarco - Renegade",Renegade (We Never Run),Pleo & MadChase,pleo,2025-02-06T15:40:18.382109Z,2025-02-06T15:35:22.822681Z,2025-04-12T00:43:25.540032Z,2025-04-12T00:43:01.668408Z,1,2025-02-11T02:26:41.933829Z,1,0,None,161.0,164,0
75879e3d3bdb21d6997c93b7fc4937cfb70546ab,206b2,Kou! - AK-40000000 [Chroma],AK-40000000,Teuflum,Teuflum,2022-01-21T15:00:00.915780Z,2022-01-19T19:49:58.427940Z,2022-01-21T15:00:00.915780Z,2022-01-19T19:49:58.427940Z,1,2022-01-21T15:00:00.915780Z,1,1,None,220.0,234,0
758b6136a69c0b4e09eaa3373b828c200a5c99d0,2351c,Toby Fox - Lancer (Deltarune: Chapter 1),Lancer,AlephCubed,AlephCubed,2022-03-21T17:57:40.362548Z,2022-03-21T17:55:35.806378Z,2022-12-05T23:07:33.641215Z,2022-12-05T23:07:05.415674Z,1,,1,0,None,165.0,49,0
7598cd1d79556084576bd448b8f7654fa424ef06,1b7fb,AISHA - The Disaster of Passion [Guilty Gear -STRIVE- OST],The Disaster of Passion,namaki_mono,namaki,2021-08-28T18:32:08.955577Z,2021-08-22T06:47:34.915032Z,2021-10-19T18:40:55.243990Z,2021-10-19T18:39:40.291941Z,1,,1,1,None,180.0,237,0
75a0e9f214ba9a7c2156d6e29920f112b6423cd0,3d2c5,Adust Rain - Retroscope,Retroscope,ViSi,ViSi,2024-06-01T15:08:17.373639Z,2024-06-01T15:08:08.049907Z,2024-06-01T15:08:17.373639Z,2024-06-01T15:08:08.049907Z,1,2024-08-10T21:50:59.685682Z,1,1,None,145.0,132,0
75b10748149340dea74ff1870b2a59f609ace7f5,41f3,Magnetism - M2U,Magnetism,squeaksies,squeaksies,2019-03-30T08:41:39Z,2019-03-30T08:41:39Z,2019-03-30T08:41:39Z,2019-03-30T08:41:39Z,1,2019-03-30T08:41:39Z,1,1,None,160.0,103,0
75ccd1def27021c38b58246f650802d9702bc70e,d0f6,Bassline Yatteru? w - Camellia feat. Nanahira (Cranky Remix) (Short Ver.),Bassline Yatteru? w,Uninstaller,uninstaller,2020-08-08T03:07:58.881Z,2020-08-08T03:07:58.881Z,2020-08-08T03:07:58.881Z,2020-08-08T03:07:58.881Z,1,,1,1,None,155.0,97,0
75dae20c02c460b960358846eab97dab5a8feca1,15aab,[Ranked] BLANKFIELD - Goodbye,Goodbye,Cobayo & IsraGRFK,Cobayo,2021-03-20T13:59:39.086Z,2021-03-20T13:59:39.086Z,2021-03-20T13:59:39.086Z,2021-03-20T13:59:39.086Z,1,,1,1,None,260.0,299,0
75eac6d275552670911b0428ff11bb38a9ffbf3c,e915,(Ranked) Invisible Frenzy,Invisible Frenzy,fraies & muffn,muffn,2020-09-12T14:20:21.989Z,2020-09-12T14:20:21.989Z,2020-09-12T14:20:21.989Z,2020-09-12T14:20:21.989Z,1,,1,1,None,245.0,137,0
762b7bf1c06dbcc7aab23d955a553e5420fba6e5,28c5,Camellia - NUCLEAR-STAR,NUCLEAR-STAR,Hexagonial,hexagonial,2018-12-29T00:05:14Z,2018-12-29T00:05:14Z,2018-12-29T00:05:14Z,2018-12-29T00:05:14Z,1,,1,1,None,199.0,269,0
7641706012ee4ef9bf7d7e26a18f9d87d4807f22,1b7,30 Seconds to Mars - Walk on Water,WALK ON WATER,Rustic,rustic,2018-05-22T20:52:52Z,2018-05-22T20:52:52Z,2018-05-22T20:52:52Z,2018-05-22T20:52:52Z,1,2018-05-22T20:52:52Z,1,1,None,140.0,186,0
76448f1dc2d6e2b18e8a3b69860e535c927b2ea8,1a012,Xystran - Farewell,Farewell,shrado,shrado,2021-07-07T08:13:53.882Z,2021-07-07T08:13:53.882Z,2021-07-07T08:13:53.882Z,2021-07-07T08:13:53.882Z,1,,1,1,None,210.0,168,0
7653acaa5a66c6396a4e88ee78090b93cd7aaa1a,21d11,Nicola Fasano & Miami Rockets - I Like To Move It (Radio Mix,I Like To Move It (Radio Mix),JRE_McNuggies,JRE_McNuggies,2022-02-17T04:39:55.769984Z,2022-02-17T04:39:49.993374Z,2022-02-17T04:39:55.769984Z,2022-02-17T04:39:49.993374Z,1,2022-02-17T04:39:55.769984Z,1,0,None,128.0,158,0
76a2f7b11cb2734c3de361b0965703347310f38c,345b9,[RANKED] Camellia - GALAXY BURST,GALAXY BURST,RetrX,RetrX,2023-07-25T01:40:14.837334Z,2023-07-25T01:40:06.100468Z,2023-11-14T02:19:42.474386Z,2023-11-14T02:19:37.202410Z,1,,1,0,None,402.0,253,0
76b701db78e539ec75398abd85448b7c112095d3,1dc60,Inspiriting,Inspiriting,Blackjack,blackjack,2021-11-09T17:09:05.750663Z,2021-11-09T17:06:35.934164Z,2021-11-09T17:09:05.750663Z,2021-11-09T17:06:35.934164Z,1,2021-11-09T17:09:05.750663Z,1,1,None,80.0,85,0
76be9aae3a238897ba146e001cc821a9811cd3a8,29c54,"Young, Wild and Free - Wiz Khalifa and Snoop Dogg Feat. Bruno Mars","Young, Wild and Free",Remie,remie,2022-09-10T13:36:06.172923Z,2022-09-10T13:35:45.636856Z,2022-09-10T13:36:06.172923Z,2022-09-10T13:35:45.636856Z,1,,1,0,None,190.0,210,0
76c9218878684411506b4e8f26dd2aa16e4be6c5,2440,Staff Credits - Kirby’s Dream Land [Smash Bros Map Pack],Staff Credits - Kirby's Dream Land,Edzo,edzo,2018-12-07T00:16:18Z,2018-12-07T00:16:18Z,2018-12-07T00:16:18Z,2018-12-07T00:16:18Z,1,,1,1,None,150.0,122,0
76cd631eef948ef7b714f12cacd6598a2aee59cb,3a751,Deco*27 - Salamander (Futakuchi Mana & ZephyriannaCh cover),Salamander,ViSi,ViSi,2024-02-29T03:15:56.390047Z,2024-02-29T03:15:45.342187Z,2024-04-12T04:49:14.908486Z,2024-04-12T04:48:43.340734Z,1,2024-02-29T09:18:31.351041Z,1,0,None,172.0,164,0
76d1ccd986ff1bdc559d226ee269fb8796d7412b,dc3e,TREASURE - BOY,BOY,Bloodcloak,bloodcloak,2020-08-23T01:12:31.487Z,2020-08-23T01:12:31.487Z,2020-08-23T01:12:31.487Z,2020-08-23T01:12:31.487Z,1,,1,1,None,110.0,199,0
76fb15adefb00b8fac21f5631fec3f58c47c5d54,1b26a,Linko - Feel Alive [Ranked],Feel Alive,Timbo,Timbo,2021-08-11T16:04:52.007243Z,2021-08-11T16:04:52.007243Z,2021-11-03T14:38:51.623030Z,2021-11-03T14:38:31.782536Z,1,2021-08-11T16:04:52.007243Z,1,1,None,300.0,164,0
7719b8de597cb1bfdfd6048e5fc51656dd5219ee,29d0,(V2) SOOOO - Happppy song,Happppy song,Hexagonial,hexagonial,2019-01-01T05:08:59Z,2019-01-01T05:08:59Z,2019-01-01T05:08:59Z,2019-01-01T05:08:59Z,1,,1,1,None,226.0,309,0
7744b3ce236afc57aff70f29c91ac627077765fa,1c6af,[CHROMA] Satoru Kosaki - Koyomi Oniichan,Koyomi Oniichan,Night Xrose,nightxrose,2021-09-21T07:36:09.345365Z,2021-09-21T07:34:58.181870Z,2022-02-01T06:19:23.361324Z,2022-02-01T06:19:12.046044Z,1,2021-09-21T07:36:09.345365Z,1,1,None,160.0,80,0
7796ab6870117b07e15c6a7d16dfae48bf7f2efa,3f9a5,[BL RANKED] brakence - 5g,5g,Bizzy,Bizzy,2024-08-19T16:03:43.409561Z,2024-08-19T16:01:57.092161Z,2024-11-24T22:30:22.154119Z,2024-11-24T22:30:14.951227Z,1,2025-01-05T02:52:21.643293Z,1,0,None,148.0,212,0
7797d103da7e1f523a45192d1b2adef5bef3dcce,1f334,[RANKED] Aether Realm - Goodbye,Goodbye,ThySpoon,ThySpoon,2022-01-03T20:00:00.237Z,2021-12-26T06:24:33.930537Z,2022-07-21T04:19:43.230452Z,2022-07-21T04:19:34.764885Z,1,,1,1,None,143.0,297,0
77ca28bd44f04d2f2db618faa995bcd29ed4b480,362c5,[BL RANKED] JKuch & Adam Tell - Data Loss,Data Loss,GalaxyMaster,GalaxyMaster,2023-10-03T21:59:17.265523Z,2023-10-03T21:49:48.021738Z,2025-09-27T19:45:43.519412Z,2025-09-27T19:45:39.139813Z,1,2023-10-03T22:51:08.894588Z,1,0,None,128.0,168,0
77dcc3bb81018c9e8a8fece1d076e6ec6497f190,45f7f,KDA - DRUM GO DUM [Fitbeat],DRUM GO DUM,ItsNoot3rch,ItsNoot3rchUwU,2025-04-07T20:36:45.167835Z,2025-04-07T20:36:28.285750Z,2025-05-16T16:14:33.295495Z,2025-05-16T16:14:03.833680Z,1,2025-07-04T08:57:32.905199Z,1,0,None,175.0,203,0
77eaa44a91670c77791289279d645bc144d9b771,1d25f,[RANKED] Shadow Of Intent - Oudenophobia,Oudenophobia,Ethanatorza7,ethanatorza7,2021-10-16T22:39:45.594522Z,2021-10-16T19:43:41.340381Z,2022-02-15T04:09:27.645621Z,2022-02-15T04:09:23.740372Z,1,2022-07-05T21:33:04.428235Z,1,1,None,330.0,251,0
77f0ed784a4fb138cce54c40cf01ca006f44a1d4,19b6f,USAO - Rampage,Rampage,simplymarvellous,simplymarvellous,2021-06-29T04:44:26.026Z,2021-06-29T04:44:26.026Z,2022-01-03T05:09:21.554744Z,2022-01-03T05:09:13.818832Z,1,,1,1,None,195.0,141,0
781e699650d932e19da47d0032da3d7de57ffc3c,2c2f9,USAO - You & DIE,You & DIE,Hener,Hener,2022-11-20T05:03:40.048051Z,2022-11-20T05:03:29.226196Z,2022-11-20T05:03:40.048051Z,2022-11-20T05:03:29.226196Z,1,,1,0,None,210.0,252,0
786e63a583c74470b1812c14e07792b198520fbc,3ce66,[One Saber] FITO SILVA - BLAH BLAH BLAH (NOIZE N ROUZ REMIX),BLAH BLAH BLAH,Darkrealm7,Darkrealm7,2024-05-23T19:54:46.031987Z,2024-05-23T19:54:29.170886Z,2024-09-22T23:38:02.985137Z,2024-09-22T23:37:20.464957Z,1,,1,0,None,216.0,93,0
790735d0da9b1fd59a0c6fee32a394539556e5f3,9924,t+pazolite - Garakuta Doll Play,Garakuta Doll Play,DE125,straubreyyy,2020-04-09T21:40:27.026Z,2020-04-09T21:40:27.026Z,2020-04-09T21:40:27.026Z,2020-04-09T21:40:27.026Z,1,,1,1,None,256.0,295,0
79afbc844dffbf8ed6a42ecbaef1963dad093221,2698d,[BL Ranked] YOASOBI - 夜に駆ける (Into the Night),Yoru ni Kakeru,chikinbiskit,chikinbiskit,2022-06-10T20:40:04.419887Z,2022-06-10T02:09:05.874983Z,2022-06-10T20:40:04.419887Z,2022-06-10T02:09:05.874983Z,1,2022-06-11T03:59:22.626781Z,1,0,None,130.0,260,0
79d3414f7dcef34e49cfc55ed919a6f8ba9f2cb2,29092,Umeboshe Chazuke - Myosotis Bouquet,Bouquet of Myosotis,lobsterrrrrr,lobsterrrrr,2022-08-19T19:47:07.416905Z,2022-08-19T19:47:02.115228Z,2022-08-19T19:47:07.416905Z,2022-08-19T19:47:02.115228Z,1,,1,0,None,186.0,197,0
79d9dacec0607f45e868a3f49b0795b3341effb2,1af2f,"[RANKED] NOMA - Brain Power (""That's a BS"" Remix)",Brain Power,nolan121405 & dibl,nolan121405,2021-08-06T04:59:56.752276Z,2021-08-06T04:59:56.752276Z,2022-03-26T15:36:29.215191Z,2022-03-26T15:36:16.710581Z,1,2022-02-27T21:38:48.351694Z,1,1,None,200.0,409,0
7a4cdd84f4752f88a7a99414e5959393ec539918,12df4,Omiyaクラブ - KORO DISCO!,KORO DISCO!,Depito,depito,2021-01-18T21:59:38.886Z,2021-01-18T21:59:38.886Z,2021-01-18T21:59:38.886Z,2021-01-18T21:59:38.886Z,1,,1,1,None,120.0,103,0
7a606dd1a2ba28a9a371abcabb68cee8c00fb749,687,Death by Glamour (Mettaton EX Theme) - Toby Fox,Death by Glamour,Todokete,todokete,2018-06-25T00:22:55Z,2018-06-25T00:22:55Z,2018-06-25T00:22:55Z,2018-06-25T00:22:55Z,1,,1,1,None,148.0,137,0
7aae495c40ca50071f53a6e9b0d260e98600a47a,3ff43,Romantic Homicide,Romantic Homicide,LkWatICanDo & azu,LkWatICanDo,2024-09-02T05:08:06.046180Z,2024-09-02T05:07:59.253820Z,2024-11-18T22:25:39.232188Z,2024-11-18T20:39:53.720103Z,1,,1,0,None,132.0,133,0
7ac168f9604efc5a003c1f1f64ad8091006de386,12dfd,[Ranked] μ's - Snow Halation,Snow Halation,Rusty,Rusty,2021-01-18T23:50:50.012Z,2021-01-18T23:50:50.012Z,2021-01-18T23:50:50.012Z,2021-01-18T23:50:50.012Z,1,,1,1,None,173.0,262,0
7ace8eee8e217a00a895aa7d12977cbc9ac0cdc5,1949e,Laur - Viyella's Scream [Ranked],Viyella's Scream,Timbo,Timbo,2021-06-18T15:00:59.868Z,2021-06-18T15:00:59.868Z,2021-06-18T15:00:59.868Z,2021-06-18T15:00:59.868Z,1,2021-06-18T15:00:59.868Z,1,1,None,228.0,158,0
7ae869480db3e8080cdbe6ae6470b813c0e39f6c,42aff,DJ Myosuke - Winter Death,Winter Death,CosmonautSaitni,CosmonautSaitni,2024-12-27T05:14:06.512799Z,2024-12-27T05:13:16.137157Z,2025-10-23T19:40:16.901692Z,2025-10-23T19:39:41.008533Z,1,,1,0,None,200.0,168,0
7afb07438a2b1a88e07837b1b355c5e9aee2e8a2,3a8db,DragonForce - Disciples of Babylon,Disciples of Babylon,Klondike,Klondike,2024-03-02T22:43:06.506843Z,2024-03-02T22:34:30.451384Z,2024-05-17T11:14:34.291981Z,2024-05-17T11:13:19.514986Z,1,2024-03-03T01:48:23.370824Z,1,0,None,190.0,438,0
7b563e9025de0b1656dc983f7a7577991e921dd3,3c252,Cherry Bullet - Cloud Nine,Cloud Nine,"Danny, Lalahti",Danny.,2024-04-27T19:51:23.383299Z,2024-04-27T19:46:39.472039Z,2024-07-31T17:27:35.676353Z,2024-07-31T17:27:28.054237Z,1,2024-04-27T23:28:51.080772Z,1,0,None,180.0,170,0
7b56cd054f8eee48ded734b54c16c5b78548b75a,267fc,Eliminate -  Elevator,Elevator,Timeweaver,Timeweaver,2022-06-07T10:41:23.161523Z,2022-06-07T10:28:37.935372Z,2022-06-07T10:41:23.161523Z,2022-06-07T10:28:37.935372Z,1,2022-06-07T11:27:23.858007Z,1,0,None,150.0,194,0
7b8a05a5399951282fafd8516764f921d64cc3c4,2185b,Juggernaut. - Distorted Heavens [Ranked],Distorted Heavens,Timbo,Timbo,2022-02-11T16:32:10.041078Z,2022-02-11T15:52:36.972815Z,2022-06-19T12:18:44.687521Z,2022-06-19T12:18:27.254304Z,1,2022-02-11T16:32:10.041078Z,1,1,None,200.0,169,0
7b9dab9ddad1bd3234c1e12d83e6bc2d4a48ec5b,10405,[Noodleween Vol.2] Splatter Party - Camellia (ft. Hatsune Miku),Splatter Party,Skeelie & AaltopahWi,Skeelie,2020-10-26T17:59:10.417Z,2020-10-26T17:59:10.417Z,2020-10-26T17:59:10.417Z,2020-10-26T17:59:10.417Z,1,2020-10-26T17:59:10.417Z,1,1,None,216.0,283,0
7bdd78a1787e0fd59a24466d700e1683b1cf5de4,13fe1,Excision & Dion Timmer - Final Boss,Final Boss,"Checkthepan, ItsVasili, Timeweaver",checkthepan,2021-02-13T16:02:43.441Z,2021-02-13T16:02:43.441Z,2021-02-13T16:02:43.441Z,2021-02-13T16:02:43.441Z,1,,1,1,None,160.0,206,0
7c0ddc059dc720d7ad1efa93c0e448bccaa5b877,168de,[Ranked] Sandesh Manuel - Der Herrgott hot glocht (HARDSTYLE BUAMZ & HIGH LEVEL REMIX),Der Herrgott hot glocht,"MonsterWook, FatBeanzoop & Fnyt",fatbeanzoop,2021-04-11T12:54:30.590Z,2021-04-11T12:54:30.590Z,2021-04-11T12:54:30.590Z,2021-04-11T12:54:30.590Z,1,2021-04-11T12:54:30.590Z,1,1,None,200.0,176,0
7c26e2c827740b4daca94eae993d979a0cfed537,3ee0c,[SC2H] T+pazolite - UMMU,UMMU,Blackjack,blackjack,2024-07-27T01:00:00.648527Z,2024-07-27T00:56:23.719195Z,2025-03-14T00:16:10.935972Z,2025-03-14T00:15:44.065229Z,1,,1,0,None,180.0,124,0
7c27e4887dc887b720e10319f057423292553702,2de12,[BL RANKED] [SC2H] tephe - Neppa ft. Butter,Neppa,GalaxyMaster,GalaxyMaster,2023-01-08T01:00:00Z,2023-01-08T00:55:49.122303Z,2023-01-08T05:34:25.112440Z,2023-01-08T05:33:41.447080Z,1,,1,0,None,180.0,74,0
7c2e461d4886e114796f6c697ab01cefc4ee3192,1a7a3,t+pazolite - Tempestissimo  [Ranked],Tempestissimo,Kitoyo,kitoyodesu,2021-07-20T23:17:45.333Z,2021-07-20T23:17:45.333Z,2021-07-20T23:17:45.333Z,2021-07-20T23:17:45.333Z,1,,1,1,None,231.0,257,0
7c71478be50723a908aa46b8536f9d169ba6a75c,3712d,[R] [Chroma] MYUKKE. - Friendly Gigant Fire,Friendly Gigant Fire,oegoe & yabje,oegoe,2023-11-10T18:16:48.263421Z,2023-11-10T18:16:43.287637Z,2024-05-14T07:38:45.827025Z,2024-05-14T07:38:31.166084Z,1,2023-11-13T20:28:50.911292Z,1,1,None,210.0,134,0
7c9d9e924eb071b4df7bd8d68af439059a16a275,3bbeb,� (Null),� (null),charlie1epicdude,charlie1epicdude,2024-04-13T11:39:49.188953Z,2024-04-13T11:39:37.787541Z,2024-10-01T13:59:04.533389Z,2024-10-01T13:58:23.259083Z,1,2024-10-28T22:19:04.460613Z,1,0,None,280.0,176,0
7c9e0a7c523395c7ef9d79006b9d42dc6ab8b44a,3aa79,Xyris - Gleodream,Gleodream,ViSi & SL4SH,ViSi,2024-03-06T21:08:10.402784Z,2024-03-06T20:52:05.230563Z,2024-05-19T05:15:14.147871Z,2024-05-19T05:15:09.448929Z,1,,1,0,None,178.0,194,0
7ca38587a821f01e6ab838286a842b911bb07b25,2c9d7,Imagine Dragons - Bones,Bones,Taddus,Taddus,2022-12-03T15:16:42.837653Z,2022-12-03T15:11:44.747958Z,2022-12-03T15:16:42.837653Z,2022-12-03T15:11:44.747958Z,1,2022-12-04T01:13:47.741690Z,1,0,None,114.0,164,0
7cb72b8513eb211c6cde036b34b6accab99e20b4,3ff08,[CHROMA] CLAUDIA ~libertia~ - A-Saph,CLAUDIA,BlAck_vOid-1001 vs. GalaxyMaster,BlAck_vOid-1001,2024-09-01T14:50:22.728540Z,2024-09-01T14:49:30.330703Z,2025-10-17T20:32:30.800523Z,2025-10-17T20:32:25.133419Z,1,,1,0,None,230.0,176,0
7cb7527233a513e05f5d3398f8c05ead7c4fd557,26d75,Teminite & MDK - Space Invaders,Space Invaders,Avexus,Avexus,2022-06-18T00:44:51.341155Z,2022-06-18T00:32:46.872688Z,2022-12-23T16:43:21.555849Z,2022-12-23T16:42:22.925974Z,1,2022-06-18T05:58:09.079660Z,1,0,None,128.0,351,0
7cc95fc623dcd27b7be39edcc9051c9861a33d59,25987,Halo: CEA - Cloaked in Blackness (2023 V3 update) ,Halo: CEA - Cloaked in Blackness,Sp234,Sp234,2022-05-14T21:01:38.497450Z,2022-05-14T20:29:07.105461Z,2023-05-27T18:21:05.494253Z,2023-05-27T18:18:58.992737Z,1,2022-05-15T15:35:48.100861Z,1,0,None,180.0,221,0
7d12a13a03b615d7e4895dd4177c4a4a1f84f1f5,de7c,[Ranked] The Fox's Wedding feat. Hatsune Miku & GUMI,The Fox's Wedding,Rusty,Rusty,2020-08-27T02:12:24.028Z,2020-08-27T02:12:24.028Z,2020-08-27T02:12:24.028Z,2020-08-27T02:12:24.028Z,1,,1,1,None,240.0,259,0
7d344e29e0ab41354c6a7a73f49096d57dc1e908,17d09,[BL Ranked] Camellia feat. Camellia - Iro wo ushinatta machi,Iro wo ushinatta machi,ComplexFrequency,complexfrequency,2021-05-12T00:33:57.984Z,2021-05-12T00:33:57.984Z,2021-12-08T12:17:16.011021Z,2021-05-12T00:33:57.984Z,1,,1,0,None,166.0,123,0
7d976ff24dc266fe0d559f98bfd8d723eb827e6f,87aa,DJ'TEKINA//SOMETHING - Internet Bitch (P*Light Remix),Internet bitch,Light Ai & ExUnReal,LightAi,2020-02-16T17:27:59.021Z,2020-02-16T17:27:59.021Z,2020-02-16T17:27:59.021Z,2020-02-16T17:27:59.021Z,1,2022-03-14T12:49:18.320935Z,1,1,None,175.0,265,0
7dcc2daa4ab044961c9de1b6c3154635f241da59,36962,TAN - HEARTBEAT,HEARTBEAT,Jonas_0_0,Jonas,2023-10-21T13:35:49.061579Z,2023-10-21T13:34:31.945356Z,2023-10-28T20:37:47.126789Z,2023-10-28T20:37:37.975768Z,1,2023-11-09T02:35:03.827564Z,1,0,None,118.0,196,0
7dd57f0582775906cb0b480d5758c428ac8d0fea,2c7ff,Juggernaut. - OLPHEUX,†:OLPHEUX:†,dibl,dibl,2022-11-30T05:59:45.257019Z,2022-11-30T05:59:41.976840Z,2023-04-04T00:24:20.849347Z,2023-04-04T00:24:14.209756Z,1,,1,0,None,276.0,155,0
7de6ea62a468a52afc44e92c937f109e62f840f9,27db4,Dive to the heart - eddcore ,eddcore,cerret,cerret,2022-07-17T10:36:18.039491Z,2022-07-17T10:35:40.854381Z,2022-07-17T10:36:18.039491Z,2022-07-17T10:35:40.854381Z,1,,1,0,None,350.0,186,0
7e00a626140868581b1c487e4fe9a4aa9f8fd7a4,1a59d,"Beta - (Camellia's \""BlAst-Off\"" remix)",Beta,Vilawes,vilawes,2021-07-17T07:12:04.065Z,2021-07-17T07:12:04.065Z,2021-07-17T07:12:04.065Z,2021-07-17T07:12:04.065Z,1,,1,1,None,280.0,270,0
7e42ec811c5948b413c728b52129d31b69b906e7,fb8a,SUPER REACTOR (feat. HiTNEX-X) - Kobaryo,SUPER REACTOR,xScaramouche & Scrappy,xScaramouche,2020-10-08T04:35:12.485Z,2020-10-08T04:35:12.485Z,2020-10-08T04:35:12.485Z,2020-10-08T04:35:12.485Z,1,,1,1,None,152.0,137,0
7e4a7702ca87b68e2d245a875ace9b164926b16c,342f5,Stephen Walking - Glide [Monstercat Release],Glide,Darkrealm7,Darkrealm7,2023-07-18T15:23:04.244223Z,2023-07-18T15:22:42.639167Z,2023-08-10T02:37:46.688221Z,2023-08-10T02:37:39.031334Z,1,2023-07-19T16:31:23.223507Z,1,0,None,134.0,200,0
7e8175041c31645df3092a4995957f3a5a512e7f,33bd7,iann dior - let you,let you,Nebelmonster & August,Nebelmonster,2023-07-06T00:40:27.344865Z,2023-07-06T00:40:24.840772Z,2023-08-13T01:09:21.386177Z,2023-08-13T01:09:18.632570Z,1,,1,0,None,170.0,154,0
7e9057b04fe1206194abda12c6039bee46a86736,746,EC1 Modestep - Summer,EC1-Summer,Rustic,rustic,2018-06-30T18:19:59Z,2018-06-30T18:19:59Z,2018-06-30T18:19:59Z,2018-06-30T18:19:59Z,1,2018-06-30T18:19:59Z,1,1,None,150.0,171,0
7e9bf9d5ee6fbac01855eb4842b819ab2968651b,367d0,glass beach - orchids || BL Ranked,orchids,emilia,Emilia,2023-10-17T05:17:32.528038Z,2023-10-17T05:17:15.204509Z,2023-11-21T22:00:23.247767Z,2023-11-21T22:00:18.494863Z,1,2023-10-19T21:58:21.170007Z,1,0,None,110.0,221,0
7ec86860b5afddea220b655a7b14e41ce33e2f19,35ac0,Takamachi Walk - Forget Me,Forget Me,Hexagonial & XAce1337manX,hexagonial,2023-09-30T23:18:47.161923Z,2023-09-15T22:43:07.381490Z,2023-10-01T19:20:35.578795Z,2023-10-01T19:20:24.305706Z,1,,1,0,None,190.0,222,0
7ed2787b9c1f73b147881fd0fc2ab6ebec07db1a,428a3,[Project Tree 2024] ConcernedApe - Winter (The Wind Can Be Still),Winter (The Wind Can Be Still),UglyApe,UglyApe,2024-12-22T00:00:01.082342Z,2024-12-21T12:28:41.179912Z,2025-04-14T21:23:39.943579Z,2025-04-14T21:19:38.565443Z,1,2025-01-08T00:41:48.941652Z,1,0,None,146.0,173,0
7f335224a782525eac9107d5c1acdd837b371baf,1ab2f,Mio Honda - Step!,Step!,Jevk,Jevk,2021-07-28T15:11:13.213Z,2021-07-28T15:11:13.213Z,2021-11-28T22:51:30.571239Z,2021-11-28T22:51:11.458865Z,1,2022-03-01T13:21:40.100341Z,1,1,None,212.0,265,0
7f34ffb89dbfc34d5cdc63332c7819dabaee5fb4,1c4e3,Infant Annihilator - Childchewer,Childchewer,cerret,cerret,2021-09-19T22:30:43.763280Z,2021-09-17T23:04:51.024024Z,2021-09-19T22:30:43.763280Z,2021-09-19T22:30:39.459540Z,1,,1,0,None,260.0,168,0
7f4b68c5ba4ca05a0c75fc55b23d9cd860ef5ce4,3e4af,Kendrick Lamar - Swimming Pools (Drank) (Extended ver.),Swimming Pools (Drank),Ayyserr,Ayyserr24,2024-07-09T18:57:57.057724Z,2024-07-09T18:57:48.215384Z,2025-01-21T22:35:52.307596Z,2025-01-21T22:35:46.355171Z,1,2025-02-02T00:15:00.563627Z,1,0,None,148.0,315,0
7f60329c289bc6d4bb683ab8f52a613ed6a225c1,20fdb,[RANKED] Tanger - 200cc (200BPM Version),200cc,Spoekle & fqrb,Spoekle,2022-02-01T19:06:00.295631Z,2022-02-01T19:03:55.248566Z,2022-10-28T21:09:54.246813Z,2022-10-28T21:09:38.242033Z,1,,1,1,None,200.0,188,0
7fcb2ae0881c36611f53c32f0d9bc3a1aa0e9bed,1d9bc,[Ranked] [Yorushika Pack] Yorushika - Spring Thief [Chroma 2.5],Spring Thief,AntiLink & TG90,AntiLink,2022-01-03T21:41:05.776290Z,2021-11-03T00:07:40.782218Z,2022-07-12T20:24:17.201065Z,2022-07-12T20:22:04.478759Z,1,2022-04-07T02:29:42.588680Z,1,1,None,125.0,290,0
8048e419f9cd600ca9cd7ceacacb32ec54f5724d,3232c,Dan Terminus - Oubliette [Modchart + Vanilla],Oubliette,Undeceiver,Undeceiver,2023-05-08T20:33:46.068839Z,2023-05-08T19:57:09.495566Z,2023-05-08T20:33:46.068839Z,2023-05-08T19:57:09.495566Z,1,2023-05-08T22:52:29.380349Z,1,0,None,133.03,161,0
805220f74ecb8fffd9930abcf4ab601e90e5751e,a49b,Hold Angel - you,Hold Angel,Rogdude,rogdude,2020-05-09T23:52:18.997Z,2020-05-09T23:52:18.997Z,2020-05-09T23:52:18.997Z,2020-05-09T23:52:18.997Z,1,,1,1,None,300.0,132,0
80b14c7e9a5d8372f37b8b3c06e2513d3d9c8963,1fb3a,Akira Complex - Ether Strike ('Divine Mercy' Extended) [DANCE MAP],Ether Strike,harbgy & Aquaflee,harbgy,2022-01-05T16:02:53.845915Z,2022-01-05T16:02:41.099764Z,2022-01-10T13:49:09.185207Z,2022-01-10T13:49:04.489563Z,1,,1,1,None,158.0,279,0
80eff58f8bb550773419016d613052be22886b00,35651,Ludicin - Onus Rēgulus,Onus Regulus,ViSi,ViSi,2023-09-03T07:58:39.067898Z,2023-09-03T07:58:24.282963Z,2023-10-25T16:12:04.944754Z,2023-10-25T16:11:06.416962Z,1,,1,0,None,300.727,207,0
8111ef869d8f853415365c89463ec4d56e1578b6,313aa,NOA - Monsters,Monsters,ItsVasili,Vasilidesu,2023-04-06T07:42:15.348936Z,2023-04-06T07:41:28.489648Z,2024-08-02T19:33:03.538343Z,2024-08-02T19:32:59.707519Z,1,,1,0,None,168.0,254,0
81631b95cae463cb700aea59dbf52d58386127b7,d644,Biquette - Igorrr & Ruby My Dear,Biquette,Astrella,astrella_,2020-08-15T00:15:27.890Z,2020-08-15T00:15:27.890Z,2020-08-15T00:15:27.890Z,2020-08-15T00:15:27.890Z,1,,1,1,None,188.0,299,0
816bd3da3b2c959137ae53e69d47acabd0e4a15a,34f5a,[Ellise Pack] Ellise - brokenboys&bitterbitches,brokenboys&bitterbitches,Nebelmonster,Nebelmonster,2023-08-16T17:04:34.591374Z,2023-08-16T17:04:31.917942Z,2023-08-31T13:09:29.031475Z,2023-08-31T13:09:27.528708Z,1,,1,0,None,166.0,168,0
816e3a71bb3053b4c1da3f7a1875c721b2764039,2798a,[Chroma] Hinkik - Time Leaper,Time Leaper,Phoenix,Phoenix,2022-07-09T14:36:46.146550Z,2022-07-09T14:36:30.785905Z,2024-03-09T23:45:42.658918Z,2022-11-04T19:17:24.741979Z,1,2022-09-13T08:23:13.858078Z,1,1,None,175.0,242,0
81eb4510ad335ea1005db4454389271487a19682,405c3,ericdoa - search and destroy,search & destroy,GojiCrafter & Parapass,GojiCrafter,2024-09-21T14:33:42.219273Z,2024-09-21T14:32:56.776937Z,2024-12-26T18:43:13.767120Z,2024-12-26T18:43:09.089751Z,1,,1,0,None,147.0,122,0
8234061fe8b1f0fa213fabd7a1de601ad0494e02,3b952,gladde paling - danser,danser,Uglyape & abbad,UglyApe,2024-04-07T15:37:08.054729Z,2024-04-07T15:36:30.432296Z,2024-05-19T13:10:35.742735Z,2024-05-19T13:10:28.619418Z,1,2024-04-22T21:22:18.427729Z,1,0,None,180.0,89,0
82a5317a5c193f491272cc1b530cef985d766a65,b002,Daijoubu - Kotori,Daijoubu,Skeelie,Skeelie,2020-06-08T18:12:35.507Z,2020-06-08T18:12:35.507Z,2020-06-08T18:12:35.507Z,2020-06-08T18:12:35.507Z,1,2020-06-08T18:12:35.507Z,1,1,None,128.0,204,0
82e257b8df9c3c730820a8431751697f5507dc68,1e0b5,[Ranked] Chelsea Cutler - Sleeping With Roses,Sleeping With Roses,FatBeanzoop & VeryMerryChicken,fatbeanzoop,2021-11-17T05:51:53.703441Z,2021-11-17T05:50:06.917224Z,2021-11-17T05:51:53.703441Z,2021-11-17T05:50:06.917224Z,1,2021-11-17T05:51:53.703441Z,1,1,None,124.06,82,0
83036b233f5429a85aedb0cf1ae9c554498b50b6,f124,Avalanche[R],Avalanche,That_Narwhal,Narwall,2020-09-24T03:43:55.673Z,2020-09-24T03:43:55.673Z,2020-09-24T03:43:55.673Z,2020-09-24T03:43:55.673Z,1,2020-09-24T03:43:55.673Z,1,1,None,175.0,122,0
833441c717fcddc0f0426305817f96f6aaee5a50,37090,The Rare Occasions - Notion,Notion,realtasty,realtasty,2023-11-09T02:54:15.134012Z,2023-11-09T02:53:45.583362Z,2023-11-30T04:02:26.768697Z,2023-11-30T04:02:22.465678Z,1,,1,0,None,160.024,197,0
83475886ce251c12f1c1755d15a2fe494776ae93,1d050,succducc - me & u,me & u,Bitz,Bitz,2021-10-12T00:32:38.152921Z,2021-10-12T00:27:16.291047Z,2021-10-12T12:47:10.698145Z,2021-10-12T12:46:29.710358Z,1,2022-03-02T01:21:39.984439Z,1,0,None,160.0,195,0
8348c1f03ef8e88376eaf1cbb8580b738b8536f8,b86a,t+pazolite - Hoshikuzu Struck (Uncut Edition),Hoshikuzu Struck,muffn,muffn,2020-07-02T00:23:02.679Z,2020-07-02T00:23:02.679Z,2020-07-02T00:23:02.679Z,2020-07-02T00:23:02.679Z,1,,1,1,None,220.0,222,0
8369b04572c428bcbbe511e8db6c68a69b02ee41,f988,[Ranked] Laur - Sound Chimera,Sound Chimera,ComplexFrequency,complexfrequency,2020-10-05T03:07:55.532Z,2020-10-05T03:07:55.532Z,2020-10-05T03:07:55.532Z,2020-10-05T03:07:55.532Z,1,2020-10-05T03:07:55.532Z,1,1,None,190.0,302,0
8369f9ea48042051c7ac53e0e5ca4affa9bd3dd5,41873,Ju Jingyi - Lian'ai Gaoji/恋爱告急 (Short Ver.),Lian'ai Gaoji,"Lalahti, Danny, Jonas_0_0, Bellus",Lalahti,2024-11-10T02:34:47.290438Z,2024-11-10T02:32:47.022259Z,2024-12-01T11:45:52.990532Z,2024-12-01T11:45:43.361223Z,1,2024-11-10T02:46:08.879305Z,1,0,None,130.0,109,0
83887da83dbdce148ca9553471fc34c957db70f0,30735,"[Ranked] [Sonic Mixtape] [Chroma+] Tee Lopes - Lights, Camera, Action! (Sonic Mania - Studiopolis Zone Act 1)","Lights, Camera, Action! - Studiopolis Zone Act 1",Dereknalox123 & Elecast,dereknalox123,2023-03-13T03:56:59.704138Z,2023-03-13T03:34:20.490783Z,2023-11-14T18:06:34.556395Z,2023-11-14T18:06:08.890926Z,1,2023-03-15T04:38:46.968924Z,1,1,None,120.0,190,0
83c08f4b86a4bbe232a8deb9527ec6d6b24ec9ab,1ed1,VINXIS - Sidetracked Day (Short Ver.),Sidetracked Day (Short Ver.),Hexagonial,hexagonial,2018-11-07T22:57:41Z,2018-11-07T22:57:41Z,2018-11-07T22:57:41Z,2018-11-07T22:57:41Z,1,,1,1,None,188.0,136,0
83fcf7f36599f78d231c8c4a302542853e491af0,7d6c,ANOMALY - Camellia ,ANOMALY,fraies,fraies,2020-01-10T15:37:14.153Z,2020-01-10T15:37:14.153Z,2020-01-10T15:37:14.153Z,2020-01-10T15:37:14.153Z,1,,1,1,None,210.0,266,0
8402d39d33a81fecfee7520b08cfc2c5c5f61bae,1f1ff,[ranked][o!mem] SakiZ - osu!memories [Chroma],osu!memories,Various Mappers,riasuh,2021-12-24T00:16:59.337942Z,2021-12-23T09:22:22.346879Z,2022-07-09T19:07:18.573973Z,2022-07-09T19:07:00.129282Z,1,2021-12-24T00:16:59.337942Z,1,1,None,180.0,474,0
840dc308ffc8fda9fa3f09401e89c7428ef1aa7f,6b9b,USAO - Night Sky (Extended Ver.) ,Night sky,Jez,jez,2019-10-23T00:42:23.674Z,2019-10-23T00:42:23.674Z,2019-10-23T00:42:23.674Z,2019-10-23T00:42:23.674Z,1,,1,1,None,192.0,271,0
84236028c971a1b3b9fc69355711c29ce3f8111f,48c01,[Beat the Heat] brz1128 - Splush Sunbeach,Splush Sunbeach,Poochy,Poochy,2025-07-21T06:00:02.842325Z,2025-07-21T05:44:41.181449Z,2026-04-29T01:38:08.038572Z,2026-04-29T01:37:46.742273Z,1,,1,0,None,200.0,121,0
845f56e54e95d1bcc891d402f3b6ec6316b697fa,1331e,[RANKED] Dropgun - Dark Sky,Dark Sky,ItsVasili,Vasilidesu,2021-01-26T16:40:39.636Z,2021-01-26T16:40:39.636Z,2021-01-26T16:40:39.636Z,2021-01-26T16:40:39.636Z,1,2021-01-26T16:40:39.636Z,1,1,None,256.0,154,0
84646a074c6b377823dd28678ec17182ddf1f16b,1d0ca,[Chroma] League of Legends - RISE,RISE,Bytrius & FakePope,Bytrius,2021-10-13T03:27:50.208073Z,2021-10-12T22:00:16.371223Z,2021-10-13T03:27:50.208073Z,2021-10-12T22:00:16.371223Z,1,2021-10-13T03:27:50.208073Z,1,0,None,177.0,195,0
848e58c44755966c9265c3e1021db6d9e679c9cb,3963e,gladde paling - heaven,heaven,UglyApe,UglyApe,2024-01-27T23:49:08.696847Z,2024-01-27T23:49:03.216997Z,2024-02-16T20:48:00.971913Z,2024-02-16T20:47:37.519452Z,1,2024-04-22T01:34:26.195916Z,1,0,None,180.0,85,0
84bcff4756ac66bf1746824b0b221eb1e6a4aff2,1ac0f,SEVENTHLINKS - p.h. feat. Nekomata Okayu,p.h.,TOFU,TOFU,2021-07-30T11:35:38.626Z,2021-07-30T11:35:38.626Z,2022-01-03T17:54:18.446452Z,2022-01-03T17:53:29.189678Z,1,2021-07-30T11:35:38.626Z,1,1,None,132.0,155,0
84d312ab353bd305e85d7d330a5b02c3fbf059fd,9b31,Sankaku - appy (ft. Hatsune Miku),Sankaku,Skeelie,Skeelie,2020-04-15T03:34:49.317Z,2020-04-15T03:34:49.317Z,2020-04-15T03:34:49.317Z,2020-04-15T03:34:49.317Z,1,,1,1,None,138.0,258,0
84effc8f967f9baedb1c1f17910d47274c175173,19059,[RANKED] sasakure.UK - Puppet Theater of Twee-Box (feat. Hatsune Miku) [DANCE MAP],Puppet Theater of Twee-Box,harbgy & Narwhal,harbgy,2021-06-10T21:54:56.715Z,2021-06-10T21:54:56.715Z,2021-06-10T21:54:56.715Z,2021-06-10T21:54:56.715Z,1,,1,1,None,170.0,240,0
851daab7074f65fcb2ed2ac686f6a0cfb460ba61,4d5,"Tetris Effect Trailer ""I'm yours forever""",Tetris Effect Trailer,Rustic,rustic,2018-06-12T09:22:54Z,2018-06-12T09:22:54Z,2018-06-12T09:22:54Z,2018-06-12T09:22:54Z,1,2018-06-12T09:22:54Z,1,1,None,96.0,110,0
854cb9cf8bf11e41186f47c201aea4895e4e6198,103fb,ENERGY SYNERGY MATRIX - Tanchiky [Ranked],ENERGY SYNERGY MATRIX,Timbo,Timbo,2020-10-26T16:53:17.521Z,2020-10-26T16:53:17.521Z,2020-10-26T16:53:17.521Z,2020-10-26T16:53:17.521Z,1,,1,1,None,160.0,125,0
856c3c647830dc009ffd7474ddad109b1608e821,2a77f,[BL Ranked] LANDMVRKS - Lost in a Wave,Lost in a Wave,JohnieCanine,JohnieCanine,2022-10-01T18:49:30.463377Z,2022-10-01T18:47:53.799221Z,2022-10-01T18:49:30.463377Z,2022-10-01T18:47:53.799221Z,1,,1,0,None,147.0,228,0
8574935b543873735db567d399f2befcd5f06676,2ad9f,seatrus - cryptic worthy widgEt,cryptic worthy widgEt,Aquaflee & Helloiamdaan,helloimdaan,2022-10-12T20:11:45.994107Z,2022-10-12T20:11:17.172852Z,2022-10-12T20:11:45.994107Z,2022-10-12T20:11:17.172852Z,1,,1,0,None,256.0,259,0
8588fed03f545f0059456e25c6a2ec8eb6036a50,3af82,TWICE - ONE SPARK,ONE SPARK,"Lalahti, FireStrike",Lalahti,2024-03-16T23:00:00.081063Z,2024-03-16T22:53:36.503178Z,2024-05-22T02:43:55.463016Z,2024-05-22T02:43:42.176719Z,1,2024-03-18T13:50:59.170400Z,1,0,None,169.0,185,0
85d1885e8d0290965ac49fbe0ec1cd44ded758f5,1bf76,[Ranked] Labyrinth in Kowloon: Walled World,Labyrinth in Kowloon: Walled World,Shark & ThySpoon,shark720,2021-09-06T01:24:09.485781Z,2021-09-06T01:24:00.160770Z,2022-01-10T21:14:51.097985Z,2022-01-10T21:14:13.684424Z,1,2021-09-06T01:24:09.485781Z,1,1,None,190.0,256,0
85db70578fc08ecda04dd8f51f60fd5ecb050546,1fc8c,"Camellia - BANGER A.F. , BROOOOO!!! [Ranked]","BANGER A.F., BROOOO!!!",Timbo,Timbo,2022-01-07T15:52:13.557990Z,2022-01-07T14:41:01.980385Z,2022-01-17T17:16:32.574965Z,2022-01-17T17:16:29.502564Z,1,2022-01-07T15:52:13.557990Z,1,1,None,245.0,257,0
85ed6a233b87576d8a101927ab4ac10b6a0b74f4,17dd0,Kobaryo feat. Sennzai - northern_limit,northern_limit,Emilia,Emilia,2021-05-13T20:57:11.607Z,2021-05-13T20:57:11.607Z,2022-04-26T00:06:28.398448Z,2021-05-13T20:57:11.607Z,1,,1,1,None,270.0,217,0
85f2204fe701f2e88aaf29331009446687a9bcb6,13377,Hardware Store[R],Hardware Store,That_Narwhal,Narwall,2021-01-27T03:34:35.698Z,2021-01-27T03:34:35.698Z,2021-01-27T03:34:35.698Z,2021-01-27T03:34:35.698Z,1,,1,1,None,157.9,181,0
865989367d940d9964cc158cac54768676176ea4,9d0,Fake Love - BTS,Fake Love,BennyDaBeast,bennydabeast,2018-07-16T03:24:30Z,2018-07-16T03:24:30Z,2018-07-16T03:24:30Z,2018-07-16T03:24:30Z,1,2018-07-16T03:24:30Z,1,1,None,77.5,244,0
867f4f60737ba8624542339eb793ec5421ff42ec,326d4,s-don - Glooorious!! [MYUKKE. REMIX] ,Glooorious!!,Azurii,atlatiko,2023-05-17T14:56:32.970451Z,2023-05-17T06:27:26.032516Z,2023-07-08T21:10:58.511386Z,2023-07-08T21:10:51.932163Z,1,,1,0,None,310.0,152,0
868199b52d56524f4216a2152ea99afae0ce187c,2c794,Ne Obliviscaris - And Plague Flowers the Kaleidoscope,And Plague Flowers the Kaleidoscope,PnfrlEnm,PnfrlEnm,2022-11-29T02:38:30.012018Z,2022-11-29T02:33:38.089503Z,2023-07-03T23:09:59.821004Z,2023-07-03T23:09:41.855340Z,1,2023-05-16T23:45:29.751035Z,1,0,None,210.0,693,0
87295ca56a0652c2de062bb5bae64c7804dd6c5c,9484,"Camellia feat. Nanahira - Bassdrop Freaks (2018 ""Redrop"" ver.)",Bassdrop Freaks,muffn & Saut,muffn,2020-03-28T04:37:45.489Z,2020-03-28T04:37:45.489Z,2020-03-28T04:37:45.489Z,2020-03-28T04:37:45.489Z,1,,1,1,None,179.0,273,0
8798153e56c15153e15c12001e3d982c6301d47e,3a02f,Locals (Girls like us),Locals (Girls like us),Speecil,Speecil,2024-02-16T10:08:53.516754Z,2024-02-16T10:08:19.937038Z,2024-06-22T02:48:11.388317Z,2024-06-22T02:48:04.950708Z,1,,1,0,None,134.0,260,0
87d304e51ca46d35f0a9477615f38207cd276d1b,3180b,[Bossbeat Pack] Fresh by JAXSON GAMBLE,Fresh,DeeDee,Dee-Dee,2023-04-13T18:56:50.966372Z,2023-04-13T18:56:22.588996Z,2023-06-23T23:11:52.020318Z,2023-06-23T23:10:20.301451Z,1,2023-04-13T23:38:34.099386Z,1,0,None,105.0,151,0
87d36c01d7e2f9308e147896e76e57837fa4bd9a,39aa2,[BeatLeader Ranked] Kobaryo - Vicious [ANTi] Heroism,Vicious [ANTi] Heroism,BlAck_vOid-1001,BlAck_vOid-1001,2024-02-04T01:58:11.822762Z,2024-02-04T01:57:45.643465Z,2024-03-19T21:41:19.175561Z,2024-03-19T21:40:57.942412Z,1,2024-03-28T22:09:40.524501Z,1,0,None,271.0,151,0
87efeca37c255e63f8e1ec28c6abd94a128631c0,25e40,[Ranked] M2U - Trauma,Trauma,yabje,yabje,2022-05-22T12:45:03.696641Z,2022-05-22T12:44:49.425463Z,2022-09-01T20:32:13.028327Z,2022-09-01T20:31:59.157501Z,1,2022-05-22T15:50:24.372896Z,1,1,None,248.0,183,0
881bdd4f5e7c05021f7c856bb6688eb999b0d4b3,31d13,[RANKED] Ludicin - Luminency,Luminency,Fnyt,Fnyt,2023-04-23T22:50:41.367750Z,2023-04-23T22:48:20.970653Z,2023-08-16T20:50:27.262920Z,2023-08-16T20:50:16.725287Z,1,2023-04-24T16:52:18.706681Z,1,1,None,350.0,265,0
884e2d9a82f5675de7c3fa35199ebf24c4f15d23,858,citrus SDVX,citrus,kamome sano,mystikmol,2018-07-07T12:39:03Z,2018-07-07T12:39:03Z,2018-07-07T12:39:03Z,2018-07-07T12:39:03Z,1,,1,1,None,174.0,126,0
88724d9ed9ed8a69a711f6e2f87fb59607e3f239,2c9e4,Teminite - Make Me (ft. Said) ,Make Me,Avexus & Dirty Alex,Avexus,2022-12-03T18:18:27.083947Z,2022-12-03T18:12:49.287526Z,2022-12-03T23:39:18.936465Z,2022-12-03T23:38:11.888473Z,1,2022-12-04T04:06:10.987098Z,1,0,None,150.0,227,0
88facafbed5f0886471dd92aff0b30eecccfd4fe,9c01,Aether Realm - The Devil,The Devil,Fern,fern,2020-04-17T16:26:58.280Z,2020-04-17T16:26:58.280Z,2020-04-17T16:26:58.280Z,2020-04-17T16:26:58.280Z,1,,1,1,None,260.0,527,0
89078300dbacbdb7139ca2b9e208f540c82e056a,255fb,[ranked] THE ORAL CIGARETTES - MIRROR [Chroma] ,MIRROR,"riasuh, RaccoonVR & Artjoms",riasuh,2022-05-07T21:40:29.073506Z,2022-05-07T21:37:51.188591Z,2022-09-14T16:57:06.473899Z,2022-09-14T16:56:51.210775Z,1,2022-05-10T02:18:54.197928Z,1,1,None,202.0,217,0
8931f3f17f8f5259c076660c986b816d7e86d708,268a7,Panic! At The Disco - House of Memories,House of Memories,Lekrkoekj,Lekrkoekj,2022-06-20T09:34:48.675004Z,2022-06-08T08:47:44.102195Z,2023-04-27T16:10:19.462273Z,2023-04-27T16:09:21.972075Z,1,2022-06-20T18:12:04.031792Z,1,0,None,110.0,206,0
893d97d17d416a1813b4b107609399bcc9338b83,1c39f,Camellia - +ERABY+E CONNEC+10N,+ERABY+E CONNEC+10N,Rune,ryhme,2021-09-14T17:56:08.790644Z,2021-09-14T17:56:04.300883Z,2021-09-14T17:56:08.790644Z,2021-09-14T17:56:04.300883Z,1,,1,1,None,230.0,313,0
8952ddcca03829f9610b7e705f06d5a9563e4d43,3377e,X&G - HITTIT,HITTIT,Frost,Frost,2023-06-27T19:04:50.894174Z,2023-06-27T19:03:56.154681Z,2023-06-27T19:04:50.894174Z,2023-06-27T19:03:56.154681Z,1,,1,0,None,150.0,166,0
8a1df046ce6737d7199676990fc19b78e067a3eb,cbcf,MATT DOE - WAKE UP,WAKE UP,Khenab,khenab,2020-07-31T23:41:22.310Z,2020-07-31T23:41:22.310Z,2020-07-31T23:41:22.310Z,2020-07-31T23:41:22.310Z,1,,1,1,None,150.0,228,0
8a40e06e3a4eb6dc56428b0a59b89219029c433d,18fdf,Fvrwvrd - Amogus,Amogus,April Fools,paper_core,2021-06-09T22:51:51.440Z,2021-06-09T22:51:51.440Z,2021-06-09T22:51:51.440Z,2021-06-09T22:51:51.440Z,1,,1,1,None,250.0,48,0
8a5f3b89ac33733cbde7a113d24e7ed4b663033e,1a6a0,t+pazolite - Overcome Me!!!!!!!,Overcome Me!!!!!!!,cerret,cerret,2021-07-19T03:00:25.189Z,2021-07-19T03:00:25.189Z,2021-07-19T03:00:25.189Z,2021-07-19T03:00:25.189Z,1,,1,1,None,240.0,206,0
8a77c2a35dcd84144bfb7c4e1821268a05707dd2,26070,Kobaryo - Sulyvahn [feat. USAO],Sulyvahn,Helloiamdaan,helloimdaan,2022-05-26T14:38:19.128119Z,2022-05-26T14:38:13.496474Z,2022-07-06T17:19:27.035855Z,2022-07-06T17:19:21.127476Z,1,,1,0,None,200.0,259,0
8a8641ba63b6288555ed8a4574e2bfb95155711b,f0be,"MY FIRST STORY - 1,000,000 TIMES feat chelly (EGOIST)","1,000,000 TIMES",Xhera & VRMasked,Xhera,2020-09-23T06:06:03.831Z,2020-09-23T06:06:03.831Z,2020-09-23T06:06:03.831Z,2020-09-23T06:06:03.831Z,1,,1,1,None,200.0,316,0
8a952d18d0dd2cb04e8a8e7e027c1e28b1fa478a,12c0c,Thaehan - Superpower,Superpower,SlimyBlob,SlimyBlob,2021-01-15T15:33:57.560Z,2021-01-15T15:33:57.560Z,2021-01-15T15:33:57.560Z,2021-01-15T15:33:57.560Z,1,,1,1,None,178.0,147,0
8afb0c840ea4b07db2a16e96164ce8be094b2339,5c81,Kobaryo - Tool-Assisted Speedcore (TQBF Frame Advance RMX),Tool-Assisted Speedcore,Souk,Soukky,2019-08-12T23:01:05.170Z,2019-08-12T23:01:05.170Z,2019-08-12T23:01:05.170Z,2019-08-12T23:01:05.170Z,1,,1,1,None,100.0,257,0
8b0954e826d02175872f9d80bf8bb96de5a1b227,119f0,THE LAUNCH OF THE MEGANTO METEOR,THE LAUNCH OF THE MEGANTO METEOR,Kuurama & miitchel & ExUnReal,kuurama_,2020-12-02T13:25:00.946Z,2020-12-02T13:25:00.946Z,2020-12-02T13:25:00.946Z,2020-12-02T13:25:00.946Z,1,,1,1,None,260.0,134,0
8b1cb8905e711775570caa29b67d91f16d4eb70c,1ea3c,Find Our Way (feat. Klei) - Midnight Kids,Find Our Way,Klondike,Klondike,2021-12-05T23:18:47.854574Z,2021-12-05T23:14:45.550858Z,2021-12-07T04:29:35.701684Z,2021-12-07T04:29:25.597370Z,1,2021-12-05T23:18:47.854574Z,1,0,None,115.0,209,0
8b53010b2f6656c5be03c110724703763cc3cb03,7a6,Generdyn - Gas Mask,Gas Mask,Rustic,rustic,2018-07-03T13:02:04Z,2018-07-03T13:02:04Z,2018-07-03T13:02:04Z,2018-07-03T13:02:04Z,1,2018-07-03T13:02:04Z,1,1,None,120.0,66,0
8b5c705929eba222205a894bd93edf6b57ca8fec,3c3df,IVE - Blue Heart,Blue Heart,"Lalahti, Danny",Lalahti,2024-05-01T17:05:58.080203Z,2024-05-01T17:04:09.332602Z,2024-06-20T22:30:18.065871Z,2024-06-20T22:30:06.786146Z,1,2024-05-01T19:27:48.966633Z,1,0,None,155.0,189,0
8b9b8d524eef7d7b1f7f8943d937d8746fada268,47c48,Znowy - SLIDE THE BPM (UP TO) 420!!,SLIDE THE BPM (UP TO) 420!!,Jabob,Jabob,2025-06-15T19:56:40.606869Z,2025-06-15T19:56:36.245123Z,2026-03-24T21:08:11.409905Z,2026-03-24T21:04:50.653792Z,1,,1,0,None,210.0,164,0
8bd769820f8d71ebc25964771ddc950b5ebd3aab,2120,Tokyo Machine - OKAY,OKAY,Hexagonial,hexagonial,2018-11-19T23:16:07Z,2018-11-19T23:16:07Z,2018-11-19T23:16:07Z,2018-11-19T23:16:07Z,1,,1,1,None,128.0,189,0
8c1d3f3354d5cbd61594c9bc362f90241db4e8d7,4a15d,CHUU - Strawberry Rush (Nightcore & Cut Edit),Strawberry Rush,"Lalahti, Danny",Lalahti,2025-09-02T11:44:37.529180Z,2025-09-02T11:42:29.981770Z,2025-10-24T14:37:12.052326Z,2025-10-24T14:37:04.954791Z,1,2025-09-07T08:48:36.372935Z,1,0,None,173.805,73,0
8c74531454b076d9bba8898d36a64d33fc5f55ad,3ba66,MYUKKE. - Duallel Spirit,Duallel Spirit,Baguette,tainted_bread,2024-04-10T01:11:26.373564Z,2024-04-10T01:11:20.806609Z,2025-11-13T03:37:26.673573Z,2025-11-13T03:37:20.177451Z,1,,1,0,None,120.0,129,0
8ca2ea0911d102f1cc637eaa0a6bc0114327b604,ffa5,Gram VS Camellia - Ragnarok,Ragnarok,Rune & Oddloop,ryhme,2020-10-17T20:52:07.309Z,2020-10-17T20:52:07.309Z,2020-10-17T20:52:07.309Z,2020-10-17T20:52:07.309Z,1,,1,1,None,234.0,326,0
8cc7e9296069141ecbb1c7a77bd1ed64e32a47d9,1a52b,"[RANKED] Mori Calliope - Excuse My Rudeness, But Could You Please RIP (ReeK's ""Dude Whats A Genre"" Remix)","Excuse My Rudeness, But Could You Please RIP",ThySpoon,ThySpoon,2021-07-16T09:00:53.286Z,2021-07-16T09:00:53.286Z,2021-10-19T23:14:11.126020Z,2021-10-19T23:06:06.326616Z,1,,1,1,None,220.0,496,0
8cf4844d5dd7728214292f7f6e2fe89a50f528bc,1ac17,[Ranked] CANVAS feat. Quimar - Carmina (fallen shepherd Remix),Carmina,abcbadq,abcbadq,2021-07-30T13:55:06.076Z,2021-07-30T13:55:06.076Z,2023-06-06T14:24:44.760655Z,2021-07-30T13:55:06.076Z,1,2022-08-20T20:35:39.324435Z,1,1,None,195.0,252,0
8d096b97d7df64dc98e98f353ea28399b1f032d3,492e7,[GD Mash Pack II] Creo - Challenger,Challenger,"tecmonke, Kinz",tecmonke,2025-08-05T19:43:38.471367Z,2025-08-05T19:39:02.328859Z,2026-03-18T21:34:43.850645Z,2026-03-18T21:34:40.438363Z,1,,1,0,None,256.0,177,0
8d0edfbe3a32babadf699bdb1937a1c0cae1dbdc,1677a,AJR - Bang!,Bang!,BrightKnight,brightknight,2021-04-09T05:35:23.480Z,2021-04-09T05:35:23.480Z,2021-04-09T05:35:23.480Z,2021-04-09T05:35:23.480Z,1,2021-04-09T05:35:23.480Z,1,1,None,140.0,173,0
8d225396c8964e4495b81cdb144c5bc3d6b87761,25737,Kobaryo - Tool Assisted Speedcore,Tool-Assisted Speedcore,Denyah_,denyah_,2022-05-10T13:12:26.148268Z,2022-05-10T11:48:52.521539Z,2022-08-19T17:18:56.895964Z,2022-08-19T17:17:59.938038Z,1,2022-05-11T00:58:50.180606Z,1,0,None,200.0,143,0
8d272fdaa662f78c6016a73000ada63609410141,4d6f5,[BL RANKED] STEAKA - Sanity Krush (feat. Hatsune Miku),Sanity Krush,Shio,monolotus,2025-12-31T21:44:21.164927Z,2025-12-31T21:44:00.860914Z,2026-01-12T02:35:49.366779Z,2026-01-12T02:35:10.697684Z,1,,1,0,None,168.0,148,0
8d609b63d34ce1d0ebcf71b106bd54f07325c93b,13814,[RANKED] Silentroom - NULCTRL EX,NULCTRL EX,"ItsVasili, Bloo",Vasilidesu,2021-02-02T06:38:53.877Z,2021-02-02T06:38:53.877Z,2021-02-02T06:38:53.877Z,2021-02-02T06:38:53.877Z,1,2021-02-02T06:38:53.877Z,1,1,None,200.0,250,0
8d9df176c94ecf5c7725457525b6f959f5ef9296,1ff0,Flux Pavilion - I can't stop | 100k Contest,I can't stop,Rustic,rustic,2018-11-12T17:55:03Z,2018-11-12T17:55:03Z,2018-11-12T17:55:03Z,2018-11-12T17:55:03Z,1,2018-11-12T17:55:03Z,1,1,None,140.0,148,0
8ddd394df8a8d20a9cb785b74872fcce99ac7f3b,3c48f,Half Measure - 1982 (Chroma),1982,Brakepie,Brakepie,2024-05-03T11:32:29.793432Z,2024-05-03T11:32:18.512154Z,2024-09-26T20:27:17.210755Z,2024-09-26T20:27:02.963651Z,1,2024-05-04T06:05:02.535777Z,1,0,None,143.0,222,0
8dea324524baf1ed5a1f71be1714264962b9e47e,1a523,[RANKED] POWA OF DA WILDANES - Camellia,POWA OF DA WILDANES,Atomosophere & Rune,atomosophere,2021-07-16T06:21:36.968Z,2021-07-16T06:21:36.968Z,2021-08-27T23:15:04.368909Z,2021-08-27T23:14:53.491096Z,1,,1,1,None,300.0,339,0
8e41c0730ebb1a7d265925386cb9801d72427130,166c,Just Be Friends feat. Megurine Luka - Dixie Flatline,Just be Friends feat. Luka,Todokete,todokete,2018-09-21T20:39:18Z,2018-09-21T20:39:18Z,2018-09-21T20:39:18Z,2018-09-21T20:39:18Z,1,,1,1,None,128.0,195,0
8e6bc0438a81c60aeec4e9afb937145fc9ecd947,1fa21,[Ranked] uma - Chakra,Chakra,Jabob,Jabob,2022-01-04T01:05:23.962633Z,2022-01-04T01:05:12.758316Z,2022-02-17T18:32:56.098515Z,2022-02-17T18:32:52.192437Z,1,2022-02-27T20:51:28.314273Z,1,1,None,165.0,122,0
8e6fd170583fd5c0fbe86c1c811f2400d7c3d8f9,743,EC1 - R3SPAWN - Everything Goes,EC1-Everything Goes,Rustic,rustic,2018-06-30T18:18:05Z,2018-06-30T18:18:05Z,2018-06-30T18:18:05Z,2018-06-30T18:18:05Z,1,2018-06-30T18:18:05Z,1,1,None,128.0,193,0
8ea6d40002cecb79121f126921bee431a5a046f5,33321,[BL <8 map of the Year 2024] [Ranked] [Chroma+] YOASOBI - Idol,Idol,"yabje, Rusty & Andy",yabje,2023-06-15T16:46:50.892574Z,2023-06-15T16:45:42.663543Z,2023-08-02T05:57:31.556465Z,2023-08-02T05:56:41.443244Z,1,2023-06-16T19:21:31.948111Z,1,1,None,166.0,215,0
8ea907efeb4fb8774c1397076008b11491b937d0,1ffad,acloudyskye - A Drowning Cry [Chroma],A Drowning Cry,Fatalution,fatalution,2022-01-11T18:29:25.562629Z,2022-01-11T18:26:47.832079Z,2022-01-11T18:29:25.562629Z,2022-01-11T18:26:47.832079Z,1,2022-01-11T18:29:25.562629Z,1,1,None,180.0,255,0
8ee99950d7f1dc73e9f1f838384679a7dcdcd49f,2c973,Wommotion,Wommotion,Frost,Frost,2022-12-02T16:15:35.362862Z,2022-12-02T16:15:12.528378Z,2023-04-19T01:23:37.615835Z,2023-04-19T01:20:12.765677Z,1,,1,0,None,185.0,274,0
8f2df8a22bcf7f7cddeed507390950c02b975dcf,2dd30,Noise Spammer - Splitting Noise,Splitting Noise,Kip,wolfpup43,2023-01-06T23:36:11.937124Z,2023-01-06T23:35:59.463359Z,2023-11-30T10:52:14.764811Z,2023-11-30T10:52:08.717267Z,1,2023-11-30T11:00:41.341277Z,1,0,None,210.0,203,0
8f4f34521b4fca8c862dee92e38aeeefa66203de,bc7f,t+pazolite - Pumpin' Junkies (Kobaryo's FTN-Remix),Pumpin' Junkies,checkthepan & Vilawes,checkthepan,2020-07-09T22:30:37.337Z,2020-07-09T22:30:37.337Z,2020-07-09T22:30:37.337Z,2020-07-09T22:30:37.337Z,1,,1,1,None,320.0,201,0
8fa51c33b17b646670fcb2c91c70628753d75087,3be9f,Purple hat - Sofi Tukker,Purple hat,Pleo,pleo,2024-04-19T14:22:57.668084Z,2024-04-19T14:22:42.297126Z,2025-03-03T23:53:21.929922Z,2025-03-03T23:51:42.462004Z,1,2024-04-20T07:43:24.293501Z,1,0,None,188.0,180,0
8ffd0778634ae5aaa4ea8e94886ad8957b3a7ca2,1acf5,Camellia - SLIME INCIDENT,SLIME INCIDENT,Helloiamdaan & Joshabi,helloimdaan,2021-07-31T19:49:33.175Z,2021-07-31T19:49:33.175Z,2021-11-17T18:09:22.183328Z,2021-11-17T18:09:17.120804Z,1,2021-07-31T19:49:33.175Z,1,1,None,320.0,307,0
901bf0bc525b69a341c307e9ac29c37f145389d8,1c268,Pounce(Azazal),Pounce,BigSlick,bigslick,2021-10-25T06:27:51.798223Z,2021-09-11T16:07:18.944107Z,2021-10-25T06:27:51.798223Z,2021-10-14T12:18:01.567803Z,1,,1,0,None,110.0,165,0
9034e66c999401395385c85083896f89a91d344c,3dc0c,A Lasting Promise - Laur,A Lasting Promise,"vOid, Slayx, Azu",BlAck_vOid-1001,2024-06-19T21:17:55.276886Z,2024-06-19T21:17:51.149703Z,2025-01-02T21:52:59.250774Z,2025-01-02T21:52:52.663941Z,1,2024-11-10T02:13:43.634493Z,1,0,None,270.0,121,0
903cdd96f668b6b5c45bece7f9a7852d9b74e64b,447a8,Good Kid - Mimi's Delivery Service,Mimi's Delivery Service,abbad,abbad,2025-02-20T20:40:38.633672Z,2025-02-20T20:40:32.910401Z,2025-07-20T00:38:37.272914Z,2025-07-20T00:38:33.513552Z,1,,1,0,None,205.0,181,0
9055198167622a1bae4f58c5e2f3f093f98a264c,16aba,Camellia - Light It Up (Ranked),Light It Up,cat_using_a_toaster,Acubens,2021-04-14T11:43:26.187Z,2021-04-14T11:43:26.187Z,2021-04-14T11:43:26.187Z,2021-04-14T11:43:26.187Z,1,,1,1,None,175.0,371,0
906160fd1f808e2f34f33c2ca5920118855c065d,1bf,Caravan Palace - Lone Digger,Lone Digger,Caravan Palace,calijor,2018-05-23T00:15:19Z,2018-05-23T00:15:19Z,2018-05-23T00:15:19Z,2018-05-23T00:15:19Z,1,,1,1,None,124.0,170,0
906cd67e7f13e169d9ea18859be808a1c0434ab9,d888,Trifect - Neverland (Short Ver) ,Neverland,carrot,carrot090,2020-08-17T07:26:20.594Z,2020-08-17T07:26:20.594Z,2020-08-17T07:26:20.594Z,2020-08-17T07:26:20.594Z,1,,1,1,None,127.0,100,0
90f11843fe54fb66296ec69908fcf53080ef197b,2dd6c,Srav3R - Bomb the rave [One Saber],Bomb The Rave,Blackjack,blackjack,2023-01-07T02:57:38.764420Z,2023-01-07T02:57:00.794006Z,2023-12-17T14:39:27.721648Z,2023-12-17T14:39:19.575279Z,1,2023-01-07T06:07:49.073330Z,1,0,None,170.0,220,0
9102a2152ed870745006858ea037818f6a1eae81,ffef,[Ranked] kors k - Resonation,Resonation,abcbadq,abcbadq,2020-10-18T21:17:21.100Z,2020-10-18T21:17:21.100Z,2023-06-06T14:28:01.460819Z,2020-10-18T21:17:21.100Z,1,,1,1,None,170.0,257,0
91288ca5fcda1af6c36623ef260291f64feeda93,1044e,Dream of Winds DJMAX,Dream of Winds,Mystikmol,mystikmol,2020-10-27T02:16:24.280Z,2020-10-27T02:16:24.280Z,2020-10-27T02:16:24.280Z,2020-10-27T02:16:24.280Z,1,,1,1,None,150.0,114,0
914170a7a218dace0ea64173b7f9dd881f921cf4,23bb7,[BL Ranked] Yonaka - NEKOMIMI☆MINAGOROSHI,NEKOMIMI☆MINAGOROSHI,Cat Using A Toaster,Acubens,2022-03-31T15:37:56.112075Z,2022-03-31T15:37:28.255889Z,2022-03-31T15:37:56.112075Z,2022-03-31T15:37:28.255889Z,1,,1,0,None,260.0,147,0
914edcfa17a8d7b1573f7fe8eb1b504cc7e47806,90e6,Melancholia - you,Melancholia,Astrella,astrella_,2020-03-17T04:09:58.328Z,2020-03-17T04:09:58.328Z,2020-03-17T04:09:58.328Z,2020-03-17T04:09:58.328Z,1,,1,1,None,340.0,187,0
9171ff739dd493250245df54c0541e7b0cd385db,3fa68,YOUNG POSSE - ATE THAT,ATE THAT,Jonas_0_0,Jonas,2024-08-21T13:21:55.720127Z,2024-08-21T13:21:25.147239Z,2025-02-27T01:01:04.739656Z,2025-02-27T01:00:53.414991Z,1,2025-03-02T08:33:48.909225Z,1,0,None,106.0,182,0
91758a101730a2333850a9f007b0ed1dc2069de9,3a111,"$44,000 - PISSCORD",PISSCORD,ob1cb & Anodize,ob1cb,2024-02-17T21:37:04.537168Z,2024-02-17T21:36:59.034568Z,2024-09-13T03:27:51.724453Z,2024-09-13T03:27:47.925716Z,1,2024-02-18T01:33:02.813359Z,1,1,None,125.0,123,0
918110a59e398d0f2c9b3d3bf863cc6b7896bb24,32e4c,[Eurovision 2023 Pack] Noa Kirel - Unicorn,Unicorn,Nebelmonster,Nebelmonster,2023-06-16T15:00:00.001Z,2023-06-05T22:22:52.161983Z,2023-07-23T09:00:07.440832Z,2023-07-23T09:00:05.788132Z,1,2023-06-23T22:53:57.183968Z,1,0,None,130.0,173,0
919c62ff2bab5670ec8347abeb0068ef420aa25c,1a5e4,[RANKED] Kanaria - MIRA,MIRA,Vilawes,vilawes,2021-07-17T15:10:09.394Z,2021-07-17T15:10:09.394Z,2021-07-17T15:10:09.394Z,2021-08-18T20:29:17.403776Z,1,,1,1,None,148.0,137,0
91bb2765c86cefcdac824bf46422539716cb3f4c,4a646,Hito Mania (yasai31 SynthV Cover),Hito Mania,Cratornugget,Cratornugget,2025-09-14T04:51:32.381934Z,2025-09-14T04:48:07.932321Z,2026-04-17T17:04:16.952282Z,2026-04-17T17:00:58.697965Z,1,2025-10-16T16:01:09.259091Z,1,0,None,150.0,129,0
91d2ed2cc815fbe065b4ee226a34c741d1145c3e,23a2c,t+pazolite - Dreaded Note,Dreaded Note,cerret & Nolanimations,cerret,2022-03-29T01:37:28.457770Z,2022-03-29T01:37:11.224421Z,2022-03-29T01:37:28.457770Z,2022-03-29T01:37:11.224421Z,1,,1,0,None,240.0,199,0
91d7a2bd6068a7e647492195c5a2a074796ee801,165ed,[RANKED] RIOT - Jungle Fury,Jungle Fury,nolan121405,nolan121405,2021-04-06T23:31:53.891Z,2021-04-06T23:31:53.891Z,2021-04-06T23:31:53.891Z,2021-04-06T23:31:53.891Z,1,2021-04-06T23:31:53.891Z,1,1,None,145.0,311,0
91f15bae439205a851e8f288de5c0ce6c5a5f09d,12fa2,Monolith[R],Monolith,Schwank vs. Narwhal,Narwall,2021-01-21T01:08:08.487Z,2021-01-21T01:08:08.487Z,2021-01-21T01:08:08.487Z,2021-01-21T01:08:08.487Z,1,,1,1,None,215.0,268,0
91f79ca578510ec8220ab473a7ed19ffd917773d,1c600,underscores - Spoiled little brat,Spoiled little brat,Bizzy,Bizzy,2021-09-19T20:15:54.909568Z,2021-09-19T20:15:33.690077Z,2022-08-29T02:01:02.254739Z,2022-08-29T02:00:55.077349Z,1,,1,0,None,172.0,200,0
92029870eb578292766e418074308e6e76c16f53,28328,UNDEAD CORPORATION - The Empress,The Empress,Dailyy,Dailyy,2022-07-27T06:09:49.737392Z,2022-07-27T06:09:39.296711Z,2023-05-29T14:17:31.112209Z,2023-05-29T14:17:24.057871Z,1,,1,1,None,270.0,279,0
925cce915bd9bbb655fb375959bd5a81ed992ab7,179eb,[Ranked] Camellia - kannabis kultivation,kannabis kultivation,AlphaComplex,abcbadq,2021-05-07T01:11:23.271Z,2021-05-07T01:11:23.271Z,2023-06-06T14:25:28.803963Z,2022-01-07T03:32:32.793857Z,1,,1,1,None,294.0,441,0
92baa4ce632807e5834d084954b1d726cef29ed4,a460,Ultra Vomit - Takoyaki,Takoyaki,Vilawes,vilawes,2020-05-09T10:28:41.005Z,2020-05-09T10:28:41.005Z,2020-05-09T10:28:41.005Z,2020-05-09T10:28:41.005Z,1,,1,1,None,304.0,146,0
93219a28885afc6665b7289631420fde9a2ecbff,b4f0,Kobaryo - Glitched Character,Glitched Character,Oddloop & fraies,oddloop,2020-06-22T04:33:52.762Z,2020-06-22T04:33:52.762Z,2020-06-22T04:33:52.762Z,2020-06-22T04:33:52.762Z,1,,1,1,None,230.0,289,0
9351240cd2cfbed455799c2211772d3cc19f22ba,1b094,Patent Pending - Six Feet,Six Feet,BrightKnight,brightknight,2021-08-08T19:05:28.382327Z,2021-08-08T19:05:28.382327Z,2021-11-06T02:04:00.426701Z,2021-11-06T02:01:03.322688Z,1,2021-08-08T19:05:28.382327Z,1,1,None,116.0,189,0
938d868f91350b28e3db95c82cb56d32ee6a0a98,28ce9,Grave of the Fireflies - The Raven Age,Grave of the Fireflies,TG90,TG90,2022-08-12T02:13:48.104817Z,2022-08-12T02:13:36.389529Z,2022-10-20T07:02:04.186397Z,2022-10-20T07:01:47.328444Z,1,,1,0,None,168.0,491,0
94a96769337eb037bf7e5dbe87e5d8706f29946e,2c25a,Haywyre - Never Count On Me,Never Count On Me,AllPoland,AllPoland,2022-11-19T02:26:54.675040Z,2022-11-19T02:18:54.684294Z,2022-11-19T02:26:54.675040Z,2022-11-19T02:18:54.684294Z,1,2022-11-19T03:03:09.018829Z,1,0,None,180.0,199,0
9527e5995c10e1583f10f4734498c08dfdb65a22,3ff31,beatMARIO - Saishuu Kichiku Imouto Flandre-S - Kowashite! Mix-,Saishuu Kichiku Imouto Flandre-S,ViSi,ViSi,2024-09-01T22:04:06.061512Z,2024-09-01T22:03:56.919639Z,2025-04-11T00:29:46.181407Z,2025-04-11T00:29:40.327751Z,1,2024-09-15T23:13:13.743780Z,1,1,None,201.0,195,0
9604d435468c291039e8c39dbf9e8317e06605ee,dead,The Deceit - Fleshgod Apocalypse (Short Ver.),The Deceit,Nuketime,nuketime,2020-08-27T12:05:43.804Z,2020-08-27T12:05:43.804Z,2020-08-27T12:05:43.804Z,2020-08-27T12:05:43.804Z,1,,1,1,None,250.0,320,0
967d96e7dfd3ee444071e0a24dcc5fbb5b535266,46ba,Summer Night Hiking - YUC'e,Summer Night Hiking,Uninstaller,uninstaller,2019-04-18T02:02:03Z,2019-04-18T02:02:03Z,2019-04-18T02:02:03Z,2019-04-18T02:02:03Z,1,,1,1,None,170.0,210,0
968b1ed73705d32a15c59ca95f048a9d5dfba8fb,dd5e,[RANKED] Yunomi - Jellyfish (feat. Roller Girl),Jellyfish,ItsVasili,Vasilidesu,2020-08-24T23:13:24.241Z,2020-08-24T23:13:24.241Z,2020-08-24T23:13:24.241Z,2020-08-24T23:13:24.241Z,1,,1,1,None,160.0,238,0
96df0a1b8e2c80d52ea6a77005556a687bd027bb,2713c,Burn (Haocore Mix) - NceS,Burn,Rashed,Rashed,2022-06-24T13:58:57.480873Z,2022-06-24T13:58:50.214192Z,2022-08-06T19:25:32.240355Z,2022-08-06T19:23:36.744664Z,1,,1,0,None,200.0,146,0
96fa0d5ad17db9d2d59eb82734440c3a7ac24d25,8017,"Masayoshi Minoshima - Bad Apple!! (feat. nomico) (Camellia's ""Bad Psy!!"" Remix)",Bad Apple!!,Light Ai & DE125,LightAi,2020-01-21T17:20:34.984Z,2020-01-21T17:20:34.984Z,2020-01-21T17:20:34.984Z,2020-01-21T17:20:34.984Z,1,,1,1,None,160.0,294,0
97630887aa16ea4d311ce5171f0894ea3fa78625,1b49e,[Rank] Darling Dance(YuNi Cover) - Kairiki Bear,Darling Dance,Emir,Emiru,2021-08-15T07:36:29.488553Z,2021-08-15T07:36:29.488553Z,2022-01-05T12:07:15.433195Z,2022-01-05T12:07:01.056693Z,1,,1,1,None,153.0,208,0
977bdb0b7e1cf50a678f0af5647f03dc634fe890,2c7b1,[Ranked] EZFG - Glucagon,Glucagon,ComplexFrequency,complexfrequency,2022-11-29T15:43:03.451341Z,2022-11-29T15:41:36.195746Z,2023-05-26T00:46:23.068710Z,2023-05-26T00:46:15.143541Z,1,,1,1,None,137.0,204,0
97d970019d7f195831c22bd0212dab67e6f29b33,10473,PARALLEL*PRISM [R],PARALLEL*PRISM,That_Narwhal,Narwall,2020-10-27T14:11:19.532Z,2020-10-27T14:11:19.532Z,2020-10-27T14:11:19.532Z,2020-10-27T14:11:19.532Z,1,,1,1,None,180.0,127,0
97dedd1bac6383e6d299faa9454a530c02c233bb,1b4f9,"[RANKED] Imil & Sunhiausa - Our Generation (Underscore's ""Doomsday"" Remix)",Our Generation,nolan121405,nolan121405,2021-08-16T00:38:02.437587Z,2021-08-16T00:38:02.437587Z,2022-01-06T22:45:41.495563Z,2022-01-06T22:44:40.782684Z,1,,1,1,None,320.0,173,0
97e1b67ed8641899e89de59603d97d89dae770d7,158ce,[Ranked] Passcode - PROJECTION ,PROJECTION,abcbadq & altrewin,abcbadq,2021-03-17T13:45:03.010Z,2021-03-17T13:45:03.010Z,2023-06-06T14:27:21.160276Z,2021-03-17T13:45:03.010Z,1,,1,1,None,210.0,207,0
97f3ec9cf48316cb1060caba1029a0eec0b402d4,78a8,SEITEN NO TERIYAKI - Kobaryo,SEITEN NO TERIYAKI,fraies & Souk,fraies,2019-12-22T22:14:17.086Z,2019-12-22T22:14:17.086Z,2019-12-22T22:14:17.086Z,2019-12-22T22:14:17.086Z,1,,1,1,None,273.0,115,0
9811e3eaeb31cb5903ccf76d49452299ad24f4a3,5a0,Zayde Wolf - Gladiator,Gladiator,Rustic,rustic,2018-06-18T08:32:31Z,2018-06-18T08:32:31Z,2018-06-18T08:32:31Z,2018-06-18T08:32:31Z,1,2018-06-18T08:32:31Z,1,1,None,144.0,185,0
982d3905470c6755b49f72238603a5b33de56b38,1689a,amogsu,Among Us,xScaramouche & nolan121405,xScaramouche,2021-04-11T03:30:56.117Z,2021-04-11T03:30:56.117Z,2021-04-11T03:30:56.117Z,2021-04-11T03:30:56.117Z,1,,1,1,None,188.0,64,0
983bd21e9714af726259a6b046fd01b864ca6ab0,3c0be,[RANKED] Fallen Shepherd ft. RabbiTon Strings - Endymion (Long Edit.),ENDYMION,"Joshabi, Bitz & Fnyt",Fnyt,2024-04-23T22:00:53.640559Z,2024-04-23T21:57:44.744321Z,2024-11-06T23:23:11.800747Z,2024-11-06T23:22:53.058370Z,1,2024-08-24T21:52:26.622473Z,1,1,None,220.0,259,0
98470c673d1702c5030487085120ad6f24828d6c,a405,Kill The Noise - Dolphin On Wheels,Dolphin On Wheels,Checkthepan,checkthepan,2020-05-08T16:12:40.292Z,2020-05-08T16:12:40.292Z,2020-05-08T16:12:40.292Z,2020-05-08T16:12:40.292Z,1,,1,1,None,130.0,170,0
988203487ca8d2f38419326126dbdec31e6de5b6,1b915,Laur - Attractor Dimension,Attractor Dimension,Laur Fanclub,helloimdaan,2021-08-24T15:56:06.201940Z,2021-08-24T15:55:52.601922Z,2022-01-07T17:01:16.637555Z,2022-01-07T17:01:07.901863Z,1,,1,1,None,290.0,156,0
98ec79563c517dd1aeaebfdde03166fd29719e2f,3c277,System of a Down - B.Y.O.B.,B.Y.O.B.,Undeceiver & Sk4venger,Undeceiver,2024-04-28T18:20:29.306422Z,2024-04-28T01:56:11.145993Z,2024-04-28T18:20:29.306422Z,2024-04-28T01:56:11.145993Z,1,2024-05-25T21:18:33.817793Z,1,0,None,204.0,259,0
9902b26010c445a29bb9dba29115600ca51f3388,3a5e9,[RANK] BIBI - BAD SAD AND MAD,BAD SAD AND MAD,Bellus,Bellus,2024-02-25T12:36:28.127312Z,2024-02-25T12:33:37.628933Z,2024-04-21T15:16:54.494045Z,2024-04-21T15:16:49.319011Z,1,2024-02-26T22:10:26.302352Z,1,0,None,180.0,156,0
992b3a62e7a1ff7e2ce7525ebc5b8935302d3ba4,1b9b6,Twista ft. Tech N9ne - Crisis,Crisis,Checkthepan,checkthepan,2021-08-25T21:02:22.077364Z,2021-08-25T21:02:09.419684Z,2021-08-25T21:02:22.077364Z,2021-08-25T21:02:09.419684Z,1,,1,1,None,252.0,204,0
992d3f10aad1ee6885ad1c2778e4e2ba9d4b1d2e,28440,"Aether Realm - The Sun, The Moon, The Star [DANCE MAP] [HSDMPWG]","The Sun, The Moon, The Star",harbgy,harbgy,2022-07-29T16:24:39.389200Z,2022-07-29T14:23:49.371398Z,2022-08-30T17:06:12.842040Z,2022-08-30T17:06:01.154448Z,1,2022-08-09T17:26:30.864672Z,1,0,None,210.0,1152,0
993351e5dd6c15b19118b31b15b1f34d073d08de,3725a,混沌ブギ / Konton Boogie - jon-YAKITORY,Konton Boogie,Schloss,Schloss,2023-11-13T08:05:04.907747Z,2023-11-13T08:02:58.001405Z,2023-12-03T00:22:59.008042Z,2023-12-03T00:22:39.708640Z,1,2023-11-13T15:16:55.621733Z,1,0,None,190.0,157,0
99414f6638f57b1653405ec6fa5382797c8b6894,37e08,Jeff Lewis - Did I Mention,Did I Mention,Nebelmonster,Nebelmonster,2023-12-10T15:43:12.842893Z,2023-12-10T15:42:50.015960Z,2023-12-20T22:36:30.170614Z,2023-12-20T22:36:27.849465Z,1,2023-12-10T23:35:14.802604Z,1,0,None,162.0,156,0
9971182a88a4d0e81c27f478c8409fae8689806f,37c1d,[Ranked] Kobaryo - Affiliate Requiem,Affiliate Requiem,edgii,edgiiiiiiiii,2023-12-04T23:45:49.536384Z,2023-12-04T23:45:40.220831Z,2023-12-05T16:28:51.232977Z,2023-12-05T16:28:34.118737Z,1,,1,0,None,300.0,208,0
99ae0a21199878c64ab8855a074a7b5183e6c0a7,1df7a,If You Can't Hang - Sleeping With Sirens,If You Can't Hang,Olaf & Joshabi,olaf,2021-11-14T23:46:55.948041Z,2021-11-14T23:46:32.192517Z,2022-01-03T23:49:14.965830Z,2022-01-03T23:48:50.206502Z,1,2021-11-14T23:46:55.948041Z,1,1,None,192.0,252,0
99dfa870c4046730fe229fb29fb3d028234726f2,4372c,[BL Ranked] Kasane Teto - Tetoris,Tetoris,Slayx,Slayx,2025-01-19T22:48:57.755068Z,2025-01-19T22:45:58.979366Z,2026-03-20T16:57:48.057192Z,2026-03-20T16:57:30.271755Z,1,2025-03-06T23:52:30.261413Z,1,0,None,170.0,144,0
9a103c5389e8915f896198c2d8415654c30a6444,1402d,Fly Wit Me - Camellia,Fly Wit Me,Shappy,shappy,2021-02-13T23:03:48.366Z,2021-02-13T23:03:48.366Z,2021-02-13T23:03:48.366Z,2021-02-13T23:03:48.366Z,1,2021-02-13T23:03:48.366Z,1,1,None,174.0,281,0
9a167b72c723fc72f3fd562264087137836fa043,2ee3d,[Chroma+] Vylet Pony / Namii / Sylver Stripe / Ataraxia - No Matter What (2015) (Short Version),No Matter What (2015),Phøenix & Zyxi,Phoenix,2023-02-01T14:00:00.979827Z,2023-02-01T03:29:50.560237Z,2023-04-23T01:29:12.957364Z,2023-04-23T01:29:09.945839Z,1,2023-02-04T16:21:20.038900Z,1,0,None,170.0,356,0
9a33b85af39d74c590036e9e8e92060b4fdedfbd,2cf63,"[BL ranking] Dive To The Heart - """"""""""""""""""""""""""""""""""""""""""""""""""""""""""""""""""""""""""""""""""""""""""""""""""""""""""""""""""""""""""""""""""""""""","""""""""""""""""""""""""""""""""""""""""""""""""""""""""""""""""""""""""""""""""""""""""""""""""""""""""""""""""""""""""""""""""""""""""",Vilawes,vilawes,2022-12-13T20:00:52.202766Z,2022-12-13T20:00:46.933636Z,2022-12-13T20:00:52.202766Z,2022-12-13T20:00:46.933636Z,1,,1,0,None,448.0,212,0
9a3b1fb40f1630d470b06e384094fe8014f4b38f,1b13d,[Ranked] ReeK - Galaxy Collision,Galaxy Collision,Jabob,Jabob,2021-08-09T20:32:25.079840Z,2021-08-09T20:32:25.079840Z,2021-08-09T20:32:25.079840Z,2021-08-09T20:48:37.570381Z,1,2021-08-09T20:32:25.079840Z,1,1,None,200.0,337,0
9a6106c31f9042374450ed9b5d42915ec425ff50,3d124,[Chroma+] AJR - Inertia (Acoustic),Inertia,"Lekrkoekj, BanditByTheStreet, Scorefam, steeak",Lekrkoekj,2024-06-15T22:27:52.301695Z,2024-05-29T19:59:51.152747Z,2024-09-25T08:04:00.468537Z,2024-09-25T08:03:47.665580Z,1,2024-06-16T14:35:38.027727Z,1,0,None,175.01,230,0
9a7207e66003f77299d5abd4bdc8c74a21f425bf,2c7d6,Ado - Usseewa (Giga Remix),Usseewa,AllPoland,AllPoland,2022-11-30T02:34:45.607597Z,2022-11-30T02:32:57.548662Z,2022-11-30T02:34:45.607597Z,2022-11-30T02:32:57.548662Z,1,2022-12-01T17:20:02.311503Z,1,0,None,174.0,192,0
9a9cdb599aea698c3b6ecb1e09921060e7e71eee,42ece,Geoxor - Extraterrestrial,Extraterrestrial,The Lunar Carver,TheLunarCarver,2025-01-04T00:22:29.352870Z,2025-01-04T00:06:51.629291Z,2025-04-15T19:16:43.452538Z,2025-04-15T19:16:24.779090Z,1,,1,0,None,128.0,199,0
9abb73f12b80941613e6f0b24570f6860d3471ff,3ee10,[BL RANKED] [SC2H] Kobaryo - Theme for Psychopath Justice,Theme for Psychopath Justice,GalaxyMaster,GalaxyMaster,2024-07-27T01:00:44.247688Z,2024-07-27T01:00:18.984008Z,2024-11-26T21:20:36.520293Z,2024-11-26T21:18:07.490480Z,1,,1,0,None,366.0,137,0
9abe814bde708987bd8824cc7ce45bca3e06a263,20f63,Kobaryo - SUPER EMULATOR (feat. HiTNEX-X),SUPER EMULATOR,Nolanimations,Nolanimations,2022-01-31T22:34:55.858625Z,2022-01-31T22:34:51.413636Z,2022-01-31T22:34:55.858625Z,2022-01-31T22:34:51.413636Z,1,,1,0,None,208.0,177,0
9ac0355075fbbcca270225ff9febd7b2e27bfa43,14513,[Ranked]Camellia - Dyscontrolled Galaxy,Dyscontrolled Galaxy,Soba`s,Sobas,2021-02-20T03:20:15.620Z,2021-02-20T03:20:15.620Z,2021-02-20T03:20:15.620Z,2021-02-20T03:20:15.620Z,1,,1,1,None,161.0,298,0
9ae2fa6d0e9a44124effd5d3a2b7b3946cf076cf,3c7d7,IMANU - Fingertips,Fingertips,spacky,spacky,2024-05-07T10:40:44.921806Z,2024-05-07T10:40:15.233302Z,2025-01-10T07:59:59.808518Z,2025-01-10T07:59:52.148149Z,1,,1,0,None,112.0,200,0
9aea56cdd3e22ba10ef18a6cbb8fb9dbfe1db66e,d39a,"Beta - (Camellia's \""BlAst-Off\"" remix)",Beta,Kuurama,kuurama_,2020-08-10T22:15:31.993Z,2020-08-10T22:15:31.993Z,2020-08-10T22:15:31.993Z,2020-08-10T22:15:31.993Z,1,,1,1,None,280.0,260,0
9b0db9eb1ff4b0bd03d0555ac96cc5b116bcce09,35ba6,[Ranked] [Chroma+] kors k & Akira Complex - message within the rift (Arcien Remix),message within the rift,Elecast & Dereknalox123,Elecast,2023-09-17T23:31:26.587952Z,2023-09-17T22:45:49.990300Z,2024-03-02T00:59:11.968931Z,2024-03-02T00:58:55.083510Z,1,2023-09-19T02:22:08.360058Z,1,1,None,170.0,296,0
9b17d921d39958718c48cc1cdc0114794882ee12,28052,Rather Be (ft. Jess Glynne) - Clean Bandit,Rather Be,RFColaf,RFColaf,2022-07-21T01:55:08.115962Z,2022-07-21T01:54:55.033814Z,2022-07-21T01:55:08.115962Z,2022-07-21T01:54:55.033814Z,1,2022-07-21T18:05:48.351219Z,1,0,None,121.0,231,0
9b51fa474f0ef39d8e02f1029e2e03f857e7809e,3881a,[SC2H] brakence - veldt,veldt,GojiCrafter,GojiCrafter,2024-01-01T22:00:00.765853Z,2024-01-01T21:56:11.643637Z,2024-02-22T23:25:04.016323Z,2024-02-22T23:25:00.971663Z,1,,1,0,None,173.0,210,0
9b6c79e80137f947f8a65f8070624436bcc8d5f9,d7f7,"[Ranked] Camellia as ""Bang Riot"" - BANGER A.F., BROOOO!!!","BANGER A.F., BROOOO!!!",abcbadq,abcbadq,2020-08-16T18:48:02.136Z,2020-08-16T18:48:02.136Z,2023-06-06T14:28:21.762378Z,2020-08-16T18:48:02.136Z,1,,1,1,None,245.0,257,0
9bb1cdb8a6271c77fe036ae0c3e91e9aa31ef877,39ba2,Chloe Adams - Dead To Me (Do Revenge remix),Dead To Me,Nebelmonster,Nebelmonster,2024-02-05T14:23:44.253940Z,2024-02-05T14:23:39.928456Z,2024-03-19T16:55:27.512024Z,2024-03-19T16:55:25.437343Z,1,2024-02-06T03:10:48.046450Z,1,0,None,135.0,158,0
9bde9411574da0145649d2e5f380c2e066e7ff0d,304be,Pop Goes the Weasel by Kevin MacLeod (Enjoy this unexpectedly spooky version!),Pop Goes the Weasel,LaidBackAries,LaidBackAries,2023-03-10T00:57:19.405410Z,2023-03-10T00:56:26.788562Z,2023-03-18T20:04:07.752302Z,2023-03-18T20:04:00.432661Z,1,2023-03-18T08:50:35.103131Z,1,0,None,108.0,55,0
9be7447d96c2885435f1fc2ac7562f6008ef726b,3ccc5,CG5 x The Living Tombstone - 4GET,4GET,UglyApe,UglyApe,2024-05-19T15:14:50.618977Z,2024-05-19T15:14:44.537460Z,2024-06-13T19:44:16.421789Z,2024-06-13T19:43:58.493115Z,1,2024-06-30T20:25:53.589598Z,1,0,None,120.0,151,0
9bf202f68c333421c69ca6aa15c648d65d4a1e0f,7457,Camellia - Night Raid with a Dragon,Night Raid with a Dragon,DE125 & Skeelie,Skeelie,2019-12-07T10:25:37.125Z,2019-12-07T10:25:37.125Z,2019-12-07T10:25:37.125Z,2019-12-07T10:25:37.125Z,1,,1,1,None,256.0,217,0
9c3fb705f347a46b8bde8d4221e4447ebdb858b5,f0ea,To Be Beautiful - Dawko & DHeusta,To Be Beautiful,Rayman9515,rayman9515,2020-09-23T18:53:57.571Z,2020-09-23T18:53:57.571Z,2020-09-23T18:53:57.571Z,2020-09-23T18:53:57.571Z,1,2020-09-23T18:53:57.571Z,1,1,None,150.0,198,0
9c4820e753370b43db6c944eed8d6f0966847f0a,193a6,[Ranked] Infant Annihilator - Plaguebearer,Plaguebearer,FatBeanzoop & Fvrwvrd,fatbeanzoop,2021-06-17T02:24:27.776Z,2021-06-17T02:24:27.776Z,2021-06-17T02:24:27.776Z,2021-06-17T02:24:27.776Z,1,,1,1,None,334.5,304,0
9c7201c25290e8de798770eab374f0249b1bcee5,f1e3,[Refugee Camp] Keelerbeest,KillerBeast,muffn & Rogdude,muffn,2020-09-25T06:05:43.194Z,2020-09-25T06:05:43.194Z,2020-09-25T06:05:43.194Z,2020-09-25T06:05:43.194Z,1,,1,1,None,220.0,246,0
9c979acb7109617fd3dbfedc7f637252ebe30e19,169b4,t+pazolite - Saw-Saw.,Saw-Saw.,SlimyBlob & Smile,SlimyBlob,2021-04-12T22:39:18.070Z,2021-04-12T22:39:18.070Z,2021-04-12T22:39:18.070Z,2021-04-12T22:39:18.070Z,1,,1,1,None,220.0,258,0
9c9d82dc9d5fc7307ba838b5079f98e1938ddd88,1bfe5,Tsunomaki Watame - Teetee no Uta,Teetee no Uta,Rusty,Rusty,2021-09-06T21:59:47.268901Z,2021-09-06T21:59:21.532751Z,2022-01-02T23:37:32.173181Z,2022-01-02T23:37:08.104220Z,1,,1,1,None,100.0,45,0
9ce21bb37cbea55b54f3c19542cf78d02169273b,11dcb,[Ranked] 猫叉Master - chrono diver -fragment- (かめりあ's “crossroads of chrono” remix),chrono diver -fragment-,kizuflux,kizuflux,2020-12-21T14:28:33.499Z,2020-12-21T14:28:33.499Z,2020-12-21T14:28:33.499Z,2020-12-21T14:28:33.499Z,1,,1,1,None,149.0,323,0
9d028a382d979296c4534d1e709c5333757dda5d,2b824,KING - Will Stetson,KING,Semdol,Semdol,2022-10-30T20:53:42.863098Z,2022-10-30T20:48:16.456971Z,2022-11-04T23:49:18.516299Z,2022-11-04T23:48:52.769148Z,1,2022-11-04T23:53:00.162698Z,1,0,None,166.0,139,0
9d187121301203d70cc70aabceaf232e2e37bab1,b68c,Himeringo - Kodoku no Kakurenbo,Kodoku no Kakurenbo,TheRealZeroz & altrewin,therealzeroz,2020-06-27T00:13:52.207Z,2020-06-27T00:13:52.207Z,2020-06-27T00:13:52.207Z,2020-06-27T00:13:52.207Z,1,,1,1,None,220.0,232,0
9d2112e2577d512c293bf7583c9ddc7c0a53667c,2f1e5,twocolors - Heavy Metal Love,Heavy Metal Love,Nebelmonster,Nebelmonster,2023-02-08T12:58:53.596040Z,2023-02-08T12:58:47.388392Z,2023-02-11T17:25:42.875066Z,2023-02-11T17:25:39.709184Z,1,2023-02-08T19:57:48.360017Z,1,1,None,125.0,132,0
9d2d611ff63f178d0e072f81476080c1593719b6,1ab8d,Cascada - Everytime We Touch (Fvwvrd's 700 BPM Speedcore Remix),Everytime We Touch,cerret,cerret,2021-07-28T23:27:08.767Z,2021-07-28T23:27:08.767Z,2021-07-28T23:27:08.767Z,2021-07-28T23:27:08.767Z,1,,1,0,None,350.0,160,0
9d31d3aab3d58ab540df63caed06d62ff1cfefdd,636,Burn - Ellie Goulding,Burn,BennyDaBeast,bennydabeast,2018-06-22T20:31:34Z,2018-06-22T20:31:34Z,2018-06-22T20:31:34Z,2018-06-22T20:31:34Z,1,2018-06-22T20:31:34Z,1,1,None,174.0,233,0
9d5d9271f2f7e793748ad4028511edee800b40e8,4837,Kobaryo - Yugure,Yugure,Souk & Puds,Soukky,2019-04-25T00:13:34Z,2019-04-25T00:13:34Z,2019-04-25T00:13:34Z,2019-04-25T00:13:34Z,1,,1,1,None,180.0,216,0
9da8cd19f2a3b47082e638472d8fb4bcb8d0cf18,338f8,Loffciamcore - I Will Fuck You Up Loli,I Will Fuck You Up Loli,Devilcat,Devilcat,2023-06-30T04:57:50.292434Z,2023-06-30T04:57:23.484378Z,2024-02-11T04:09:33.247816Z,2024-02-11T04:09:27.547407Z,1,,1,0,None,360.0,180,0
9db945fc1f716d481034b224382d540c49450403,37af0,Possessed by the Blood Moon,Possessed by the Blood Moon,oddloop,oddloop,2023-12-01T21:44:44.380862Z,2023-12-01T21:44:34.210841Z,2023-12-02T00:07:30.846822Z,2023-12-02T00:07:24.636867Z,1,,1,0,None,210.0,260,0
9e35c1ae5717f7b4971b40e2f220106d7bc6887a,28437,[RANKED] Kara & Kyutatsuki - Qrestfall,Qrestfall,unluckyL & Aquaflee,unluckyL,2022-07-29T12:21:21.111075Z,2022-07-29T12:20:35.738498Z,2023-02-13T19:46:05.030435Z,2023-02-13T19:45:41.579823Z,1,,1,1,None,234.0,178,0
9e3cd9b0c5559167e31e6894c14e391aea937991,1a466,[Ranked] Camellia - KillerToy,KillerToy,Jabob,Jabob,2021-07-14T17:21:43.275Z,2021-07-14T17:21:43.275Z,2021-07-14T17:21:43.275Z,2021-07-14T17:21:43.275Z,1,,1,1,None,170.0,278,0
9e6deb75ca74b96497bc5ef0bb5b98ee5c0b7e69,8016,t+pazolite & Getty - Twisted Drop Party,Twisted Drop Party,Depito & ExUnReal,depito,2020-01-21T17:17:55.237Z,2020-01-21T17:17:55.237Z,2020-01-21T17:17:55.237Z,2020-01-21T17:17:55.237Z,1,,1,1,None,200.0,188,0
9e753c78049438abaeb5b58bd77529fd565b1aec,2d427,Henrique & Diego - Suíte 14 PMM Hardstyle Remix,Suíte 14,Emilia & TeEniTe12,Emilia,2022-12-22T22:19:10.523405Z,2022-12-22T22:18:38.082567Z,2022-12-22T22:19:10.523405Z,2022-12-22T22:18:38.082567Z,1,,1,0,None,185.0,109,0
9ec4bbf552797685df73033c04cf487737097a7d,d7c9,The Clear Blue Sky DJMAX,The Clear Blue Sky,Mystikmol,mystikmol,2020-08-16T16:40:57.925Z,2020-08-16T16:40:57.925Z,2020-08-16T16:40:57.925Z,2020-08-16T16:40:57.925Z,1,,1,1,None,178.0,95,0
9ecc5ce5ffa5ccdcc7872fcba48bfab0b7d00cd1,1e13d,Magnolia Park - 10 For 10,10 For 10,JRE_McNuggies,JRE_McNuggies,2021-11-18T16:19:15.235209Z,2021-11-18T15:16:55.098141Z,2021-11-18T16:19:15.235209Z,2021-11-18T15:43:48.562580Z,1,2021-11-18T16:19:15.235209Z,1,0,None,190.0,139,0
9ef601a1454766347491d4e1df8c9f50ed94baec,74a,EC1 - Approaching Nirvana - I'm on Fire,EC1-I'm on Fire,Rustic,rustic,2018-06-30T18:52:05Z,2018-06-30T18:52:05Z,2018-06-30T18:52:05Z,2018-06-30T18:52:05Z,1,2018-06-30T18:52:05Z,1,1,None,128.0,202,0
9f004c943e5cb3b007e93b148c6da9adf1280765,12cab,DJ Genki VS Camellia (feat. Moimoi) - YELL!,YELL!,Joshabi,Joshabi,2021-01-16T17:30:25.303Z,2021-01-16T17:30:25.303Z,2021-01-16T17:30:25.303Z,2021-01-16T17:30:25.303Z,1,,1,1,None,170.0,309,0
9f58bc121ce735e903e42a8dd4947fa2e9360ed8,18e3,P*Light vs Yuyoyuppe - You're Everything,You're Everything,Zorowo,zorowo,2018-10-06T01:36:01Z,2018-10-06T01:36:01Z,2018-10-06T01:36:01Z,2018-10-06T01:36:01Z,1,,1,1,None,175.0,255,0
9f783ce7f810062852795f4cbdf8335245fd044a,78ca,SP-# - tinnitus,tinnitus,Souk & Oddloop,Soukky,2019-12-23T06:34:46.442Z,2019-12-23T06:34:46.442Z,2019-12-23T06:34:46.442Z,2019-12-23T06:34:46.442Z,1,,1,1,None,208.0,181,0
9f7f36c0326a16dc3f9c127a99daa9ab35d22a77,33514,KAF - Hito wo Kidoru,Hito wo Kidoru,Light Ai,LightAi,2023-06-20T19:08:30.196866Z,2023-06-20T12:49:50.006574Z,2023-06-26T00:56:04.979662Z,2023-06-26T00:55:34.931094Z,1,2023-06-20T20:40:54.281051Z,1,0,None,187.0,222,0
9fdb9e136ecafeeaefffb3966d46b094aed48df6,ccbc,Grievous Lady -nothing is but what is not-,Grievous Lady,ExUnReal,exunreal,2020-08-01T23:42:30.779Z,2020-08-01T23:42:30.779Z,2020-08-01T23:42:30.779Z,2020-08-01T23:42:30.779Z,1,,1,1,None,210.0,362,0
a00d68a15599dceceaf5eee8556f7e089e0f7bbe,3be60,QWER - Discord (TAK Remix),Discord,minsiii,minsiii,2024-04-18T19:23:55.514290Z,2024-04-18T19:23:05.496891Z,2024-08-14T03:16:51.022864Z,2024-08-14T03:16:37.793185Z,1,2024-04-30T01:29:33.728518Z,1,0,None,132.0,197,0
a03d474f37137e0db7fd0d58be1d97d8458e8ae5,1009,Team Grimoire - G1ll35 d3 R415,G1ll35 d3 R415,Hexagonial,hexagonial,2018-08-15T21:21:10Z,2018-08-15T21:21:10Z,2018-08-15T21:21:10Z,2018-08-15T21:21:10Z,1,,1,1,None,215.0,278,0
a03e786f72cdf8edd6fa93a028deeb7a7f9c6c16,43c6a,Iikanji!! ( Sasugano Ruki & Roki ),Iikanji!!,Sasugano BigSlick & Sasugano Hiromiru,bigslick,2025-01-29T13:23:15.704142Z,2025-01-29T13:16:45.250982Z,2025-02-18T11:19:21.336549Z,2025-02-18T11:19:12.641048Z,1,,1,0,None,186.0,216,0
a060f2b4d6e4157a28fca33139205955a7a98847,181a2,Haunted Bus - iFeature & ReeK ,Haunted Bus,"Dexty, Atomo, & Jabob",atomosophere,2021-05-19T23:24:52.653Z,2021-05-19T23:24:52.653Z,2021-05-19T23:24:52.653Z,2021-05-19T23:24:52.653Z,1,,1,1,None,150.0,260,0
a06586e202449aaf50f356e5a184e51190d1d28e,42e3a,[GD Mash Pack] MDK - Dash (V3 Lights),Dash,"x-mens, The_Editor",x-mens,2025-02-21T21:00:00.806166Z,2025-01-03T01:04:06.823667Z,2025-07-17T00:43:45.991086Z,2025-07-17T00:42:46.071011Z,1,2025-02-22T23:49:20.397414Z,1,0,None,128.0,98,0
a09133282a30e0f74d9527de92da4d5f7778f68d,906e,Lonely (ft. The Rigs) - REZZ,Lonely,xScaramouche,xScaramouche,2020-03-15T20:21:41.395Z,2020-03-15T20:21:41.395Z,2020-03-15T20:21:41.395Z,2020-03-15T20:21:41.395Z,1,,1,1,None,155.0,211,0
a10521a40c582480c9581a79320b6df3c6a88784,44758, Silentphobia - t+pazolite VS Sakuzyo,Silentphobia,charlie1epicdude,charlie1epicdude,2025-02-19T19:28:25.915650Z,2025-02-19T19:28:18.894355Z,2026-01-15T22:50:35.776038Z,2026-01-15T22:50:31.322709Z,1,,1,0,None,290.0,158,0
a10ab7826c90d98d4e6fdb1137e75b934209d288,2ba97,Kanaria - QUEEN (Shiki Miyoshino Cover),QUEEN,shad & GalaxyMaster,ashad,2022-11-05T19:00:00.165789Z,2022-11-05T06:36:10.852890Z,2022-11-05T19:00:00.165789Z,2022-11-05T06:36:10.852890Z,1,2022-11-05T19:42:35.430847Z,1,0,None,170.0,143,0
a114666e6b823aea0c0243bbfe3af5a20ba37e6e,3c0b8,Hello (BPM) 2024,Hello (BPM) 2024,Cratornugget,Cratornugget,2024-04-23T20:21:12.086743Z,2024-04-23T20:20:58.595518Z,2024-08-10T20:43:27.702951Z,2024-08-10T20:43:19.876959Z,1,,1,0,None,253.0,185,0
a124d82bb06ad336ed3e0c077a0f92932e4e94c7,37173,[R] milet - Anytime Anywhere (TV Size),Anytime Anywhere,CookedChili,CookedChili,2024-01-29T01:53:12.034412Z,2023-11-11T06:09:43.320774Z,2024-01-29T01:53:12.034412Z,2024-01-29T01:52:01.835234Z,1,2024-01-31T05:45:21.348003Z,1,0,None,164.0,93,0
a1563b3d664e6d58419f2d77e924c751b909ec7f,22d8,Spectrum,Spectrum,Kry,krydar,2018-11-29T21:17:22Z,2018-11-29T21:17:22Z,2018-11-29T21:17:22Z,2018-11-29T21:17:22Z,1,,1,1,None,130.0,243,0
a16b8a66edbe7ca1f6ef8204ba935404153191c3,17dc4,MORGENSHTERN - Opa [Chroma],Opa,Fatalution,fatalution,2021-05-13T19:07:18.603Z,2021-05-13T19:07:18.603Z,2021-05-13T19:07:18.603Z,2021-05-13T19:07:18.603Z,1,2021-05-13T19:07:18.603Z,1,1,None,143.0,121,0
a16ed1d0a4a8946c4d272e5ea1ff4a154b3df865,41c18,[Chroma+] Fvrwvrd - Ephemera,Ephemera,shrado,shrado,2024-11-19T10:52:45.278425Z,2024-11-19T10:41:19.661298Z,2025-01-19T14:08:34.634063Z,2025-01-19T14:08:30.004695Z,1,2024-12-05T18:45:09.756310Z,1,1,None,160.0,395,0
a199e199ab079d8d6e1353c68eaa66fd6a42de67,3c5f9,Rodents Kingdom,Rodents Kingdom,Cratornugget,Cratornugget,2024-05-05T20:18:52.552203Z,2024-05-05T20:01:02.362522Z,2024-06-10T06:32:23.749208Z,2024-06-10T06:03:28.537216Z,1,2024-09-29T18:52:24.817020Z,1,0,None,180.0,216,0
a1a5531f5a7c57d69dd694be0497e06253af8305,877,A New Frontier - VA-11 HALL-A,A New Frontier,Edzo,edzo,2018-07-07T23:14:44Z,2018-07-07T23:14:44Z,2018-07-07T23:14:44Z,2018-07-07T23:14:44Z,1,,1,1,None,120.0,124,0
a201aadb8f2bf513ff4c8e4e41a0e20dc113ecb3,44794,[Chroma] Camellia VS. Gram - ENÛMA∇ELIŠ ~Camellia Saga~,ENÛMA∇ELIŠ,"Dark as ""Ex Nihilo""",Darkrealm7,2025-02-20T16:25:30.485423Z,2025-02-20T16:25:09.501419Z,2026-09-04T16:20:08.932408Z,2026-09-04T16:20:01.061584Z,1,2025-02-21T01:46:50.671995Z,1,0,None,234.0,172,0
a256c322c34f3c603893a5ee82c16971351a9919,1895f,[Ranked] e_ku - Wild Ride,Wild Ride,abcbadq,abcbadq,2021-05-31T16:24:54.763Z,2021-05-31T16:24:54.763Z,2023-06-06T14:25:20.403357Z,2021-05-31T16:24:54.763Z,1,,1,1,None,218.0,168,0
a2bdc0a4aa2ba7644adfed30faf5342a90091ddd,45733,Nekomata L.E.D.Master+ - Chrono Diver -PENDULUMs- (USAO remix),Chrono Diver -PENDULUMs-,Loloppe,loloppe,2025-03-23T18:51:53.241864Z,2025-03-23T18:51:04.138361Z,2025-07-22T20:14:04.748511Z,2025-07-22T20:12:43.206109Z,1,2025-07-26T01:11:45.787931Z,1,0,None,184.0,304,0
a2ca30d47dc25af354cb30b32607efbd1328435a,281b7,"[DITR4] Thunder - Gabry Ponte, LUM!X & Prezioso",Thunder,Semdol,Semdol,2022-08-04T21:00:00.298Z,2022-07-23T18:48:03.291567Z,2022-08-04T21:00:00.290067Z,2022-07-23T18:48:03.291567Z,1,2022-08-07T15:06:42.463669Z,1,0,None,202.495,161,0
a2cf988e3bd236a76aced9034085910d87a5a24b,16d2f,[Ranked] ikaruga_nex - HellFire,HellFire,abcbadq & Timbo,abcbadq,2021-04-18T02:27:33.238Z,2021-04-18T02:27:33.238Z,2023-06-06T14:25:32.848672Z,2021-04-18T02:27:33.238Z,1,,1,1,None,185.0,249,0
a2cf9b16427e8e764133d93a004869ec07f6748b,14283,[Ranked] Foxes - Echo (FIXYN Remix),Echo,abcbadq,abcbadq,2021-02-17T06:13:28.711Z,2021-02-17T06:13:28.711Z,2023-06-06T14:27:46.073609Z,2021-02-17T06:13:28.711Z,1,,1,1,None,250.0,329,0
a2ee3d6e6c82b89b10b9395bebf47cf05f316b10,1ad3b,Toby Fox - Megalovania (Camellia Remix),Megalovania,Joshabi & Olaf,Joshabi,2021-08-01T13:52:25.128Z,2021-08-01T13:52:25.128Z,2021-08-01T13:52:25.128Z,2021-08-01T13:52:25.128Z,1,2021-08-01T13:52:25.128Z,1,1,None,242.0,369,0
a30d0b147d4839f8dad52a08ca608f43a14f06e4,9deb,"kors k feat RIRE - Nirvana (Camellia's ""BinaryHeaven"" Remix)",Nirvana,Depito & ExUnReal,depito,2020-04-22T15:35:20.300Z,2020-04-22T15:35:20.300Z,2020-04-22T15:35:20.300Z,2020-04-22T15:35:20.300Z,1,,1,1,None,174.0,296,0
a310c428e6641c511c54dcfbc2da20e857e475fe,3abf8,Eminem - Rap God (Explicit),Rap God,Loloppe,loloppe,2024-03-10T05:16:14.450998Z,2024-03-10T05:15:11.112859Z,2024-05-06T19:52:12.325626Z,2024-05-06T19:52:06.096039Z,1,2024-05-07T23:17:35.137734Z,1,0,None,148.0,366,0
a3292aa17b782ee2a229800186324947a4ec9fee,35be7,Show - Ado,Show,Pleo,pleo,2023-09-18T13:34:41.354840Z,2023-09-18T13:28:14.007535Z,2023-10-28T18:35:12.377991Z,2023-10-28T18:34:56.920377Z,1,2023-09-24T04:02:14.027185Z,1,0,None,132.0,193,0
a331bc74b6204fd577652db00950ba097e97bc3c,31fbd,Kobaryo feat. Shinonome Interface - Sequence Breaker,Sequence Breaker,GojiCrafter,GojiCrafter,2023-04-30T22:20:47.718067Z,2023-04-30T22:20:43.425019Z,2023-04-30T22:20:47.718067Z,2023-04-30T22:20:43.425019Z,1,2023-06-24T08:24:02.180392Z,1,0,None,216.0,172,0
a3696de1a0daa121cc195dd409b0d35cc98900e7,992c,[RANKED] F-777 - Space Battle,Space Battle,Fnyt,Fnyt,2020-04-09T23:08:02.402Z,2020-04-09T23:08:02.402Z,2020-04-09T23:08:02.402Z,2020-04-09T23:08:02.402Z,1,,1,1,None,200.0,323,0
a3a9e7176d499415fb7452d9b05b4cb2e7663e9b,1b681,"Scare Me (feat. Karra) - LUM!X, KSHMR & Gabry Ponte [Chroma]",Scare Me,Fatalution,fatalution,2021-08-18T17:59:29.993516Z,2021-08-18T17:59:29.993516Z,2021-08-18T17:59:29.993516Z,2021-08-18T17:23:57.344553Z,1,2021-08-18T17:59:29.993516Z,1,1,None,135.0,144,0
a3e5691076181e88776a41e9ff112d3c33576782,16c56,Dyscontrolled Galaxy[R],Dyscontrolled Galaxy,That_Narwhal,Narwall,2021-04-16T22:38:21.017Z,2021-04-16T22:38:21.017Z,2021-04-16T22:38:21.017Z,2021-04-16T22:38:21.017Z,1,,1,1,None,161.0,131,0
a430fd3b307d304ba36b9dff6cd28c923a1fa315,25747,Sakuzyo - Archangel,Archangel,Helloiamdaan,helloimdaan,2022-05-10T16:43:56.649903Z,2022-05-10T16:43:50.272939Z,2022-05-10T16:43:56.649903Z,2022-05-10T16:43:50.272939Z,1,,1,0,None,390.0,190,0
a4471701762b6e7ba69923d478f58b438a4e3c1c,46e59,adore - did i tell u that i miss u,did i tell u that i miss u,Rail Zen,railzen,2025-05-12T13:54:57.027879Z,2025-05-12T13:54:51.564877Z,2025-09-04T21:24:18.583312Z,2025-09-04T21:24:06.920299Z,1,,1,0,None,111.801,118,0
a4a21b85728d5145d9981941f5534a5a5af40d57,23b63,"(Ranked) Camellia - Lowermost revolt (""Jeremiad"" Long ver.) feat. Kagekiha gakusei",Lowermost revolt,muffn,muffn,2022-03-31T00:19:08.955407Z,2022-03-31T00:18:36.275680Z,2022-12-29T11:02:55.412484Z,2022-12-29T11:02:18.189655Z,1,2022-03-31T21:39:54.485762Z,1,1,None,219.19,306,0
a4db5e8cfb99b835da0429b5586b15217c3335d7,467a,Freedom Dive - R3 Music Box,FREEDOM DiVE,carrot,carrot090,2019-04-16T20:41:56Z,2019-04-16T20:41:56Z,2019-04-16T20:41:56Z,2019-04-16T20:41:56Z,1,,1,1,None,82.5,53,0
a4dc5ce503be7d3e42dd9f51995a341bcff36b30,16010,[Ranked] Camellia - Quicksand,Quicksand,"Jabob, Narwhal, & Jez",Jabob,2021-03-29T00:15:50.513Z,2021-03-29T00:15:50.513Z,2021-03-29T00:15:50.513Z,2021-03-29T00:15:50.513Z,1,,1,1,None,260.0,249,0
a51425319d892986a4867388153bce45b3c28483,fbe2,Kill The Noise & SNAILS - Shake The Ground,Shake The Ground,Checkthepan,checkthepan,2020-10-09T00:16:01.111Z,2020-10-09T00:16:01.111Z,2020-10-09T00:16:01.111Z,2020-10-09T00:16:01.111Z,1,,1,1,None,150.0,248,0
a52682e4986b7dbde1589287a00b8f20f9745000,a203,[Ranked] SP-# - Tinnitus (Schwank's PTSD Remix),Tinnitus,abcbadq & Tootie,abcbadq,2020-05-03T17:41:30.354Z,2020-05-03T17:41:30.354Z,2023-06-06T14:28:32.848666Z,2020-05-03T17:41:30.354Z,1,,1,1,None,208.0,193,0
a543e3fb71e8327c6855a3ca5c1219b0964d87a3,2a01e,Compared Child くらべられっ子 - TUYU ,Compared Child くらべられっ子,Emir,Emiru,2022-09-17T12:48:06.606223Z,2022-09-17T12:47:25.884013Z,2022-09-17T12:48:06.606223Z,2022-09-17T12:47:25.884013Z,1,2022-09-17T15:53:23.298014Z,1,0,None,194.0,216,0
a57f26985fe0bb67f571146705e929bcbf02ec02,37a4a,Zayde Wølf - Cold-Blooded,Cold-Blooded,"ben208, Phøenix",liz_snowy,2023-11-29T23:10:57.890015Z,2023-11-29T22:46:00.170218Z,2023-11-30T19:28:00.947808Z,2023-11-30T19:27:55.564255Z,1,2023-12-01T20:38:50.530245Z,1,0,None,172.0,215,0
a59d68a4dd81604b19571a5dacb23e75b57a12b4,2b386,The Shower Scene - Ice Nine Kills,The Shower Scene,quietkid,QuartzicKrow,2022-10-22T17:08:33.745856Z,2022-10-22T16:51:39.356887Z,2023-01-29T23:31:43.296332Z,2023-01-29T23:29:18.590832Z,1,,1,0,None,176.0,193,0
a5cd331d3bf25978bfc41ed54921a5db6e3eb5b0,1a583,Laur - MAXIMUS MACHINEGUN,MAXIMUS MACHINEGUN,cerret,cerret,2021-07-17T02:48:20.567Z,2021-07-17T02:48:20.567Z,2021-07-17T02:48:20.567Z,2021-07-17T02:48:20.567Z,1,,1,0,None,210.0,145,0
a621c1612b7201e67813839ce636e50d276b4816,7b61,Khenab - Reach The Core,Reach The Core,Khenab,khenab,2020-01-01T02:48:25.307Z,2020-01-01T02:48:25.307Z,2020-01-01T02:48:25.307Z,2020-01-01T02:48:25.307Z,1,,1,1,None,160.0,160,0
a626a0022e99517f71820cdb3eb802b6a70a2c79,3598f,[380BPM] Diabarha - Deck The Halls (D Harmonic Minor Remix) || CS Level 4,Deck The Halls,Emilia,Emymap,2023-09-11T14:17:12.766446Z,2023-09-11T14:17:05.889825Z,2023-10-21T17:21:17.899590Z,2023-10-21T17:21:13.580400Z,1,,1,0,None,190.0,349,0
a648c82fc7cf641e736145dac921d5144e9e36fd,3c908,Juggernaut - OUTERHEAVEN (Original mix),OUTERHEAVEN,SpaceDorito,AngrySpaceDorito,2024-05-10T21:57:42.171758Z,2024-05-10T21:57:24.185655Z,2024-06-06T13:51:12.394787Z,2024-06-06T13:51:09.505072Z,1,,1,0,None,210.0,130,0
a6984fba66cb80e0d75efdfc89e48bee5da79e93,1027a,[Ranked] Camellia - Dance with Silence,Dance with Silence,abcbadq,abcbadq,2020-10-24T01:22:18.543Z,2020-10-24T01:22:18.543Z,2023-06-06T14:27:51.530445Z,2020-10-24T01:22:18.543Z,1,,1,1,None,256.0,289,0
a6aa29db342748cdadd70ab52d6d1bea32c16dfc,13d01,[RANKED] Mekuso - (Sto) Czterdziesci i Cztery,(Sto) Czterdziesci i Cztery,RocKz,rockz,2021-02-09T21:34:01.533Z,2021-02-09T21:34:01.533Z,2021-02-09T21:34:01.533Z,2021-02-09T21:34:01.533Z,1,,1,1,None,230.0,268,0
a6bee89340610820701b2b4b706c73d86098c15c,6b35,[Ranked] Legend of Millennium,Legend of Millennium,Hoppaw,Hoppaw,2019-10-20T21:37:46.856Z,2019-10-20T21:37:46.856Z,2019-10-20T21:37:46.856Z,2019-10-20T21:37:46.856Z,1,,1,1,None,192.0,107,0
a6ccabb105d0f2c24fe9f1dd6e4445782bc55616,6888,The Glory Days - Tia,The Glory Days,Kikis & Uninstaller,uninstaller,2019-10-08T01:17:01.471Z,2019-10-08T01:17:01.471Z,2019-10-08T01:17:01.471Z,2019-10-08T01:17:01.471Z,1,2019-10-08T01:17:01.471Z,1,1,None,184.0,254,0
a7241beb321f3decd47fbd55f04cff1a716fd177,38a6a,Laur - PRAGMATISM (2021 ReMaster),PRAGMATISM,Loloppe,loloppe,2024-01-07T00:26:47.020686Z,2024-01-07T00:25:09.792077Z,2024-02-15T00:37:38.765014Z,2024-02-15T00:37:24.524148Z,1,,1,0,None,174.0,123,0
a75f4db6a5e8c8515402b87d88e85d250c5f1868,3e6cd,Camellia - lustre,lustre,"UglyApe, Darkrealm7, edgii",Darkrealm7,2024-07-13T13:59:20.158744Z,2024-07-13T13:58:48.966732Z,2025-10-25T14:17:10.413116Z,2025-10-25T14:17:05.767354Z,1,,1,0,None,360.0,197,0
a768644e666ecb9d6762e450b91e8a04b3798b9f,29d10,[SC2H] Maozon - Equilibrium,Equilibrium,AllPoland,AllPoland,2022-09-11T21:00:03.574956Z,2022-09-11T20:59:31.055962Z,2022-09-21T18:04:01.217936Z,2022-09-21T18:03:49.977588Z,1,,1,0,None,180.0,139,0
a78b40d0c240a9dd9b39555b786f0a08b1fd0d1c,107ab,Hanavision - t+pazolite,Hanavision,xShappyMouche,shappy,2020-11-01T17:19:40.735Z,2020-11-01T17:19:40.735Z,2020-11-01T17:19:40.735Z,2020-11-01T17:19:40.735Z,1,,1,1,None,240.0,240,0
a79af292ca03aca894e7acc3bd8c3cacfddf2906,1a2af,[Ranked] Darkness Swallows Life,Darkness Swallows Life,"Fvrwvrd, Daan & Nolanimations",fvrwvrd,2021-07-11T17:50:40.354Z,2021-07-11T17:50:40.354Z,2021-10-04T00:03:03.829207Z,2021-10-03T23:28:05.823663Z,1,,1,1,None,340.0,235,0
a7b222972e15f7efb4fbf764be3bd274eab2cd73,176e3,Stellabee - The Fastest Love Song,The Fastest Love Song,cerret,cerret,2021-05-01T21:33:20.786Z,2021-05-01T21:33:20.786Z,2021-05-01T21:33:20.786Z,2021-05-01T21:33:20.786Z,1,,1,0,None,240.0,247,0
a7cf5a68907bebe72339a08eabf88cd4d9417767,2cfef,B-ko (Cv:Touyama Nao) - Nisemono Chuuihou,Nisemono Chuuihou,Dailyy,Dailyy,2022-12-15T00:25:44.629111Z,2022-12-15T00:25:35.917999Z,2022-12-15T00:25:44.629111Z,2022-12-15T00:25:35.917999Z,1,,1,0,None,260.0,225,0
a82d821528d118f7ab16f7b237096d6779a33056,2871,Redo - Konomi Suzuki | Re:Zero Op 1 (TV Size),Redo (TV Size),Rogdude,rogdude,2018-12-27T15:47:24Z,2018-12-27T15:47:24Z,2018-12-27T15:47:24Z,2018-12-27T15:47:24Z,1,,1,1,None,190.0,95,0
a8424c1dbb2c03d63b50091a50537da40132d780,130bc,UNDEAD CORPORATION - Flowering Night Fever ,Flowering Night Fever,dibl,dibl,2021-01-22T22:17:12.087Z,2021-01-22T22:17:12.087Z,2021-01-22T22:17:12.087Z,2021-01-22T22:17:12.087Z,1,,1,1,None,290.0,246,0
a868c5f6223de645cff4f74f87d081d1756f8fef,ca62,[Ranked] Chika Fujiwara (CV: Konomi Kohara) - Chikatto Chika Chika,Chikatto Chika Chika,abcbadq,abcbadq,2020-07-30T01:59:52.666Z,2020-07-30T01:59:52.666Z,2023-06-06T14:28:26.807399Z,2020-07-30T01:59:52.666Z,1,,1,1,None,178.0,176,0
a86999718f9769fad3e6eb73b5d3b377f9eb7b47,3df2a,[Electro Swing World Tour Pack] Girl's Day - 마카롱 (Macaron),Macaron,Jonas_0_0,Jonas,2024-07-06T16:00:00.919393Z,2024-06-26T14:29:27.265037Z,2024-09-30T23:55:17.439981Z,2024-09-30T23:55:09.060056Z,1,2024-07-08T11:48:29.736897Z,1,0,None,204.0,191,0
a8863e1316020aa940256b517bea1fccf2f680fb,35f58,[R] Yorushika - Haru Hisagi (Chroma),Haru Hisagi,CookedChili & yabje,CookedChili,2023-09-25T15:21:04.230993Z,2023-09-25T15:19:18.109518Z,2023-09-25T15:21:04.230993Z,2023-09-25T15:19:18.109518Z,1,2023-10-01T20:40:24.470148Z,1,0,None,190.0,220,0
a8e5873d56f8f51a48fa9558eadb93044a39ceaf,3dfc4,Adust Rain - Joker's Cranberrybox,Joker's Cranberrybox,"ViSi as ""U.N.Owen""",ViSi,2024-06-27T21:06:00.279192Z,2024-06-27T21:02:55.980161Z,2024-07-20T22:37:55.827995Z,2024-07-20T22:37:44.090882Z,1,2024-10-14T08:10:45.466689Z,1,0,None,200.0,183,0
a8f0463483930857ce37519399cebab3c6a1fce7,1a605,cavetown - Devil Town,Devil Town,Emilia,Emilia,2021-07-17T22:00:51.332Z,2021-07-17T22:00:51.332Z,2022-04-26T00:07:05.734054Z,2021-07-17T22:00:51.332Z,1,,1,1,None,200.0,180,0
a92482b69596452f542fcbe3a82be7e6bfb17c44,3a954,[BL Ranked] wolfmagic - RAIN GOD,RAIN GOD,rollylindenshnizzer,rollylindenshnizzer,2024-03-03T20:45:20.948178Z,2024-03-03T18:06:02.584144Z,2024-06-28T18:01:22.170661Z,2024-06-28T18:00:41.543444Z,1,,1,0,None,150.0,182,0
a949bb798e16a81092e54a38b78eb1375f06e49f,14427,Kingslayer (feat. BABYMETAL) - Bring Me The Horizon,Kingslayer,muffn & altrewin,muffn,2021-02-18T22:22:38.961Z,2021-02-18T22:22:38.961Z,2021-02-18T22:22:38.961Z,2021-02-18T22:22:38.961Z,1,,1,1,None,185.0,221,0
a967ab02aaed37938fb328ddcb46dae239d45ba2,3731f,Camellia - SCREW // owo // SCREW (LOwOng Version),SCREW // owo // SCREW,Jojobanana,jojobanana,2023-11-14T21:20:19.967479Z,2023-11-14T21:19:59.512800Z,2023-11-18T21:46:23.515013Z,2023-11-18T21:44:57.898091Z,1,,1,0,None,228.0,269,0
a9968d2d7979606f57e2988d44189db7de8cf0e4,13304,[RANKED] MDK - Fingerbang,Fingerbang,Fnyt,Fnyt,2021-01-26T09:22:07.869Z,2021-01-26T09:22:07.869Z,2021-01-26T09:22:07.869Z,2021-01-26T09:22:07.869Z,1,,1,1,None,224.0,271,0
a9ff645fca89658bd536784b0a6cb790771861a2,1a18d,Tanger - PP BREAKER,PP BREAKER,Namoori,Namoori,2021-07-09T22:56:04.919Z,2021-07-09T22:56:04.919Z,2021-07-09T22:56:04.919Z,2021-07-09T22:56:04.919Z,1,,1,0,None,250.0,219,0
aa0a150d83b499c8becc3beda1c17ac4d9d97d40,5b0,Hiroyuki Sawano - aLIEz,aLIEz,Bakuenjin,bakuenjin,2018-06-18T20:31:13Z,2018-06-18T20:31:13Z,2018-06-18T20:31:13Z,2018-06-18T20:31:13Z,1,,1,1,None,99.0,101,0
aa31dcd3f9da483793922d24f210944178b6cbc2,1232e,USAO - Chariot [Ranked],Chariot,Timbo,Timbo,2021-01-02T14:33:52.660Z,2021-01-02T14:33:52.660Z,2021-01-02T14:33:52.660Z,2021-01-02T14:33:52.660Z,1,,1,1,None,256.0,147,0
aa3d71eebde6af6bbf30ea50ce3ee4a72ca6b2bc,4c5e3,morrrrrro - Godspeed,Godspeed,IlluminatiSalad & Huh,IlluminatiSalad,2025-11-23T09:18:07.640670Z,2025-11-23T09:15:20.026900Z,2025-11-24T22:33:00.201413Z,2025-11-24T22:32:25.789047Z,1,,1,0,None,250.0,260,0
aa4038e7b937773382c569a097d7b3cf0c40407d,1949,Black Emperor SDVX,Black Emperor,Chroma,mystikmol,2018-10-08T10:36:29Z,2018-10-08T10:36:29Z,2018-10-08T10:36:29Z,2018-10-08T10:36:29Z,1,,1,1,None,180.0,124,0
aa4f0db510c1d322240bef7a2a292d3a4f1af57e,3d8ca,Laufey - From The Start [Chroma/V3],From The Start,ben,bberg,2024-06-11T16:42:27.399961Z,2024-06-11T16:41:35.316237Z,2024-10-11T22:36:04.340690Z,2024-10-11T22:35:56.671056Z,1,,1,0,None,164.0,172,0
aab93e1104676f896763290c3ced112391d3bcfc,3f1aa,"qrest - lightbearer (Kyutatsuki's ""photolysis"" Remix)",lightbearer,Komeijisan051,komeijisan051,2024-08-04T02:54:21.299393Z,2024-08-04T02:53:29.949847Z,2025-01-08T16:08:29.336096Z,2025-01-08T16:08:14.822104Z,1,,1,0,None,200.0,390,0
aabb370d94a909aecacc7de4af92e9a05861820d,132dc,[Ranked] uma vs. Morimori Atsushi - GLORY: ROAD (Aoi vs. siqlo's ''Overload'' RMX),GLORY: ROAD,abcbadq & Aimedhades16,abcbadq,2021-01-26T01:34:48.323Z,2021-01-26T01:34:48.323Z,2023-06-06T14:27:31.527985Z,2021-01-26T01:34:48.323Z,1,,1,1,None,280.0,240,0
aac532e2004f0c0e99b35f93dc915bb7f883d828,3c010,[400BPM] Imel - Dancefloor Evacuation || CS Level 10,Evacuate The Moshpit,Emilia,Emymap,2024-04-22T08:12:04.670352Z,2024-04-22T08:11:33.704877Z,2024-06-05T14:07:33.200452Z,2024-06-05T14:07:29.913221Z,1,,1,0,None,200.0,164,0
aac6bfe9a6956d21003efbc6015d0827ecd1a8e8,41d75,Linkin Park - Two Faced,Two Faced,Loloppe,loloppe,2024-11-22T21:48:01.129796Z,2024-11-22T21:46:40.864250Z,2025-02-15T03:58:46.812031Z,2025-02-15T03:58:37.234267Z,1,,1,0,None,184.0,182,0
ab058265a53e5bb7dea3d921a826af2a9a926b2d,42fd0,kochikok - Vortex [Chroma],Vortex,ViSi,ViSi,2025-01-07T03:40:37.445893Z,2025-01-07T03:40:18.421290Z,2025-09-29T12:02:31.766513Z,2025-09-29T12:02:27.785912Z,1,2025-01-07T14:09:25.972225Z,1,1,None,200.0,200,0
ab2783621417cb56ff52da28b1424c01dcf7e79d,222cf,abcdefu - GAYLE,abcdefu,riasuh,riasuh,2022-02-24T20:50:51.395656Z,2022-02-24T19:21:58.617654Z,2022-08-31T16:27:32.630390Z,2022-08-31T16:26:33.576884Z,1,2022-03-01T01:09:14.407082Z,1,0,None,122.0,169,0
ab545725e837496295bb5c0321f63044d77a958c,18aba,[Ranked] Kasai Harcores - Cycle Hit,Cycle Hit,abcbadq & Joshabi,abcbadq,2021-06-02T22:20:43.332Z,2021-06-02T22:20:43.332Z,2023-06-06T14:25:15.824151Z,2021-06-02T22:20:43.332Z,1,2021-06-02T22:20:43.332Z,1,1,None,175.0,319,0
abe3086c23ba2c8f7c92620f8b612c576768e295,1a3e1,Anderex - Go Insane,Go Insane,Helloiamdaan & miitchel,helloimdaan,2021-07-13T16:22:26.758Z,2021-07-13T16:22:26.758Z,2021-10-02T21:45:12.526651Z,2021-10-02T21:45:05.649710Z,1,2021-07-13T16:22:26.758Z,1,1,None,160.0,190,0
abf4dc71787bae2159d289bbf4823c3670f17c82,21107,Chaz Cardigan - Live A Little,Live A Little,JRE_McNuggies,JRE_McNuggies,2022-02-02T22:01:32.219573Z,2022-02-02T22:01:26.172632Z,2022-02-02T22:01:32.219573Z,2022-02-02T22:01:26.172632Z,1,2022-02-02T22:01:32.219573Z,1,0,None,165.0,172,0
ac333c554bc54bbe913c4e6a65077864f2e49cc4,4b9fc,pianoid - CR SPEEDRAVER,CR SPEEDRAVER,Cosmo,CosmonautSaitni,2025-10-28T20:20:50.546141Z,2025-10-28T20:20:45.495900Z,2026-07-23T05:43:41.905060Z,2026-07-23T05:43:37.568888Z,1,,1,0,None,194.25,193,0
ac4dd0c0e3bdce038a6d96a346e9891695516b3e,2a106,SEPHID - Thunderstrike,Thunderstrike,Aquaflee,Aquaflee,2022-09-19T12:25:36.013641Z,2022-09-19T12:25:20.127558Z,2022-09-19T12:25:36.013641Z,2022-09-19T12:25:20.127558Z,1,,1,0,None,256.0,308,0
ac591863475e6be6463333804a2b4b3e9dffad80,2e09d,Olivia Rodrigo - Brutal,Brutal,ItsVasili,Vasilidesu,2023-01-11T08:47:08.876327Z,2023-01-11T08:47:04.378612Z,2023-01-19T13:24:47.252190Z,2023-01-19T13:24:27.147886Z,1,,1,0,None,124.0,143,0
ac672500ba86a4c8d9c12f0ecd47794b45af4d87,8b3c,Seiryu - AO-Infinity,AO-Infinity,Light Ai,LightAi,2020-02-27T17:39:16.400Z,2020-02-27T17:39:16.400Z,2020-02-27T17:39:16.400Z,2020-02-27T17:39:16.400Z,1,,1,1,None,191.0,217,0
ac8641b75015ea3dc2abc4999c8c5321e8f60e32,1abd3,nanobii - Rainbow Road,Rainbow Road,lobsterrrrrrrr,lobsterrrrr,2021-07-29T20:32:52.974Z,2021-07-29T20:32:52.974Z,2021-07-29T20:32:52.974Z,2021-07-29T20:32:52.974Z,1,,1,1,None,170.0,178,0
ad0944382dac54c5c8c05af540113d36461ed535,39be5,Tokyo Machine - FAR OUT,FAR OUT,Phøenix & Undeceiver,Undeceiver,2024-02-06T01:58:29.417667Z,2024-02-06T01:34:16.344061Z,2024-09-26T09:16:09.449524Z,2024-09-26T09:15:53.308341Z,1,,1,0,None,160.0,208,0
ad19fc9b673c3e1e7b8d2c73bcaf46eb90236d9d,7dac,ENDYMION (long edit) - fallen shepherd ft. RabbiTon Strings,ENDYMION,fraies & Oddloop,fraies,2020-01-11T12:57:22.396Z,2020-01-11T12:57:22.396Z,2020-01-11T12:57:22.396Z,2020-01-11T12:57:22.396Z,1,,1,1,None,220.0,260,0
ad211d22056568a4cda5f2a26095be94c8835749,43c96,DENONBU - Hyper Bass (feat. Yunomi),Hyper Bass,ZeCube,ZeCube,2025-01-30T01:30:45.222155Z,2025-01-30T01:07:54.948078Z,2026-03-12T00:45:28.159392Z,2026-03-12T00:45:20.463024Z,1,,1,0,None,180.0,154,0
ad547baa544700ac8936015b54a00a1e1024e793,e3a0,[200-400BPM] SOOOO - iiihhhaaattteeeUUU || CS Level 14,iiillluuuvvvUUU,Emilia,Emilia,2020-09-04T20:12:16.750Z,2020-09-04T20:12:16.750Z,2022-04-26T00:06:34.321938Z,2020-09-04T20:12:16.750Z,1,,1,1,None,200.0,157,0
ad603b145c4a53dc6aceed0bb76303989f0e0761,3b2bc,[BL RANKED] t+pazolite - Count down 321,Count down 321,GalaxyMaster vs. The Senate,GalaxyMaster,2024-03-24T16:42:29.544088Z,2024-03-24T16:34:21.301470Z,2024-05-05T18:09:25.552568Z,2024-05-05T18:09:14.111817Z,1,2024-03-24T20:15:11.440011Z,1,0,None,321.0,227,0
ae0706e02f26c6b23164a5a4a814b6f704f6c84a,dc92,Exitium - Laur,Exitium,Bush,bush,2020-08-23T15:47:39.042Z,2020-08-23T15:47:39.042Z,2020-08-23T15:47:39.042Z,2020-08-23T15:47:39.042Z,1,,1,1,None,260.0,146,0
ae17294e266bf34f7b3d2a3f40329347f072aacc,fc4c,[Ranked] [Hololive Mano Aloe ending] Naughty little demon (ED version) - Minari,Naughty little demon,Hoppaw,Hoppaw,2020-10-09T16:22:52.484Z,2020-10-09T16:22:52.484Z,2020-10-09T16:22:52.484Z,2020-10-09T16:22:52.484Z,1,,1,1,None,125.0,30,0
ae3c4119065402ceb29496129d015cf35e84dd8d,27aa3,Camellia vs Akira Complex - Reality Distortion,Reality Distortion,Marsh,marsh_era,2022-07-11T05:28:41.009499Z,2022-07-11T05:23:20.908258Z,2022-07-11T05:28:41.009499Z,2022-07-11T05:28:20.064422Z,1,2022-07-24T04:59:15.443978Z,1,0,None,200.0,341,0
ae5668b473b520dac9296538bacefcede1de1a71,3cf75,[DDs] crafter2011 - keep out!,keep out!,UglyApe,UglyApe,2024-05-25T21:28:21.233796Z,2024-05-25T21:28:10.154792Z,2024-08-21T16:43:38.858898Z,2024-08-21T16:43:34.737426Z,1,2024-08-28T02:36:43.217609Z,1,0,None,105.0,84,0
ae5a995316696c7b070e51da236e10e324a28502,2d7f5,t+pazolite - Haunted Device,Haunted Device,Hener,Hener,2022-12-30T05:54:11.705852Z,2022-12-30T05:53:19.851661Z,2023-02-21T03:27:28.761191Z,2023-02-21T03:27:22.019887Z,1,,1,0,None,225.0,195,0
ae63b97fed7c53999d425122906da6fcd3c9481b,1b8ad,"Gabry Ponte, LUM!X, Prezioso - Thunder",Thunder,HypersonicSharkz & S1MMZE,hypersonicsharkz,2021-08-23T17:07:26.348558Z,2021-08-23T17:07:18.393524Z,2021-08-23T17:07:26.348558Z,2021-08-23T17:07:18.393524Z,1,2021-08-23T17:07:26.348558Z,1,0,None,202.495,161,0
ae9ca369573c058cf6a6dca70ea94f14f3bfaca1,194b4,USAO - Big Daddy [Ranked],Big Daddy,Timbo,Timbo,2021-06-18T17:14:38.977Z,2021-06-18T17:14:38.977Z,2021-09-06T11:06:46.540662Z,2021-09-06T11:06:42.818876Z,1,2021-06-18T17:14:38.977Z,1,1,None,190.0,255,0
aeb177797284c67d7763fa820084449b483d2748,e4d,ke-ji feat. Nanahira - Ange du Blanc Pur,Ange du Blanc Pur,Hexagonial,hexagonial,2018-08-07T17:12:15Z,2018-08-07T17:12:15Z,2018-08-07T17:12:15Z,2018-08-07T17:12:15Z,1,,1,1,None,182.0,245,0
aec394189330909e86bbaefa630352bf1ad77894,2b629,[Chroma+] Diamond Eyes - Stars,Stars,Phøenix,Phoenix,2022-10-29T15:16:22.477074Z,2022-10-27T02:58:34.535165Z,2022-10-29T15:16:22.477074Z,2022-10-27T02:58:34.535165Z,1,2022-10-30T02:57:04.422552Z,1,0,None,145.0,230,0
aedd974bd0b7bfaf8c9f9950bfd6368c04ade258,2683,Silent Siren - Routine,Routine,Hexagonial & Splake & Puds,hexagonial,2018-12-18T02:37:47Z,2018-12-18T02:37:47Z,2018-12-18T02:37:47Z,2018-12-18T02:37:47Z,1,,1,1,None,176.0,241,0
af248cec0d19c06951112022f7389eb7a9b69bea,192f8,Leave Before You Love Me - Marshmello x Jonas Brothers,Leave Before You Love Me,Olaf,olaf,2021-06-16T02:44:54.638Z,2021-06-16T02:44:54.638Z,2022-08-11T17:31:07.101357Z,2022-08-11T17:30:47.008596Z,1,,1,0,None,120.0,156,0
af26560dc29109fd4de78128e3b72fa55fa6c999,2a7e7,uma vs. Morimori Atsushi - GLORY:ROAD (Aoi vs. siqlo's ''Overload'' Remix),GLORY:ROAD,Aquaflee,Aquaflee,2022-10-02T11:16:37.290885Z,2022-10-02T11:16:31.136577Z,2022-10-02T11:16:37.290885Z,2022-10-02T11:16:31.136577Z,1,,1,0,None,280.0,240,0
af9fb77ea883342b3ff2a2827210e34bcf9a6f67,26503,FWLR - Existentia,Existentia,General Dumbass,GeneralDum,2022-06-02T13:55:31.919269Z,2022-06-02T13:51:03.188859Z,2022-08-13T14:17:17.861469Z,2022-08-13T14:16:21.725533Z,1,,1,0,None,171.0,208,0
afb47d1abb417a76a4293d29a725d6dd74d76782,32d4,MariannE (Lanota Edit) - Yooh,MariannE (Lanota Edit),Redmagi,redmagi,2019-02-01T16:17:26Z,2019-02-01T16:17:26Z,2019-02-01T16:17:26Z,2019-02-01T16:17:26Z,1,2019-02-01T16:17:26Z,1,1,None,191.0,164,0
aff9aedb62cc789ef43afb5b69dd9310907970d6,75a,Snow Halation - Muse (Love Live),Snow Halation,Todokete,todokete,2018-07-01T01:17:28Z,2018-07-01T01:17:28Z,2018-07-01T01:17:28Z,2018-07-01T01:17:28Z,1,,1,1,None,173.0,258,0
affabab8b8577c8d8c511a7046a4451a7338f468,2d64a,[BL Ranked] Camellia - WYSI,WYSI,ComplexFrequency,complexfrequency,2023-01-01T03:00:00.285154Z,2022-12-27T00:56:23.060017Z,2023-03-11T17:32:29.724544Z,2023-03-11T17:32:18.136817Z,1,2023-03-03T05:40:21.394772Z,1,0,None,727.0,199,0
b02da0a01d4b9e41012327def8a28e5b95ddedd9,195a5,[RANKED] Tom & Jame - Get Get Down (Asketa & Natan Chaim Remix),Get Get Down,ItsVasili,Vasilidesu,2021-06-20T07:52:57.831Z,2021-06-20T07:52:57.831Z,2021-06-20T07:52:57.831Z,2021-06-20T07:52:57.831Z,1,,1,1,None,124.0,146,0
b04f04fdaa3ed6c2bcf09c0f4e9058e3cb153cd2,42e8,GHOST - Camellia V2 (Fixed),GHOST,DankruptMemer & Moriik,dankruptmemer,2019-04-02T02:09:09Z,2019-04-02T02:09:09Z,2019-04-02T02:09:09Z,2019-04-02T02:09:09Z,1,,1,1,None,220.0,342,0
b05a16f26b548ea334a69da7815072eb4c3a1c95,352b0,[Ellise Pack] Ellise - Bruises,Bruises,Nebelmonster,Nebelmonster,2023-08-23T20:32:09.512969Z,2023-08-23T20:32:06.440659Z,2023-08-31T12:54:00.064411Z,2023-08-31T12:53:58.859382Z,1,,1,0,None,156.0,152,0
b05e1b6acfb569a7bfcbcf4dc795bbce3dcd8899,369a0,[Ranked] Camellia - Beyond the Geostationary Orbit Level,Beyond the Geostationary Orbit Level,edgii,edgiiiiiiiii,2023-10-22T02:10:50.872824Z,2023-10-22T02:10:23.918065Z,2023-10-27T21:45:36.051627Z,2023-10-27T21:45:18.662274Z,1,,1,0,None,175.0,299,0
b11642ca940368f6e1b8bedba1618d0fbce1a3ce,30ff0,Kat Dahlia - I Think I'm In Love,I Think I'm In Love,Nebelmonster,Nebelmonster,2023-03-28T09:30:17.556433Z,2023-03-28T09:30:11.195830Z,2023-06-02T17:21:04.807407Z,2023-06-02T17:20:58.957001Z,1,2023-03-28T17:32:25.843435Z,1,0,None,122.0,203,0
b13715caa39ba633662a1b76f1b53236ad885e11,1e0a3,Camellia - Night Raid with a Dragon,Night Raid with a Dragon,CyanSnow & Skeelie,CyanSnow,2021-11-17T01:02:38.315505Z,2021-11-17T01:02:19.833693Z,2021-11-17T01:02:38.315505Z,2021-11-17T01:02:19.833693Z,1,,1,1,None,256.0,208,0
b14314329be9676417448404a59619e3ce9ebe48,1499b,Labyrinth - Lapix,Labyrinth,Shappy & Checkthepan,shappy,2021-02-25T11:14:27.555Z,2021-02-25T11:14:27.555Z,2021-02-25T11:14:27.555Z,2021-02-25T11:14:27.555Z,1,,1,1,None,175.0,262,0
b17ed2e5ca907bb4770598be1c0cc11c66537d26,caa8,Chester Young & Jasted - Sorry,Sorry,Pixelguy & Teuflum,Pixelguy,2020-07-30T09:06:00.160Z,2020-07-30T09:06:00.160Z,2020-07-30T09:06:00.160Z,2020-07-30T09:06:00.160Z,1,2022-02-20T18:46:46.663181Z,1,1,None,126.0,170,0
b1cbfeefe45297baf1f7cbee56ce1620d5f62c94,2f6a2,[BL RANKED] Aire - Color,Color,GalaxyMaster,GalaxyMaster,2023-02-15T01:04:18.838291Z,2023-02-15T01:02:45.968530Z,2023-02-15T01:04:18.838291Z,2023-02-15T01:02:45.968530Z,1,2023-02-15T01:44:39.100051Z,1,0,None,128.0,197,0
b1da5ffbc342dbd6350b3e2c200512949f5b4f5f,2bf61,Taylor Swift - Anti-Hero,Anti-Hero,symphonic,symphonic,2022-11-14T01:28:56.966982Z,2022-11-14T01:27:16.156741Z,2022-11-14T21:54:21.278278Z,2022-11-14T21:52:13.793628Z,1,2022-11-14T21:33:51.235693Z,1,0,None,96.943,203,0
b1f2b9c7b2ca466fc7a2766d8153249d3fbde1e5,2a636,[BL Ranked] USAO & DJ Genki - Ouvertüre,Ouvertüre,Slayx,Slayx,2022-09-29T18:00:27.772682Z,2022-09-29T17:56:21.136575Z,2022-10-29T18:56:55.900405Z,2022-10-29T18:56:49.843530Z,1,,1,0,None,200.0,142,0
b1f7c08cd0cdc4c546c8e41386f75b70cda4c08a,5b6,"No, Thank You!","No, Thank you!",Ho-kago Tea Time,squeaksies,2018-06-19T00:04:51Z,2018-06-19T00:04:51Z,2018-06-19T00:04:51Z,2018-06-19T00:04:51Z,1,,1,1,None,181.0,91,0
b24adfd730d5f8607890743d5b7a18da36577427,fd82,Daydream (BCM Remix) - RiraN,Daydream,xScaramouche,xScaramouche,2020-10-11T21:20:46.744Z,2020-10-11T21:20:46.744Z,2020-10-11T21:20:46.744Z,2020-10-11T21:20:46.744Z,1,,1,1,None,160.0,263,0
b24e5dbf100388db53bd9ee04eee66bd365df84b,3dd3,Zetsubou Plantation,Zetsubou Plantation,Rogdude,rogdude,2019-03-13T20:09:04Z,2019-03-13T20:09:04Z,2019-03-13T20:09:04Z,2019-03-13T20:09:04Z,1,,1,1,None,230.0,217,0
b25d5435ef97a85549620125c28a28a153ce396f,246c9,[Ranked] Cheatcode - Black Tiger Sex Machine,Cheatcode,TG90,TG90,2022-04-15T21:20:03.875758Z,2022-04-15T21:13:28.460878Z,2022-08-25T15:15:16.759857Z,2022-08-25T15:14:50.985469Z,1,,1,1,None,150.0,189,0
b297ee62f44512ee4740e451c988473f76e39fc2,281c5,Panda Eyes & Teminite feat. Anna Yvette - Immortal Flame,Immortal Flame,Jevk,Jevk,2022-07-25T13:45:48.215498Z,2022-07-23T20:38:27.374265Z,2022-08-21T22:42:04.372593Z,2022-08-21T22:41:54.962603Z,1,,1,0,None,220.0,308,0
b2a40f310f2b58f6540b9f05db87b32de365b15a,43d09,[RANKED] INTERDIXION - Juggernaut.,INTERDIXION,"vOid as ""Forbidden Interception""",BlAck_vOid-1001,2025-01-31T01:26:32.974623Z,2025-01-31T01:25:30.700470Z,2025-11-17T22:49:34.738905Z,2025-11-17T22:46:36.286787Z,1,,1,0,None,260.0,140,0
b30dc300d46683c06d554be5add1bf791a2fe10d,2937c,TUYU - Under Kids,Under Kids,yabje,yabje,2022-08-25T10:07:59.789538Z,2022-08-25T10:07:52.851380Z,2022-08-25T10:07:59.789538Z,2022-08-25T10:07:52.851380Z,1,2022-09-05T05:03:36.684647Z,1,0,None,225.0,208,0
b334a54d68a85c8781688bfddd024a5fd73ffbf5,2ae02,Archspire - Golden Mouth of Ruin,Golden Mouth of Ruin,Anti,Anti,2022-10-13T14:28:21.138828Z,2022-10-13T14:23:44.098791Z,2022-10-13T14:28:21.138828Z,2022-10-13T14:23:44.098791Z,1,,1,0,None,350.0,247,0
b3574125c2c8d6e187d4b7c5d59b5bb625fd2217,1a322,[RANKED] Camellia - Myths You forgot,Myths You Forgot,nolan121405,nolan121405,2021-07-12T05:30:53.157Z,2021-07-12T05:30:53.157Z,2021-09-16T00:58:12.302832Z,2021-09-16T00:56:04.916750Z,1,2021-07-12T05:30:53.157Z,1,1,None,150.0,255,0
b36338940b92abcba1baa329a5a0c3387130b1ab,3b4f8,SawanoHiroyuki[nZk] & TOMORROW X TOGETHER - LEveL,LEveL,yabje,yabje,2024-04-05T13:23:33.334851Z,2024-03-29T09:41:06.946164Z,2024-10-04T23:02:19.811864Z,2024-10-04T23:02:16.753206Z,1,,1,0,None,113.0,183,0
b374ce9e9ef3b2352d272b58fb3d5517aff4bd14,2a679,[R] RADWIMPS - Suzume (feat. Toaka) (from Suzume no Tojimari),Suzume,CookedChili,CookedChili,2022-09-30T01:14:01.097052Z,2022-09-30T01:13:21.757537Z,2022-09-30T01:14:01.097052Z,2022-09-30T01:13:21.757537Z,1,2022-10-02T13:30:01.621798Z,1,0,None,156.0,239,0
b382b98737514c6d5d02debf02b67e0d1d566160,130c0,Kick To The Sky - Kobaryo,Kick To The Sky,Helloiamdaan,helloimdaan,2021-01-22T22:42:20.120Z,2021-01-22T22:42:20.120Z,2021-01-22T22:42:20.120Z,2021-01-22T22:42:20.120Z,1,,1,1,None,294.0,177,0
b3a1950f5974db1ccab5c09c500ab3cbb77980c0,24ae3,ReeK - Weeaboo Spookfest II - Necro-Degeneracy,Weeaboo Spookfest II,"Bitz, Luck, Joshabi & Aquaflee",Bitz,2022-04-20T23:03:56.540313Z,2022-04-20T23:03:31.683760Z,2022-07-06T22:28:44.746477Z,2022-07-06T22:24:48.697161Z,1,2022-04-20T23:12:14.936064Z,1,1,None,220.0,417,0
b3b8864657542cede63b3ed89514187dd3653588,190cc,[Ranked]Akatsuki Records - WARNINGxWARNINGxWARNING,WARNINGxWARNINGxWARNING,Yaomin,yaomin,2021-06-11T18:43:10.342Z,2021-06-11T18:43:10.342Z,2021-06-11T18:43:10.342Z,2021-06-11T18:43:10.342Z,1,,1,1,None,172.0,269,0
b3c4219489531a980608ed48364bc8a6a9523705,4e6af,Azari - D/N/A  Nightcord at 25:00 x Kagamine Rin,D/N/A,Anammelech & Glasso050,anzu7,2026-02-04T19:38:48.028443Z,2026-02-04T19:38:41.411332Z,2026-05-16T03:13:24.778554Z,2026-05-16T03:13:21.241463Z,1,,1,0,None,150.0,131,0
b3ccfd4a60e87ef1de8b2f4220ff57d49d4e8afd,299e3,Hinkik - Time Leaper,Time Leaper,Darkrealm7,Darkrealm7,2022-09-05T02:05:25.835169Z,2022-09-05T02:04:02.670814Z,2022-09-05T02:05:25.835169Z,2022-09-05T02:04:02.670814Z,1,2022-10-04T05:39:42.258173Z,1,0,None,175.0,242,0
b3d5ebd465d2e0747276b34d26f5a41850558769,29464,STAY - The Kid Laroi,STAY,RFCaps & FatBeanzoop,rfcaps_,2022-08-27T05:57:04.872809Z,2022-08-27T05:56:51.008101Z,2022-08-27T05:57:04.872809Z,2022-08-27T05:56:51.008101Z,1,,1,0,None,170.0,143,0
b3d7e30e91b6c19e6a5e6b3ed5a0427690e8186a,3d06a,"[BL RANKED] rouri404, Vaeo - driving with my eyes closed",driving with my eyes closed,"Parapass, Classicstar & UglyApe",para,2024-05-28T02:34:33.871498Z,2024-05-28T02:31:41.714293Z,2025-02-19T12:02:00.040085Z,2025-02-19T12:01:51.360616Z,1,,1,0,None,166.0,119,0
b3f11301e4ac555184e7ef4344242049fea41345,13a0,Greenlights Serenade - Omoi ft. Hatsune Miku,Greenlights Serenade ,Edzo,edzo,2018-09-05T01:06:14Z,2018-09-05T01:06:14Z,2018-09-05T01:06:14Z,2018-09-05T01:06:14Z,1,,1,1,None,200.0,239,0
b407d16f439c4923370e669d0ef3d0f3d59b5035,b311,BTS - Spring Day,Spring Day,simplymarvellous,simplymarvellous,2020-06-16T08:23:24.892Z,2020-06-16T08:23:24.892Z,2020-06-16T08:23:24.892Z,2020-06-16T08:23:24.892Z,1,,1,1,None,107.0,277,0
b41773673e0789886aea6fb764dc25477105bee6,3f6d3,Arachnid ,Arachnid,Glasso050,Glasso050,2024-08-11T17:28:41.992763Z,2024-08-11T17:28:38.525757Z,2024-08-11T17:28:41.992763Z,2024-08-11T17:28:38.525757Z,1,,1,0,None,234.0,177,0
b42d47f506e27997c121a79de17a95fd833e1475,1f2e5,Darling Dance (Covered by Hoshikawa Sara),Darling Dance,BigSlick,bigslick,2021-12-27T07:59:48.149493Z,2021-12-25T08:17:39.214913Z,2021-12-27T07:59:48.149493Z,2021-12-27T07:59:00.321922Z,1,,1,0,None,153.0,205,0
b42ff8d822c0d3ef459f04de3b6631fcdc21489d,16b0,Little Kandi Raver 2012 - S3RL ft. Sara,Little Kandi Raver 2012,Edzo,edzo,2018-09-23T00:28:42Z,2018-09-23T00:28:42Z,2018-09-23T00:28:42Z,2018-09-23T00:28:42Z,1,,1,1,None,175.0,179,0
b4512c8922cd4482613b53696cf83af89395dca9,1ffb6,"Phao - 2 Phut Hon (KAIZ Remix, Nightcore) [Chroma]",2 Phut Hon,Fatalution,fatalution,2022-01-11T19:17:18.746823Z,2022-01-11T19:17:05.730216Z,2022-01-11T19:17:18.746823Z,2022-01-11T19:17:05.730216Z,1,2022-01-11T19:17:18.746823Z,1,1,None,152.24,181,0
b457acc423a06093653384c972b94f33c764b3cb,343a2,[420BPM] Underscore - sheaskedifilikespeedcore || CS Level 6/9,sheaskedifilikespeedcore,Emilia,Emymap,2023-07-20T07:31:04.943114Z,2023-07-20T07:31:00.545054Z,2024-03-29T13:22:05.544528Z,2024-03-29T13:20:45.373508Z,1,,1,0,None,210.0,142,0
b4b6cad8a29458fa9fbba1394790cd1387e0dc87,138f2,[Ranked] Laur - Quaerite Veritatis,Quaerite Veritatis,Rusty & Nolanimations,Rusty,2021-02-03T21:16:32.025Z,2021-02-03T21:16:32.025Z,2021-02-03T21:16:32.025Z,2021-02-03T21:16:32.025Z,1,,1,1,None,220.0,158,0
b4db069af0dbc55bbba06fe5dd7a71f965c1446c,19b27,[Ranked] Kobaryo - Sparkling Software,Sparkling Software,"Cobayo, Vilawes & Slimy",Cobayo,2021-06-28T20:12:35.986Z,2021-06-28T20:12:35.986Z,2021-09-11T01:26:28.097399Z,2021-09-11T01:25:51.048927Z,1,,1,1,None,320.0,217,0
b4f3f4e5cacd3422eda0ef199a24ee5d957ab53f,101a0,REDALiCE - Haachama Channel [Theme Song] (feat. Akai Haato),Haachama Channel,Light Ai & xtpn,LightAi,2020-10-22T20:44:06.431Z,2020-10-22T20:44:06.431Z,2020-10-22T20:44:06.431Z,2020-10-22T20:44:06.431Z,1,,1,1,None,130.0,37,0
b54881c288e83036ec8a67e774926ce334798f4e,2441,Crocodile Cacophony [Smash Bros Map Pack],Crocodile Cacophony ,Edzo,edzo,2018-12-07T00:16:31Z,2018-12-07T00:16:31Z,2018-12-07T00:16:31Z,2018-12-07T00:16:31Z,1,,1,1,None,122.0,131,0
b572481270bd1f2bd31dcee91de1052ad1714480,1a395,[RANKED] dark cat - BUBBLE TEA (feat. juu & cinders),BUBBLE TEA,nolan121405 vs. Narwhal,nolan121405,2021-07-12T23:49:25.564Z,2021-07-12T23:49:25.564Z,2021-08-26T18:13:33.051176Z,2021-08-26T18:13:29.378559Z,1,2021-07-12T23:49:25.564Z,1,1,None,160.0,245,0
b599483c0c01992dad3c93be6cf40644e54227c6,996f,Grant - Weapon (feat. Baum),Weapon,ExUnReal,exunreal,2020-04-10T22:25:46.133Z,2020-04-10T22:25:46.133Z,2020-04-10T22:25:46.133Z,2020-04-10T22:25:46.133Z,1,,1,1,None,140.0,191,0
b5a1424cad898181d429cb231b83296a3e67d58f,1a8d4,Death From Above - Kotori,Death From Above,Skeelie,Skeelie,2021-07-23T19:20:54.562Z,2021-07-23T19:20:54.562Z,2021-07-23T19:20:54.562Z,2021-07-23T19:20:54.562Z,1,2021-07-23T19:20:54.562Z,1,1,None,160.0,222,0
b5aec40c638960ace813147084b579da3311b7fc,33ce6,"[BL RANKED] Camellia as ""fluX Xroisé"" - Xronièr",Xronièr,GalaxyMaster,GalaxyMaster,2023-07-07T23:11:31.733799Z,2023-07-07T23:03:30.971364Z,2023-11-01T14:08:19.705835Z,2023-11-01T14:08:13.219038Z,1,2023-07-08T16:42:51.968047Z,1,0,None,234.0,130,0
b5d705df645fce03217a7df783849168c3687985,2a0b9,Imil - You v2 || CS Level 1,You,Emilia,Emymap,2022-09-18T19:03:30.123290Z,2022-09-18T19:03:26.619936Z,2022-11-05T16:35:44.195489Z,2022-11-05T16:35:37.361728Z,1,,1,0,None,350.0,126,0
b5f2d1d582be2706e44b860b8a04c7f5f1be2910,2449,Helblinde - Solace of Oblivion,Solace of Oblivion,Psyc0pathic & Rinku & AaltopahWi & Shad,Psyc0,2018-12-07T03:32:11Z,2018-12-07T03:32:11Z,2018-12-07T03:32:11Z,2018-12-07T03:32:11Z,1,,1,1,None,195.0,343,0
b666a3e654179b794828e726fc80b506fdeb523f,19b97,"[Ranked] Destructive Tendencies, Warface - Release The Kraken (Sefa Remix)",Release The Kraken,"Jabob, Daan, & lobster",Jabob,2021-06-29T17:50:42.222Z,2021-06-29T17:50:42.222Z,2021-06-29T17:50:42.222Z,2021-06-29T17:50:42.222Z,1,,1,1,None,200.0,210,0
b694a495a93966efa6945f011b7162a309d5aca6,33219,Bubble Tea (A Dark Cat Orchestration) - Rush Garcia,Bubble Tea (A Dark Cat Orchestration),Pleo,pleo,2023-06-13T15:03:51.679864Z,2023-06-13T15:00:56.301662Z,2023-06-24T16:46:43.431240Z,2023-06-24T16:46:08.997558Z,1,,1,0,None,105.0,203,0
b70aeef2ee915ced48593422931e8ba2a1f4e973,4a2a,Crying for Rain - Minami,Crying for Rain,squeaksies,squeaksies,2019-05-03T08:08:54Z,2019-05-03T08:08:54Z,2019-05-03T08:08:54Z,2019-05-03T08:08:54Z,1,2019-05-03T08:08:54Z,1,1,None,137.0,252,0
b713ae90a9ce8834b6b8bbce65f27ddf7bbc51ab,ffb5,[Ranked] Noah - Deadly force - Put an end,Deadly force - Put an end,abcbadq,abcbadq,2020-10-18T01:43:12.850Z,2020-10-18T01:43:12.850Z,2023-06-06T14:27:56.405649Z,2020-10-18T01:43:12.850Z,1,,1,1,None,300.0,315,0
b716cc0fd1c67f7e3a7a6f68b18ff34246fd2d93,2f15a,[R] kessoku band - Guitar to Kodoku to Aoi Hoshi (Chroma),Guitar to Kodoku to Aoi Hoshi,CookedChili & Rusty,CookedChili,2023-06-03T21:04:03.206953Z,2023-02-07T04:34:12.011833Z,2023-06-26T01:59:58.715770Z,2023-06-26T01:59:02.136977Z,1,,1,0,None,193.0,230,0
b758ba486ddd190d87ef5c87525fb1286e36e52b,17e4,(V2) GYZE - HONESTY,HONESTY,Hexagonial (V2),hexagonial,2018-09-29T18:41:12Z,2018-09-29T18:41:12Z,2018-09-29T18:41:12Z,2018-09-29T18:41:12Z,1,,1,1,None,185.0,306,0
b76f546a682122155be11739438fcae6cfe2c2cf,126bd,USAO - XTREME [Ranked],XTREME,Timbo,Timbo,2021-01-09T16:26:07.013Z,2021-01-09T16:26:07.013Z,2021-01-09T16:26:07.013Z,2021-01-09T16:26:07.013Z,1,,1,1,None,205.0,142,0
b77a35fec3f53ad11e154b67ddd9cd933d37057a,1fb9c,[Ranked] Laur - DANGEROOOOUS JUNGLE,DANGEROOOOUS JUNGLE,Jabob,Jabob,2022-01-05T23:13:47.991145Z,2022-01-05T23:13:18.088784Z,2022-01-07T15:59:31.391066Z,2022-01-07T15:59:28.886757Z,1,2022-02-23T18:13:38.853716Z,1,1,None,320.0,139,0
b7a277f6ae40d882f05d21a961eb6f44d69c317e,10c57,MY FIRST STORY - Kyogen NEUROSE,Kyogen NEUROSE,Nolanimations,Nolanimations,2020-11-09T18:27:22.614Z,2020-11-09T18:27:22.614Z,2020-11-09T18:27:22.614Z,2020-11-09T18:27:22.614Z,1,,1,1,None,188.0,265,0
b81dff86a58da265847bd3f0e4802709a319326d,9332,DJ Genki - USAO (SUPER ULTIMATE ULTRA MIRACLE MARVELOUS HYPER Club Mix),USAO,Jez,jez,2020-03-23T21:38:06.878Z,2020-03-23T21:38:06.878Z,2020-03-23T21:38:06.878Z,2020-03-23T21:38:06.878Z,1,,1,1,None,200.0,214,0
b87a80768663e3528df0ab0ee47bd8d23d5e41fd,19ad7,[Ranked] meganeko - Feral,Feral,abcbadq,abcbadq,2021-06-27T20:48:01.359Z,2021-06-27T20:48:01.359Z,2023-06-06T14:25:05.283022Z,2022-01-11T01:49:58.144121Z,1,,1,1,None,160.0,266,0
b87d25d052ee59cabba86b45acd42c10b957844f,3705e,+ERABY+E CONNEC+10N - Camellia,+ERABY+E CONNEC+10N,Petersome,petersome,2023-11-08T17:53:02.749918Z,2023-11-08T17:52:56.194719Z,2023-12-15T23:38:57.074014Z,2023-12-15T23:38:52.156672Z,1,2023-11-28T19:17:54.980393Z,1,0,None,230.0,306,0
b889d49cf68a91b8a1a11d76fafc0720063b0998,29bf,DaymanOurSavior - Hentacito,Hentacito,Psyc0pathic & Hexagonial,Psyc0,2019-01-01T01:04:40Z,2019-01-01T01:04:40Z,2019-01-01T01:04:40Z,2019-01-01T01:04:40Z,1,,1,1,None,178.0,123,0
b8c38cdf22c5f431d5a37c16aa8db7bc07ac6c92,3fa34,UR EMBARRASSING !!! - tiffi,UR EMBARRASSING !!!,"Serephor, DesperateWoman",Serephor,2024-09-04T21:47:48.395152Z,2024-08-20T22:49:42.823426Z,2025-01-16T22:01:09.398181Z,2025-01-16T22:01:01.783970Z,1,2024-09-08T12:14:51.913513Z,1,0,None,145.0,160,0
b91a3db0e0215111d4ebf376ac6199453f34cbfd,3bef7,Delta Heavy & MUZZ - Higher Ground (feat. Cammie Robinson) (Short Edit.),Higher Ground,Darkrealm7,Darkrealm7,2024-04-20T11:56:32.020867Z,2024-04-20T11:49:06.699371Z,2024-06-19T21:53:44.786094Z,2024-06-19T21:53:34.283585Z,1,2024-04-26T12:22:50.030861Z,1,0,None,175.0,114,0
b91f7e70952b8d86f6c6a38ee18a5f724cca339a,32489,glass beach - bedroom community,bedroom community,emilia,Emilia,2023-05-12T15:57:33.164777Z,2023-05-12T15:57:27.583661Z,2023-05-12T15:57:33.164777Z,2023-05-12T15:57:27.583661Z,1,2023-05-16T14:05:08.714064Z,1,0,None,135.0,364,0
b94b33aed0f52cc54580396647b5b999e60583eb,1661c,[Ranked] Schwank - Get Gamered Up (feat. DE125 & Lil. Triangle),Get Gamered Up,Jabob,Jabob,2021-04-07T13:07:10.152Z,2021-04-07T13:07:10.152Z,2021-04-07T13:07:10.152Z,2021-04-07T13:07:10.152Z,1,,1,1,None,210.0,342,0
b97774a83bdfd669e1bd231039cccfa1162efa13,36bce,[BL RANKED] Teminite & Skybreak - Accelerate,Accelerate,GalaxyMaster & Phøenix,GalaxyMaster,2023-10-29T12:58:06.488681Z,2023-10-29T12:54:29.951697Z,2023-10-29T12:58:06.488681Z,2023-10-29T12:54:29.951697Z,1,2023-11-24T07:11:51.836542Z,1,0,None,150.0,252,0
b9b3134300f9c83a16845ac531c7441204eac836,1ccb9,[RANKED] 23 - Pink Soldiers,Pink Soldiers,nolan121405,nolan121405,2021-10-04T01:09:21.034390Z,2021-10-04T01:08:33.282269Z,2021-10-05T00:33:56.482285Z,2021-10-04T19:33:15.521221Z,1,2021-10-04T01:09:21.034390Z,1,1,None,240.0,36,0
b9f34f8477b4183805060b09dfccb9840f647eee,391e7,[BL Ranked] Owl City - Fireflies,Fireflies,Koreami,Koreami,2024-01-20T19:03:41.486311Z,2024-01-20T19:03:27.446090Z,2024-01-30T23:04:12.909484Z,2024-01-30T23:04:06.449218Z,1,2024-01-21T00:12:12.491769Z,1,0,None,180.0,230,0
ba1a0a78611488ab596261a10819fc905822e69e,3dfd6,[Fitbeat] Camellia - Ghost,GHOST,Irahi,Irahi,2024-06-28T00:08:32.108720Z,2024-06-28T00:06:22.464490Z,2024-06-29T22:54:54.979971Z,2024-06-29T22:54:45.458895Z,1,,1,0,None,220.0,320,0
ba220888bb848d07bdfe3c49a4960e487c63be82,19448,[RANKED] Camellia - SCREW // owo // SCREW ,SCREW // owo // SCREW,ThySpoon,ThySpoon,2021-06-17T22:25:08.327Z,2021-06-17T22:25:08.327Z,2021-06-17T22:25:08.327Z,2021-06-17T22:25:08.327Z,1,,1,1,None,228.0,121,0
ba3077a16c2259cf3c55e04129b4a4e91f4f9a74,bdd,Ghost Rule - DECO*27 ft. Hatsune Miku,Ghost Rule,Edzo,edzo,2018-07-26T01:57:25Z,2018-07-26T01:57:25Z,2018-07-26T01:57:25Z,2018-07-26T01:57:25Z,1,,1,1,None,210.0,212,0
ba3175097c8341585a5e9ce5cdecdca4af0f97e5,43239,The Prodigy - Thunder,Thunder,Undeceiver,Undeceiver,2025-01-12T01:39:36.236938Z,2025-01-12T00:22:55.067905Z,2025-07-14T23:42:13.994018Z,2025-07-14T23:40:50.649574Z,1,2025-01-12T02:03:21.205158Z,1,0,None,134.0,251,0
bad6a72b426fa3a0da5da8bee6e9d779dd9f1e56,3be75,Kobaryo - Cosmic Diffusion (Short Edit),Cosmic Diffusion,Blackjack,blackjack,2024-04-19T01:10:12.538642Z,2024-04-19T01:08:56.708272Z,2024-06-19T21:11:27.509522Z,2024-06-19T21:11:21.675415Z,1,2024-06-24T01:42:28.014686Z,1,0,None,150.0,134,0
bb4ec249ac3b07160b06daa7adadc194937a647e,186e5,MY FIRST STORY - Missing You,Missing You,Nolanimations,Nolanimations,2021-05-26T19:56:59.160Z,2021-05-26T19:56:59.160Z,2021-05-26T19:56:59.160Z,2021-05-26T19:56:59.160Z,1,2021-05-26T19:56:59.160Z,1,1,None,190.0,261,0
bb6c14d91c6daa1b31a44d54487231587e573d6f,17434,USAO - Cthugha [Ranked],Cthugha,Timbo,Timbo,2021-04-27T19:38:29.326Z,2021-04-27T19:38:29.326Z,2021-04-27T19:38:29.326Z,2021-04-27T19:38:29.326Z,1,,1,1,None,213.0,157,0
bb9de13539a2ab9a21f7ff68a2669f7887011456,2693,I Want You - DJMAX,I Want You,ejiejidayo,ejiejidayo,2018-12-18T12:09:51Z,2018-12-18T12:09:51Z,2018-12-18T12:09:51Z,2018-12-18T12:09:51Z,1,,1,1,None,140.0,109,0
bbc011f70d104624eb40acd3944c2fbfbb30e5b0,13fe8,FUZI x Neru - 0verf1ow [Ranked],0verf1ow,Timbo,Timbo,2021-02-13T18:01:57.667Z,2021-02-13T18:01:57.667Z,2021-02-13T18:01:57.667Z,2021-02-13T18:01:57.667Z,1,,1,1,None,350.0,183,0
bc1ec36d7a78658c0870fb9529f848c034a3d43e,12fae,Schwank (feat. Lil Triangle) - Extra Credit on the Chromosome Test! VICTORY ROYALE​!​!​!,Extra Credit on the Chromosome Test! VICTORY ROYALE​!​!​!,shrado,shrado,2021-01-21T03:40:13.529Z,2021-01-21T03:40:13.529Z,2021-01-21T03:40:13.529Z,2021-01-21T03:40:13.529Z,1,2022-04-15T20:34:29.161824Z,1,1,None,175.0,133,0
bc743252f6f6db483113ebb4074e5fa2b523a8e0,2cda4,[BL Ranked] Elena Seigman - 115,115,Slayx,Slayx,2022-12-10T11:55:18.017523Z,2022-12-10T11:52:50.895440Z,2022-12-11T07:34:35.342843Z,2022-12-11T07:34:23.307590Z,1,,1,0,None,200.0,230,0
bc8e2895e7a25a8f3fb0c87bf76c6eb09dc44e84,1820a,[RANKED] Endless Adventure,Endless Adventure,Fvrwvrd,fvrwvrd,2021-05-20T18:26:14.319Z,2021-05-20T18:26:14.319Z,2021-05-20T18:26:14.319Z,2021-05-20T18:26:14.319Z,1,,1,1,None,232.0,241,0
bcd465bc14cd421901cec7869800ab977918e091,12666,UMMU - t+pazolite,UMMU,carrot,carrot090,2021-01-09T05:18:25.219Z,2021-01-09T05:18:25.219Z,2021-01-09T05:18:25.219Z,2021-01-09T05:18:25.219Z,1,,1,1,None,180.0,128,0
bcea96043773b95362844ec20ba5149f51b38f70,ff83,Geoxor - Long Times,Long Times,Teuflum & xScaramouche,Teuflum,2020-10-17T11:32:19.703Z,2020-10-17T11:32:19.703Z,2020-10-17T11:32:19.703Z,2020-10-17T11:32:19.703Z,1,2020-10-17T11:32:19.703Z,1,1,None,170.0,209,0
bd0f1c14639012191a9a8207bc0ed4d3b6c32897,2d6cc,KYURO3 - ENOUGH,ENOUGH,anammelech,anzu7,2022-12-28T03:07:45.945349Z,2022-12-28T03:07:41.638107Z,2023-01-07T04:04:26.988753Z,2023-01-07T04:04:18.952767Z,1,,1,0,None,316.0,299,0
bd2875d162a11e6af7056286ede8849bc258de17,48ace,ovine hall - Huh,Huh,Kaxle,Kaxle,2025-07-18T04:06:58.306966Z,2025-07-18T03:12:25.323467Z,2026-02-07T21:21:48.806189Z,2026-02-07T21:20:23.209597Z,1,,1,0,None,170.0,106,0
bd37a8843defda6f5c739da5abab3f224e39fd7d,2b2b8,XH (feat. KYURO3) - kawaii speedcore 654,kawaii speedcore 654,Anammelech & Amverial,anzu7,2022-10-21T21:07:21.839421Z,2022-10-21T21:07:16.367108Z,2022-10-21T21:07:21.839421Z,2022-10-21T21:07:16.367108Z,1,,1,0,None,327.0,321,0
bd44a27d1c94079bfb8e3f3209fd8d69798d6db8,35d5b,[BL RANKED] Charli XCX - Yuck,Yuck,August,August.,2023-09-22T17:30:58.744094Z,2023-09-22T17:30:26.657118Z,2023-10-29T21:44:28.153005Z,2023-10-29T21:44:18.565125Z,1,2023-11-15T19:50:39.757665Z,1,0,None,101.0,141,0
bd92c5760b6d03664a7083fa93cc6708310e6e2a,124ea,"This Is the Dead, and I Reached the Deathless. - BLANKFIELD","This Is the Dead, and I Reached the Deathless.",Astrella & FatBeanzoop,astrella_,2021-01-06T00:31:38.285Z,2021-01-06T00:31:38.285Z,2021-01-06T00:31:38.285Z,2021-01-06T00:31:38.285Z,1,,1,1,None,316.0,197,0
bd93d34befa6c15388707db4144796307d428a9a,4554,MIRROR - The Oral Cigarettes,MIRROR,Aithke,aithke,2019-04-13T01:33:28Z,2019-04-13T01:33:28Z,2019-04-13T01:33:28Z,2019-04-13T01:33:28Z,1,,1,1,None,202.0,105,0
bd9504dfe9a657155468041cf1b6e25d907f7364,1a017,"Camellia as ""menaXe inXonnu"" - Xronial Xero (Laur Remix)",Xronial Xero,Fvrwvrd & Daan,helloimdaan,2021-07-07T10:13:52.761Z,2021-07-07T10:13:52.761Z,2021-09-16T19:36:32.003506Z,2021-09-16T19:35:59.794408Z,1,,1,1,None,335.0,286,0
bd9c8e4f55690983c72552fbed1338ae77d2a6e8,226e7,[ RANKED ]  Tanger - Who's Not In Paris,Who's Not In Paris,Touqai,Touqai,2022-03-01T11:40:48.937878Z,2022-03-01T11:38:04.277840Z,2022-07-10T06:59:37.914069Z,2022-07-10T06:59:22.818972Z,1,2022-04-07T02:29:45.902970Z,1,1,None,160.0,182,0
bdacecbf446f0f066f4189c7fe1a81c6d3664b90,2847d,"Bear Ghost - Haunt, the Cartoon Heart","Haunt, The Cartoon Heart",BrightKnight,brightknight,2022-07-30T01:50:29.733720Z,2022-07-30T01:50:01.466108Z,2022-07-30T01:50:29.733720Z,2022-07-30T01:50:01.466108Z,1,2022-08-09T21:06:04.390352Z,1,0,None,160.0,221,0
bdbf898e75fdff7e0c4bd17780a13fd8722bb6e1,43ca2,Arctic Monkeys - Fireside,Fireside,Serephor,Serephor,2025-01-31T21:00:01.638133Z,2025-01-30T03:31:47.617926Z,2025-04-12T22:03:21.199477Z,2025-04-12T22:03:13.513186Z,1,2025-02-16T23:04:23.846691Z,1,0,None,200.0,183,0
bdebd0e4b5df0a8ad592e04d294c8e3df4248667,20d76,TANO*C Sound Team - BATTLE NO.1,BATTLE NO.1,"Bitz, HypersonicSharkz & Luck",Bitz,2022-01-29T17:13:33.764638Z,2022-01-29T16:40:24.157836Z,2022-01-29T17:13:33.764638Z,2022-01-29T16:40:24.157836Z,1,2022-04-21T08:55:43.820298Z,1,1,None,200.0,133,0
bdedccec6c2f59a55f9d44de5a54f490d72ec8f4,19566,[RANKED] RoughSketch - Ill ,Ill,ThySpoon & Fvrwvrd,ThySpoon,2021-06-19T19:42:10.292Z,2021-06-19T19:42:10.292Z,2021-06-19T19:42:10.292Z,2021-06-19T19:42:10.292Z,1,,1,1,None,222.0,189,0
bdf85d5d575a992139eff968a8348b3e6f03eefe,138da,Desmeon - Hellcat,Hellcat,CyanSnow,CyanSnow,2021-02-03T19:52:53.018Z,2021-02-03T19:52:53.018Z,2021-02-03T19:52:53.018Z,2021-02-03T19:52:53.018Z,1,2021-02-03T19:52:53.018Z,1,1,None,174.0,227,0
be3ca6ecec35adfd4bb4a2a548f302141b100e06,1313f,Start of the Determination - Kobaryo,Start of the Determination,xScaramouche,xScaramouche,2021-01-23T20:11:00.613Z,2021-01-23T20:11:00.613Z,2021-01-23T20:11:00.613Z,2021-01-23T20:11:00.613Z,1,,1,1,None,200.0,176,0
be49148059822b60c9ac0e7883b5f3534225a35f,8eb6,Stonebank - All Night,All Night,Teuflum,Teuflum,2020-03-09T16:43:56.646Z,2020-03-09T16:43:56.646Z,2020-03-09T16:43:56.646Z,2020-03-09T16:43:56.646Z,1,2020-03-09T16:43:56.646Z,1,1,None,170.0,219,0
be9949a40a1a452ce0a1d369a441982ac2e63d46,b96f,[RANKED] Virtual Riot - Lost it (VIP) ft. Pearl Andersson,Lost It,ItsVasili,Vasilidesu,2020-07-04T16:02:47.743Z,2020-07-04T16:02:47.743Z,2020-07-04T16:02:47.743Z,2020-07-04T16:02:47.743Z,1,,1,1,None,155.0,268,0
beaacf82c4076ccdaec16b113d35be09f88d2086,398fb,Camellia feat. Ninomae Ina'nis - Drenched in Air,Drenched in Air,Darkrealm7,Darkrealm7,2024-02-01T21:21:05.590539Z,2024-02-01T21:20:51.395161Z,2024-02-10T01:10:41.208472Z,2024-02-10T01:10:33.517255Z,1,2024-02-17T20:12:30.342283Z,1,0,None,189.0,296,0
bee657bfa017983257c34347fc23d867996f114f,24ec,Phantasia (Lights by AaltopahWi),Phantasia,Kry & AaltopahWi,krydar,2018-12-09T23:50:47Z,2018-12-09T23:50:47Z,2018-12-09T23:50:47Z,2018-12-09T23:50:47Z,1,,1,1,None,153.0,155,0
bef8ee876b981a3d87201495ebef5d98b44068ea,40e10,[Chroma] Sasuke Haraguchi (feat. Kasane Teto) - Medicine,Medicine,The Pharmacists,shrado,2024-10-13T22:08:35.925669Z,2024-10-13T21:51:33.954024Z,2025-01-24T18:51:21.370704Z,2025-01-24T18:51:16.398003Z,1,2024-10-16T16:50:10.232539Z,1,1,None,170.0,123,0
bf2c367d29b133b66dc27f6f8e20467d0ec3301f,32693,Fall Out Boy - The Phoenix,The Phoenix,Bytrius,Bytrius,2023-05-31T23:01:59.709120Z,2023-05-16T06:12:18.475582Z,2023-05-31T23:01:59.709120Z,2023-05-31T22:51:42.410637Z,1,2023-06-01T02:16:21.699148Z,1,0,None,138.0,246,0
bf6d3f57ea986763325b570b5dfbacc3752c39a8,37d44,[BL Ranked] IU - Coin,Coin,accuwucy,accuwucy,2023-12-08T17:32:56.320398Z,2023-12-08T17:32:19.845899Z,2023-12-18T16:44:53.635497Z,2023-12-18T16:44:28.964967Z,1,,1,0,None,118.0,192,0
bf8feed6e50da0845614177be5a9b50340bde6b9,1b7d6,You'll Be Gone - YonKaGor,You'll Be Gone,EmotionalFlight,emotionalflight,2021-08-22T00:32:53.623812Z,2021-08-22T00:30:49.855539Z,2021-08-22T00:32:53.623812Z,2021-08-22T00:30:49.855539Z,1,2021-08-22T00:32:53.623812Z,1,1,None,125.0,225,0
bfd56ad122151afef6f763ea6dee5bd36efce9c2,28b5a,Queen (Kanaria),Queen,BigSlick,bigslick,2022-08-10T05:06:38.448967Z,2022-08-10T05:01:55.629502Z,2022-08-10T05:06:38.448967Z,2022-08-10T05:06:27.697355Z,1,,1,0,None,170.0,143,0
bff86e80dd163511b37444e31c49569e084e7b40,5c85,Chroma - sink to the deep sea world,sink to the deep sea world,Oddloop,oddloop,2019-08-13T00:18:17.120Z,2019-08-13T00:18:17.120Z,2019-08-13T00:18:17.120Z,2019-08-13T00:18:17.120Z,1,2019-08-13T00:18:17.120Z,1,1,None,185.0,241,0
c035c5de5385a759f728188f6e1f8850ff97cf88,1fc85,[RANKED] CRUISE BEAST,CRUISE BEAST,TJ & dibl & TzurS11,talson,2022-01-07T13:36:42.438685Z,2022-01-07T13:35:47.870141Z,2022-01-07T13:36:42.438685Z,2022-01-07T13:35:47.870141Z,1,,1,1,None,260.0,164,0
c043c27d2825a4a368d7d899437491a0d56c2a1c,1955,ClariS - Hitorigoto,Hitorigoto -TV MIX-,Psyc0pathic,Psyc0,2018-10-08T17:22:19Z,2018-10-08T17:22:19Z,2018-10-08T17:22:19Z,2018-10-08T17:22:19Z,1,,1,1,None,165.0,91,0
c0cb89a82aa9e43113417572397b8f9bd4c2f236,1cce6,Camellia - Spin Eternally,Spin Eternally,Nolanimations,Nolanimations,2021-10-04T18:40:03.629773Z,2021-10-04T18:39:59.645780Z,2021-10-12T08:56:40.273603Z,2021-10-12T08:56:34.781368Z,1,2021-10-04T18:40:03.629773Z,1,1,None,222.0,228,0
c0e9c0773a41b572d71f4653143755434e4b7411,30a33,Hommarju - Super Freak,Super Freak,Blackjack,blackjack,2023-03-18T00:47:32.113775Z,2023-03-18T00:47:20.691322Z,2023-06-26T16:29:57.657560Z,2023-06-26T16:29:47.859309Z,1,,1,0,None,200.0,126,0
c0fc2d76a4531098e24d0f5b8c4941ff24241f1d,33698,Dani Demand - Need Your Love (Sharks Remix),Need Your Love,Avexus,Avexus,2023-06-24T18:20:18.453937Z,2023-06-24T18:18:06.898060Z,2023-07-08T04:33:06.941234Z,2023-07-08T04:32:59.280028Z,1,2023-06-28T13:23:25.951898Z,1,0,None,150.0,215,0
c15584eda9d87646ec657442b91b1170926ed1fb,27e38,Eliminate - BREAKSH!T,BREAKSH!T,Timeweaver,Timeweaver,2022-07-18T15:30:00.638154Z,2022-07-18T04:05:56.964323Z,2022-09-15T06:31:24.911172Z,2022-09-15T06:28:37.590902Z,1,2022-07-18T16:14:32.609513Z,1,0,None,150.0,218,0
c15ebaf3c3e4b620b65b0675fc92c0b1b566a390,3a4b4,[One Saber] Camellia - Rushiest Rush,Rushiest Rush,Blackjack,blackjack,2024-02-23T04:33:13.167125Z,2024-02-23T04:32:57.081197Z,2024-03-20T15:52:03.833717Z,2024-03-20T15:51:23.459401Z,1,,1,0,None,145.0,127,0
c1ad38b91d03388532febc509397ba9f2bb324d1,12cac,[Refugee Camp] Camellia - ///Under Construxion///,///Under Construxion///,Refugee Camp,refugeecamp,2021-01-16T17:34:00.361Z,2021-01-16T17:34:00.361Z,2021-01-16T17:34:00.361Z,2021-01-16T17:34:00.361Z,1,,1,1,None,315.0,282,0
c1cb957445c5bd92a8b4fef3a2f9b99a7f775c0f,1e199,Ofelia K - Cinco [Ranked],Cinco,Timbo,Timbo,2021-11-19T12:24:24.435777Z,2021-11-19T12:11:05.144441Z,2021-11-19T12:24:24.435777Z,2021-11-19T12:11:05.144441Z,1,2021-11-19T12:24:24.435777Z,1,1,None,125.0,244,0
c1feb4b11b788a108b63c55a59c8e1ec54c2a78d,1a2cd,[Ranked] Kobaryo - Fantasie-Celeritas,Fantasie-Celeritas,ComplexFrequency,complexfrequency,2021-07-11T19:41:48.802Z,2021-07-11T19:41:48.802Z,2021-07-11T19:41:48.802Z,2021-07-11T19:41:48.802Z,1,2021-07-11T19:41:48.802Z,1,1,None,350.0,178,0
c200ad858aff7c2ac0127616e3221497f5e82cf0,2812f,Halo Reach - Lone Wolf (2023 V3 update),Halo Reach - Lone Wolf,Sp234,Sp234,2022-07-22T19:00:06.683990Z,2022-07-22T18:58:18.957232Z,2023-03-03T07:46:57.341575Z,2023-03-03T07:46:18.830925Z,1,2022-07-22T19:03:22.349663Z,1,0,None,166.0,130,0
c201f9f119fd19cd3e8ac00446302fb5970dbcdc,1a862,Camellia - You Are F**king Noob!!!!,You Are F**king Noob!!!!,Shappy,shappy,2021-07-22T21:37:46.153Z,2021-07-22T21:37:46.153Z,2021-07-22T21:37:46.153Z,2021-07-22T21:37:46.153Z,1,,1,1,None,300.0,259,0
c21caa4dbdc45ce369f2c94d8646964d2113080d,1b1ba,Reol - Yoiyoi Kokon ,YoiYoi Kokon,Joshabi,Joshabi,2021-08-10T16:35:56.231167Z,2021-08-10T16:35:56.231167Z,2022-01-07T12:53:36.626358Z,2022-01-07T12:53:29.121784Z,1,2021-08-10T16:35:56.231167Z,1,1,None,150.0,259,0
c21dd1847cbed3463d867113843d33b1e2e34180,383f1,R O C K Y - 21st Century Humor But It's A Rave Song 2,21st Century Humor But It's A Rave Song 2,UglyApe & Blenderman,UglyApe,2023-12-22T20:58:29.972793Z,2023-12-22T20:22:48.542767Z,2024-02-20T21:24:26.260630Z,2024-02-20T21:23:55.472799Z,1,,1,0,None,200.0,80,0
c21febd0f9369e9bd7741a8a37688d8009e7e181,42a5c,[Chroma] Camellia - epitaxy,epitaxy,Darkrealm7,Darkrealm7,2024-12-25T12:27:44.112633Z,2024-12-25T12:27:28.078580Z,2025-02-13T17:57:49.917474Z,2025-02-13T17:57:31.766297Z,1,2024-12-29T07:35:54.451600Z,1,0,None,183.0,170,0
c26634237f0d18d9acc6c7ad490ac0fc9bad6c46,b366,[RANKED] F-777 - Star Gate,Star Gate,Fnyt,Fnyt,2020-06-17T13:00:30.773Z,2020-06-17T13:00:30.773Z,2020-06-17T13:00:30.773Z,2020-06-17T13:00:30.773Z,1,,1,1,None,135.0,149,0
c293096c7b76628f44b2582379df85821d0734ff,3b5a9,Flashback Flicker - t+pazolite,Flashback Flicker,BlAck_vOid-1001 & Darkrealm7,BlAck_vOid-1001,2024-03-30T21:07:13.957199Z,2024-03-30T21:06:49.210969Z,2024-06-20T03:59:49.891145Z,2024-06-20T03:59:40.416205Z,1,,1,0,None,338.0,148,0
c2a0a526cdcaf7835636b7ee63645d2916a94979,2a25b,"coltrane - zeke didn't ""invent dariacore"", i did","zeke didn't ""invent dariacore"", i did",Anammelech,anzu7,2022-09-22T01:22:05.298756Z,2022-09-22T01:20:23.502346Z,2022-09-29T01:12:08.649791Z,2022-09-29T01:12:04.370986Z,1,2022-12-30T02:46:13.363079Z,1,0,None,380.0,124,0
c2a5083f21b656ea2b5db5f689240c39774f8119,1f6b1,F-777 - Ludicrous Speed (Fvrwvrd's Deathcore Remix),Ludicrous Speed,"Helloiamdaan, cerret & Olaf",helloimdaan,2021-12-30T14:39:01.875632Z,2021-12-30T14:38:40.605266Z,2022-07-27T23:57:35.624483Z,2022-07-27T23:57:27.073599Z,1,,1,1,None,350.0,163,0
c2bd7217ca17f8fcb3f538939b94a729db003fcf,2193c,"Oha-Yo-del!!(ft. Hatsune Miku, Bakudan Poppy)",Oha-Yo-del!!,BigSlick,bigslick,2022-02-12T09:25:46.252519Z,2022-02-12T09:23:15.716265Z,2022-07-02T04:03:10.655653Z,2022-07-02T03:56:37.488961Z,1,,1,1,None,150.0,161,0
c2e6c5793c1c3d3d6304458c3d414b76cc37630b,27229,Conro - Thrill of It,Thrill of It,General Dumbass,GeneralDum,2022-06-26T11:32:16.392362Z,2022-06-26T11:29:54.942993Z,2022-06-26T11:32:16.392362Z,2022-06-26T11:29:54.942993Z,1,2023-04-19T20:58:03.814013Z,1,0,None,112.0,203,0
c34254ece9611937dca844bbe93e1b7e4dddbeb1,3db1f,[Fighting Game Pack] Drift - NAOKI & Ark System Works,Drift,"Serephor, Tpenny68",Serephor,2024-06-17T14:51:41.259563Z,2024-06-16T21:14:50.808197Z,2025-02-09T02:43:47.319234Z,2025-02-09T02:43:40.874491Z,1,,1,0,None,207.0,349,0
c342989ce2bae44a6c93341e77b8af29ea29df37,2e44c,[BL Ranked] MY FIRST STORY - 無告 (MUKOKU),MUKOKU,chikinbiskit,chikinbiskit,2023-01-16T05:39:03.483479Z,2023-01-16T05:38:10.401876Z,2023-01-16T05:39:03.483479Z,2023-01-16T05:38:10.401876Z,1,2023-01-19T17:02:13.477684Z,1,0,None,195.0,254,0
c3cfed196f96b161c0862ec387e0ee9241cd5b48,23596,Rhea - Novablast,Novablast,"Bitz, Cokeinjector, Luck & Sync",Bitz,2022-03-23T18:27:35.287869Z,2022-03-22T04:05:40.698270Z,2022-07-07T13:04:38.695471Z,2022-07-07T13:04:26.823242Z,1,2022-04-13T18:58:01.253164Z,1,1,None,250.0,174,0
c3edf58be6cc345996b89b951a2804fc07c100d2,35b17,Camellia - Final-Boss-Chan,Final-Boss-Chan,Darkrealm7,Darkrealm7,2023-09-16T17:12:09.918235Z,2023-09-16T17:11:46.328485Z,2023-11-04T02:36:08.831383Z,2023-11-04T02:36:05.182990Z,1,2023-11-08T18:44:26.622390Z,1,0,None,322.0,207,0
c3f499010e476796a2e6fc40b74e9be23ac3aa8c,1f94c,[RANKED] Archspire - Remote Tumour Seeker,Remote Tumour Seeker,ThySpoon,ThySpoon,2022-01-03T01:26:51.833570Z,2022-01-03T01:26:28.543748Z,2022-01-03T01:26:51.833570Z,2022-01-03T01:26:28.543748Z,1,,1,1,None,340.0,241,0
c423aabb9fdb13a22a0296aab3066355ce2be7cf,166cf,Electron - Wander Sound (feat. れにゃた),Wander Sound,XAce1337manX,XAce1337manX,2021-04-08T13:49:05.847Z,2021-04-08T13:49:05.847Z,2021-04-08T13:49:05.847Z,2021-04-08T13:49:05.847Z,1,2021-04-08T13:49:05.847Z,1,1,None,115.0,158,0
c42cec2c8a1c2921883ad36b9e61752cc8717fdc,22717,[RANKED] S3RL - Waifu,Waifu,fqrb,fqrb,2022-03-01T20:47:00.966902Z,2022-03-01T20:46:58.058981Z,2022-03-16T20:44:29.797445Z,2022-03-16T20:44:26.886625Z,1,2022-03-02T21:54:21.597146Z,1,1,None,175.0,206,0
c45af3e5af3351454f23c4b9eeff76a2d1d293f8,29c8b,MOB CHOIR - 99.9 (Schwank Bootleg),99.9,Soggynan & Anammelech,Soggynan,2022-09-10T20:49:52.356956Z,2022-09-10T20:49:27.505800Z,2022-09-10T20:49:52.356956Z,2022-09-10T20:49:27.505800Z,1,,1,0,None,250.0,127,0
c493df222ea9a86aee0fa0ab30495d1938f93144,4dd,Kevin Penkin - Those Everyday Feels,Those Everyday Feels,Bakuenjin,bakuenjin,2018-06-12T18:21:14Z,2018-06-12T18:21:14Z,2018-06-12T18:21:14Z,2018-06-12T18:21:14Z,1,,1,1,None,130.0,73,0
c4cb5d9c1ce17e88b0c171620f105ceb49badf90,3fd2b,Mimi - The Clock Strikes 12,The Clock Strikes 12,ZeCube,ZeCube,2024-08-27T16:55:26.975780Z,2024-08-27T16:52:11.743252Z,2024-11-29T21:57:03.531472Z,2024-11-29T21:56:55.767205Z,1,2024-09-07T20:12:31.012369Z,1,0,None,128.0,214,0
c4d4d2209de79dcce5bc30ae32eaa02c2b25c5b4,334e3,[360BPM] AQUAELIE - Black Apple || CS Level 4,Black Apple,Emilia,Emymap,2023-06-19T20:51:16.715986Z,2023-06-19T20:51:12.879573Z,2023-06-20T12:56:54.806654Z,2023-06-20T12:56:33.901953Z,1,,1,0,None,180.0,259,0
c4deaf980fba2b82c9be6a7b23e0d41ea97f8937,1f7cc,Will Wood and the Tapeworms - Mr. Capgras Encounters a Secondhand Vanity: Tulpamancer's Prosopagnosia / Pareidolia (As Direct Result of Trauma to Fusiform Gyrus),Mr. Capgras Encounters a Secondhand Vanity: Tulpamancer's Prosopagnosia / Pareidolia ,BrightKnight,brightknight,2022-01-01T01:49:09.044143Z,2022-01-01T01:48:36.798328Z,2022-01-01T01:49:09.044143Z,2022-01-01T01:48:36.798328Z,1,2022-01-01T01:49:09.044143Z,1,0,None,130.0,222,0
c4e19e72df7db23a0a91c286e3264e9021799d00,447b5,[VNJS] [GD Mash Pack] xi - Ascension to Heaven,Ascension to Heaven,PnfrlEnm,PnfrlEnm,2025-02-21T21:00:01.008943Z,2025-02-20T23:41:52.588762Z,2025-09-14T15:39:47.499581Z,2025-09-14T15:39:24.311975Z,1,,1,0,None,200.0,308,0
c51638801cf1257f4333e661d3eb0ee7801bc5f8,1cc2d,Higher Love - ALRT,Higher Love,xScaramouche,xScaramouche,2021-10-02T23:43:49.316147Z,2021-10-02T23:30:46.846250Z,2021-10-02T23:43:49.316147Z,2021-10-02T23:30:46.846250Z,1,2021-10-02T23:43:49.316147Z,1,1,None,160.0,200,0
c52b75536bb1174bd88232d3035374736c620354,15cb3,K/DA - I'LL SHOW YOU,I'LL SHOW YOU,Emilia,Emilia,2021-03-23T05:04:07.945Z,2021-03-23T05:04:07.945Z,2022-04-26T00:07:00.536501Z,2021-03-23T05:04:07.945Z,1,,1,1,None,216.0,201,0
c541050328f53add6293f86a04de2a17573be9a9,1c30e,seatrus - M A X I M U M B L A S T E R,M A X I M U M B L A S T E R,Helloiamdaan & Nolanimations,helloimdaan,2021-09-12T20:16:29.987320Z,2021-09-12T20:15:09.717344Z,2022-01-12T15:29:56.572906Z,2022-01-12T15:29:48.442577Z,1,,1,1,None,315.0,293,0
c54227d4dd7ad43efdf437d3b9b4c290fc98d247,1b6fc,[Ranked] Dr. Peacock - Sjeng Oan de Geng ,Sjeng Oan de Geng,Gordon Feetman & Shark,gordonfeetman,2021-08-19T22:24:55.851430Z,2021-08-19T22:15:29.492209Z,2022-01-12T21:06:57.256967Z,2022-01-12T21:06:42.943549Z,1,,1,1,None,200.0,112,0
c5e0a5fff7b1354d44c4b3213a2ed87665a2eb21,43785,xi - Blue Zenith,Blue Zenith,WDG_Blenderman,Blenderman,2025-01-20T20:39:45.269644Z,2025-01-20T20:39:36.427664Z,2025-01-26T14:35:43.270522Z,2025-01-26T14:35:38.453634Z,1,,1,0,None,200.0,255,0
c5e6d1c5dcb77b9492d7eca0808fc6261cfeb0ac,2d915,[BL RANKED] Trans-Siberian Orchestra - Christmas Eve/Sarajevo 12/24,Christmas Eve/Sarajevo 12/24,GalaxyMaster,GalaxyMaster,2023-01-01T06:20:52.704750Z,2023-01-01T06:08:12.371897Z,2023-01-01T06:20:52.704750Z,2023-01-01T06:20:11.527163Z,1,2023-01-01T22:14:37.626952Z,1,0,None,186.0,202,0
c60bd4ca608aab8aa5e16804e30bdfaf3298cbaa,12d22,Camellia - SECRET BOSS,SECRET BOSS,Nolanimations,Nolanimations,2021-01-17T11:59:45.022Z,2021-01-17T11:59:45.022Z,2021-01-17T11:59:45.022Z,2021-01-17T11:59:45.022Z,1,,1,1,None,220.0,274,0
c60c054beb25f8ccb031b8588d46fbbbca7b2bce,40ea7,Bancali & M7STIC - Feel It,Feel It,D7oomyAli & ImChloe,D7oomyAli,2024-10-14T22:23:56.391385Z,2024-10-14T22:23:29.150328Z,2025-10-15T15:50:54.631201Z,2025-10-15T15:50:41.586350Z,1,2024-10-19T07:30:56.162602Z,1,0,None,126.0,164,0
c63a94a86182e9de6af0500e8bb9c54729d4cc1a,25385,Camellia - TremENDouS,TremENDouS,Nolanimations,Nolanimations,2022-05-04T14:48:39.337874Z,2022-05-04T14:48:35.474085Z,2022-05-04T14:48:39.337874Z,2022-05-04T14:48:35.474085Z,1,2022-05-31T02:59:19.435239Z,1,1,None,250.0,445,0
c678f67c54e8258ac38d290a514aebe4745c3e35,338af,meganeko - Feral,Feral,"miitchel, Jabob & Hades",Jabob,2023-06-29T19:48:04.425405Z,2023-06-29T19:47:29.896783Z,2023-10-04T15:06:47.244823Z,2023-10-04T15:06:44.191274Z,1,2023-10-05T00:05:18.782429Z,1,1,None,160.0,269,0
c6b80ade344b636d2597cb36c6bc8f4110165778,1ac1a,Saint Punk - Empty Bed [Ranked],Empty Bed,Timbo,Timbo,2021-07-30T15:03:49.701Z,2021-07-30T15:03:49.701Z,2021-11-25T09:33:54.982530Z,2021-11-25T09:33:48.710006Z,1,2021-07-30T15:03:49.701Z,1,1,None,246.0,215,0
c6e1038a84cb5bb25a4ff849e81770db6106c3d5,12b53,MisoilePunch♪ - VVelcome!!,VVelcome!!,SieR,SieR,2021-01-14T07:32:24.088Z,2021-01-14T07:32:24.088Z,2021-01-14T07:32:24.088Z,2021-01-14T07:32:24.088Z,1,,1,1,None,265.0,123,0
c71bd9363bacacf679b201788bf182470a30b15f,33606,[BL Ranked] Zytrx - What We Lost (feat. Eleanor Forte),What We Lost,Alpha Cancri,AlphaCancri,2023-06-23T07:17:40.180273Z,2023-06-23T07:17:31.322050Z,2023-07-08T17:18:09.347461Z,2023-07-08T17:17:56.583360Z,1,2023-06-26T15:18:01.562151Z,1,0,None,240.0,220,0
c73978fbd4da71c765f0538d676a979535012d8a,1bb8d,[Ranked] Laur - Metamorphose,Metamorphose,Jabob,Jabob,2021-09-04T00:39:17.667209Z,2021-08-28T22:32:31.203534Z,2022-01-12T02:57:39.253296Z,2022-01-12T02:57:30.938547Z,1,,1,1,None,320.0,148,0
c7b9928b6d5fd2ae822b6d8ca077e81268f06be9,2b1d6,Sefa - Infinity,Infinity,D7oomyAli,D7oomyAli,2022-10-19T19:12:19.422212Z,2022-10-19T19:12:08.151644Z,2023-02-14T23:06:43.378869Z,2023-02-14T23:06:37.209978Z,1,,1,0,None,200.0,242,0
c7fe193dc891dc3c3012cc6482ab9e3fb5ab390d,2326b,Caster & Ironheart - Kingslayer,Kingslayer,Nolanimations & Sync,Nolanimations,2022-03-18T19:15:07.336164Z,2022-03-18T14:23:00.220737Z,2022-03-18T19:15:07.336164Z,2022-03-18T14:23:00.220737Z,1,2022-03-18T19:28:32.340317Z,1,0,None,150.0,238,0
c8110254445290483e1621a43e330babc4f2ebd9,3e96d,Wheels on the Bus,Wheels on the Bus,bobthezealot,bobthezealot,2024-07-19T00:24:53.308556Z,2024-07-19T00:24:29.449078Z,2024-08-15T04:05:05.040064Z,2024-08-15T04:04:59.440327Z,1,,1,0,None,125.0,101,0
c813c8ddcc4e831f4a175fde9f0d8b73952fc2bc,15836,"Camellia & DJ Genki - Feelin Sky (Camellia's ""200step"" Self-remix)",Feelin Sky,Depito & ExUnReal,depito,2021-03-16T16:54:00.301Z,2021-03-16T16:54:00.301Z,2021-03-16T16:54:00.301Z,2021-03-16T16:54:00.301Z,1,,1,1,None,200.0,377,0
c84a1a2a17b27dc3eca2bd7d3f03f1729ef0274a,26daf,Eliminate - Hot & Cold,Hot & Cold,Voidless,Voidless,2022-06-28T21:42:59.555245Z,2022-06-18T12:27:53.984982Z,2022-06-28T21:42:59.555245Z,2022-06-28T21:41:41.537886Z,1,,1,0,None,150.0,148,0
c8caf4917304c7881ecf0a2e9bb100c240a8a3db,23893,[BL Ranked] Camellia - ヒアソビ (Play With Fire),Play With Fire,chikinbiskit,chikinbiskit,2022-03-28T00:35:43.934367Z,2022-03-27T03:33:52.563972Z,2022-09-15T03:19:34.787328Z,2022-09-15T03:18:26.089635Z,1,2022-03-29T03:17:55.047756Z,1,0,None,134.0,245,0
c8fbb800bf323db7c6971264096ca0c8142d4328,1b341,[270-320BPM] Kurokotei - Galaxy Collapse (Short Edit) || CS Level 1,Galaxy Collapse,Emilia,Emilia,2021-08-12T17:16:19.246428Z,2021-08-12T17:16:19.246428Z,2023-05-26T18:33:13.637953Z,2023-05-26T18:33:08.923099Z,1,,1,0,None,270.0,268,0
c935c7e4e02f53420b15a91c07b7d2ff8f2e5cd7,3e1e0,Loffciamcore & TommY RuleZ - Poke Her Face (Loffciamcore Drum'N'Core Edit),Poke Her Face,Blenderman,Blenderman,2024-07-03T17:48:04.060038Z,2024-07-03T17:47:55.029911Z,2024-07-22T03:49:37.218787Z,2024-07-22T03:49:33.034924Z,1,,1,0,None,120.0,168,0
c942d55eea0cd73aa8f3508ef6ee4304b799c8ec,81ab,Stonebank - Who's Got Your Love,Who's Got Your Love,Teuflum,Teuflum,2020-01-26T12:30:16.990Z,2020-01-26T12:30:16.990Z,2020-01-26T12:30:16.990Z,2020-01-26T12:30:16.990Z,1,2020-01-26T12:30:16.990Z,1,1,None,170.0,206,0
c95142c3f8cdb0290c102add4fbe26a45090d6b8,19580,[Ranked] YUC'e - Chemical Cookie,Chemical Cookie,Cobayo,Cobayo,2021-06-19T23:43:12.093Z,2021-06-19T23:43:12.093Z,2021-06-19T23:43:12.093Z,2021-08-09T20:27:36.592504Z,1,2021-06-19T23:43:12.093Z,1,1,None,180.0,109,0
c96c548d818d8be0349826540955f95e3d224b1e,10792,3R2 - Mischievous Princess,Mischievous Princess,Kitoyo,kitoyodesu,2020-11-01T11:48:36.669Z,2020-11-01T11:48:36.669Z,2020-11-01T11:48:36.669Z,2020-11-01T11:48:36.669Z,1,,1,1,None,170.0,232,0
c9a196ad1eb7a88e26fbc69d8fc79f4276dd5a7e,13ae2,Anamanaguchi ft. Hatsune Miku - Miku,Miku,Nolanimations & Rusty,Nolanimations,2021-02-06T18:07:28.894Z,2021-02-06T18:07:28.894Z,2021-02-06T18:07:28.894Z,2021-02-06T18:07:28.894Z,1,,1,1,None,128.0,225,0
c9c15d3f3109a8f732b41b299ce84556bebf73ac,4adb,Deja Vu - Dave Rodgers (Initial D),Deja Vu (Short Ver.),Redmagi,redmagi,2019-05-05T18:37:01Z,2019-05-05T18:37:01Z,2019-05-05T18:37:01Z,2019-05-05T18:37:01Z,1,2019-05-05T18:37:01Z,1,1,None,154.0,105,0
c9c2e4a3838d3d363d054d076b451de4162fb8b9,19bdd,[RANKED] Icecore & Kou! - Powerful,Powerful,nolan121405,nolan121405,2021-06-30T04:01:00.060Z,2021-06-30T04:01:00.060Z,2021-10-02T21:40:59.227355Z,2021-10-02T21:40:33.207317Z,1,,1,1,None,220.0,288,0
c9f16943a4f3dbdeaafa27de0c10d3ff020aa232,32b80,打打だいず - World's end loneliness,World's end loneliness,Jojobanana,jojobanana,2023-05-29T13:07:03.412352Z,2023-05-29T13:05:52.297708Z,2023-07-08T20:53:49.001353Z,2023-07-08T20:53:41.348711Z,1,2023-05-30T02:12:43.805769Z,1,0,None,205.0,149,0
ca21fd52a461df1d93e4f0fef45200919404a8e5,40095,TZUYU - Run Away,Run Away,Lalahti,Lalahti,2024-09-06T18:30:24.916521Z,2024-09-06T18:19:46.177483Z,2025-01-06T03:09:47.636363Z,2025-01-06T03:09:06.588699Z,1,2024-11-11T17:07:59.931456Z,1,0,None,130.0,199,0
ca5a4806e4b8850069108234e9556b842d0e750d,3e122,Megurimeguru - I Don't Know Anything (feat. Dorothy),I Don't Know Anything,ZeCube,ZeCube,2024-07-01T14:02:59.301125Z,2024-07-01T13:53:45.354395Z,2024-10-17T08:51:02.542148Z,2024-10-17T08:50:53.371028Z,1,2024-09-01T05:36:56.226910Z,1,0,None,116.0,173,0
ca8c59e8dd196f841c3934d2bfbfa2ca43aead94,881,Hyadain no Kakata Katamoi-C (Nichijou OP1) - Hyadain,Hyadain no Kakata Katamoi-C,Todokete,todokete,2018-07-08T02:57:50Z,2018-07-08T02:57:50Z,2018-07-08T02:57:50Z,2018-07-08T02:57:50Z,1,,1,1,None,180.0,234,0
ca99c6acf711fed24dabdc535b8a38366d1795ae,18871,"[RANKED] ericdoa - movinglikeazombie (umru Remix) ft. SEBii, angelus, kmoe, Lewis Grant, savepoint, Tony Velour, emotegi, d0llywood1, 4kmirage",movinglikeazombie,nolan121405,nolan121405,2021-05-29T21:29:13.720Z,2021-05-29T21:29:13.720Z,2021-05-29T21:29:13.720Z,2021-08-09T18:02:58.788615Z,1,,1,1,None,198.23,466,0
caad877634e4f483caaf701d1d103ba8d692bd74,169b1,Succession - Dj Myosuke,Succession,Helloiamdaan & FatBeanzoop,helloimdaan,2021-04-12T22:16:35.577Z,2021-04-12T22:16:35.577Z,2021-04-12T22:16:35.577Z,2021-04-12T22:16:35.577Z,1,,1,1,None,340.0,168,0
cab8cc7fdcce43489dc65e275b8fcae7444715b1,fcfd,Toby Fox - Rude Buster (Camellia Remix),Rude Buster,"Xhera, Samuel & Rune",Xhera,2020-10-10T21:41:20.796Z,2020-10-10T21:41:20.796Z,2020-10-10T21:41:20.796Z,2020-10-10T21:41:20.796Z,1,,1,1,None,265.0,351,0
caefc569fbc0bf03fad841f0a3b543f34730bf06,38606,[BL Ranked] Kobaryo - SUPER EMULATOR [feat. HiTNEX-X],SUPER EMULATOR,1100ping_boi,1100ping_boi,2023-12-28T01:34:35.249101Z,2023-12-28T01:31:27.010468Z,2024-02-29T11:27:55.172287Z,2024-02-29T11:27:34.641290Z,1,,1,0,None,208.0,178,0
cb24ce05b6d0994586e2d4fbe999b304cf8f9d67,a54c,Galaxy Collapse - Kurokotei,Galaxy Collapse,Skeelie,Skeelie,2020-05-11T20:07:46.105Z,2020-05-11T20:07:46.105Z,2020-05-11T20:07:46.105Z,2020-05-11T20:07:46.105Z,1,2020-05-11T20:07:46.105Z,1,1,None,270.0,407,0
cb513119be7b8ba0b442b639b2c75ff94c3dccde,221e6,"[RANKED]DJ MYOSUKE - Killing Rhythm(Camellia's ""Khaotic Re-rhythmization"" Remix)",Killing Rhythm,Soba`s,Sobas,2022-02-23T12:06:05.459629Z,2022-02-23T12:05:47.803232Z,2022-02-26T15:24:33.899415Z,2022-02-26T15:23:10.090145Z,1,,1,1,None,249.0,252,0
cb583cf25d1623e0d1bb8a4aae9795db40e6bfef,10de,Mirror Night,Mirror Night,squeaksies,squeaksies,2018-08-20T10:51:16Z,2018-08-20T10:51:16Z,2018-08-20T10:51:16Z,2018-08-20T10:51:16Z,1,,1,1,None,85.0,153,0
cb6ec708159eecb131e6395e4fbe791381c57838,3a5af,"Abstruse Dilemma (""D"" side long ver.) - Ashrount vs. D-D-Dice",Abstruse Dilemma ,vOid vs. anzu,BlAck_vOid-1001,2024-02-25T01:04:44.289824Z,2024-02-25T01:03:32.975019Z,2024-06-22T01:54:59.905838Z,2024-06-22T01:54:53.575959Z,1,,1,0,None,216.0,281,0
cb71d4f077310e8575fd3a389c23d7ab1d162198,355e0,Birds of Plague (Ranked),Birds of Plague,Cratornugget,Cratornugget,2023-09-02T15:37:06.729546Z,2023-09-02T15:27:06.114545Z,2023-09-03T04:47:45.911197Z,2023-09-03T04:47:11.846683Z,1,,1,0,None,200.0,162,0
cbaf4cbf38dc65baaa11c60b2942a6e6fc39fb4f,397e3,[BeatLeader Ranked] USAO & Camellia - Möbius,Möbius,BlAck_vOid-1001,BlAck_vOid-1001,2024-01-31T02:30:56.693298Z,2024-01-31T02:30:21.094954Z,2024-02-19T04:50:53.445477Z,2024-02-19T04:50:50.287941Z,1,2024-02-15T05:29:56.613418Z,1,0,None,230.0,148,0
cbc9962d2f365e5708a4648aef5ad01e1da9f316,e68d,GOT7 - AURA ,AURA,simplymarvellous,simplymarvellous,2020-09-09T00:58:39.838Z,2020-09-09T00:58:39.838Z,2020-09-09T00:58:39.838Z,2020-09-09T00:58:39.838Z,1,,1,1,None,90.0,189,0
cbd884ae25108f7342f14d104a923c6641734a5c,26c74,[RANKED] Juggernaut. - Riot,Riot,Fnyt,Fnyt,2022-06-15T21:30:16.656631Z,2022-06-15T21:30:06.988418Z,2022-11-03T12:42:31.173072Z,2022-11-03T12:41:26.454025Z,1,2022-06-21T00:35:26.359401Z,1,1,None,200.0,134,0
cc0a109eec7b99327a9221e7189642c7d2021ac1,eb28,[Ranked] Holdin' On (Skrillex and Nero Remix) (Short Ver.) - I SEE MONSTAS,Holdin' On,Hoppaw,Hoppaw,2020-09-14T19:27:00.826Z,2020-09-14T19:27:00.826Z,2020-09-14T19:27:00.826Z,2020-09-14T19:27:00.826Z,1,2022-12-14T09:56:30.667293Z,1,1,None,174.0,140,0
cc169c94622560aa6eee49dab0985ced736c7eef,2b43a,[440BPM] t+pazolite - Saw-Saw. (Short Edit) || CS Level 8,Saw-Saw.,Emilia,Emymap,2022-10-23T12:44:46.912166Z,2022-10-23T12:44:44.644756Z,2022-10-24T05:12:04.329363Z,2022-10-24T05:11:43.173770Z,1,,1,0,None,220.0,156,0
cc296e41f99c0153ac3d2742e87347fa3521c9a9,45274,32ki - Mesmerizer (feat Hatsune Miku & Kasane Teto),Mesmerizer,Poochy,Poochy,2025-03-11T22:52:23.927374Z,2025-03-11T22:51:42.961962Z,2025-04-19T18:52:22.970002Z,2025-04-19T18:51:49.499715Z,1,2025-03-12T00:42:57.056526Z,1,0,None,185.0,159,0
cc9b48fd57f09f27fe014e09dd543d40034d7d32,b639,Sono Gunjou ga Itoshikatta Youdatta - n-buna feat. Kana Yaginuma,Sono Gunjou ga Itoshikatta Youdatta,Uninstaller,uninstaller,2020-06-26T04:54:41.685Z,2020-06-26T04:54:41.685Z,2020-06-26T04:54:41.685Z,2020-06-26T04:54:41.685Z,1,,1,1,None,220.0,163,0
cc9c5b250f5326d9387f113b1c5a93e613cf87cb,1e4ea,"Ori and the Blind Forest - Restoring the Light, Facing the Dark","Restoring The Light, Facing The Dark",Sp234,Sp234,2021-11-26T20:29:17.468269Z,2021-11-26T20:28:53.184599Z,2021-12-26T21:12:44.076651Z,2021-12-26T21:12:21.281227Z,1,2021-11-26T20:29:17.468269Z,1,1,None,159.985,82,0
ccd0882322ce18086923d927e67abe95ac745d16,1d2ef,Touhou - Night of Nights (RichaadEB Cover),Night of Nights,Joshabi & Aquaflee,Joshabi,2021-10-17T22:17:10.654294Z,2021-10-17T22:16:16.634488Z,2022-09-15T12:55:52.799875Z,2022-09-15T12:55:36.619712Z,1,,1,0,None,180.0,203,0
cd195b30d6606c2fbc57315a085c61649f56b687,12b3f,[Ranked] Ruby My Dear - Clinpf Eepfwoof,Clinpf Eepfwoof,Jabob,Jabob,2021-01-14T05:17:47.216Z,2021-01-14T05:17:47.216Z,2021-01-14T05:17:47.216Z,2021-01-14T05:17:47.216Z,1,,1,1,None,200.0,253,0
cd2e0a76a3d1882d268aadb47475807e9ec95dc4,26ecd,goreshit - toromi hearts 2,toromi hearts 2,shrado,shrado,2022-06-20T09:03:46.124916Z,2022-06-20T09:03:28.152343Z,2022-06-20T09:03:46.124916Z,2022-06-20T09:03:28.152343Z,1,,1,0,None,219.0,213,0
cd401aee2dbcc97cb91f77ad0a852e9e62272e52,ca03,Günther & The Sunshine Girls - Ding Dong Song,Ding Dong Song,Teuflum,Teuflum,2020-07-29T16:21:20.551Z,2020-07-29T16:21:20.551Z,2020-07-29T16:21:20.551Z,2020-07-29T16:21:20.551Z,1,2020-07-29T16:21:20.551Z,1,1,None,132.0,244,0
cd72c9b0af9ebe8ec932b00911db49e51596cb09,3697a,Camellia - Following the Waving Wings -Last Plaudits-,Following the Waving Wings -Last Plaudits-,GojiCrafter,GojiCrafter,2023-10-21T17:54:16.417872Z,2023-10-21T17:53:51.313981Z,2023-11-18T17:22:13.250543Z,2023-11-18T17:22:08.362893Z,1,,1,0,None,255.0,280,0
cd8960dba038d58784817b3c55d90863fa08ada9,18958,USAO - You & DIE [Ranked],You & DIE,Timbo & eZconfirmed,Timbo,2021-05-31T14:02:15.983Z,2021-05-31T14:02:15.983Z,2021-05-31T14:02:15.983Z,2021-05-31T14:02:15.983Z,1,2021-05-31T14:02:15.983Z,1,1,None,210.0,252,0
cda39f3481160381557b563994573d2e6c4e68c5,23f6f,Ice Path,Ice Path,Fatigue,fatigue,2022-04-05T15:08:02.442309Z,2022-04-05T15:05:49.794971Z,2023-10-07T02:42:20.954393Z,2023-10-07T02:41:53.328765Z,1,,1,0,None,200.0,300,0
cda84787d04a46335a5cc6c986df999b3eb492de,1d709,Uesaka Sumire - Easy Love,EASY LOVE,That_Narwhal,Narwall,2021-10-28T16:19:51.885138Z,2021-10-28T16:19:44.001399Z,2021-10-28T16:19:51.885138Z,2021-10-28T16:19:44.001399Z,1,2021-10-28T16:19:51.885138Z,1,1,None,188.0,91,0
cda9f371d927e69b219d1603c53cc4661a87c926,3ca3,Stereo Future - BiSH,Stereo Future (TV Size),squeaksies,squeaksies,2019-03-08T22:48:55Z,2019-03-08T22:48:55Z,2019-03-08T22:48:55Z,2019-03-08T22:48:55Z,1,2019-03-08T22:48:55Z,1,1,None,174.0,90,0
cdfd021ad5b147767b9d86bfca645ee9468c1737,49cac,Teminite x Boom Kitty x Waterflame - Slash Inferno,Slash Inferno,D7oomyAli x Undeceiver x LunarByte,Undeceiver,2025-08-23T19:23:24.149160Z,2025-08-23T19:02:31.512473Z,2026-02-10T14:04:01.549602Z,2026-02-10T14:03:52.089098Z,1,2025-08-24T07:37:32.816447Z,1,0,None,158.0,233,0
ce46ff5cc7ce321e58a289ecce37e6c2868912fc,21c09,(BL Ranked ) Yonaka - Raging Stream,Raging Stream,Cat Using A Toaster,Acubens,2022-02-15T23:10:52.210677Z,2022-02-15T23:10:34.781298Z,2022-05-20T15:23:58.133050Z,2022-05-20T15:23:50.915865Z,1,,1,0,None,220.0,161,0
ce72041935118a3271971239d59d6dfe5deddd41,d61,Golden Hour - Electric Swing Circus,Golden Hour,squeaksies,squeaksies,2018-08-02T09:36:17Z,2018-08-02T09:36:17Z,2018-08-02T09:36:17Z,2018-08-02T09:36:17Z,1,2018-08-02T09:36:17Z,1,1,None,186.0,171,0
ced336600c97251598830fd892705a9353a68f12,427e6,Yuzuki Choco - Nobody's Christmas!,Nobody's Christmas!,Poochy & azu,Poochy,2024-12-20T00:06:08.571077Z,2024-12-19T16:00:03.553088Z,2025-08-18T21:10:28.769482Z,2025-08-18T21:09:53.467438Z,1,2024-12-20T12:09:04.193837Z,1,1,None,140.0,216,0
cf484cf057414606d273b8e61ab56258f93a77fe,1d0cb,[RANKED] OISHII - ONIGIRI FREEWAY,ONIGIRI FREEWAY,Fnyt,Fnyt,2021-10-12T22:13:38.800059Z,2021-10-12T22:11:54.176421Z,2022-03-29T18:07:35.933976Z,2022-03-29T18:07:04.337279Z,1,2022-04-16T17:46:12.318877Z,1,1,None,210.0,174,0
cfca2fe00bcc418dc9ecf64d92fc01ceec52c375,3036,nameless - Milk Crown on Sonnetica,Milk Crown on Sonnetica,Hexagonial,hexagonial,2019-01-22T23:45:58Z,2019-01-22T23:45:58Z,2019-01-22T23:45:58Z,2019-01-22T23:45:58Z,1,,1,1,None,254.92,216,0
cfcc48a3fa60b81b2c7678d443df9e2e4f8ad5a1,9afa,Igorrr & Ruby My Dear - Figue Folle,Figue Folle,Vilawes,vilawes,2020-04-14T19:14:25.088Z,2020-04-14T19:14:25.088Z,2020-04-14T19:14:25.088Z,2020-04-14T19:14:25.088Z,1,,1,1,None,188.0,224,0
d019d140f973a2c106c1998892772805ffdd0482,42282,[Arc Spam] Enna Alouette x PrettyPatterns - Birds of Time,Birds of Time,The Lunar Carver,TheLunarCarver,2024-12-06T06:47:25.459108Z,2024-12-06T06:34:57.264252Z,2024-12-28T21:36:45.414088Z,2024-12-28T21:36:39.680026Z,1,2025-03-11T17:51:14.139620Z,1,0,None,80.0,170,0
d01bea2d41e431af205393795a71740b7c188d4d,f59b,白い雪のプリンセスは (The Snow White Princess is),The Snow White Princess is,Mystikmol & endcredits,mystikmol,2020-09-30T07:04:24.159Z,2020-09-30T07:04:24.159Z,2020-09-30T07:04:24.159Z,2020-09-30T07:04:24.159Z,1,,1,1,None,200.0,133,0
d01cef83cc9c8b8eea82ddd98ee2ce6b24bfdb03,132d6,VANDALIZED AI - Kobaryo,VANDALIZED AI,Ramen Noodle,xScaramouche,2021-01-26T01:14:11.224Z,2021-01-26T01:14:11.224Z,2021-01-26T01:14:11.224Z,2021-01-26T01:14:11.224Z,1,,1,1,None,321.0,236,0
d03257e1541d4e6381acca614dca5225d62fa1e4,1665,Two-Faced Lovers Feat. Hatsune Miku - Wowaka,Two-Faced Lovers feat. Miku,Todokete,todokete,2018-09-21T20:38:33Z,2018-09-21T20:38:33Z,2018-09-21T20:38:33Z,2018-09-21T20:38:33Z,1,,1,1,None,318.0,188,0
d038303cc8d24a848092eecb153c76ce79677d76,343ef,[BL Ranked] Synthion - VIVIDVELOCITY (ToonTubers Remix),VIVIDVELOCITY,Alpha Cancri,AlphaCancri,2023-07-20T22:36:18.347348Z,2023-07-20T22:36:14.332201Z,2023-09-30T22:22:57.934488Z,2023-09-30T22:22:32.416629Z,1,,1,0,None,256.0,351,0
d064a4c074b5abf9af4f6c39898ae9e80211ae61,4bc4e,Camellia - I Can Fly In The Universe,I Can Fly In The Universe,edgii,edgiiiiiiiii,2025-11-02T06:29:13.645378Z,2025-11-02T06:28:58.773586Z,2026-06-22T21:03:23.554931Z,2026-06-22T21:03:16.235107Z,1,,1,0,None,175.0,414,0
d06a8564708c3acef7fb889a194614f176236e4c,15b1,Varien - Blood Hunter,Blood Hunter,Rustic,rustic,2018-09-18T20:23:07Z,2018-09-18T20:23:07Z,2018-09-18T20:23:07Z,2018-09-18T20:23:07Z,1,2018-09-18T20:23:07Z,1,1,None,180.0,185,0
d06bd638a1bbdbb907e4fe5ffa0f5e027e524c37,2777c,La+ Darknesss - Aien-Jihen,Aien-Jihen,Gabriel & take_nyan,Gabriel,2022-07-14T14:40:50.708167Z,2022-07-06T03:34:55.806576Z,2022-07-14T15:09:37.696780Z,2022-07-14T15:09:17.136023Z,1,2022-07-24T05:11:41.883935Z,1,1,None,130.0,223,0
d095a774ca0206b4f54cb3839f280ebf85ad1769,2c673,Giga & KIRA - GETCHA! ,GETCHA!,namaki_mono & gmiz92,namaki,2022-11-27T04:32:19.759621Z,2022-11-27T04:20:18.612669Z,2022-11-27T04:32:19.759621Z,2022-11-27T04:20:18.612669Z,1,2022-11-27T05:04:55.513562Z,1,0,None,132.0,231,0
d0b80c6f3b072791779d39a2bc637719b6e99250,243f,Bomb Rush Blush Remix [Smash Bros Map Pack],Bomb Rush Blush (Smash Ultimate Mix),Todokete,todokete,2018-12-07T00:16:16Z,2018-12-07T00:16:16Z,2018-12-07T00:16:16Z,2018-12-07T00:16:16Z,1,,1,1,None,175.0,81,0
d112173d950ad96b0903bc085a9c07cdcfac7f29,d4b8,You Are Mine ft Kayliana - S3RL,You Are Mine,Ramen Noodle,xScaramouche,2020-08-12T20:41:39.026Z,2020-08-12T20:41:39.026Z,2020-08-12T20:41:39.026Z,2020-08-12T20:41:39.026Z,1,,1,1,None,175.0,192,0
d12a468ba97792113bb42515ab919c6aa5c79019,285e8,Shut Up And Dance - Walk The Moon,Shut Up And Dance,"Syndicate, OneSpookyBoi, TheCzar1994",Syndicate,2022-08-02T02:12:55.709237Z,2022-08-02T02:12:46.170924Z,2022-10-24T02:30:48.906259Z,2022-10-24T02:30:19.303400Z,1,2022-08-02T03:37:13.741130Z,1,0,None,128.0,201,0
d13e00aef1bcb92297b336c04a3b7aa2c7e855b6,2e09f,Supire - Borderline Of The Moon,Borderline Of The Moon,take_nyan,take_nyan,2023-01-11T10:18:18.077641Z,2023-01-11T09:23:16.091041Z,2023-05-26T14:57:03.226725Z,2023-05-26T14:53:54.992029Z,1,2023-06-27T00:03:49.151633Z,1,0,None,200.0,332,0
d156edbee8d54de4748dd2f8246b807e7e79660e,3c8d6,"[BL RANKED] Kizuna AI - Hello, Morning (Assertive Hardcore Bootleg)","Hello, Morning",Classicstar,Classicstar,2024-05-10T10:08:04.899293Z,2024-05-10T10:07:38.344985Z,2024-09-17T13:13:15.713860Z,2024-09-17T13:13:03.894117Z,1,,1,0,None,170.0,234,0
d17181e450e77531d972fc198c90f19f1bbd03d1,13810,Camellia - Tera I/O,Tera I/O,cerret,cerret,2021-02-02T04:21:59.456Z,2021-02-02T04:21:59.456Z,2021-02-02T04:21:59.456Z,2021-02-02T04:21:59.456Z,1,,1,1,None,200.0,337,0
d1f22de9543ff958c4b62d1ac152477492ab9584,23f2e,Papa Roach - Cut The Line,Cut The Line,Bytrius,Bytrius,2022-04-07T00:29:09.080354Z,2022-04-05T04:40:14.743288Z,2022-04-07T02:02:35.480089Z,2022-04-07T02:02:30.621312Z,1,2022-04-08T11:33:50.711019Z,1,0,None,140.0,211,0
d1f62a2cc48925b51c0eafc9b7c813573e7cfada,167ef,[Ranked] Massive New Krew - Memento Mori (Extended Ver.),Memento Mori,abcbadq,abcbadq,2021-04-10T02:49:45.604Z,2021-04-10T02:49:45.604Z,2023-06-06T14:25:49.631284Z,2021-04-10T02:49:45.604Z,1,,1,1,None,220.0,193,0
d21ebb5b57c4ce391f18880f9c8ac953ffaf02ae,46395,Noisia - Into Dust (Short Edit),Into Dust,Undeceiver & The_Editor,Undeceiver,2025-04-18T16:28:29.368090Z,2025-04-17T20:46:54.738328Z,2025-10-18T23:27:54.142562Z,2025-10-18T23:27:22.245569Z,1,2025-04-22T04:59:48.786348Z,1,0,None,172.0,218,0
d24e4d957b0c756233e4db912a478a47682ccdb7,26399,Archspire - Reverie on the Onyx,Reverie on the Onyx,ThySpoon,ThySpoon,2022-05-31T03:46:30.277352Z,2022-05-31T03:46:18.942598Z,2022-05-31T03:46:30.277352Z,2022-05-31T03:46:18.942598Z,1,2022-05-31T07:23:31.142919Z,1,0,None,370.0,228,0
d2672c7a840aba695c6d4d5a177bc00cfef64300,9ab2,MY FIRST STORY - REVIVER,REVIVER,CoolingCloset & LompL Allimath,CoolingCloset,2020-04-13T20:30:06.965Z,2020-04-13T20:30:06.965Z,2020-04-13T20:30:06.965Z,2020-04-13T20:30:06.965Z,1,,1,1,None,200.0,291,0
d2691a9bfeabf796fe592f5c308ceb265f7f87ad,1989b,[RANKED] PSYQUI - Illuyanka,Illuyanka,nolan121405,nolan121405,2021-06-25T01:01:30.337Z,2021-06-25T01:01:30.337Z,2021-11-21T16:03:47.649620Z,2021-11-06T01:31:36.682499Z,1,,1,1,None,244.0,136,0
d30db93f2c3c5a152b84ca364a691ef10c4efdb9,16894,Joe Hisaishi - Merry-Go-Round (from 'Howl's Moving Castle'),Merry-Go-Round,Zelazowa,Zelazowa,2021-04-11T02:32:37.687Z,2021-04-11T02:32:37.687Z,2021-04-11T02:32:37.687Z,2021-04-11T02:32:37.687Z,1,2021-04-11T02:32:37.687Z,1,1,None,160.0,312,0
d3710d6b33f9ee9dd7f0d46aadc68630671c37ed,293dd,gladde paling - ochtendbloem,ochtendbloem,unluckyL,unluckyL,2022-08-26T09:31:32.467500Z,2022-08-26T09:31:28.036665Z,2022-09-18T11:37:10.657264Z,2022-09-18T11:36:34.061580Z,1,,1,0,None,180.0,91,0
d401931f94f9d8dcbe9e5d67e65a246413ed4ebe,44d9e,[Fitbeat SALVATION Pack] Rebecca Black - TRUST!,TRUST!,Bellus,Bellus,2025-03-02T15:11:50.824750Z,2025-03-02T15:07:11.081825Z,2025-10-28T22:47:31.169220Z,2025-10-28T22:47:21.159598Z,1,2025-03-03T18:19:53.292650Z,1,0,None,124.0,175,0
d44de2eebd64f3cfa70c024fabb042bf73a43f41,ca30,The Beast (PhaseOne Remix) - Zomboy,The Beast,Ramen Noodle,xScaramouche,2020-07-29T20:30:14.573Z,2020-07-29T20:30:14.573Z,2020-07-29T20:30:14.573Z,2020-07-29T20:30:14.573Z,1,2020-07-29T20:30:14.573Z,1,1,None,150.0,219,0
d48dc95540e10d6cf02cc813fe8bbfba6d6a35b8,42148,[RANKED] Camellia (かめりあ) - Rushiest Rush,Rushiest Rush,3psilon9,3psilon9,2024-12-03T02:13:46.164152Z,2024-12-02T23:40:26.512865Z,2025-01-24T04:36:25.860229Z,2025-01-24T04:35:34.525854Z,1,2025-02-14T05:39:06.966597Z,1,0,None,145.0,127,0
d4a3d1e85cac8b6a0d3931f64e2454b301915c25,4685e,[BL RANKED] TAK x Corbin (NEWTYPE) - Tic! Tac! Toe!,Tic! Tac! Toe!,GalaxyMaster,GalaxyMaster,2025-04-30T14:55:12.763343Z,2025-04-30T14:46:28.101209Z,2025-10-30T23:10:16.380244Z,2025-10-30T23:10:07.408136Z,1,2025-08-07T06:52:22.841127Z,1,0,None,126.0,137,0
d4cedb0fc434789f3a88994cbf20d8389f891fcc,f0cc,Intro -U.R.U.K.TOO.- t+pazolite,Intro -U.R.U.K.TOO.-,scoop__,scoop,2020-09-23T13:35:50.355Z,2020-09-23T13:35:50.355Z,2020-09-23T13:35:50.355Z,2020-09-23T13:35:50.355Z,1,,1,1,None,170.0,74,0
d52e5a2e6612485e2256f9aa12c296e05621379c,1a685,[RANKED] Srav3R vs Getty - DUAL BREAKER XX ,DUAL BREAKER XX,ThySpoon & ThyYeet,ThySpoon,2021-07-18T22:09:33.234Z,2021-07-18T22:09:33.234Z,2021-07-18T22:09:33.234Z,2021-07-18T22:09:33.234Z,1,,1,1,None,200.0,144,0
d56898547d40bafdf348492376f68c084674f118,744,EC1 - Slips & Slurs - Haunted,EC1-Haunted,Rustic,rustic,2018-06-30T18:18:33Z,2018-06-30T18:18:33Z,2018-06-30T18:18:33Z,2018-06-30T18:18:33Z,1,2018-06-30T18:18:33Z,1,1,None,160.0,217,0
d584d6ca7147c72e5507f92e25d9bc0cb028f002,3b283,Camellia - Dance with Silence,Dance with Silence,"Serephor, DesperateWoman",Serephor,2024-03-24T22:00:00.911075Z,2024-03-24T02:45:38.011715Z,2024-04-19T17:58:37.508481Z,2024-04-19T17:57:35.129751Z,1,2024-03-29T19:16:56.123726Z,1,0,None,128.0,290,0
d58859d26e8faa6a52f05fccb640827b69345f8f,3d395,(BL Ranked) Onimai Sisters - Himegoto * Crisisters (Imaginary Reality Remix),Himegoto * Crisisters,Alpha Cancri,AlphaCancri,2024-06-02T18:34:17.042361Z,2024-06-02T18:34:13.260950Z,2024-11-25T21:44:47.617801Z,2024-11-25T21:44:44.899710Z,1,,1,0,None,242.0,134,0
d5c239ec62143add0053857b78165fd6e4b387f3,12151,"Chirality (""Dissymmetric"" Long ver.)[R]",Chirality,That_Narwhal,Narwall,2020-12-27T07:22:21.186Z,2020-12-27T07:22:21.186Z,2020-12-27T07:22:21.186Z,2020-12-27T07:22:21.186Z,1,,1,1,None,201.0,260,0
d5ebc9c4e38a700ab971c6256ae3a175c63b5b1d,2ceac,[Ranked] 445-38B - G e n g a o z o - f o o n,G e n g a o z o - f o o n,ComplexFrequency,complexfrequency,2022-12-12T15:16:12.039256Z,2022-12-12T15:15:26.775359Z,2023-05-26T00:25:44.369972Z,2023-05-26T00:25:37.054525Z,1,2023-05-24T02:04:47.585472Z,1,1,None,306.0,183,0
d60ca1e3b6175d57dac7463d532989f83c257efb,27d8,Aitsuki Nakuru - Monochrome Butterfly,Monochrome Butterfly,fraies,fraies,2018-12-24T18:45:01Z,2018-12-24T18:45:01Z,2018-12-24T18:45:01Z,2018-12-24T18:45:01Z,1,,1,1,None,175.0,91,0
d65da24fe4adc033e4a5e43a83d2d7c6d388d3f4,ad9b,Ruins - Lord Of The Lost,Ruins,Rexxz,Rexxz,2020-06-02T20:19:43.031Z,2020-06-02T20:19:43.031Z,2020-06-02T20:19:43.031Z,2020-06-02T20:19:43.031Z,1,2020-06-02T20:19:43.031Z,1,1,None,166.0,355,0
d6b49b0f8483dc0e660b8927b9ea240f2b4af897,1a46a,glaive - dnd [DANCE MAP],dnd,harbgy,harbgy,2021-07-14T17:59:55.375Z,2021-07-14T17:59:55.375Z,2021-07-14T17:59:55.375Z,2021-07-14T17:59:55.375Z,1,,1,1,None,154.683,140,0
d7174fd8aa1c94f915d272f9172ea3f42e454643,13757,FLügeL《Λrp:ΣggyØ》- SDVX,Flugel Arpeggio,Kuurama,kuurama_,2021-01-31T22:03:14.982Z,2021-01-31T22:03:14.982Z,2021-01-31T22:03:14.982Z,2021-01-31T22:03:14.982Z,1,,1,1,None,240.0,124,0
d737da56c4fc032a5fc4791558a731b6968f399b,28043,{Chroma} REAPER - HEADHUNTER,HEADHUNTER,Swifter,Swifter,2022-07-21T00:43:52.441322Z,2022-07-21T00:42:07.070904Z,2022-07-21T00:43:52.441322Z,2022-07-21T00:42:07.070904Z,1,,1,0,None,174.0,182,0
d74580054a2cc8215947567c0b3721bb3663079e,15ac0,[Ranked] NIGHTkilla - Nine Circles,Nine Circles,Jabob & lobster,Jabob,2021-03-20T18:44:46.391Z,2021-03-20T18:44:46.391Z,2021-03-20T18:44:46.391Z,2021-03-20T18:44:46.391Z,1,,1,1,None,174.0,203,0
d74dae6e94ce55e0c20a6a09ed25f8f05e3bc243,45a94,Linkin Park - Up From The Bottom,Up From The Bottom,Loloppe,loloppe,2025-03-29T00:52:26.823742Z,2025-03-29T00:52:09.957999Z,2025-04-24T21:10:02.472711Z,2025-04-24T21:09:38.824533Z,1,2025-03-29T02:07:36.195432Z,1,0,None,214.0,184,0
d77ea7e94da2835091f1dd5c3e44f7242d349530,3bb99,Stellar - Masquerade,Masquerade,realtasty,realtasty,2024-04-12T19:00:09.641012Z,2024-04-12T19:00:05.870943Z,2024-06-05T17:52:39.011521Z,2024-06-05T17:52:34.359504Z,1,,1,0,None,180.0,138,0
d7bad32f9a1d0254eea355b5070a13e29bccde3e,38670,Nantoka-P - Francium (Nanahira Cover),Francium,Loloppe,loloppe,2023-12-28T20:23:31.524983Z,2023-12-28T20:23:12.745015Z,2024-03-22T03:04:16.742995Z,2024-03-22T03:04:07.210018Z,1,,1,0,None,180.0,177,0
d7d1c76f5f74510d4e70b51a105d2bebe194befd,9e5c,Camellia - We Could Get More Machinegun Psystyle! (And More Genre Switches),We Could Get More Machinegun Psystyle! (And More Genre Switches),DE125,straubreyyy,2020-04-23T20:59:35.889Z,2020-04-23T20:59:35.889Z,2020-04-23T20:59:35.889Z,2020-04-23T20:59:35.889Z,1,,1,1,None,160.0,328,0
d7d24c7af3085d8e2c0b16fde9150ddf02895ad2,277b7,gladde paling - een auto,een auto,WalkingKat,WalkingKat,2022-07-06T16:35:47.523487Z,2022-07-06T16:35:34.273816Z,2022-07-06T16:35:47.523487Z,2022-07-06T16:35:34.273816Z,1,,1,0,None,179.99,108,0
d7eeb7b0c27ebec33616ab14bfe44322dd3b4eff,484bb,[RANKED] Yooh - Big Foot,Big Foot,tecmonke,tecmonke,2025-07-05T03:49:57.732163Z,2025-07-05T03:49:37.952125Z,2025-10-24T20:40:20.213701Z,2025-10-24T20:40:14.857921Z,1,,1,0,None,190.0,130,0
d7f83742f030876642ed9986aa65fb2fdeebc5e1,28cea,Death - Starfaux & Æther Realm,Death (Remix),TG90,TG90,2022-08-12T02:31:41.167822Z,2022-08-12T02:31:26.025697Z,2022-09-13T03:23:37.895747Z,2022-09-12T23:50:31.847183Z,1,,1,0,None,102.0,212,0
d851abce1c91e37fda939c804ed77fe3decb9fa2,1aee8,P*Light - I Want You,I Want You,shrado & nolan121405,shrado,2021-08-05T22:50:27.050836Z,2021-08-05T22:50:27.050836Z,2021-08-05T22:50:27.050836Z,2021-08-16T17:39:02.014577Z,1,2022-05-03T07:21:51.427981Z,1,1,None,150.0,255,0
d865bfb1a202945a8b498b60dc5cc93ae8cc4f63,32c29,Future Candy - YUC'e,Future Candy,Remie,remie,2023-05-31T05:53:21.532698Z,2023-05-31T05:51:39.004749Z,2023-06-26T00:45:35.056509Z,2023-06-26T00:45:26.973985Z,1,2023-06-21T15:11:36.818419Z,1,0,None,180.0,213,0
d87a5f9bcea19e7dd1a4956ac7e1797aa6df4c92,387a0,Camellia - #1f1e33 (Ultimate Long Version),#1f1e33,A Jhintleman,a-jhintleman,2023-12-31T21:26:56.458789Z,2023-12-31T21:26:34.036037Z,2024-04-17T01:01:12.016608Z,2024-04-17T01:01:06.694450Z,1,2024-04-20T00:58:28.884050Z,1,0,None,181.0,545,0
d8ad12da2ed00d9ef39a4c1028967c74b6902f3c,3f72d,UNIS - Curious,Curious,"Danny, Lalahti",Danny.,2024-08-12T20:41:59.548598Z,2024-08-12T20:40:19.339449Z,2025-04-12T15:56:16.051729Z,2025-04-12T15:56:10.776147Z,1,2024-08-14T22:01:14.592220Z,1,0,None,130.0,193,0
d8c789d89fd5afdfea86ea11c70fb469205c01ea,246d9,Mo Falk - Nutella,Nutella,AntiLink,AntiLink,2022-04-15T21:44:57.217182Z,2022-04-15T21:43:44.796477Z,2022-04-15T21:44:57.217182Z,2022-04-15T21:43:44.796477Z,1,2022-04-16T09:47:24.555065Z,1,0,None,252.0,147,0
d8dd50cbad5454f476def6cd1bc54fd6423ab9a7,3730d,Soupandreas & inverness - Hours [Monstercat Release],Hours,Darkrealm7,Darkrealm7,2023-11-14T14:44:04.106112Z,2023-11-14T14:43:47.231147Z,2023-11-16T16:48:27.676910Z,2023-11-16T16:48:24.027411Z,1,2023-11-21T18:46:13.668389Z,1,0,None,156.0,183,0
d8e8ed7e0661baad0c0e53f9720d557456e365de,5b2e,DETRO - volcanic,volcanic,Souk & Hexagonial,Soukky,2019-08-07T19:13:44.471Z,2019-08-07T19:13:44.471Z,2019-08-07T19:13:44.471Z,2019-08-07T19:13:44.471Z,1,,1,1,None,191.0,135,0
d93df28d3afd102f9559ed46c781f91404e7450c,29873,[KIRP] Kobaryo - Biscuits Have Arrived In The Aquarium,Biscuits Have Arrived In The Aquarium,shrado,shrado,2022-09-02T16:26:50.412980Z,2022-09-02T16:26:17.705778Z,2022-09-02T16:29:09.950501Z,2022-09-02T16:29:02.302242Z,1,,1,0,None,144.0,362,0
d9445f7d3dc8ccba8a5f4f5c197524b5078d1b77,1d5d4,Camellia - Kisaragi,Kisaragi,Nolanimations,Nolanimations,2021-10-25T19:28:46.862170Z,2021-10-25T19:28:40.817862Z,2021-10-25T19:28:46.862170Z,2021-10-25T19:28:40.817862Z,1,,1,1,None,230.0,356,0
d96cbc9e499c3f3e9b495d21019706a50a7f25db,aed7,Khenab - Temple Of Sound,Temple Of Sound,Khenab,khenab,2020-06-05T20:30:44.890Z,2020-06-05T20:30:44.890Z,2020-06-05T20:30:44.890Z,2020-06-05T20:30:44.890Z,1,,1,1,None,190.0,165,0
d96d1416f737a9558a333e7665fcddaf856a1eb4,18d25,"Grant, Nevve - The Edge",The Edge,ItsVasili & TG90,Vasilidesu,2021-06-05T17:46:41.873Z,2021-06-05T17:46:41.873Z,2021-06-05T17:46:41.873Z,2021-06-05T17:46:41.873Z,1,2021-06-05T17:46:41.873Z,1,0,None,156.0,194,0
d971e0573d55f0758dbdf983cc88a9dd335d0861,17192,[Ranked] Helblinde - The Solace of Oblivion,The Solace of Oblivion,abcbadq & shad,abcbadq,2021-04-24T01:49:38.632Z,2021-04-24T01:49:38.632Z,2023-06-06T14:25:45.833269Z,2021-04-24T01:49:38.632Z,1,,1,1,None,195.0,346,0
d99db4c1d15d7ed66e3d5b6fb803116e76d2a937,290c9,"Camellia - Superluminal Absolutely EXTRA-TONE-ordinary ""Bumpy Ride"" (Shredding Whole Your Belonging Space-Time System At The Speed of 1,600 Times the C_0)",Superluminal Absolutely EXTRA-TONE-ordinary,cerret,cerret,2022-08-20T01:57:15.368504Z,2022-08-20T01:57:08.029265Z,2022-08-20T01:57:15.368504Z,2022-08-20T01:57:08.029265Z,1,2022-09-05T06:40:52.967759Z,1,0,None,400.0,282,0
d9aad56e8293c78ef35022d892769b11a462de11,3a539,JVKE - this is what space feels like [Chroma & V3],this is what space feels like,ben,bberg,2024-02-24T01:15:52.725277Z,2024-02-24T01:15:43.458784Z,2025-02-13T23:03:00.467364Z,2025-02-13T23:02:53.141Z,1,,1,0,None,146.0,187,0
d9ad064bc72fe0e47d9729f3884f1f8e797a7e05,33424,"Koiwai Kotori, Murakawa Rie, Sakura Ayane, Asumi Kana - Okaeri (Imaginary Reality Remix)",Okaeri,Anammelech,anzu7,2023-06-17T18:41:40.880175Z,2023-06-17T18:41:36.888279Z,2023-06-28T15:30:53.825063Z,2023-06-28T15:30:46.130026Z,1,,1,0,None,376.0,149,0
d9cd7548b6664e54d3a50ad2cd040e18e2541840,1c545,MeteorGlow Aftermath SDVX,MeteorGlow Aftermath,Mystikmol,mystikmol,2021-09-18T17:30:44.802707Z,2021-09-18T17:30:17.957595Z,2021-09-18T17:30:44.802707Z,2021-09-18T17:30:17.957595Z,1,,1,1,None,264.0,118,0
d9dff45703fd03e8f4de358cfe3eaa069d57ab5b,1a53d,[ranked][o!mem] yuikonnu & ayaponzu* - Super Nuko World,Super Nuko World,riasuh,riasuh,2021-07-16T15:09:39.369Z,2021-07-16T15:09:39.369Z,2021-07-16T15:09:39.369Z,2021-07-16T15:09:39.369Z,1,2021-07-16T15:09:39.369Z,1,1,None,190.0,222,0
d9f8364a6d77c79e652abcb6452b24d0faa0c59c,10e08,Obsidia - Unity,Unity,Rayman9515,rayman9515,2020-11-12T17:11:52.602Z,2020-11-12T17:11:52.602Z,2020-11-12T17:11:52.602Z,2020-11-12T17:11:52.602Z,1,2020-11-12T17:11:52.602Z,1,1,None,174.0,270,0
d9fa4e43af8777116c60cfe2c473d13153754379,17ca6,Quarks - NOVAGROUND,NOVAGROUND,shrado & abcbadq,shrado,2021-05-11T11:26:14.229Z,2021-05-11T11:26:14.229Z,2021-05-11T11:26:14.229Z,2021-05-11T11:26:14.229Z,1,2021-05-11T11:26:14.229Z,1,1,None,192.0,272,0
da01b96059b7c7e06c9416fe692d6ce2096fe90a,2b565,Qumu - Ultimate Koopa [Remix],Ultimate Koopa,Jevk,Jevk,2022-10-26T18:00:46.212626Z,2022-10-25T20:59:10.654080Z,2022-10-26T18:00:46.212626Z,2022-10-25T20:59:10.654080Z,1,2022-11-01T02:22:09.481793Z,1,0,None,200.0,188,0
da30511ab750f7df3b2e5416eacc1729f6a5d8b2,204c,Yunomi & nicamoq - Indoor Kei Nara Trackmaker,Indoor Kei Nara Trackmaker,Hexagonial,hexagonial,2018-11-15T02:37:15Z,2018-11-15T02:37:15Z,2018-11-15T02:37:15Z,2018-11-15T02:37:15Z,1,,1,1,None,128.0,199,0
da3c243115c2bd1310190b1756a7f7abf5c1cb29,29ef2,Jishou Sonzai name-less - Danzai Democracy,Danzai Democracy,Jevk,Jevk,2022-09-15T13:35:13.208263Z,2022-09-15T13:13:00.052389Z,2023-01-29T23:00:51.678658Z,2023-01-29T23:00:46.665783Z,1,2023-03-05T03:37:50.264124Z,1,1,None,204.0,196,0
da5d41909c6b53c5a31b6d3693acef9d90463dc2,4c006,Subtronics - Itchy Scratchy,Itchy Scratchy,"hwowhu, Nugget",Nugget_plays,2025-11-10T02:52:35.899332Z,2025-11-10T02:50:31.050554Z,2026-08-10T12:32:11.682074Z,2026-08-10T12:32:06.473204Z,1,,1,0,None,140.0,196,0
da8b4100953c87e856ad80d1a70468449bb91691,1eda9,[DITR3] Monster - Reol,Monster,riasuh,riasuh,2021-12-12T20:24:45.675373Z,2021-12-12T20:13:06.618460Z,2022-08-31T06:30:22.759258Z,2022-08-31T06:30:15.079979Z,1,2021-12-12T20:24:45.675373Z,1,0,None,164.0,203,0
daab1124333389a9974cedf58550dbdf036f17e0,1c6f0,lapix - Far Away (Mameyudoufu Remix),Far Away,Bitz & HypersonicSharkz,Bitz,2021-10-25T10:41:53.911767Z,2021-09-21T22:00:20.915119Z,2022-01-05T16:55:01.886488Z,2022-01-05T16:49:31.547748Z,1,2021-10-25T10:41:53.911767Z,1,1,None,155.0,203,0
db5412773de2292d05da11d6fe80adb62f7d8697,29ad5,EGOIST - BANG!!! (M2U Remix),BANG!!!,AllPoland,AllPoland,2022-09-06T17:30:36.789371Z,2022-09-06T04:41:59.773586Z,2022-09-10T00:34:40.404718Z,2022-09-10T00:34:08.360123Z,1,2022-09-07T09:02:05.179412Z,1,0,None,137.0,187,0
db8496fc4efb69701c5aa3a8395942c48242a3d1,3c433,IVE - Accendio,Accendio,Jonas_0_0,Jonas,2024-05-02T13:37:37.836658Z,2024-05-02T13:19:05.476969Z,2024-11-13T23:02:55.389539Z,2024-11-13T23:02:50.414084Z,1,2024-05-05T20:48:47.473751Z,1,0,None,140.0,193,0
dbbf28a2ee3893e14be55483428bc965fd85e476,468dd,Linkin Park - Unshatter,Unshatter,Loloppe,loloppe,2025-05-01T20:51:01.432990Z,2025-05-01T20:48:20.164825Z,2025-10-25T04:08:28.169575Z,2025-10-25T04:08:15.812483Z,1,,1,0,None,145.0,196,0
dbeedd0d29d5d8576ace4cdaee2557d7964ae73b,ccac,Secret World DJMAX,Secret World,Mystikmol,mystikmol,2020-08-01T22:05:10.485Z,2020-08-01T22:05:10.485Z,2020-08-01T22:05:10.485Z,2020-08-01T22:05:10.485Z,1,2020-08-01T22:05:10.485Z,1,1,None,110.0,102,0
dc0eee7a3dbdec71accba7b58949c72435d73ce6,29d14,[BL Ranked] Akira Kito - Kimi no Tonari de,Kimi no Tonari de,Acubens,Acubens,2022-09-11T21:30:53.373141Z,2022-09-11T21:30:24.091459Z,2022-09-30T15:36:01.081105Z,2022-09-30T15:35:26.310227Z,1,2022-12-11T15:52:10.255067Z,1,0,None,198.0,272,0
dc5400f6a2869d12a4377bd5f9626f9c21fc9a56,45365,LE SSERAFIM - HOT,HOT,"Lalahti, Danny",Lalahti,2025-03-14T10:14:21.594570Z,2025-03-14T10:14:01.249698Z,2025-10-21T14:44:23.045536Z,2025-10-21T14:44:17.097765Z,1,2025-03-14T12:34:08.402310Z,1,0,None,128.0,147,0
dc59882436e27e9689c0355828f105b36d967511,1acdc,Camellia x Nanahira - When you say Hai this song is gonna be go insanely fast,"When you say ""Hai"" this song is gonna be go insanely fast",Emilia,Emilia,2021-07-31T17:37:40.686Z,2021-07-31T17:37:40.686Z,2022-04-26T00:07:08.481259Z,2021-11-22T03:01:48.419049Z,1,,1,1,None,230.0,293,0
dc95f368568e71bcd9f39284eb78932b53e3e268,3832e,underscores / gabby start - Loansharks,Loansharks,Phøenix,Phoenix,2023-12-20T21:58:49.183691Z,2023-12-20T21:57:50.087245Z,2023-12-20T23:33:03.507619Z,2023-12-20T23:33:00.291602Z,1,2023-12-28T20:39:40.546150Z,1,0,None,138.0,197,0
dcd1e4d12a8af8a82fc6102948d9f1657d23f898,192c9,[Melodic Uptempo] Sunhiausa - Le Virus (Another Mutation Edit) 🦠,Le Virus,"Rusty, miitchel, Nolan & yabje",Rusty,2021-06-15T20:26:23.079Z,2021-06-15T20:26:23.079Z,2022-01-05T12:01:32.527318Z,2022-01-05T12:01:26.045978Z,1,,1,1,None,210.0,201,0
dd07758263f650fba414a316cd21025f88c666ec,1a016,Laur - Exitium [Ranked],Exitium,Timbo,Timbo,2021-07-07T09:08:29.900Z,2021-07-07T09:08:29.900Z,2021-09-13T09:22:52.892691Z,2021-09-13T09:22:36.097268Z,1,2021-07-07T09:08:29.900Z,1,1,None,260.0,141,0
dd146ce164b341afa8daec8e45fc4ec0f740fad7,340c0,[BL RANKED] Camellia - TremENDouS,TremENDouS,GalaxyMaster,GalaxyMaster,2023-07-14T20:27:05.006077Z,2023-07-14T20:14:54.248561Z,2023-11-20T00:21:10.584294Z,2023-11-20T00:21:05.745306Z,1,2023-07-15T23:33:11.591320Z,1,0,None,230.0,442,0
dd1c86e2388a468e084c61094221367d6977d956,3d3d0,Nolanimations - Minder Gezeur En Meer Kleur (feat. Patatman),Minder Gezeur En Meer Kleur,yabje (ft. Mr_bjo & Semdol),yabje,2024-06-03T14:22:39.864535Z,2024-06-03T14:22:21.204088Z,2025-07-17T10:50:24.788708Z,2025-07-17T10:50:14.135359Z,1,,1,0,None,160.0,238,0
dd1e4d372642ee3079bc9494d424c1294239ce78,21bb,THE BLUE - M.S.S Project,THE BLUE,ejiejidayo,ejiejidayo,2018-11-23T15:33:23Z,2018-11-23T15:33:23Z,2018-11-23T15:33:23Z,2018-11-23T15:33:23Z,1,,1,1,None,170.0,100,0
dd90f0e236c73c1a0565634bfd7eb168c0e81b58,35062,[One Saber] Spin Eternally - Camellia,Spin Eternally,Pink,Pink,2023-08-18T23:50:44.166311Z,2023-08-18T22:36:41.199639Z,2023-08-23T04:40:21.440353Z,2023-08-23T04:40:00.717110Z,1,2023-08-19T00:30:54.514992Z,1,0,None,222.0,228,0
dd9127ab917df6604d19453cf921794dbf402597,875a,Rob Gasser - Ricochet,Ricochet,ExUnReal,exunreal,2020-02-15T21:21:51.926Z,2020-02-15T21:21:51.926Z,2020-02-15T21:21:51.926Z,2020-02-15T21:21:51.926Z,1,,1,1,None,105.0,224,0
dde59d50e03be07d360140f98b3ee76680c6a8f8,16d07,[RANKED] Camellia - An artifice (that would have disrupted the far old monarchy in the course of time) ,An artifice (that would have disrupted the far old monarchy in the course of time),ThySpoon,ThySpoon,2021-04-17T22:35:43.427Z,2021-04-17T22:35:43.427Z,2021-04-17T22:35:43.427Z,2021-04-17T22:35:43.427Z,1,,1,1,None,256.0,278,0
ddf44d06cba13c87fbf87f95b46e82c97e000bf1,16945,Trigger (Zekk Remix) - Dustvoxx,Trigger,Edmard,edmard,2021-04-11T23:59:05.199Z,2021-04-11T23:59:05.199Z,2021-04-11T23:59:05.199Z,2021-04-11T23:59:05.199Z,1,,1,1,None,200.0,255,0
de901537d5e7f238bb64c3f7482b8e467250ef14,182c2,[Chroma] Knife Party - Internet Friends,Internet Friends,SlimyBlob & Gabii,SlimyBlob,2021-05-21T22:48:24.182Z,2021-05-21T22:48:24.182Z,2021-05-21T22:48:24.182Z,2021-05-21T22:48:24.182Z,1,2021-05-21T22:48:24.182Z,1,1,None,128.0,300,0
dec7104cb9020fa396d4677b4810739874f41207,3e2fb,[Electro Swing World Tour Pack] FAKE TYPE. - Shin FAKE STYLE (真FAKE STYLE),Shin FAKE STYLE,symphonic,symphonic,2024-07-06T16:00:01.179029Z,2024-07-06T12:42:20.133305Z,2025-01-12T05:18:22.321218Z,2025-01-12T05:18:10.828209Z,1,2024-07-07T03:47:34.972004Z,1,0,None,132.0,189,0
ded3e63451bdf64610b3b6d6e81735dc6a92d0d5,42461,sharkbarksss - mythoclast,mythoclast,Phøenix,Phoenix,2024-12-09T20:27:56.606250Z,2024-12-09T20:19:59.158784Z,2025-05-21T22:56:09.327597Z,2025-05-21T22:56:04.140675Z,1,2025-02-17T08:38:27.486970Z,1,0,None,153.0,133,0
dedf2cde526e8b3ab8962b85e0ba5b532e9b8ac1,2557b,t+pazolite & Massive New Krew - with U,with U,Purp1e,Purp1e,2022-05-07T12:17:09.189435Z,2022-05-07T12:16:55.014173Z,2022-05-19T05:11:30.747563Z,2022-05-19T05:11:19.403374Z,1,,1,0,None,310.0,140,0
def0dd6a61bbd718f76f9b62b22f2213233904eb,33aa2,Megaburn - M2U,Megaburn,Pleo,pleo,2023-07-04T08:32:17.511091Z,2023-07-04T08:30:01.170574Z,2023-10-28T18:36:25.730253Z,2023-10-28T18:36:21.698470Z,1,2023-10-31T01:10:40.912627Z,1,0,None,173.0,128,0
defa2c37c4a41ea5c35b457aa4f6295de000c261,1badc,Orden Ogan - The Things We Believe In [Chroma 2.0],The Things We Believe In,Cyrix,Cyrix,2021-08-27T21:33:33.959392Z,2021-08-27T21:31:57.809549Z,2021-10-31T16:40:54.522556Z,2021-10-31T16:38:59.931500Z,1,2021-08-27T21:33:33.959392Z,1,1,None,122.0,306,0
df2039f7f39cb39459c984c88d713f0f1691b330,54a,Kevin Penkin - First Layer,First Layer,Bakuenjin,bakuenjin,2018-06-15T20:10:51Z,2018-06-15T20:10:51Z,2018-06-15T20:10:51Z,2018-06-15T20:10:51Z,1,,1,1,None,85.0,116,0
df27f79d91778cc141315b457d621d249c11dc6b,2751,Komiya Mao - (can you) understand me?,(can you) understand me?,Sotarks,sotarks,2018-12-21T23:41:50Z,2018-12-21T23:41:50Z,2018-12-21T23:41:50Z,2018-12-21T23:41:50Z,1,,1,1,None,185.0,92,0
dfcc1b1b1d8a6b91b6f1b3fef435dcd7cb63ce7b,3547a,Arden Jones - mr. sunshine,mr. sunshine,charlie1epicdude,charlie1epicdude,2023-08-29T15:45:08.373822Z,2023-08-29T15:45:00.742090Z,2023-11-09T17:13:07.750845Z,2023-11-09T17:12:39.648236Z,1,,1,0,None,130.0,179,0
dfcdba9767f6841ec63a0911566082dc34faece6,382fa,Avril Lavigne - Kiss Me Like The World Is Ending,Kiss Me Like The World Is Ending,Emilia,Emilia,2023-12-20T06:48:16.105404Z,2023-12-20T06:47:51.990255Z,2023-12-22T05:19:24.153027Z,2023-12-22T05:19:06.536827Z,1,,1,0,None,185.0,171,0
dfd262775728017fd9e26261ca4bede1383c4884,41c67,Tanchiky & D-D-Dice (ft. Karameru) - QUATTUORUX,QUATTUORUX,Azurii,atlatiko,2024-11-20T01:42:45.315034Z,2024-11-20T01:41:43.801900Z,2025-05-12T19:20:06.407571Z,2025-05-12T19:19:48.000801Z,1,,1,1,None,220.0,159,0
e0152f0f7829cca7f443108a3f1c8905184cf59c,19fca,Holo Bass & Spikey Wikey - 300 Nuts Per Minute,300 Nuts Per Minute,Fvrwvrd,fvrwvrd,2021-07-06T23:43:13.276Z,2021-07-06T23:43:13.276Z,2021-07-06T23:43:13.276Z,2021-07-06T23:43:13.276Z,1,,1,0,None,300.0,197,0
e031f2353d6f25048815e1162766074cc5863cb7,3a1a0,Adust Rain - Nevxxxxerland,Nevxxxxerland,ComputerHackerMan,ComputerHackerMan,2024-02-18T09:38:28.240231Z,2024-02-18T09:38:07.276776Z,2024-09-26T15:53:41.720679Z,2024-09-26T15:53:36.182475Z,1,,1,0,None,200.0,220,0
e09b67881d5dcb2c7064ca0dc6f3799279efa379,44196,Bishu - DIVA,DIVA,Spinvvy,Spinvvy,2025-02-08T19:00:00.899541Z,2025-02-08T18:07:31.679434Z,2026-07-23T15:49:08.131078Z,2026-07-23T15:49:01.933771Z,1,2025-06-29T18:20:28.739284Z,1,0,None,162.0,132,0
e0ded3edc57a9281e224295ba8bac61ffa71f966,1a7f9,[RANKED] Laur - Animosity ,Animosity,ThySpoon,ThySpoon,2021-07-21T21:14:18.025Z,2021-07-21T21:14:18.025Z,2021-07-21T21:14:18.025Z,2021-07-21T21:14:18.025Z,1,,1,1,None,210.0,154,0
e0e99b89cba39ec2448a45375cdf2ab376276f0e,43bda,Camellia - ATTACK FROM MANDRAKE,ATTACK FROM MANDRAKE,shrado & Voidless,shrado,2025-01-29T01:21:13.311451Z,2025-01-29T01:21:09.073669Z,2025-02-25T17:50:16.408367Z,2025-02-25T17:50:11.036955Z,1,2025-01-29T02:45:13.317501Z,1,1,None,348.0,323,0
e195bd186a68d03bd586f50f71943d43a38d915c,2785,Clear Rose,Clear Rose,squeaksies,squeaksies,2018-12-23T05:27:13Z,2018-12-23T05:27:13Z,2018-12-23T05:27:13Z,2018-12-23T05:27:13Z,1,,1,1,None,174.0,138,0
e1ae03504b1e23aa44ccb194134c84b1be21c8da,4e10,Ether Strike - Akira Complex,Ether Strike,Various Mappers,fraies,2019-05-19T23:48:25Z,2019-05-19T23:48:25Z,2019-05-19T23:48:25Z,2019-05-19T23:48:25Z,1,2019-05-19T23:48:25Z,1,1,None,156.0,142,0
e1b007986790860ea51335771266e84601f42e9e,1d0ed,[RANKED] Imperial March,The Imperial March,Fvrwvrd & FatBeanzoop,fvrwvrd,2021-10-13T05:23:21.183417Z,2021-10-13T05:23:13.556666Z,2021-10-13T05:23:21.183417Z,2021-10-13T05:23:13.556666Z,1,2021-10-13T05:23:21.183417Z,1,1,None,174.0,265,0
e1bdbd3f3bd99c935920aff6925b9066d7190d93,29288,"[340BPM Peak] Infant Annihilator - Behold the Kingdom of the Wretched Undying (feat. Tyler Shelton, Bryan Long, Dillon Becker & Chris Whited) [Short Edit] || CS Level 1",Behold the Kingdom of the Wretched Undying,Emilia,Emilia,2022-08-23T04:22:04.327395Z,2022-08-23T04:19:31.945194Z,2022-08-23T04:22:04.327395Z,2022-08-23T04:19:31.945194Z,1,,1,0,None,240.0,476,0
e1d69325d605de36ded9eee3c980eb216716cd63,12ccf,Architecture,Architecture,muffn,muffn,2021-01-16T20:51:04.940Z,2021-01-16T20:51:04.940Z,2021-01-16T20:51:04.940Z,2021-01-16T20:51:04.940Z,1,,1,1,None,300.0,250,0
e1e026d655747fc75d29bf46cd91efd109c8ecca,16991,[Ranked] Knight Rider,Knight Rider,Fvrwvrd,fvrwvrd,2021-04-12T17:01:17.891Z,2021-04-12T17:01:17.891Z,2021-04-12T17:01:17.891Z,2021-04-12T17:01:17.891Z,1,,1,1,None,350.0,271,0
e1fb83be49cbe3bb000d0ddc186cb0516afdcc0b,3e24,HIBANA feat. Hatsune Miku - DECO*27,HIBANA feat. Hatsune Miku,Rogdude,rogdude,2019-03-15T23:08:37Z,2019-03-15T23:08:37Z,2019-03-15T23:08:37Z,2019-03-15T23:08:37Z,1,,1,1,None,200.0,205,0
e1fc0fa164bd02b2a036a755996443b61669b87e,32db1,Comet Coaster (Ranked),Comet Coaster,Cratornugget,Cratornugget,2023-06-03T19:56:01.562778Z,2023-06-03T19:55:17.541678Z,2023-07-19T23:23:46.283275Z,2023-07-19T23:23:39.410792Z,1,,1,0,None,360.0,151,0
e202227bf65df7a76f66a362631badc0897587d6,1f75d,舞音KAGURA - Sayonara. Arigatou. / さようなら。ありがとう。,Sayonara. Arigatou.,XAce1337manX,XAce1337manX,2021-12-31T13:00:00.977Z,2021-12-31T12:39:43.906439Z,2022-03-06T22:13:57.591604Z,2022-03-06T22:11:40.309415Z,1,2021-12-31T13:00:00.976155Z,1,1,None,80.0,262,0
e22094588461c49eec3a0f4b7aabf7ea21fc8ec5,a59,In My Heart DJMAX,In My Heart,Tsukasa ft. Misato,mystikmol,2018-07-18T13:39:51Z,2018-07-18T13:39:51Z,2018-07-18T13:39:51Z,2018-07-18T13:39:51Z,1,,1,1,None,123.0,102,0
e22e733d1dfc92373ba5ab954ba37ab3c39d4562,1b01b,USAO - Knight Rider,Knight Rider,"Nolanimations, Timbo",Nolanimations,2021-08-08T11:36:09.635316Z,2021-08-08T11:36:09.635316Z,2021-12-07T22:36:21.172353Z,2021-12-07T22:36:06.066068Z,1,,1,1,None,200.0,131,0
e23a0e521ac4121cf3821756cdc9b4c80dac39de,2e453,Camellia - ORCA,ORCA,Blackjack,blackjack,2023-01-16T06:21:25.588699Z,2023-01-16T06:21:08.516492Z,2023-06-26T23:11:53.747773Z,2023-06-26T23:11:40.072957Z,1,,1,0,None,155.0,121,0
e24fb7d5ea14e7dd155aaf59be80e9dc5958f876,1547b,Camellia - Newspapers For Magicians,Newspapers For Magicians,Shan_Man,shan_man,2021-03-10T18:12:03.106Z,2021-03-10T18:12:03.106Z,2021-03-10T18:12:03.106Z,2021-03-10T18:12:03.106Z,1,,1,1,None,150.0,293,0
e29203de6c2970254b678cbca33a5354bee79106,4cbd0,[RANKED] Laur - Sound Chimera (Nyankovsky & Kobaryo Remix),Sound Chimera,RetrX,RetrX,2025-12-05T22:14:16.986719Z,2025-12-05T22:13:19.826782Z,2026-08-20T01:45:49.218252Z,2026-08-20T01:45:41.665123Z,1,2025-12-09T12:48:07.987330Z,1,0,None,220.0,220,0
e2c9de36b484437f7427ae748e3f3cdd3b2c3bd6,12ac8,NayutalieN - Rocket Cider (Harutya Cover)　ロケットサイダー / ナユタン星人,Rocket Cider,SmileEaglet,SmileEaglet,2021-01-13T14:36:08.411Z,2021-01-13T14:36:08.411Z,2021-01-13T14:36:08.411Z,2021-01-13T14:36:08.411Z,1,,1,1,None,198.0,192,0
e30ddf112a71397ad1fdbe5174e0a67df7c5bbe2,4b8f4,Ado - Odo (e_ku Hardcore Bootleg),Odo,Loloppe,loloppe,2025-10-25T20:43:13.763078Z,2025-10-25T20:41:01.906714Z,2026-03-24T00:09:25.299279Z,2026-03-24T00:09:08.767259Z,1,,1,0,None,170.0,233,0
e3144ddaf01dc0ae44d95fde0fc07f12febef745,27ada,[Chroma] Modestep - The Fallout ( ALESDA! Remix ),The Fallout,Phøenix,Phoenix,2022-07-11T17:44:35.645Z,2022-07-11T17:40:04.532161Z,2022-07-11T17:44:35.645Z,2022-07-11T17:40:04.532161Z,1,,1,0,None,150.0,288,0
e3212402de04646f98ffea3270a727c257622234,19b9f,MY FIRST STORY - LEADER,LEADER,Nolanimations,Nolanimations,2021-06-29T19:42:18.792Z,2021-06-29T19:42:18.792Z,2021-06-29T19:42:18.792Z,2021-06-29T19:42:18.792Z,1,,1,1,None,180.0,246,0
e370c49c81ac28f2bf58160a03aa48355e016f89,242dc,Takayan - Antithesis,Antithesis,EOP Glacier,EOP_Glacier,2022-04-09T22:34:42.414443Z,2022-04-09T22:34:12.435068Z,2022-04-09T22:34:42.414443Z,2022-04-09T22:34:12.435068Z,1,2023-01-04T15:01:55.076110Z,1,1,None,198.0,99,0
e381f86c1ef5b8e9b3d1519975364f2a98a4f9b3,3c7d9,Camellia (feat. Camellia) - Ashed Wings,Ashed Wings,Darkrealm7,Darkrealm7,2024-05-07T11:07:27.595137Z,2024-05-07T11:07:19.854304Z,2024-11-22T04:36:10.018823Z,2024-11-22T04:36:02.799701Z,1,2024-09-23T00:31:26.407336Z,1,0,None,240.0,284,0
e3dad947b390e4cda91875543e99de7f918e3ce3,29c0,"Luis Fonsi, Omoi & R3 Music Box - Teopacito feat. Will Stetson",Teopacito feat. Will Stetson,Psyc0pathic & Hexagonial,Psyc0,2019-01-01T01:06:13Z,2019-01-01T01:06:13Z,2019-01-01T01:06:13Z,2019-01-01T01:06:13Z,1,,1,1,None,89.0,91,0
e42bcdf50ea1f961cb8cefe502e82806866f6479,1a504,[RANK] Quasar Dreams,Quasar Dreams,ComplexFrequency & Fvrwvrd,fvrwvrd,2021-07-15T23:48:58.196Z,2021-07-15T23:48:58.196Z,2021-09-29T05:06:09.427042Z,2021-09-29T05:05:24.041222Z,1,,1,1,None,310.0,217,0
e4423c51f7b3e4771a850ebe43e6f991464105cf,1b677,Clown Core - Toilet [Chroma],Toilet,Fatalution,fatalution,2021-08-18T15:46:15.902498Z,2021-08-18T15:46:15.902498Z,2021-08-27T11:26:24.421291Z,2021-08-27T11:09:55.435551Z,1,,1,1,None,152.0,82,0
e4aef60abef4bf5b387e5d93c67efa6eec0b1163,25ec1,"im_naku - Stagestruck (nolanLMOA's ""Shooters in Detroit"" Bootleg)",Stagestruck,spear,spear,2022-05-23T01:26:13.981048Z,2022-05-23T01:24:56.076540Z,2022-06-02T13:31:09.631117Z,2022-06-02T13:30:46.471019Z,1,,1,0,None,300.0,127,0
e54f82ba5be9c5f773ab2ddf90fd20b69887d90f,11b62,Neil Cicierega - Bustin,Bustin,CyanSnow & Teuflum,CyanSnow,2020-12-04T16:32:05.960Z,2020-12-04T16:32:05.960Z,2020-12-04T16:32:05.960Z,2020-12-04T16:32:05.960Z,1,,1,1,None,114.56,230,0
e5be675e27ab90d726f5f72c48e8490dfcd51fc9,9ae3,"Camellia - Quaoar (For ""Thanks Follower 50k"")","Quaoar (For ""Thanks Follower 50k"")",Checkthepan,checkthepan,2020-04-14T14:35:05.228Z,2020-04-14T14:35:05.228Z,2020-04-14T14:35:05.228Z,2020-04-14T14:35:05.228Z,1,,1,1,None,174.0,280,0
e5d18576630941a62f199c1cbab3ca4f869a7416,13bd3,[Ranked] Camellia - Introduction - Xursed divinitY,Introduction - Xursed divinitiY,Schwank & Jabob,Jabob,2021-02-08T02:11:26.218Z,2021-02-08T02:11:26.218Z,2021-02-08T02:11:26.218Z,2021-02-08T02:11:26.218Z,1,,1,1,None,222.0,220,0
e5f0e84d21ba49048b66e62a3a18df307c1dca65,128ea,Wolves Standing Towards Enemies[R],Wolves Standing Towards Enemies,That_Narwhal,Narwall,2021-01-11T17:28:59.890Z,2021-01-11T17:28:59.890Z,2021-01-11T17:28:59.890Z,2021-01-11T17:28:59.890Z,1,,1,1,None,191.0,175,0
e5f61dbd37a9cb46506c899ecc6861b6491d27dd,2dd6,Freezer (Feat. Kiichigo) - Berry Go !!,Berry Go !!,Yun0,yun0,2019-01-15T05:20:31Z,2019-01-15T05:20:31Z,2019-01-15T05:20:31Z,2019-01-15T05:20:31Z,1,,1,1,None,175.0,195,0
e61a906e9508a49dc12da21d6bde3a094d4f3110,e62d,[RANKED] Sullivan King - I'll Fight Back,I'll Fight Back,ItsVasili,Vasilidesu,2020-09-08T16:57:37.830Z,2020-09-08T16:57:37.830Z,2020-09-08T16:57:37.830Z,2020-09-08T16:57:37.830Z,1,,1,1,None,155.0,250,0
e62893b648f7a704d620ce8ad0eaf0b5d50e0e48,1c4af,Jordan Jay & Mo Falk - Back In Time [Chroma],Back In Time,Teuflum,Teuflum,2021-09-17T11:53:40.816711Z,2021-09-17T11:51:36.353223Z,2021-09-17T11:53:40.816711Z,2021-09-17T11:51:36.353223Z,1,2021-09-17T11:53:40.816711Z,1,1,None,256.0,165,0
e6dc1af5b6fb943f2f38826e7d616a0de9dd9f42,327f7,Hiiragi Kirai - Bocca Della Verita (Ado Cover),Bocca Della Verita,AllPoland,AllPoland,2023-05-20T01:31:21.041798Z,2023-05-20T01:18:29.671864Z,2023-11-25T04:41:11.421475Z,2023-11-25T04:34:56.658156Z,1,2023-11-27T12:06:59.357829Z,1,0,None,170.0,202,0
e6e02417e730ad6408fbe6363e99efd462083070,d735,Laur - PRAGMATISM,PRAGMATISM,shrado,shrado,2020-08-16T01:50:03.813Z,2020-08-16T01:50:03.813Z,2020-08-16T01:50:03.813Z,2020-08-16T01:50:03.813Z,1,,1,1,None,174.0,124,0
e725fe0e8b9117fab6d3760594c6664560ad5dfc,3e05c,[Chroma] Camellia - AMBERGRIS,AMBERGRIS,Darkrealm7,Darkrealm7,2024-06-29T01:37:07.529928Z,2024-06-29T01:36:19.080337Z,2025-10-05T19:20:18.019255Z,2025-10-05T19:20:10.245283Z,1,,1,0,None,321.0,242,0
e7732c4ad4ae092257eb1b61c53f10990fc33e11,20ad7,[Ranked] K/DA - MORE (Slax Remix),MORE,Anammelech,anzu7,2022-01-25T22:17:30.891277Z,2022-01-25T22:17:26.484299Z,2022-07-07T09:09:32.838053Z,2022-07-07T09:09:21.912576Z,1,,1,1,None,320.0,207,0
e774b798da2258d2fe017e84b79b9ad3a86162b9,132e9,More One Night[R],More One Night,That_Narwhal,Narwall,2021-01-26T03:36:52.050Z,2021-01-26T03:36:52.050Z,2021-01-26T03:36:52.050Z,2021-01-26T03:36:52.050Z,1,2021-01-26T03:36:52.050Z,1,1,None,170.0,67,0
e79c829186383a97736b968112d0873d3ed6736b,28489,Rush E 2,RUSH E 2,Fireluke Gaming,Fireluke_Gaming,2022-07-30T07:26:53.745028Z,2022-07-30T07:25:53.446907Z,2022-09-13T14:02:09.773517Z,2022-09-13T14:01:52.309642Z,1,,1,0,None,185.0,160,0
e7a2fa989a9b7e330aa9036c560d0e046db6314c,3ca7d,Tohma feat. Hatsune Miku - Envy Cat Walk [Chroma 2.0],Envy Cat Walk,"Dr_Marc, Comyute, Cratornugget",drmarc,2024-05-13T19:55:48.568251Z,2024-05-13T19:55:33.155118Z,2024-12-18T16:00:10.338131Z,2024-12-18T15:59:38.809677Z,1,,1,0,None,160.0,227,0
e7f3ab4cea241d3762ba28713b7f6ca5f4e5a1b5,add0,[Ranked]Kobaryo - Particle Shooter,Particle Shooter,Soba`s,Sobas,2020-06-03T03:23:02.560Z,2020-06-03T03:23:02.560Z,2020-06-03T03:23:02.560Z,2020-06-03T03:23:02.560Z,1,,1,1,None,267.0,234,0
e80adf683aed066f94bbba3e49162d7d0d7247b4,4479,Louder Than Steel - Ryu-5150,Louder Than Steel,Electrostats,Electrostats,2019-04-09T09:50:44Z,2019-04-09T09:50:44Z,2019-04-09T09:50:44Z,2019-04-09T09:50:44Z,1,,1,1,None,190.0,281,0
e8496dc530318be6311ba5f080794f6af452e7c0,13b17,UNO[R],UNO,Schwank vs. Narwhal,Narwall,2021-02-06T23:53:54.518Z,2021-02-06T23:53:54.518Z,2021-02-06T23:53:54.518Z,2021-02-06T23:53:54.518Z,1,2021-02-06T23:53:54.518Z,1,1,None,142.0,163,0
e8ff42b041e6edbe3a8486b813a6a2a43d9784f2,30f6a,gladde paling - sprinter/intercity,sprinter/intercity,Mrcaterpillar,Mrcaterpillar,2023-03-27T16:30:33.283675Z,2023-03-27T16:30:20.335805Z,2023-06-26T02:09:45.096249Z,2023-06-26T02:09:38.923651Z,1,2023-03-28T10:10:12.818448Z,1,0,None,360.0,119,0
e94785a8520a1aa69f7bbe9cbef12917a765acc1,1c77,[SDVX Collab] O2i3 - Belly Flopper,Belly Flopper,Hexagonial,hexagonial,2018-10-28T00:40:52Z,2018-10-28T00:40:52Z,2018-10-28T00:40:52Z,2018-10-28T00:40:52Z,1,,1,1,None,185.0,115,0
e95e27664221b820f3b060029bafdc1b66719f36,1728b,YURUSHITE - LeaF Remix,YURUSHITE,Atomosophere,atomosophere,2021-04-24T22:47:47.567Z,2021-04-24T22:47:47.567Z,2021-04-24T22:47:47.567Z,2021-04-24T22:47:47.567Z,1,,1,1,None,280.0,312,0
e98098be1e61ac86d75eb3abbf16230e05a97208,1b8d3,Camellia - Berserkerz' Warfare 345,Berserkerz' Warfare 345,cerret & ComplexFrequency,cerret,2021-08-24T00:36:36.062459Z,2021-08-24T00:29:38.298674Z,2021-09-05T18:36:19.609461Z,2021-09-02T01:50:49.732033Z,1,2021-08-24T00:36:36.062459Z,1,1,None,345.0,276,0
e9886d451b34fdfdd2b4479d1f1de16d48a629ec,1e941,[Ranked] kanemiko - The Curse Of The Lovely Fox,The Curse Of The Lovely Fox,abcbadq,abcbadq,2021-12-04T18:31:11.476533Z,2021-12-04T15:25:20.894269Z,2023-06-06T14:22:21.452498Z,2022-03-16T20:15:28.836227Z,1,2022-08-12T06:36:16.775546Z,1,1,None,260.0,270,0
ea29cfe8ab019ff6adf76c3485b3328eba1744fa,275bf,DJ Myosuke - Unprepareness,Unprepareness,shrado,shrado,2022-07-03T00:03:34.759931Z,2022-07-03T00:03:30.442421Z,2022-07-03T00:03:34.759931Z,2022-07-03T00:03:30.442421Z,1,,1,0,None,170.0,313,0
ea2b5cc049c1b06b970385f6877a2395face1c5b,3cc81,"(BL Ranked) cosMo＠Bousou-P - PSYCHOPATH LoVE feat. HATSUNE MIKU, YUZUKI YUKARI",PSYCHOPATH LoVE,Alpha Cancri,AlphaCancri,2024-05-18T21:24:34.322339Z,2024-05-18T21:24:27.058214Z,2024-07-20T16:29:56.562129Z,2024-07-20T16:29:55.233150Z,1,2024-07-20T17:27:32.529070Z,1,0,None,250.0,148,0
ea303f41ee17e731718f4c3c10bdbe9ae60f2d9a,b313,HE4VEN SDVX,HE4VEN,Mystikmol,mystikmol,2020-06-16T08:54:37.362Z,2020-06-16T08:54:37.362Z,2020-06-16T08:54:37.362Z,2020-06-16T08:54:37.362Z,1,,1,1,None,256.0,124,0
ea532620629cd6b2a0405b7a08cf4e80d8a688cf,258d1,[Chroma] Kaskade - Solid Ground,Solid Ground,Phøenix,Phoenix,2022-05-27T17:15:30.294612Z,2022-05-13T21:25:28.991795Z,2022-05-27T17:15:30.294612Z,2022-05-13T21:25:28.991795Z,1,2022-05-28T14:13:57.632574Z,1,0,None,125.0,200,0
ea55e256ae89ae72a60763ceb5379560b962773b,117ac,[Ranked] Schwank - Fresh!,Fresh!,Jabob,Jabob,2020-11-29T06:41:36.514Z,2020-11-29T06:41:36.514Z,2020-11-29T06:41:36.514Z,2020-11-29T06:41:36.514Z,1,,1,1,None,235.0,195,0
eaa135992c8288acf1fbd5fb34580c194cab9e7c,e0aa,Darren Styles & Gammer - Feel Like This,Feel Like This,Teuflum,Teuflum,2020-08-30T17:54:21.374Z,2020-08-30T17:54:21.374Z,2020-08-30T17:54:21.374Z,2020-08-30T17:54:21.374Z,1,,1,1,None,170.0,266,0
eaddeb51358bbd688a57923ddc23a230ca81609c,1cdc6,Vengaboys - We Like To Party! (The Vengabus) - [Fvrwvrd Bootleg],We Like To Party! (The Vengabus),cerret,cerret,2021-10-06T22:55:02.336275Z,2021-10-06T22:43:49.948545Z,2021-10-07T18:57:38.450444Z,2021-10-07T18:56:51.573091Z,1,2021-10-06T22:55:02.336275Z,1,0,None,320.0,125,0
eb19a1155094c0a34faf1d729f5c74e25fe7fe5b,9b91,t+pazolite - Guchagucha Coke Screw,Guchagucha Coke Screw,Vilawes & Depito,vilawes,2020-04-16T11:00:38.742Z,2020-04-16T11:00:38.742Z,2020-04-16T11:00:38.742Z,2020-04-16T11:00:38.742Z,1,,1,1,None,240.0,187,0
eb389ee98dfffc4e4cd9db02cc6715fff581d408,3755e,[Ranked] Blacklolita & Massive New Krew - Mushussu,Mushussu,edgii,edgiiiiiiiii,2023-11-19T16:55:43.901039Z,2023-11-19T16:55:11.198317Z,2023-11-28T20:31:40.418999Z,2023-11-28T20:31:36.262774Z,1,,1,0,None,150.0,241,0
eb4575cb78c7e49f2dd8e5bb70e63de08feafcff,41e55,Jorei - Kusari Unparallel,Kusari Unparallel,Spinvvy,Spinvvy,2024-11-24T19:00:00.204357Z,2024-11-24T18:47:22.842652Z,2025-11-13T02:04:58.048308Z,2025-11-13T02:04:54.785398Z,1,,1,0,None,138.0,212,0
eb650896e07f1f38617b77b980cafdafdc7872e7,142f4,[RANKED] Sakuzyo - Imprinting,Imprinting,Fnyt,Fnyt,2021-02-17T19:02:33.697Z,2021-02-17T19:02:33.697Z,2021-02-17T19:02:33.697Z,2021-02-17T19:02:33.697Z,1,,1,1,None,175.0,118,0
eb74b91f52762fd9010f93b4a9cc98bbda4b91e4,597,Buttonmasher - Virtual Riot,Buttonmasher,Virtual Riot,Moriik,2018-06-18T01:50:38Z,2018-06-18T01:50:38Z,2018-06-18T01:50:38Z,2018-06-18T01:50:38Z,1,,1,1,None,256.0,189,0
ebf2954117dd067fbdffa7ba482351b2b07d4651,517e7,Touqai - I want you to know.,I want you to know.,tmk,tmk,2026-05-22T19:18:29.894155Z,2026-05-22T19:18:19.086793Z,2026-07-17T09:20:46.157053Z,2026-07-17T09:20:40.198441Z,1,,1,0,None,165.0,179,0
ec09852c974341516030d69776322da85f9bf539,360f,Again - YUI,Again,squeaksies,squeaksies,2019-02-14T18:46:58Z,2019-02-14T18:46:58Z,2019-02-14T18:46:58Z,2019-02-14T18:46:58Z,1,2019-02-14T18:46:58Z,1,1,None,140.0,92,0
ec641f46e1afe8809fdb7e4c3d72f0c4ac1d8783,122b7,JDM - (Jungle Dance Music),JDM,Atomosophere,atomosophere,2021-01-02T02:04:16.510Z,2021-01-02T02:04:16.510Z,2021-01-02T02:04:16.510Z,2021-01-02T02:04:16.510Z,1,,1,1,None,128.0,255,0
ec67cc57c823bda6fd92d5760fd4579c4f457afb,23ca2,V3 Only Be Me - DROELOE,Only Be Me,Olaf,olaf,2022-04-01T23:52:28.893400Z,2022-04-01T23:52:17.682005Z,2022-06-25T12:34:48.923388Z,2022-06-25T12:34:37.880470Z,1,,1,0,None,140.0,210,0
ec6f42e4576042abd2e2b9d59667d83fedb7f1e1,ce40,Wake Up - Kayzo & RIOT,Wake Up,"SimplyMarvellous, Noxu & TheRealZeroz",simplymarvellous,2020-08-04T01:12:19.946Z,2020-08-04T01:12:19.946Z,2020-08-04T01:12:19.946Z,2020-08-04T01:12:19.946Z,1,,1,1,None,160.0,317,0
eca07d79c8be0ed031b3513648e2ea0914b54acf,36ae7,Selena Gomez - Slow Down,Slow Down,Lalahti,Lalahti,2023-10-26T18:00:00.396449Z,2023-10-26T13:02:54.788937Z,2023-11-13T19:35:58.986976Z,2023-11-13T19:35:50.727877Z,1,2023-10-28T14:18:10.048110Z,1,0,None,128.0,212,0
ecab265469cf7df264c6f233dd8054fc38fcf8fd,196b9,Kobaryo - Start of the Determination,Start of the Determination,Paper_Core,paper_core,2021-06-21T22:19:52.548Z,2021-06-21T22:19:52.548Z,2021-06-21T22:19:52.548Z,2021-06-21T22:19:52.548Z,1,,1,1,None,200.0,176,0
ecc2c39e6203bf5bb46540b6455c647dca26d8b2,24f9d,Deathstalker ft YOOKiE,Deathstalker,TG90,TG90,2022-04-28T07:41:48.487509Z,2022-04-28T07:41:38.436960Z,2022-08-08T23:02:17.511286Z,2022-08-08T22:40:02.800621Z,1,,1,0,None,130.0,228,0
ecff1d6f09f180581bdb187fc3e6c7b639f04e5d,f922,[Ranked] MARETU feat. Hatsune Miku - Tool,Tool,Rusty,Rusty,2020-10-04T13:28:51.414Z,2020-10-04T13:28:51.414Z,2020-10-04T13:28:51.414Z,2020-10-04T13:28:51.414Z,1,,1,1,None,172.0,53,0
ed001688958a628cae5b3fef3d2a1408b9063436,2c2ac,Bülow - Revolver,Revolver,Taddus & Oegoe,Taddus,2022-11-19T17:44:23.600307Z,2022-11-19T17:44:17.259985Z,2022-11-24T13:00:09.936227Z,2022-11-24T12:57:49.097149Z,1,2022-11-20T08:07:40.733363Z,1,0,None,171.0,169,0
ed1a3273b99d5f0b0cd61a1d42cbe02de11fe0c8,38419,Scream - Dreamcatcher,Scream,"Serephor, CMP1111, LaidBackAries",Serephor,2023-12-25T14:00:00.490150Z,2023-12-23T05:17:32.812104Z,2024-01-28T03:03:05.766140Z,2024-01-28T03:02:04.965111Z,1,2023-12-27T11:55:30.128273Z,1,0,None,138.0,206,0
ed232165f32789e037b50dc5f2c109b33f979998,471b7,Jasted - On My Lips,On My Lips,Jonas_0_0,Jonas,2025-05-19T20:45:20.325487Z,2025-05-19T20:45:09.807738Z,2025-10-23T23:51:06.069243Z,2025-10-23T23:50:59.689445Z,1,2025-05-22T19:56:11.499235Z,1,0,None,125.0,150,0
ed265e4d65f1de29c2e7098848779ee2afccda7c,2622d,[R] [UnAlive Pack] Mori Calliope - Scuffed Up Age (Chroma),Scuffed Up Age,CookedChili,CookedChili,2022-05-29T17:24:14.189373Z,2022-05-29T00:46:37.247824Z,2022-10-20T20:10:25.010618Z,2022-10-20T20:10:17.866050Z,1,2022-05-31T12:35:52.725943Z,1,1,None,178.0,305,0
ed430d72b59591377c10af1d354f802f103fb432,1694e,We Are LSM - Lite Show Magic,We Are LSM,hwatwhy & meldi,hwatwhy,2021-04-12T01:28:27.297Z,2021-04-12T01:28:27.297Z,2021-04-12T01:28:27.297Z,2021-04-12T01:28:27.297Z,1,,1,1,None,128.0,143,0
ed90cc573fb9ac5fb86ff63ca9bcb723bbb01bc3,cfd5,MATT DOE - NOTHING PERSONAL,NOTHING PERSONAL,Khenab,khenab,2020-08-06T04:23:56.492Z,2020-08-06T04:23:56.492Z,2020-08-06T04:23:56.492Z,2020-08-06T04:23:56.492Z,1,,1,1,None,150.0,212,0
eddca14f0e90f5da5a2337b8dd2b1eb381771400,1f074,[Ranked] Schwank - Deimos,Deimos,"Jabob, Narwhal, & Bullet",Jabob,2021-12-20T01:34:18.675384Z,2021-12-20T01:33:08.924252Z,2022-02-13T17:56:35.785159Z,2022-02-13T17:56:31.032706Z,1,2022-02-21T03:18:59.608316Z,1,1,None,222.0,210,0
ede75f32559b98bf4553e080bd9a773080d1331c,2ea67,[Women's Day Pack][v3 Fitbeat] Neoni & Nocturn  - Bad Intentions,Bad Intentions [v3 Fitbeat],Scarladore,Scarladore,2023-01-26T15:41:02.164298Z,2023-01-26T12:30:06.340804Z,2023-01-26T15:41:02.164298Z,2023-01-26T15:39:40.320215Z,1,2023-01-26T19:44:44.089030Z,1,0,None,160.0,186,0
ee05b004f5b94cf9a4c788b3b5f0871edd74ec34,12ae1,[Refugee Camp] Magical Sanctuary,Magical Sanctuary,Refugee Camp,muffn,2021-01-13T17:57:44.861Z,2021-01-13T17:57:44.861Z,2021-01-13T17:57:44.861Z,2021-01-13T17:57:44.861Z,1,,1,1,None,333.0,247,0
ee363e46c588e94533d375661b33a2789f14d2e9,1d69d,DJ Myosuke - Collapse Of Ego (Fvrwvrd's Lofi Remix),Collapse Of Ego,Helloiamdaan,helloimdaan,2021-10-27T17:43:03.825285Z,2021-10-27T17:43:00.316688Z,2021-10-27T17:54:00.601477Z,2021-10-27T17:53:54.969643Z,1,,1,1,None,120.0,123,0
ee633affc8484962a32e9d215de125804ca6427b,8529,t+pazolite - cheatreal,cheatreal,shrado & Schwank,shrado,2020-02-08T07:16:43.652Z,2020-02-08T07:16:43.652Z,2020-02-08T07:16:43.652Z,2020-02-08T07:16:43.652Z,1,,1,1,None,200.0,297,0
eea1381ea9ddadcba54006660b841418ed0591d8,295cc,gladde paling - brutale aap,brutale aap,Bitz & HypersonicSharkz,Bitz,2022-08-29T01:58:25.973242Z,2022-08-29T01:58:14.038106Z,2022-11-03T14:24:47.053171Z,2022-11-03T14:24:32.145899Z,1,2022-09-01T05:54:54.679529Z,1,1,None,180.0,94,0
eea85932675a84fd626a607e31b649c4de23f225,2f462,t+pazolite - Diabolic Swing,Diabolic Swing,yabje,yabje,2023-02-11T22:26:26.744408Z,2023-02-11T22:26:12.144283Z,2023-02-11T22:26:26.744408Z,2023-02-11T22:26:12.144283Z,1,,1,0,None,256.0,153,0
eec65503b346d7f639e1e9165730427e16ad8cec,34387,Shiawase VIP [Ranked],Shiawase,Rain Jur,rain-jur,2023-07-19T23:02:40.988904Z,2023-07-19T22:57:58.797405Z,2024-02-09T23:21:05.135795Z,2024-02-09T23:21:01.283507Z,1,2024-03-24T22:31:03.104449Z,1,0,None,150.0,184,0
eed7fc6935a86b9ad1248107ae6b2f65d9da7a1f,10217,[Ranked] Camellia - [BLEED BLOOD],[BLEED BLOOD],Jabob,Jabob,2020-10-23T15:02:49.275Z,2020-10-23T15:02:49.275Z,2020-10-23T15:02:49.275Z,2020-10-23T15:02:49.275Z,1,,1,1,None,165.0,256,0
eede9722d5c948a0027af97ec45b0741d97d99df,402f4,Glitcha - Past And Future,Past And Future,Spinvvy,Spinvvy,2024-09-13T16:00:01.659504Z,2024-09-13T15:58:03.605840Z,2025-03-06T17:05:50.995708Z,2025-03-06T17:05:44.992166Z,1,2024-09-15T22:53:04.232135Z,1,0,None,140.0,228,0
ef1b6101273dda99c3c9194cacfcfe8ffc401f4e,29341,Nitro Fun - Cheat Codes VIP,Cheat Codes,Avexus,Avexus,2022-08-25T00:42:50.806891Z,2022-08-25T00:18:02.569197Z,2022-08-25T00:42:50.806891Z,2022-08-25T00:18:02.569197Z,1,2022-08-26T02:38:56.203354Z,1,0,None,128.0,206,0
ef2a01516fe6e6092165fcbb789214973a0dfe23,d8f5,[Refugee Camp] Sakuzyo - Fracture Ray,Fracture Ray,muffn & FatBeanzoop,muffn,2020-08-18T14:26:13.412Z,2020-08-18T14:26:13.412Z,2020-08-18T14:26:13.412Z,2020-08-18T14:26:13.412Z,1,,1,1,None,200.0,153,0
ef80da526a3ae58b00d592bd2290221ca77a57db,4936a,[Chroma+] Kobaryo - G4M3-0V3R (m1dy Remix),G4M3-0V3R,shrado,shrado,2025-08-06T22:42:37.195557Z,2025-08-06T22:41:18.936221Z,2025-11-19T08:09:45.208605Z,2025-11-19T08:09:41.379587Z,1,2025-09-27T06:55:25.582203Z,1,1,None,222.0,138,0
efdf4be889dc49c835f7108919a9972ecec58f61,36870,DEADMAN'S BALLAD (Ranked),DEADMAN'S BALLAD,Cratornugget,Cratornugget,2023-10-19T22:41:53.517232Z,2023-10-19T22:41:30.504449Z,2023-10-29T02:33:14.797090Z,2023-10-29T02:33:00.401817Z,1,,1,0,None,300.0,166,0
effe5e569bb1c3bb8612bf69f5dc7373cbbe7579,1966a,[Ranked] DRIVE. - XEVILIED,XEVILIED,abcbadq,abcbadq,2021-06-21T04:51:33.004Z,2021-06-21T04:51:33.004Z,2023-06-06T14:25:11.481691Z,2021-09-15T14:20:53.200499Z,1,,1,1,None,234.0,127,0
f0983483ae0e9e6787028cde2582d8499cb90b23,1ac56,Camellia - AREA 52[R],AREA 52,That_Narwhal,Narwall,2021-07-30T21:35:38Z,2021-07-30T21:35:38Z,2022-01-07T01:30:11.630393Z,2022-01-07T01:30:06.798799Z,1,2022-05-14T21:59:04.868718Z,1,1,None,180.0,279,0
f0cd26d8a5ac9daf1713e917d65ac1c5a7e6d96e,46a9e,DJ Myosuke feat. tsugu - Sacrifice of Fools,Sacrifice of Fools,The Witch feat. Poochy,The-Witch,2025-05-05T05:14:17.114972Z,2025-05-05T05:07:44.885731Z,2026-03-03T04:43:31.137418Z,2026-03-03T04:43:09.527268Z,1,,1,0,None,220.0,131,0
f0cf5a938c1897e57dc0ce6bbd5ceb3ccb0ded94,3864b,So Sorry [Ranked],So Sorry,Rain Jur,rain-jur,2023-12-28T15:49:27.748896Z,2023-12-28T15:47:01.117691Z,2024-05-25T18:44:47.728129Z,2024-05-25T18:44:42.448317Z,1,2024-06-12T02:10:34.038068Z,1,0,None,150.0,203,0
f0ecc9046c58e12f440091b16c256f2ed7921a33,3c532,Artemas - i like the way you kiss me,i like the way you kiss me,decimate,decimate,2024-05-04T08:28:38.537807Z,2024-05-04T08:28:35.773335Z,2024-08-16T00:24:38.893458Z,2024-08-16T00:24:33.843111Z,1,2024-05-19T01:54:31.983002Z,1,0,None,151.56,146,0
f102c77f848203c7a5f472b96b177a13cd09b886,9b0e,B-ko (Cv:Touyama Nao) - Nisemono Chuuihou,Nisemono Chuuihou,Rune & TheRealZeroz,ryhme,2020-04-14T22:06:42.989Z,2020-04-14T22:06:42.989Z,2020-04-14T22:06:42.989Z,2020-04-14T22:06:42.989Z,1,,1,1,None,260.0,223,0
f15082586d31d238cfc33730c7d4a9bce4594d35,57c,Zzz (Nichijou ED) - Sasaki Sayaka,Zzz,Todokete,todokete,2018-06-17T01:58:06Z,2018-06-17T01:58:06Z,2018-06-17T01:58:06Z,2018-06-17T01:58:06Z,1,,1,1,None,154.0,248,0
f16443de4216fc5f9435f103d77a6919423edb8a,65,Prototyperaptor - Awe,Awe,Rustic,rustic,2018-05-13T19:54:41Z,2018-05-13T19:54:41Z,2018-05-13T19:54:41Z,2018-05-13T19:54:41Z,1,2018-05-13T19:54:41Z,1,1,None,128.0,234,0
f172a6f3b7061bf8ed321a65aba63d6e226ce6f2,360b,Mare Maris - M2U,Mare Maris,squeaksies,squeaksies,2019-02-14T17:29:32Z,2019-02-14T17:29:32Z,2019-02-14T17:29:32Z,2019-02-14T17:29:32Z,1,,1,1,None,151.0,135,0
f1a07ea1135baab16914f31325d789ba87fea53c,bb3c,[Ranked] Camellia - Alone intelligence,Alone intelligence,shrado & Pug,shrado,2020-07-07T22:57:47.017Z,2020-07-07T22:57:47.017Z,2020-07-07T22:57:47.017Z,2020-07-07T22:57:47.017Z,1,,1,1,None,150.0,215,0
f1a6f656d2a061732b069a80422be6f5c16f30e2,273bf,The Vaccines - Wrecking Bar (Ra Ra Ra),Wrecking bar (ra ra ra),Walmar,walmar,2022-06-29T01:51:47.995281Z,2022-06-29T01:50:42.279608Z,2022-06-29T01:51:47.995281Z,2022-06-29T01:50:42.279608Z,1,,1,0,None,180.0,82,0
f1bee161eb371ee9d0a93ea012d31b95ea2e8a5c,4b07a,bbno$ - gigolo,gigolo,Jonas,Jonas,2025-10-07T14:49:00.272645Z,2025-10-07T14:45:59.537044Z,2026-03-01T21:13:17.433802Z,2026-03-01T21:13:10.143243Z,1,2025-10-07T15:37:20.735094Z,1,0,None,200.0,120,0
f1ce6cb237c23abd8a26c3b54a5aebe157e48744,349ae,TWICE - Heart Shaker,Heart Shaker,Lalahti,Lalahti,2023-08-02T15:51:24.705388Z,2023-08-02T15:51:14.726840Z,2024-03-28T00:27:23.604627Z,2024-03-28T00:27:15.892821Z,1,2023-08-09T05:52:41.591671Z,1,0,None,164.0,188,0
f1d22ea0a91ae709e5cf7166d5aa556ef4537f01,7ced,For UltraPlayers SDVX,For UltraPlayers,Mystikmol & Loloppe,mystikmol,2020-01-07T10:21:28.098Z,2020-01-07T10:21:28.098Z,2020-01-07T10:21:28.098Z,2020-01-07T10:21:28.098Z,1,2020-01-07T10:21:28.098Z,1,1,None,201.0,126,0
f20aee51c31c0e0914f577bcbe8715017e7a47b7,3d2a8,F-777 - Sonic Blaster [2024 Remap] ,Sonic Blaster,Darkrealm7,Darkrealm7,2024-06-01T14:00:00.913873Z,2024-06-01T13:28:44.544670Z,2025-01-04T00:41:26.859379Z,2025-01-04T00:41:19.043359Z,1,,1,0,None,145.0,184,0
f21e5a3aa63d18911bb20c27ea2d320134223d93,18774,The Living Tombstone - It's Been So Long,It's Been So Long,shrado & Schwank,shrado,2021-05-27T23:08:39.162Z,2021-05-27T23:08:39.162Z,2021-05-27T23:08:39.162Z,2021-05-27T23:08:39.162Z,1,2022-04-20T01:50:00.049026Z,1,1,None,192.05,177,0
f22562d7e420f510bd773466b7b01b6e506de43b,1f9d2,[Ranked] Within Destruction - Harakiri,Harakiri,FatBeanzoop & Fvrwvrd,fatbeanzoop,2022-01-03T16:23:12.589365Z,2022-01-03T16:22:48.686520Z,2022-01-03T16:23:12.589365Z,2022-01-03T16:22:48.686520Z,1,,1,1,None,290.0,205,0
f2444f0bffb7d2bab08eb5c457f7a0f53e1e2985,fa33,Drop That Low - Tujamo,Drop That Low (When I Dip),Uninstaller,uninstaller,2020-10-06T04:19:10.230Z,2020-10-06T04:19:10.230Z,2020-10-06T04:19:10.230Z,2020-10-06T04:19:10.230Z,1,2020-10-06T04:19:10.230Z,1,1,None,126.0,141,0
f299dee0be7a2dcf68c28661eaeaad05bb81b7c6,123b9,Vitality,Vitality,Emir,Emiru,2021-01-03T17:25:28.878Z,2021-01-03T17:25:28.878Z,2021-01-03T17:25:28.878Z,2021-01-03T17:25:28.878Z,1,,1,1,None,175.0,205,0
f2ce1e7cbe7c629658f735c803cecee7c56ff9d0,19bfe,Still in my heart - PSYQUI (feat. puniquin)[R],Still in my heart,That_Narwhal,Narwall,2021-06-30T17:32:23.943Z,2021-06-30T17:32:23.943Z,2021-09-08T11:29:19.657472Z,2021-09-08T11:29:13.246758Z,1,,1,1,None,172.0,218,0
f34cb0c026e744f87abe07357bc0b29f62bbe197,2dcab,Yuta Imai - Kaibutsu Dance,Kaibutsu Dance,Hener,Hener,2023-01-06T01:14:16.408391Z,2023-01-06T01:11:47.641835Z,2023-01-11T03:19:01.903498Z,2023-01-11T03:18:58.996642Z,1,,1,0,None,200.0,189,0
f359c7b50c7174f45ee48744be0f396bcc93c905,12b27,Kobaryo [feat. Camellia] Villain Virus (EKU's Comfy Music Box Cover),Villain Virus,Denyah_ & Rusty,denyah_,2021-01-14T02:34:23.345Z,2021-01-14T02:34:23.345Z,2021-01-14T02:34:23.345Z,2021-01-14T02:34:23.345Z,1,,1,1,None,140.0,40,0
f369747c6b54914deaa163aae85816ba5a8c1845,449a,Fallen (Short Ver.) - EGOIST [V2],Fallen (Short Ver.),Uninstaller & Saut,uninstaller,2019-04-10T03:00:07Z,2019-04-10T03:00:07Z,2019-04-10T03:00:07Z,2019-04-10T03:00:07Z,1,2019-04-10T03:00:07Z,1,1,None,193.0,185,0
f36ec41a3f856050c4f86196b96f5527f8dd9538,25532,LVTHER - Some Kind Of Magic,LVTHER - Some Kind Of Magic,Darkrealm7,Darkrealm7,2022-05-07T09:49:00.339522Z,2022-05-07T00:17:20.915392Z,2022-05-07T09:49:00.339522Z,2022-05-07T00:17:20.915392Z,1,2022-06-15T17:31:48.763877Z,1,0,None,168.0,196,0
f39b7ebc77e944242afcac198d0d90aa98423d98,1956b,Aether Realm - One Hollow Word,One Hollow Word,Nolanimations,Nolanimations,2021-06-19T20:42:59.900Z,2021-06-19T20:42:59.900Z,2021-06-19T20:42:59.900Z,2021-06-19T20:42:59.900Z,1,,1,1,None,200.0,263,0
f3a6e9a2ade6c5d17b175db9769dec6f4fc2683c,4bf13,BABYMETAL - Distortion,Distortion,penguiin,penguiin,2025-11-08T11:41:08.042346Z,2025-11-08T11:41:01.665354Z,2026-06-08T04:45:44.745782Z,2026-06-08T04:45:37.300511Z,1,,1,0,None,195.0,188,0
f3c9e83b610a2cbe83e7f85f1c61319bcc4c0dd9,41b58,[Chroma] Sudden Appearance Image - Blacklolita,Sudden Appearance Image,BsNico,BsNico,2024-11-17T16:46:20.913633Z,2024-11-17T16:33:40.187305Z,2025-03-14T21:34:30.466197Z,2025-03-14T21:34:22.298837Z,1,,1,0,None,170.0,123,0
f3e8b3489852fd9707f18f79e55e1f8290108685,3cafb,Loossemble - Girls' Night,Girls' Night,"SomeTimothy, vivifromloona",SomeTimothy,2024-05-14T21:18:23.877241Z,2024-05-14T21:17:45.362855Z,2024-07-24T18:05:46.101088Z,2024-07-24T18:05:32.360850Z,1,2024-05-14T22:50:31.042529Z,1,0,None,117.0,207,0
f3f707a6bb61054c2c11124b0390faaeb685fa58,28240,I Prevail - Bad Things,Bad Things,Bytrius,Bytrius,2022-07-31T11:01:19.806607Z,2022-07-24T21:46:10.901273Z,2022-07-31T11:01:19.806607Z,2022-07-31T11:01:01.492145Z,1,2022-07-31T19:58:19.365241Z,1,0,None,184.0,231,0
f402008042efaca4291a6633ebb6b562e4adcd87,c32d,Ov Sacrament and Sincest - Infant Annihilator ft. Storm Strope,Ov Sacrament and Sincest,Rogdude,rogdude,2020-07-19T09:43:21.477Z,2020-07-19T09:43:21.477Z,2020-07-19T09:43:21.477Z,2020-07-19T09:43:21.477Z,1,,1,1,None,340.0,201,0
f4765a59e268a414464a39548e9e3978d2ac1162,503f0,[BL Ranked] Dance Gavin Dance - Strawberry's Daughters,Strawberry's Daughters,Slayx,Slayx,2026-04-10T14:39:14.419358Z,2026-04-10T14:37:42.231286Z,2026-04-10T14:39:14.419358Z,2026-04-10T14:37:42.231286Z,1,2026-04-13T00:32:21.902088Z,1,0,None,244.0,217,0
f4774b38ad87ce84eb981b6e704f1afbefcba854,1c523,"Demetori - Koyoi wa Hyouitsu na Egoist ~ Ego,Schizoid,Beat.","Koyoi wa Hyouitsu na Egoist ~ Ego,Schizoid,Beat.",SlimyBlob,SlimyBlob,2021-09-18T12:38:19.321176Z,2021-09-18T12:37:56.676146Z,2022-01-06T22:47:14.894116Z,2022-01-06T22:46:53.193563Z,1,2021-09-18T12:38:19.321176Z,1,1,None,180.0,537,0
f47a10da92194070933541a386abc004244c2cc4,33d6b,[Cinema] Tanchiky - ULTRA SYNERGY MATRIX,ULTRA SYNERGY MATRIX,Spinvvy,Spinvvy,2023-07-08T23:00:00.781758Z,2023-07-08T22:56:07.077398Z,2025-03-05T02:31:31.876114Z,2025-03-05T02:31:19.370344Z,1,,1,0,None,160.0,128,0
f499b0180e081c22acc8be0386d01c4c3c4c4368,a97b,"Jasted, Foxa & Chester Young - Too Far (ft. Cory Friesenhan)",Too Far,Teuflum & Halcyon12,Teuflum,2020-05-23T13:40:58.304Z,2020-05-23T13:40:58.304Z,2020-05-23T13:40:58.304Z,2020-05-23T13:40:58.304Z,1,2020-05-23T13:40:58.304Z,1,1,None,126.0,174,0
f4a7b0335869e42ff6a2fa82d2a527b0e6bc0c73,995,Energy Drink - Virtual Riot,Energy Drink,Virtual Riot,Moriik,2018-07-15T02:49:20Z,2018-07-15T02:49:20Z,2018-07-15T02:49:20Z,2018-07-15T02:49:20Z,1,,1,1,None,128.0,139,0
f4d4ccb86a7460cc04223f348a470c86ac10970b,2f9b2,Camellia - Embracing Intelligences,Embracing intelligences,shrado,shrado,2023-02-20T12:09:26.973994Z,2023-02-20T12:08:46.775613Z,2024-07-03T20:18:14.193367Z,2024-07-03T20:18:11.326444Z,1,2023-02-21T20:02:42.245739Z,1,1,None,106.0,226,0
f4da02bfec50efde4f2a1e4b89251e654b9c7353,12f33,USAO - Cyaegha [Ranked],Cyaegha,Timbo,Timbo,2021-01-20T14:40:59.467Z,2021-01-20T14:40:59.467Z,2021-01-20T14:40:59.467Z,2021-01-20T14:40:59.467Z,1,,1,1,None,200.0,140,0
f4e319db2c4ef676a3e6c79ca9383f1c836cef0e,323,Mitchie M f.Hatsune Miku - Future Overture (short ver.18) Old Version,Future Overture (Short ver.18),Dr_Marc,drmarc,2018-06-01T11:24:53Z,2018-06-01T11:24:53Z,2018-06-01T11:24:53Z,2018-06-01T11:24:53Z,1,,1,1,None,150.0,59,0
f4ea5b4b5b6004ebad86fabfb96409315dc621c3,999e,[Ranked] t+pazolite & Getty - Twisted Drop Party,Twisted Drop Party,abcbadq,abcbadq,2020-04-11T14:52:29.918Z,2020-04-11T14:52:29.918Z,2023-06-06T14:14:52.455248Z,2020-04-11T14:52:29.918Z,1,,1,1,None,200.0,186,0
f4f54a3c3bdb59d6766f2fe07e540dcb44af3575,3bfa2,[Rank] Zhao Fang Jing - Grain in Ear (芒種),Grain in Ear,Bellus,Bellus,2024-04-21T11:24:28.989206Z,2024-04-21T11:20:37.575106Z,2024-10-10T21:36:13.884227Z,2024-10-10T21:36:07.949897Z,1,2024-04-25T04:02:47.603427Z,1,0,None,200.0,215,0
f51107032366a868319ceb77ca4f56e1d1db94bd,11bde,Phantom's Wonderland - Kazmasa (feat. Hatsune Miku & IA),Phantom's Wonderland,"Skeelie, ETAN, AaltopahWi",Skeelie,2020-12-20T09:31:45.158Z,2020-12-20T09:31:45.158Z,2020-12-20T09:31:45.158Z,2020-12-20T09:31:45.158Z,1,2020-12-20T09:31:45.158Z,1,1,None,110.0,282,0
f51f4120bdd0353377842098f0eb6095f5718d01,3aae4,[Chroma] Fvrwvrd - Feel The Same,Feel The Same,Darkrealm7,Darkrealm7,2024-03-07T21:25:47.749990Z,2024-03-07T21:25:40.400833Z,2024-03-07T21:25:47.749990Z,2024-03-07T21:25:40.400833Z,1,2024-03-14T00:37:47.134699Z,1,0,None,100.0,192,0
f53b115d35c581fda4ec13360f7957d6808703d8,10f87,Camellia - =El=Dorado=,=El=Dorado=,Shappy,shappy,2020-11-14T21:58:32.073Z,2020-11-14T21:58:32.073Z,2020-11-14T21:58:32.073Z,2020-11-14T21:58:32.073Z,1,,1,1,None,180.0,282,0
f5fbd914e8349d324b11e2ebb082d5961eb7deb9,bcf3,Mea Hoshino - Suisei　星乃めあ / 彗星,Suisei,SmileEaglet,SmileEaglet,2020-07-10T14:26:19.504Z,2020-07-10T14:26:19.504Z,2020-07-10T14:26:19.504Z,2020-07-10T14:26:19.504Z,1,,1,1,None,190.0,200,0
f614d35d48ee11674303b0f1591849225ad2336c,31516,Kobaryo - Chocolate Lily,Chocolate Lily,Emilia,Emymap,2023-04-08T06:38:12.727988Z,2023-04-08T06:38:07.465293Z,2023-11-14T07:16:58.946428Z,2023-11-14T07:15:53.787326Z,1,,1,0,None,282.0,135,0
f6710fde8a0f31753edd25f09c90d4f8bacf5186,2c22e,[TMM Pack] AJR - The DJ Is Crying For Help [V3],The DJ Is Crying For Help,Lekrkoekj & Scorefam,Lekrkoekj,2022-11-20T12:52:44.630765Z,2022-11-18T16:56:41.110982Z,2023-01-02T10:16:21.885684Z,2023-01-02T10:14:50.648581Z,1,2022-11-20T21:26:08.701469Z,1,0,None,145.0,220,0
f6a2e45d113bb5b36d1e797f4dc8563b28e1ab6d,3574c,Oh well. - Burning Candles,Burning Candles,Phøenix,Phoenix,2023-09-05T00:05:37.464951Z,2023-09-04T23:58:17.499170Z,2023-09-05T00:05:37.464951Z,2023-09-05T00:05:17.138442Z,1,2023-09-08T05:42:31.461155Z,1,0,None,106.0,140,0
f6a4584bffd6dd4d47809dd1f8fbf088b6205c45,32788,Algorithm - M2U,Algorithm,Pleo,pleo,2023-05-18T22:38:20.096320Z,2023-05-18T22:31:54.054550Z,2023-06-25T21:49:49.834560Z,2023-06-25T21:48:52.249668Z,1,2023-05-20T17:10:50.008127Z,1,0,None,128.0,121,0
f6ca29a3e69fd2af9779773b2675525272daf561,36b62,Boy Kisser (song),Boy kisser,ItsNoot3rch,ItsNoot3rchUwU,2023-10-28T01:48:34.842766Z,2023-10-28T01:48:19.535374Z,2023-12-05T04:40:46.500608Z,2023-12-05T04:40:40.918525Z,1,,1,0,None,100.0,108,0
f6dc653a9fed9eedf12c55163e508fde404736b7,11cc8,Ghost Family Living In Graveyard - Roughsketch,Ghost Family Living In Graveyard,Helloiamdaan & miitchel,helloimdaan,2020-12-20T17:51:13.121Z,2020-12-20T17:51:13.121Z,2020-12-20T17:51:13.121Z,2020-12-20T17:51:13.121Z,1,,1,1,None,238.0,131,0
f6dd485159f3f4b5913d55e674852d827464bae3,2ecc3,"glass beach - cold weather (dentalstonk's ""360 BPM To Spite You All"" Remix, ""Most Normal Ranked Map"" Edit)",cold weather,dentalstonk,dentalstonk,2023-01-29T14:50:09.123644Z,2023-01-29T14:50:02.006018Z,2023-01-31T22:15:00.085258Z,2023-01-31T22:14:54.458840Z,1,,1,0,None,360.0,173,0
f701fb1854fcf18f42c09da9bce7d5d701e40723,3a6b1,[BL Ranked] [V3] BPOT (Bills Paid On Time) - bbno$,BPOT,steeak,steeak,2024-02-26T20:33:10.490086Z,2024-02-26T20:32:31.636125Z,2024-04-16T21:51:42.983014Z,2024-04-16T21:50:59.553818Z,1,,1,0,None,103.0,70,0
f70a76ffa0f9958e10627650b17c253eabc8a895,9e68,MARENOL - LeaF,MARENOL,Skeelie,Skeelie,2020-04-23T23:49:14.030Z,2020-04-23T23:49:14.030Z,2020-04-23T23:49:14.030Z,2020-04-23T23:49:14.030Z,1,2020-04-23T23:49:14.030Z,1,1,None,140.0,149,0
f77728bb6bffd097e6e4c10ccbe72b5e8a51ff82,21f6,dj TAKA - quaver (Updated),quaver,Hexagonial,hexagonial,2018-11-24T16:20:05Z,2018-11-24T16:20:05Z,2018-11-24T16:20:05Z,2018-11-24T16:20:05Z,1,,1,1,None,182.0,211,0
f7a1f70a62a5a46f5cb53da3f9f2666a1ed7a8f4,205d2,ReeK - Multigenre Smackdown,Multigenre Smackdown,Huh,Huh,2022-01-18T11:35:20.883326Z,2022-01-18T11:34:06.218169Z,2022-04-03T03:01:27.231433Z,2022-04-03T03:00:08.216948Z,1,2022-04-03T18:48:24.472405Z,1,0,None,160.0,424,0
f7c0f9bea4a961aaf1e1929f48174606e59692a9,e4dc,Nitro Fun - New Game,New Game,Nolanimations,Nolanimations,2020-09-06T19:18:38.365Z,2020-09-06T19:18:38.365Z,2020-09-06T19:18:38.365Z,2020-09-06T19:18:38.365Z,1,,1,1,None,128.0,263,0
f7e24afb4a3d199c68b824c2428ff08c78cee707,1ea1e,[RANKED] Kagetora - Crazy banger,Crazy banger,Aquaflee,Aquaflee,2021-12-05T19:47:34.209790Z,2021-12-05T19:45:55.148704Z,2022-06-17T15:16:32.307615Z,2022-06-17T15:16:10.326729Z,1,,1,1,None,320.0,121,0
f7e5ba8295c1040e1dbdc69f5f4c21a0557d960f,1aeb,Be Wild - Camellia (Note Fix),Be Wild,DankruptMemer,dankruptmemer,2018-10-19T08:21:30Z,2018-10-19T08:21:30Z,2018-10-19T08:21:30Z,2018-10-19T08:21:30Z,1,,1,1,None,160.0,300,0
f7fc9d344c177aaa0d082d66ffa50b383057f56b,13366,[Ranked] Juggernaut. - Xeon,Xeon,abcbadq,abcbadq,2021-01-27T01:21:31.149Z,2021-01-27T01:21:31.149Z,2023-06-06T14:27:26.416070Z,2021-01-27T01:21:31.149Z,1,,1,1,None,160.0,251,0
f818602d3f27490e1c4d6c6540922b75403c1d40,4344c,(G)I-DLE - Nxde (Short Ver.),Nxde,Jabob,Jabob,2025-01-15T03:20:58.015718Z,2025-01-15T03:20:47.028965Z,2025-04-25T16:33:11.323493Z,2025-04-25T16:33:07.040278Z,1,2025-01-16T16:19:48.255002Z,1,1,None,136.0,121,0
f83ef9e57de3dadf0e29f1dd470e3d10ef721196,1ec9,Junghwan Park - Another Dimension,Another Dimension,Bakuenjin,bakuenjin,2018-11-07T19:36:51Z,2018-11-07T19:36:51Z,2018-11-07T19:36:51Z,2018-11-07T19:36:51Z,1,,1,1,None,172.0,123,0
f897ebeed22c678f9758eabefb9e9c032a8e371c,14107,Nana - Geoxor,Nana,Skeelie,Skeelie,2021-02-15T15:56:28.932Z,2021-02-15T15:56:28.932Z,2021-02-15T15:56:28.932Z,2021-02-15T15:56:28.932Z,1,2021-02-15T15:56:28.932Z,1,1,None,128.0,252,0
f899d796631738754fc7b82464f4bba30196b5b9,2951c,"Pipopipo People People(feat. Wotoha, Neko Hacker)",Pipopipo People People,BigSlick,bigslick,2022-08-28T07:34:46.100211Z,2022-08-28T07:05:17.148638Z,2023-01-10T14:49:08.554213Z,2023-01-10T14:48:32.369098Z,1,2022-08-28T13:09:36.701604Z,1,0,None,230.0,214,0
f8a813ed730930ac072a3be975146ccabfcb3510,233d2,[Chroma] Raven & Kreyn feat. Mingue - Be Better,Be Better,JRE_McNuggies & Taragon123,JRE_McNuggies,2022-03-20T01:33:01.872383Z,2022-03-20T01:31:41.489126Z,2022-03-20T01:33:01.872383Z,2022-03-20T01:31:41.489126Z,1,2022-03-22T01:56:26.158650Z,1,0,None,126.0,164,0
f8b335049de22f45fdc4bc32d81a7bbb25927cb7,3e50b,Icona Pop - I Love It (feat. Charli XCX),I Love It,BrightKnight,brightknight,2024-07-10T03:11:57.021985Z,2024-07-10T02:58:07.303003Z,2024-09-25T19:07:54.034608Z,2024-09-25T19:07:17.211489Z,1,2024-07-22T01:07:22.689249Z,1,0,None,126.0,156,0
f8c2adb72de335490f2c5f4d0a39ccdcc70ad366,2c9bf,"fripside - Sister's Noise (takehirotei ""20001th noise"" remix)",Sister's Noise,anammelech,anzu7,2022-12-03T07:48:24.127316Z,2022-12-03T07:48:03.290447Z,2023-03-11T18:28:37.304950Z,2023-03-11T18:28:33.268202Z,1,,1,0,None,388.0,148,0
f8d3272ba4d4648e0680dbf761ce113ee9888efe,3aa01,[BL RANKED] haunt - wish you were here,wish you were here,Classicstar,Classicstar,2024-03-05T22:14:07.593278Z,2024-03-05T22:13:07.388055Z,2024-06-20T14:15:40.039083Z,2024-06-20T14:14:47.719193Z,1,,1,0,None,243.0,120,0
f913df314aad6313df6ba4803e64f89b987348de,4229b,rvp7vre,rvp7vre,wangyufy,wangyufy,2024-12-06T15:04:29.279288Z,2024-12-06T15:00:59.805457Z,2025-02-26T04:06:00.192993Z,2025-02-26T04:05:29.987673Z,1,2024-12-11T19:59:09.128818Z,1,0,None,190.0,151,0
f92b703ac8007ce87239d608e0c62f8718dcd1b1,26e4e,I Prevail - Body Bag,Body Bag,Bytrius,Bytrius,2022-06-19T06:44:26.324327Z,2022-06-19T06:44:20.359961Z,2022-06-19T06:44:26.324327Z,2022-06-19T06:44:20.359961Z,1,2022-06-19T13:03:58.955544Z,1,0,None,210.0,199,0
f9537c38bdfcaa3e42ed6d01ccca22d34e157b7e,e2c3,Demon’s Jingles - Kobaryo,Demon's Jingles,Helloiamdaan & ItsVasili,helloimdaan,2020-09-03T05:18:38.285Z,2020-09-03T05:18:38.285Z,2020-09-03T05:18:38.285Z,2020-09-03T05:18:38.285Z,1,,1,1,None,200.0,216,0
f95fe8c8e2cbc683fa516602f5ef07ab5fb0d864,36cbb,[Chroma] Ardolf - (execute.),(execute.),Phøenix,Phoenix,2023-10-31T21:45:05.442436Z,2023-10-31T21:39:32.615068Z,2023-10-31T21:45:05.442436Z,2023-10-31T21:39:32.615068Z,1,,1,0,None,220.0,140,0
f973a3e8ec6e929da3cf21252c39afba8ad97e04,2e9aa,Rugburn - sad alex,Rugburn,TG90,TG90,2023-01-25T02:46:27.015593Z,2023-01-25T02:36:24.922017Z,2023-01-25T02:46:27.015593Z,2023-01-25T02:36:24.922017Z,1,2023-01-25T22:10:39.682143Z,1,0,None,139.0,142,0
f99fb53fd30f612e7716898c446984f50bc4c37d,6c62,M1917 - a crowd of rebellion,M1917,Aithke & Loloppe,aithke,2019-10-26T16:57:33.179Z,2019-10-26T16:57:33.179Z,2019-10-26T16:57:33.179Z,2019-10-26T16:57:33.179Z,1,,1,1,None,207.0,241,0
f9ac70b21601632404de719896fc7a692f5cf617,12ed7,[Ranked] Camellia - NUCLEAR-STAR,NUCLEAR-STAR,abcbadq,abcbadq,2021-01-20T02:08:18.202Z,2021-01-20T02:08:18.202Z,2023-06-06T14:27:36.754441Z,2021-01-20T02:08:18.202Z,1,,1,1,None,199.0,292,0
f9e8a7144fa55b1d359ddaeee2521ac6a3d14ea0,3da61,NAYEON - ABCD,ABCD,"Lalahti, Jonas_0_0",Lalahti,2024-06-15T17:46:47.242398Z,2024-06-15T17:45:32.058059Z,2024-09-11T17:10:05.994139Z,2024-09-11T17:09:55.827092Z,1,2024-10-06T05:34:30.366809Z,1,0,None,106.0,163,0
f9ee34b06e37c29ffed6bd91da00f57d3b246cad,12d56,BUCK WILD - t+pazolite,BUCK WILD,ComplexFrequency & Helloiamdaan,helloimdaan,2021-01-17T17:31:39.624Z,2021-01-17T17:31:39.624Z,2021-01-17T17:31:39.624Z,2021-01-17T17:31:39.624Z,1,,1,1,None,270.0,264,0
f9fa91a7676b037041f43fbecd88c9023253017a,2fa03,[RANKED] Laur - ∞Bit Sequencer,∞Bit Sequencer,Fnyt,Fnyt,2023-02-20T23:49:44.529441Z,2023-02-20T23:40:02.956842Z,2023-05-26T23:51:14.117536Z,2023-05-26T23:50:48.766789Z,1,,1,1,None,256.0,197,0
fa3705abac06d9df2ac533c210f8c3d671d5ba2d,18218,Kobaryo - Endless Adventure [Ranked],Endless Adventure,Timbo,Timbo,2021-05-20T19:28:16.455Z,2021-05-20T19:28:16.455Z,2021-05-20T19:28:16.455Z,2021-05-20T19:28:16.455Z,1,,1,1,None,232.0,239,0
fa4a360d6eefb377fecdc58629844206d1a16051,43ab4,"ericdoa, glaive - throw it up",throw it up,Parapass & GojiCrafter,para,2025-01-27T05:59:16.180744Z,2025-01-27T05:58:53.354918Z,2025-07-14T21:11:27.933726Z,2025-07-14T21:11:19.801190Z,1,,1,0,None,146.0,163,0
fa6576f2cd906ba1a38c3ae887428c549299cdd6,16f24,t+pazolite - !!!Chaos Time!!! (Kobaryo's FTN-Remix),!!!Chaos Time!!!,Vilawes & Jabob,vilawes,2021-04-20T18:54:09.292Z,2021-04-20T18:54:09.292Z,2021-04-20T18:54:09.292Z,2021-04-20T18:54:09.292Z,1,,1,1,None,270.0,250,0
fa8661a86334901dde72070b47a6b68541f88e66,3b37b,[ILLIT PACK] ILLIT - Magnetic,Magnetic,"minsiii, Jonas_0_0",minsiii,2024-03-26T17:00:00.749555Z,2024-03-26T16:57:02.510637Z,2024-04-20T12:41:53.758177Z,2024-04-20T12:39:02.982822Z,1,2024-03-27T08:20:25.616492Z,1,0,None,131.0,161,0
faaf10021bd1cec27e6e2a70dd19c9e1cdf2ac78,13de6,Ultimate Ascension[R],Ultimate Ascension,Narwhal and Complex,Narwall,2021-02-11T00:18:07.749Z,2021-02-11T00:18:07.749Z,2021-02-11T00:18:07.749Z,2021-02-11T00:18:07.749Z,1,,1,1,None,200.0,125,0
faec3b7ef37931477dd664fca5e8eb1cc607ceb5,3aeb1,CALAMITY RHAPSODY,CALAMITY RHAPSODY,Cratornugget,Cratornugget,2024-03-15T17:53:39.197779Z,2024-03-15T17:53:17.421513Z,2024-03-20T03:09:18.476097Z,2024-03-20T03:09:07.386768Z,1,2024-03-20T19:57:19.647557Z,1,0,None,200.0,295,0
fb2ab52d919b46a353500d60f78b69bcd26c93fc,d751,Koda Kumi - Guess Who is Back (TV Size),Guess Who Is Back,carrot,carrot090,2020-08-16T05:49:28.503Z,2020-08-16T05:49:28.503Z,2020-08-16T05:49:28.503Z,2020-08-16T05:49:28.503Z,1,,1,1,None,183.0,89,0
fb5f67cdab3635cdc74256f25fdda9691f729494,41293,t+pazolite - Emergency Curtain Call,Emergency Curtain Call,charlie1epicdude & drytoph,charlie1epicdude,2024-10-26T18:43:49.367038Z,2024-10-26T18:20:25.331403Z,2025-02-19T11:53:05.795423Z,2025-02-19T11:52:58.110331Z,1,2025-03-30T12:52:33.160177Z,1,0,None,229.0,306,0
fb8276044a1c5e4267f4c2e4398c19a41a9fc223,39ebb,Camellia - Anomaly,ANOMALY,UglyApe,UglyApe,2024-02-12T00:39:44.246152Z,2024-02-12T00:39:36.273379Z,2024-03-01T22:21:39.014284Z,2024-03-01T22:21:28.166083Z,1,,1,0,None,210.0,266,0
fb8a5a849fc7a2875a04fc7a2c329e3b3efcfff1,3e871,t+pazolite - Muzik Overload,Muzik Overload,risi,risi_,2024-07-17T20:28:55.812315Z,2024-07-17T20:26:18.715509Z,2024-07-17T20:28:55.812315Z,2024-07-17T20:26:18.715509Z,1,,1,0,None,220.0,188,0
fbabdaf01eb3468314b368d8a1910db6f45f1c0a,409eb,[Chroma] Mark 'Oh - Scatman (Ryu☆Remix),Scatman,shrado,shrado,2024-10-03T05:34:25.516699Z,2024-10-03T05:34:19.394865Z,2024-12-23T13:36:07.503782Z,2024-12-23T13:36:05.007896Z,1,2024-10-28T13:15:04.832912Z,1,1,None,149.0,149,0
fbacad01ff82c3457fd0e5a1907d5c1c07a20a93,ba09,IZANA[R],IZANA,That_Narwhal,Narwall,2020-07-06T02:29:19.672Z,2020-07-06T02:29:19.672Z,2020-07-06T02:29:19.672Z,2020-07-06T02:29:19.672Z,1,,1,1,None,222.0,125,0
fbd8b9338bffb98555a10c69887234fac959d83d,155,Midnight City - M83,Midnight City,BennyDaBeast,bennydabeast,2018-05-20T18:56:28Z,2018-05-20T18:56:28Z,2018-05-20T18:56:28Z,2018-05-20T18:56:28Z,1,2018-05-20T18:56:28Z,1,1,None,105.0,234,0
fbda85343aa913c8c44dcd0e86e1d616691e4d0e,10990,Icarian Beam - Kotori,Icarian Beam,Skeelie,Skeelie,2020-11-04T18:43:03.545Z,2020-11-04T18:43:03.545Z,2020-11-04T18:43:03.545Z,2020-11-04T18:43:03.545Z,1,,1,1,None,145.0,278,0
fc03684365d04f38e734abece6848e57901d312d,1a740,Within Destruction - No Way Out v1,No Way Out,Emilia,Emilia,2021-07-20T02:23:56.551Z,2021-07-20T02:23:56.551Z,2022-04-26T00:09:39.007192Z,2021-09-23T17:04:21.073495Z,1,,1,1,None,320.0,199,0
fc1f7584f275568fed0288e953085a60d05d2a19,2ffd3,cYsmix - Triangles,Triangles,AlephCubed,AlephCubed,2023-03-03T05:53:57.194253Z,2023-03-03T05:51:22.050521Z,2023-05-14T03:45:34.900733Z,2023-05-14T03:45:27.474003Z,1,,1,0,None,160.0,127,0
fc5e6d1c214b4d7fee2d5e6bcf72542ddee1c073,cd61,[Ranked]Kobaryo - Endless Adventure,Endless Adventure,Soba`s,Sobas,2020-08-03T02:02:20.024Z,2020-08-03T02:02:20.024Z,2020-08-03T02:02:20.024Z,2020-08-03T02:02:20.024Z,1,,1,1,None,232.0,241,0
fca74a2533b79da20b6398ad32eb9ed2d768461e,3806a,ReeK - Mariah Carey Fucking Dies In A Multigenre Death Loop,Mariah Carey Fucking Dies In A Multigenre Death Loop,Various Mappers,August.,2023-12-15T22:11:14.156412Z,2023-12-15T22:08:54.943932Z,2024-01-26T18:42:36.942141Z,2024-01-26T18:42:26.506238Z,1,2024-01-27T11:17:39.033527Z,1,0,None,150.0,258,0
fcb234acf54027fbf4678ddcd4764e3ac975a6f2,81b4,Jack Stauber - Cupid,Cupid,shrado,shrado,2020-01-26T14:07:35.294Z,2020-01-26T14:07:35.294Z,2020-01-26T14:07:35.294Z,2020-01-26T14:07:35.294Z,1,,1,1,None,165.64,38,0
fcc07121028bd89a29998b8cabf668964f9ee585,1d3f1,Camellia - GHOUL,GHOUL,Coolpick & Alpal,coolpick,2021-10-20T23:46:15.448757Z,2021-10-20T23:45:55.295062Z,2022-01-08T18:58:28.031928Z,2022-01-08T18:56:09.616233Z,1,2021-10-20T23:46:15.448757Z,1,1,None,230.0,272,0
fcd2fd6dad7efc7b06636e838078210b3eac608a,6b36,[Ranked] NANI THE FUCK!!,NANI THE FUCK!!,Hoppaw & ExUnReal,Hoppaw,2019-10-20T21:39:32.268Z,2019-10-20T21:39:32.268Z,2019-10-20T21:39:32.268Z,2019-10-20T21:39:32.268Z,1,,1,1,None,175.0,265,0
fd09e47efe33fc312188a3f55eb13ef286647501,106a3,I Can't Breathe - Srav3r,I Can't Breathe,Shappy,shappy,2020-10-30T23:36:12.967Z,2020-10-30T23:36:12.967Z,2020-10-30T23:36:12.967Z,2020-10-30T23:36:12.967Z,1,,1,1,None,175.0,249,0
fd34b0279836820254c31552c5753291acbcbb95,12b62,USAO - Climax [Ranked],Climax,Timbo,Timbo,2021-01-14T11:56:39.803Z,2021-01-14T11:56:39.803Z,2021-01-14T11:56:39.803Z,2021-01-14T11:56:39.803Z,1,2022-05-29T13:05:01.932483Z,1,1,None,190.0,156,0
fd58b27e3ee2d176211c7f53d4a4122cc378aa6c,124d2,Alone,ALONE,muffn & SimplyMarvellous,muffn,2021-01-05T21:31:36.266Z,2021-01-05T21:31:36.266Z,2021-01-05T21:31:36.266Z,2021-01-05T21:31:36.266Z,1,,1,1,None,200.0,213,0
fda7a10b2039b6cbac77fc917080ff9c78799d21,b579,ginkiha x Hommarju x t+pazolite - CROSSING DELTA,CROSSING DELTA,DeleteElDiablo,Colrilu,2020-06-24T00:41:53.868Z,2020-06-24T00:41:53.868Z,2020-06-24T00:41:53.868Z,2020-06-24T00:41:53.868Z,1,,1,1,None,180.0,219,0
fdcf6854379007b211b5b62919f907f8d3a53fff,18f4e,RoughSketch - Ghost Family Living In Graveyard[R],Ghost Family Living In Graveyard,"Jabob, Narwhal & Schwank",Narwall,2021-06-08T20:12:30.452Z,2021-06-08T20:12:30.452Z,2021-06-08T20:12:30.452Z,2021-06-08T20:12:30.452Z,1,,1,1,None,238.0,131,0
fdf4cac3542d6c419776944e0880903fda3c9bb4,1e089,"{Chroma} Trivecta, Karra - Break Me (V2)",Break Me (V2),Swifter1243,Swifter,2021-11-16T19:53:43.378106Z,2021-11-16T19:49:13.068507Z,2021-11-16T19:53:43.378106Z,2021-11-16T19:49:13.068507Z,1,2021-11-16T19:53:43.378106Z,1,0,None,152.0,222,0
fe11de025507edb62ef35cf55348b74ee52bb539,27767,[Chroma] ALESDA! - Nikoniko,Nikoniko,Phøenix,Phoenix,2022-07-09T14:21:34.752093Z,2022-07-06T01:02:23.016330Z,2022-09-04T02:09:28.746629Z,2022-09-04T02:09:24.644178Z,1,2022-07-21T00:39:22.219530Z,1,0,None,190.0,146,0
fe966f1274a54ca2e6fcf25b5c439c5e0b431c9f,1ace9,[RANKED] Toby Fox - Start Menu,Start menu,D7oomyAli,D7oomyAli,2021-07-31T19:39:38.458Z,2021-07-31T19:39:38.458Z,2021-07-31T19:39:38.458Z,2021-08-10T20:58:29.271913Z,1,,1,1,None,90.0,35,0
fe9bf6533a8cfe9e7e480e04bbf9e3fbce25254c,48445,Astrum - Yooh [BSWC 2025],Astrum,Serephor,Serephor,2025-07-06T09:45:00.363267Z,2025-07-04T12:08:27.435431Z,2025-11-08T14:58:02.087819Z,2025-11-08T14:57:51.789910Z,1,2025-07-08T16:34:42.681594Z,1,0,None,185.0,180,0
fedbba8a72ec41440a24232eb645887c2fce5eb5,13e0d,[Ranked] t+pazolite - BIG HEAD BANGING (Uncut Edition),BIG HEAD BANGING,Jabob,Jabob,2021-02-11T04:36:42.721Z,2021-02-11T04:36:42.721Z,2021-02-11T04:36:42.721Z,2021-02-11T04:36:42.721Z,1,,1,1,None,240.0,251,0
ff0151fd1cf849a3fdfc99c8ba92b5bfa311f882,11c77,[Ranked] t+pazolite - CENSORED!!,CENSORED!!,Jabob,Jabob,2020-12-20T15:03:19.179Z,2020-12-20T15:03:19.179Z,2020-12-20T15:03:19.179Z,2020-12-20T15:03:19.179Z,1,,1,1,None,195.0,117,0
ff2126d0a76f6e57b5b881d200194fc1ff30b3c2,fa95,Camellia - Diastrophism (“Anamorphism” Long ver.) [jubeat clan],Diastrophism,Jez & FatBeanzoop,jez,2020-10-06T17:19:43.724Z,2020-10-06T17:19:43.724Z,2020-10-06T17:19:43.724Z,2020-10-06T17:19:43.724Z,1,,1,1,None,228.0,258,0
ff242b74981b9b1f758ea34d30f9fe6eed67c765,27ce6,Kairiki Bear - Iya Girl,Iya Girl,Yaomin,yaomin,2022-07-15T10:46:26.639884Z,2022-07-15T10:45:21.180030Z,2022-07-15T10:46:26.639884Z,2022-07-15T10:45:21.180030Z,1,2022-07-17T17:00:31.428294Z,1,0,None,192.0,191,0
ff4bb1df4d36edde892da375fe60ea34fef8b7a0,13069,DJ Noriken - Quon,Quon,+1 Rabbit,plusonerabbit,2021-01-22T06:15:44.853Z,2021-01-22T06:15:44.853Z,2021-01-22T06:15:44.853Z,2021-01-22T06:15:44.853Z,1,2021-01-22T06:15:44.853Z,1,1,None,170.0,125,0
ff8da3d6fdeb31019ccc9b2bc462cb7051589daf,6aa7,USAO - Boss Rush,Boss Rush,Loloppe,loloppe,2019-10-19T03:58:29.563Z,2019-10-19T03:58:29.563Z,2023-06-26T03:44:07.143840Z,2023-06-26T03:43:55.815444Z,1,,1,0,None,190.0,126,0
ffa96e9d11e1d2112c79e6a79112501b9295fb09,a3d8,RIOT - The Mob,The Mob,EpicEwok,epicewok,2020-05-08T04:26:11.730Z,2020-05-08T04:26:11.730Z,2020-05-08T04:26:11.730Z,2020-05-08T04:26:11.730Z,1,,1,1,None,150.0,258,0
ffdbda9bf019e10fb15df31ef1f43f23e4c7f669,2990a,Kakeru - Do you love me? feat. りんたる,Do you love me?,SpaceDorito,AngrySpaceDorito,2022-09-03T18:44:26.635719Z,2022-09-03T18:42:47.553192Z,2022-10-17T22:05:00.856973Z,2022-10-17T22:04:42.131044Z,1,,1,0,None,150.0,226,0
ffeec65efc5212b770d6deed6f9ad766914d7635,1ed01,All My Love (feat. Conor Maynard) (Sagan Remix) - Cash Cash,All My Love,Olaf & RFCaps,olaf,2021-12-11T21:31:57.242815Z,2021-12-11T21:31:52.201013Z,2022-04-14T12:40:49.012226Z,2022-04-14T12:40:27.460036Z,1,2022-03-30T18:02:06.131944Z,1,1,None,256.0,206,0
fff5705f1178d65fa33d8b5292496ae1126ff555,184df,[RANKED] Maroon 5 - Payphone (feat. Wiz Khalifa),Payphone,nolan121405,nolan121405,2021-05-24T15:50:01.954Z,2021-05-24T15:50:01.954Z,2021-05-24T15:50:01.954Z,2021-08-12T17:45:23.535929Z,1,2021-05-24T15:50:01.954Z,1,1,None,110.0,232,0
