lb_id,d,n,d_hat,d_hat_cv,ml_err,predicted_acc,acc_rating,stars
242dc11,-0.6911854634807358,516,-0.7658602587271515,-0.7596313580393681,-4.786425311621943,0.991657775,3.41747047,1.60145041
2326b11,-0.8445282189341602,242,-0.80355411789512,-0.8090704751554996,-4.796644663251399,0.991742593,4.20653677,2.29135264
20db5xxxx11,-0.44183641076112795,1012,-0.43897587782132946,-0.4301524586937031,-4.332290556117791,0.986862579,6.07572126,4.00150094
29715xxx11,-0.8301493059106171,1234,-0.81918132167257,-0.8234603146423471,-5.071231197575061,0.99372531,2.61736944,1.26067616
2698d51,-0.4253331903826521,1353,-0.4730967080616108,-0.4812240065483414,-4.458658897863399,0.98842212,5.46809196,3.41858644
258d131,-0.727528224983866,156,-0.7305700138709973,-0.7333848951530867,-4.633099092232063,0.990275425,4.7903347,2.48921879
242dc31,-0.5877736441839362,534,-0.6794889362069317,-0.6740091618637825,-4.614012968399529,0.990088038,4.25821496,2.21862529
1fd41x11,-0.6441727666718264,326,-0.6866807165845623,-0.6689167835980444,-4.464239014384432,0.988486546,5.44132948,3.19604345
1f75d31,-0.5132982676816684,171,-0.4452756725665888,-0.452784821724083,-4.414497348417589,0.987899365,5.69538307,3.11736796
24d40x11,-0.7635238132890066,182,-0.7911758056843048,-0.785413210447521,-4.607457600126221,0.990022848,4.87264442,2.61554366
26e4e11,-0.6294378136453181,234,-0.6126168574791938,-0.6248273433879838,-4.497789332587677,0.988866418,5.28870773,3.37655317
2767cx31,-0.7352819773397369,68,-0.6674364204192352,-0.659744943105134,-4.475605274459257,0.98861667,5.38806677,3.01017145
2e44c11,-0.7050023714989809,137,-0.6329733391521295,-0.6416618096073347,-4.576468838634586,0.989708828,4.97900724,2.64798678
3269311,-0.6389164898959684,363,-0.802103843049513,-0.7954179183795923,-4.672196706297024,0.990648296,4.62944221,2.52649923
2698d31,-0.6032894874560552,544,-0.7615314883718249,-0.7691264446145946,-4.8008773313823365,0.99177747,4.19432449,2.04675469
258d151,-0.5719691358466018,170,-0.6037000696207792,-0.608251845544808,-4.383387720531135,0.987517002,5.8379097,3.34981977
242dc51,-0.49391578146189474,1047,-0.4741513139078913,-0.4766921947418204,-4.39974980633735,0.987719588,5.76802015,3.49294604
81b471,-0.5124171423264541,742,-0.33677052504434934,-0.32314805331923574,-4.316690007107995,0.986656021,5.00595088,3.03029809
101a051,-0.35104507813373464,824,-0.22861928991411476,-0.21931285491860028,-4.337077361099567,0.986925315,5.17789651,3.70413003
12b2731,-0.8267488486685327,908,-0.8207570504580373,-0.8171423216777317,-5.021781078219027,0.993407226,2.67438406,1.16266661
12b2751,-0.53761393560873,2896,-0.46337296922700166,-0.45296641888659245,-4.454592510316021,0.988374944,4.68297078,2.90133462
12b2711,-0.864010906973574,1007,-0.863442359987749,-0.8563340924565795,-5.129185073625614,0.994078616,2.26275928,0.904030506
18fdf31,-0.4288705097064449,933,-0.5261180444067983,-0.5172218677581911,-4.440269071148231,0.988207235,4.57097172,2.92673845
18fdf11,-0.6704686662601456,951,-0.8951678417255104,-0.8902605537525425,-5.146656755799695,0.994181174,2.4178125,1.07928093
29715xxx51,-0.558585424241837,2060,-0.5703005482110135,-0.5682915341663995,-4.4546141018429575,0.988375195,5.48775101,3.56429232
26af7xxx31,-0.6140917517497327,549,-0.6283339638800731,-0.6319432856197165,-4.602332017401597,0.989971578,4.88969851,3.00373782
29715xxx31,-0.6771349061736239,1316,-0.7190323766656347,-0.7178707557711884,-4.869119065294783,0.992319872,3.48697252,2.0363234
81b451,-0.6656083062161703,508,-0.526799983934497,-0.5102070578127839,-4.451890370967822,0.988343489,4.26641981,2.57570736
f92251,-0.7058951790783071,654,-0.5715765189717081,-0.5620372109742873,-4.751937010362993,0.991365047,3.49404778,1.8939118
a51131,-0.6023003761355286,352,-0.6778153541453137,-0.684885558456198,-4.6686225771784,0.990614812,3.69434267,1.86980306
a51151,-0.5196732758140027,512,-0.45558729246775487,-0.44053295323157526,-4.512659648801177,0.989030753,4.42409002,2.6664998
a51111,-0.750692688883708,470,-0.749225060240444,-0.7545486021042925,-4.9163900447655235,0.992674472,2.80142788,1.21145263
f12431,-0.5255105995024,871,-0.5301667806117449,-0.5325397018723241,-4.501680008322414,0.988909651,5.27187824,3.29065704
f91e51,-0.4665701548442546,926,-0.46858993325495274,-0.46733287163480924,-4.3310785718719,0.986846647,6.0817523,3.82323368
b72431,-0.4297668697719536,886,-0.4043669558781945,-0.3978796923589496,-4.327542540307274,0.986800054,6.09946012,4.01717758
16a5e51,-0.4354729494966405,1617,-0.4529108027285673,-0.4536264306064379,-4.23694959033807,0.985548392,6.6170187,4.30683371
16abf51,-0.4848746411123625,2076,-0.4557128617364167,-0.4537110818805822,-4.408132938054361,0.987822106,5.73058748,3.67628949
1949e11,-0.6518537495248733,1324,-0.6199704435077985,-0.6227051768745447,-4.4781927486854025,0.988646086,5.37617111,3.39632533
275e331,-0.581090465273406,648,-0.4972331065688572,-0.50716697225281,-4.355358842328666,0.987162168,5.9644928,3.74897619
1fccd31,-0.7218511278221507,575,-0.6804795028212479,-0.6796288677819815,-4.747843005859399,0.991329623,4.35673237,2.28417323
3269371,-0.39005044616069423,2219,-0.3600808536529798,-0.3550167515501465,-4.143234641382868,0.98412857,7.16165972,5.12197524
3269331,-0.5203509646882982,568,-0.6508670979657319,-0.6553899719756902,-4.4800190725182025,0.988666803,5.36782408,3.0477964
30735xxxxx31,-0.5127280216585808,733,-0.5320020190930925,-0.5325541349827916,-4.43518001584546,0.988147068,5.5853734,3.42614775
1e4ea51,-0.495861887459825,788,-0.4665968823985065,-0.45036393151504917,-4.430190347105187,0.988087778,5.6113162,3.30287053
41cfbxxx51,-0.5470187176764751,496,-0.4634834643639876,-0.4624051646500724,-4.287328933305277,0.986258419,6.31313944,4.46553949
1689451,-0.38480286294335464,692,-0.46015989364513393,-0.4622485931513865,-4.376845281099842,0.987435065,5.86666012,3.81323125
3269351,-0.41811031352684624,1089,-0.5002579427958351,-0.49396566208628506,-4.249299675519218,0.985725773,6.5383935,4.17135473
2824051,-0.5463017462701952,712,-0.5560122934892632,-0.5622773093860599,-4.313612757438423,0.986614895,6.17086029,3.82984807
4c651,-0.2941425801130585,959,-0.5123425162426556,-0.518188040912309,-4.444759341941874,0.988260069,5.53658628,3.52188903
4adb51,-0.199768757068773,1717,-0.15598169222153552,-0.15211333112243244,-4.275845359930965,0.986099707,6.37861824,4.52743413
d0f631,-0.47313830492625664,544,-0.49854743818839303,-0.5001400474852377,-4.282887213961388,0.986197247,6.33821678,4.04728347
10f6b51,-0.38660905315086047,732,-0.5130112602567136,-0.5176756014900801,-4.239213491081565,0.985581072,6.60239124,4.04845634
3be75xx51,-0.5496907100575177,472,-0.6203509797581905,-0.6290414770676698,-4.35440656492919,0.987149937,5.96895361,3.6531824
e2ba31,-0.3866724469525567,748,-0.4634013575375492,-0.4619619918940207,-4.39466180328055,0.987656946,5.7894516,3.78680889
102e231,-0.6052048739845627,641,-0.6614199056204755,-0.6571155498740509,-4.723883679386058,0.991119378,3.86546376,2.11284975
132e911,-0.6473425097739431,663,-0.6378395149842566,-0.641966392101994,-4.693229348076499,0.990842933,4.40661695,2.54815762
12b6211,-0.5923625337915132,2006,-0.5120502259572136,-0.5143940038865366,-4.359670642539014,0.987217403,5.94442844,3.95590709
1306931,-0.5157527293065925,492,-0.41972460751817814,-0.4081244525794276,-4.271708763035225,0.986042088,6.40272665,4.33077886
1694f31,-0.4587257995555456,407,-0.4541340415603778,-0.45168316851504287,-4.401278039521076,0.987738341,5.7616353,3.77456694
1cab731,-0.59488953855719,598,-0.5687170413205904,-0.5666479511781142,-4.456892001270687,0.988401645,5.47665262,3.36442537
194b411,-0.6788558738445015,1248,-0.6945012477725244,-0.6988343814374921,-4.559307636436667,0.989530695,5.04143381,3.00568654
1fb9c11,-0.5787566871261854,907,-0.552510203092126,-0.5503470315556063,-4.433939320844926,0.988132353,5.59178972,3.68749501
1d70931,-0.5831565639058156,462,-0.5979199576954172,-0.5990743922894284,-4.475739075543105,0.988618193,5.38745022,3.33155999
29d32xxxxx11,-0.5569601270446874,479,-0.5477464452147939,-0.5431503479370772,-4.401301935431139,0.987738634,5.76153517,3.6494302
20d7631,-0.3669629160497852,731,-0.4381162916148862,-0.44104672384290117,-4.3072925899730565,0.986530031,6.20414686,4.1400839
e8c811,-0.526232638907196,285,-0.47213286142118,-0.4698565664643666,-4.4262304243561665,0.988040513,5.63217163,3.51595923
449a31,-0.31414119532172874,387,-0.3174245493294392,-0.3192684969092745,-4.245755857591469,0.985675098,6.56066465,4.65099188
fdd351,-0.5338491845059143,1743,-0.38487641832754793,-0.3850099195129931,-4.314983652319076,0.986633232,6.16371441,4.00864293
206b231,-0.469538480346768,677,-0.5227777689057721,-0.5230394487253209,-4.313617090622636,0.986614953,6.1708374,4.02098582
ca6251,-0.3833360529905822,483,-0.40106659608131334,-0.39768637921689104,-4.332868842849681,0.986870174,6.07285023,4.00966468
4a2a51,-0.29714789838393424,1020,-0.34330215536901776,-0.35001997552550995,-4.217183540141301,0.985259899,6.74425554,4.61886479
1b49e51,-0.21611123369926022,1112,-0.2291961641390898,-0.22729974346623363,-4.202737939023972,0.985045424,6.81960726,4.88640184
1ac0f51,-0.583363418815229,1918,-0.49414947919063057,-0.49987109825221254,-4.44839047936802,0.988302621,5.51843548,3.48789391
1a5e471,-0.5610412417113195,2916,-0.4692616904788079,-0.4727620107218867,-4.2653667895598995,0.985953286,6.44024181,4.39255084
1cd5911,-0.6306750932615242,1087,-0.57106449622826,-0.5752000322638506,-4.535140425589632,0.989274599,5.13397455,3.26949985
1c4a831,-0.6137645578119859,1028,-0.5323446194802083,-0.5347085210031355,-4.380328796816639,0.987478759,5.85129356,3.57855019
19ef051,-0.25104291157415554,1687,-0.23279045914205132,-0.22669843823238703,-4.134974887612058,0.983996933,7.21360731,5.265777
19bdd31,-0.6739571445059899,810,-0.5774354210188135,-0.5708206696231385,-4.477215765804897,0.988634988,5.3806529,3.65158844
2185bxxxx51,-0.44634463849550055,2224,-0.3446669807450147,-0.3416136964089531,-4.164903602368311,0.984468788,7.03080368,4.94729673
1d05051,-0.5284369601236448,2251,-0.3559309836127353,-0.346747987992323,-4.304172214941499,0.986487934,6.22079277,4.12525764
20402x51,-0.5472499249238794,918,-0.47336192025247215,-0.4771999419084898,-4.3323007560408495,0.986862713,6.07567024,3.96752519
1e19971,-0.6852553685661583,805,-0.6070311422402923,-0.5988797050408333,-4.481637489136303,0.98868513,5.36046171,3.10662196
1ffad31,-0.5710612566753857,351,-0.5441962126059656,-0.530645806312802,-4.339789552262943,0.986960728,6.03882694,3.64299598
1989b51,-0.45169448471157936,464,-0.42908188276158554,-0.42603168626379784,-4.339575299450398,0.986957934,6.03987122,4.23665531
b97b71,-0.3587995447231902,704,-0.337873132245698,-0.3324302964744209,-4.332837159763405,0.986869758,5.96504254,3.84390875
6b8c71,-0.22613294352421676,2220,-0.1622063152631371,-0.16457007474233987,-4.023065298523015,0.982101982,7.96794224,6.11613875
1ffb651,-0.48997479815609846,1796,-0.42878695007519696,-0.4218200656819074,-4.309848718165574,0.986564418,6.19061661,3.90702057
10f6b71,-0.3375357957882899,1796,-0.30124032576576604,-0.30209428167710467,-4.155995927208955,0.984329823,7.08367062,4.99081714
1293a51,-0.5090226031738586,495,-0.512466876710101,-0.5136257832401345,-4.408348105133253,0.987824726,5.72938681,3.79651965
1695b31,-0.5203133678655474,561,-0.45411832020461973,-0.45675764701559063,-4.314825062606189,0.986631112,6.16453981,4.112626
19bfe51,-0.3914598137474327,575,-0.34015499736789234,-0.3372382814483821,-4.19378974136484,0.984911007,6.86769581,4.93795894
1695b11,-0.6631602504414162,363,-0.5511912800182932,-0.5489503234664028,-4.50636059083163,0.988961439,5.25185966,3.29332704
2185bxxxx11,-0.6269925143667467,758,-0.5942576834692124,-0.5915069377726401,-4.5122723681359425,0.989026504,5.22692347,3.08500965
1ed01x51,-0.6280752517522872,961,-0.5409809801240779,-0.5373383874471411,-4.565427782016053,0.989594573,5.01886797,3.35206809
19bfe31,-0.5010896661572588,268,-0.5603848632252835,-0.5585905257559124,-4.413358635302872,0.987885578,5.70163345,3.51637239
2ad5411,-0.5378029386143935,570,-0.7199431780658991,-0.7226028017041304,-4.664203143923805,0.990573243,4.66158485,2.70548894
2185bxxxx31,-0.553222293520977,1282,-0.520870533440275,-0.5166049823486892,-4.312845407593628,0.98660462,6.17487192,4.05528817
2dd651,-0.3063022980045624,626,-0.22545678304972458,-0.2129910175303322,-4.1170577651370195,0.98370762,7.33046865,5.49408428
2ad5431,-0.4096355977888132,709,-0.5147222485237495,-0.5199810844418332,-4.4436173980548075,0.988246655,5.54233313,3.52942481
2035911,-0.6703743341337475,431,-0.7013190739624994,-0.6953315395125337,-4.571812685614821,0.989660799,4.99568605,2.80913338
29ef2xxxxx31,-0.45275671667668116,398,-0.5071437167941107,-0.5069957861539944,-4.323806105078617,0.986750641,6.11835241,3.92824261
1c6f051,-0.09511870187695366,936,-0.10030818249183644,-0.09879965591008039,-3.9858228942751723,0.981422849,8.22167778,6.49848938
1c54531,-0.6019861344343518,345,-0.5381750202714936,-0.5382130535283456,-4.483294381591997,0.988703862,5.35295773,3.34755765
2713cx51,-0.7872552103702194,750,-0.6306021257317955,-0.6298466189006032,-4.640528073468219,0.990347401,4.76105547,2.94888306
270e0xxx31,-0.7834779558940503,612,-0.6706315252360258,-0.675080932926143,-4.628973653984697,0.990235224,4.80324888,2.8110331
1ffb631,-0.5787597667824723,865,-0.6559471004298655,-0.6562127563761561,-4.579122686793202,0.989736103,4.96958542,2.96730012
1c68051,-0.47052231499976344,793,-0.4839331864712174,-0.4821048227258408,-4.315355464250278,0.986638201,6.16178131,3.79218175
1c4af51,-0.273646311690109,1136,-0.2767845674886254,-0.27373545350708445,-4.086146597549253,0.983196139,7.54660797,5.49358779
25e40xxxx51,-0.6160213939562995,1109,-0.5265211478126752,-0.5134166752722819,-4.554350368673119,0.989478667,5.05996275,3.2775339
206b251,-0.2790179806480416,1535,-0.26243878330063286,-0.2625846394597965,-3.9796839429045803,0.981308454,8.26601696,5.8788323
1b1ba51,-0.19673693513767487,1827,-0.18591602823087938,-0.18436776226639645,-4.115180919232782,0.983677013,7.34305382,5.36962362
d77151,-0.5214946258780434,617,-0.5228214736669441,-0.5283605196870875,-4.386897678970988,0.98756074,5.82267714,3.63016187
10f6b31,-0.5148621870447047,441,-0.6521394449825076,-0.6565408947308689,-4.520695774375453,0.98911855,5.14589701,2.838442
184df51,-0.5464021197065851,609,-0.574551570183876,-0.5769064103892901,-4.4070882293297675,0.987809377,5.73642921,3.39709766
1d74251,-0.4019413655576867,2049,-0.4103874392282366,-0.4167426142030396,-4.217712034358387,0.985267687,6.7415514,4.41259061
1a39551,-0.6549690410466282,510,-0.6194750570624057,-0.609594963542511,-4.495072697522375,0.988836131,5.30056143,3.13346041
35829xx51,-0.5155045762324432,442,-0.5406006440678784,-0.5521142568821962,-4.367199344257337,0.987313278,5.90992069,3.70343722
3af82xxxx51,-0.4803059689028065,324,-0.47188257707562464,-0.48311780969017115,-4.269481256071492,0.986010962,6.4158268,4.25700173
3717351,-0.6130985616925507,591,-0.6138941511041015,-0.6097872521951304,-4.610543295320852,0.990053587,4.86247635,3.00692074
40095xx31,-0.7477211808542615,198,-0.7256242105690995,-0.7308086989351491,-4.495540565937856,0.988841353,5.29851341,3.07427979
349aexxxx51,-0.6492515816975923,260,-0.6440812777646339,-0.6435478032470502,-4.482403412034096,0.988693793,5.35698843,3.14729896
3b37bx51,-0.5992523305389285,578,-0.7365161360148292,-0.7446821646922797,-4.507465783714062,0.988973632,5.24716854,3.07366445
3af82xxxx31,-0.5247217187439172,163,-0.6077378031471492,-0.614599064668615,-4.447117841847575,0.988287725,5.52477598,3.43822949
3a73fxxx31,-0.7228188871597532,183,-0.6674873525680811,-0.6707575973040218,-4.535833506943069,0.98928203,5.1312418,3.01809282
39984xx51,-0.6177099145246163,369,-0.5885970628714263,-0.5823820443164236,-4.438967848574035,0.98819188,5.56592417,3.45115368
40095xx51,-0.521808347489067,446,-0.44147336513297114,-0.4437101581086581,-4.197462727161825,0.984966327,6.84782314,4.56866749
9eff51,-0.4912961425335146,330,-0.40253645277064154,-0.4006363385219025,-4.317495938566926,0.986666771,6.15068817,3.92656943
acf71,-0.2566807824157073,971,-0.24780131233483055,-0.24946253224188064,-4.186090314153949,0.984794382,6.90997219,5.25875972
103fb31,-0.46987949087183484,619,-0.48486003063474725,-0.48999673655901793,-4.447529887682304,0.98829255,5.52272081,3.5654828
1a39571,-0.4536633164064393,1060,-0.42012627040480915,-0.4142776932724427,-4.185411519242904,0.984784057,6.91374016,4.68136479
1958071,-0.43473768811839514,1635,-0.34749752600390926,-0.3481536708471642,-4.1551448632192205,0.984316481,7.08878851,4.72903589
1949e31,-0.35533802821665306,1675,-0.3077242058733169,-0.3065505835573721,-4.131234298214749,0.98393696,7.23752499,5.21210538
1689471,-0.251458763256599,1363,-0.23944641648409248,-0.2417204735373271,-4.1811617398878225,0.984719255,6.93748283,4.90465751
1d0cbx31,-0.49402000926501444,710,-0.4634546918975026,-0.4629563514978004,-4.333782448094517,0.986882164,6.06832314,4.02322212
1ccb951,-0.4489740206958292,969,-0.6121662318072255,-0.6795757319201903,-4.55797596131956,0.989516744,3.96982572,2.45376646
1ace971,-0.5621661050502157,2509,-0.44412601127170553,-0.448127882434357,-4.343538035604576,0.987009514,4.88341991,3.06591298
1d9bcxx51,-0.3762321877722345,556,-0.37348939254923413,-0.3747928046905913,-4.269979913589129,0.986017936,6.4128871,4.18297489
1ace951,-0.5876274776275819,790,-0.5505166490361956,-0.5475014114233379,-4.579036758212072,0.989735221,3.63354119,2.02652579
4c671,-0.21242576903268137,3369,-0.11090542002586676,-0.10128380906090759,-4.195339022984028,0.984934366,6.8592906,5.13151902
68731,-0.2987130829661089,942,-0.3646637658761331,-0.3714457130114387,-4.425055729716248,0.988026456,5.63840342,3.68655953
ff0251,-0.6839236213704607,960,-0.71527195343842,-0.7231386949021497,-4.8482050135276875,0.992157558,2.72853424,1.20363052
1a56831,-0.4269672820103283,1214,-0.4125904303757381,-0.40997819916339323,-4.291645893704951,0.986317613,6.28906059,4.23000835
1cc2d51,-0.4328549773049931,331,-0.38676829854643735,-0.390649388836371,-4.231097572975739,0.985463573,6.65528679,4.43622208
3c3dfx51,-0.33711581398135776,444,-0.32214276226092914,-0.3236973887500553,-4.191305784246833,0.98487348,6.88124275,4.82084274
3b37bx71,-0.41741862259324963,1086,-0.4834113405685085,-0.48236835013599677,-4.281575076254916,0.986179124,6.34568501,4.32731628
166cf51,-0.5335887504612026,282,-0.5082015064111844,-0.5120179742227952,-4.449167793068783,0.98831171,5.51457357,3.3502118
6b8c51,-0.43278843520644,891,-0.4198040852758966,-0.41605764700648384,-4.348728347592367,0.987076764,5.99578285,3.67330111
4e1051,-0.5413000717323748,500,-0.5089171532685526,-0.5056529751387666,-4.293355608996682,0.986340986,6.27960396,4.21513807
35d5bx71,-0.41624370307382785,1125,-0.30690161913926944,-0.2970344459433,-4.224043126668806,0.985360664,6.70231581,4.64547113
ccac71,-0.40644605399968775,1021,-0.3706212249195954,-0.37342043796207264,-4.229979010432878,0.985447304,6.66267776,4.38112054
8eb651,-0.38639614792124805,737,-0.30851866738989225,-0.3105691561600228,-3.993915940383676,0.981572588,8.16435432,5.79138301
ca4091,-0.18579159290045072,3497,-0.18485802862365447,-0.17996014265747745,-4.116260593584238,0.983694627,7.33580637,5.30727152
12b6231,-0.24959739019536786,1872,-0.2202675266009372,-0.2151132325748028,-4.000163637968701,0.981687358,8.12095451,5.74264644
16b3331,-0.4437959393282814,318,-0.49944253403573874,-0.5043306173922044,-4.322615888129552,0.986734862,6.12441015,3.75099916
1967331,-0.41734208770565595,191,-0.48442771206412594,-0.48392565774091323,-4.300669787782732,0.986440526,6.239645,3.95093096
17dc451,-0.4847595103885415,573,-0.4108843180670411,-0.4079793016626533,-4.355790628362728,0.98716771,5.96247387,4.04620508
1716451,-0.3966141005424669,412,-0.4754365551215127,-0.477253726417939,-4.244107153806375,0.985651461,6.571105,4.25459495
138da51,-0.5067941802210469,1374,-0.4102801570642431,-0.4068197837008426,-4.35246278390139,0.987124935,5.9780941,4.01103827
1c4af31,-0.4750013554065144,563,-0.4345782536130876,-0.43471633349799593,-4.339786637994059,0.98696069,6.03884125,3.98534423
1b49e11,-0.4879913015936437,378,-0.5040006745963822,-0.5033116486430941,-4.466731988942527,0.988515213,5.42950535,3.21126468
195551,-0.08109613314426077,781,-0.09142462682064606,-0.07610049623383926,-4.302965282218052,0.986471616,6.22726917,4.93175213
1fa2111,-0.7079220437087275,784,-0.6785389997298621,-0.682880763659068,-4.594368831219903,0.989891401,4.91660929,2.92912058
1c6f031,-0.34200779058832376,683,-0.41749711714090365,-0.42098325379835144,-4.2541597149267485,0.985794978,6.50822306,4.21065022
1fd41x31,-0.5561610301183569,616,-0.5251383321276312,-0.5089600267263594,-4.2058719875723005,0.985092219,6.80302334,4.53263239
24d40x51,-0.4712654067300667,471,-0.34007593642682843,-0.3236930151843856,-4.198872224798356,0.984987502,6.8402462,4.7057636
29ef2xxxxx51,-0.38644160143756234,710,-0.4336727988978144,-0.4341339481139256,-4.235932159090735,0.985533681,6.62362432,4.30102627
39ba2xxx51,-0.9462435022171949,409,-0.8170994466426782,-0.8144682646815544,-4.919260438441515,0.992695469,3.89658117,1.96638738
3bef7xxx51,-0.6473673971420757,462,-0.6874807295890507,-0.6822355913928221,-4.479041362394935,0.988655717,5.37228727,3.09122555
24d40x31,-0.6254359498152258,244,-0.5324890961327836,-0.5249156604049743,-4.345409461637925,0.987033802,6.01164818,3.78738227
1fd41x51,-0.315898066652814,1077,-0.2858565037697785,-0.286176610949773,-4.013350940656675,0.981927267,8.03171062,5.82335135
27e38x51,-0.4067286414407817,826,-0.43731401642415946,-0.43517243689816676,-4.333778560265697,0.986882113,6.06834221,3.93418914
2e44c31,-0.4737533633494911,172,-0.45457553642165544,-0.4577022836302229,-4.32154440417108,0.986720641,6.12987947,3.78509492
2c5b9xxx31,-0.5332253789672539,246,-0.5300955603340369,-0.5367484889680049,-4.445267566045307,0.988266034,5.53403425,3.57972306
2a01e51,-0.5066212508438387,513,-0.4636242255792015,-0.4619683457414456,-4.388954658102744,0.987586301,5.81381273,3.73074957
416b4xxx51,-0.1600275567929209,445,-0.20061313489936533,-0.20171975174834977,-4.05838157277005,0.982723042,7.74923706,5.86274719
12df431,-0.7602503440716231,480,-0.7211488424875903,-0.7180422326278649,-4.703196992483502,0.990933754,4.51113462,2.45143978
166891,0.05396843825712019,781,0.056400757218856935,0.04535559303876697,-4.080794086012804,0.983105955,7.58604622,6.16151076
1985431,-0.5831274056835797,944,-0.5666294317066972,-0.5574942181120381,-4.477655017099291,0.988639979,5.37863636,3.31042833
1d3f5x31,-0.5205458645672386,548,-0.5449521440669771,-0.5566185152195336,-4.498644679196033,0.988875937,5.28499269,3.28205255
2c4dex71,-0.27181500722336643,1154,-0.30856343473503206,-0.3223579707734718,-4.256956084241722,0.985834645,6.49105501,4.49222565
1e4ea11,-0.8219734311662373,506,-0.8143639270578964,-0.7946092239468108,-4.818424670701988,0.991920495,3.44493771,1.56286034
3bb99x11,-1.0624979942055202,894,-1.0361478982281214,-1.048476780393807,-5.132372681656669,0.994097461,2.96148724,1.2616451
304bexxxx91,-0.4155420600815608,1134,-0.27364385265398256,-0.28468472812037365,-4.279962008497564,0.986156812,6.05834062,3.9791471
29a1091,-0.27223891057734195,831,-0.25362231489719655,-0.25712122469274695,-4.160677396176533,0.984403011,7.05572891,5.42152522
295ccxxxxx31,-0.5122277924103841,1670,-0.4534387448706295,-0.4668424544355966,-4.263809062331131,0.985931388,6.44956064,4.45383776
2576dxxxxx51,-0.1468600266305918,1473,-0.2720921426380544,-0.27412355637898383,-4.1229415871197865,0.9838032,7.29144478,5.43789262
fc4c71,-0.4755540953713249,1194,-0.23679280419258192,-0.21869562112137397,-4.471302274992223,0.988567582,3.92984035,2.50488751
b97b51,-0.6018472245262522,677,-0.6284266014046233,-0.6258045866482002,-4.606947163878542,0.990017754,4.37606819,2.40599911
7e8f11,-1.06763072839761,3219,-1.1195194159855877,-1.1120392655540068,-5.7801225206497335,0.996911663,1.45925903,0.499698566
1877411,-0.49144399722669274,393,-0.6029683701724419,-0.6051707061532318,-4.3865369508750325,0.987556252,5.82423687,3.32220371
1af8931,-0.6320363943216679,355,-0.624424294811745,-0.6272047333892472,-4.566565816581754,0.989606408,5.01470995,2.92030305
1ccb931,-0.7135153550959036,723,-0.8055227073310876,-0.8075363288808808,-4.823254307827997,0.991959422,3.10340234,1.47570654
37762x51,-0.5264453849512815,658,-0.3554929767795644,-0.3548269552410425,-4.346722890529704,0.987050821,5.55161563,3.82384579
14bd31,-0.48815797963460633,216,-0.5556995691137956,-0.5514880981596041,-4.483984501468487,0.988711655,5.34984159,2.98207122
1689411,-0.5372727650996098,498,-0.7272017638367761,-0.7406918446040441,-4.7138507625092005,0.991029831,4.47266436,2.39586405
253a151,-0.5868327196915001,477,-0.6612719672530191,-0.6618455805208022,-4.485204290061199,0.988725416,5.34434843,3.12111987
28251,-0.46511371981733945,377,-0.24057631323183634,-0.15962270027754027,-4.097639584851632,0.98338816,7.46398687,5.06194716
1245e31,-0.48101717351638784,237,-0.5687189045287153,-0.5669028483653847,-4.387921253855507,0.987573466,5.81826115,3.51271967
12df451,-0.49907954047569936,677,-0.5045448620875012,-0.5056436287650946,-4.465353027746054,0.988499365,5.43603563,3.35575074
1245e11,-0.6575473267676244,248,-0.6902068875448901,-0.6882502702547636,-4.644210019501077,0.990382876,4.74515057,2.71941053
19ef031,-0.42418672941970054,1300,-0.4096046228099778,-0.4063476698431437,-4.308463359412012,0.986545792,6.19793749,4.13963875
1944831,-0.6161055471277072,1294,-0.5168289043175702,-0.5197149653949433,-4.4417627113634826,0.988224836,5.55170631,3.5032155
1245e51,-0.344627738417984,463,-0.38769631459184667,-0.3844238990903465,-4.191774938054406,0.984880575,6.87867785,4.48447829
1b26a11,-0.7109818495237845,437,-0.7924522279423655,-0.7994315968231192,-4.80670086223885,0.991825215,4.17772198,2.16305337
26c74xx11,-0.5286541348818391,589,-0.5864139358648081,-0.5878851388471023,-4.424886537653031,0.98802443,5.63930321,3.5812554
26c74xx31,-0.37968185562617807,803,-0.40607055351264226,-0.4072213768609704,-4.251763226097116,0.985760895,6.52304697,4.38814838
a97b51,-0.44182191026511747,743,-0.4243515452265634,-0.41693413065043194,-4.309300473924812,0.98655705,6.19351053,3.98733051
7a631,-1.0691352874858688,528,-1.0768588994455426,-1.0573492723797728,-5.368925470392126,0.995340865,1.96540654,0.747666212
3cafbxx51,-0.812763879112125,148,-0.7529983211131348,-0.7444514663326876,-4.659604407928211,0.990529792,4.68039846,2.55371622
ff0291,-0.4569102385750724,2749,-0.3944588208246428,-0.39897692060927137,-4.347863613184411,0.987065584,4.54659368,2.83340689
ccac51,-0.590671727085595,315,-0.4907411681642819,-0.48510939277181253,-4.422038207674389,0.987990271,5.65451002,3.51100834
882271,-0.2614151948491876,620,-0.23822170436283277,-0.241909333297511,-4.034372689870838,0.982303222,7.89573622,5.69169382
33321xx31,-0.5169069395816632,1613,-0.5607406477276132,-0.5609055096941898,-4.404669459515304,0.987779855,5.74755049,3.58105322
f91e11,-0.7393529885085184,415,-0.7508116284015104,-0.7591137064216329,-4.699026463221159,0.990895864,4.52648878,2.30775202
15531,-0.5395935533738967,433,-0.5348246055241777,-0.5488711692754348,-4.340797555024019,0.986973865,6.03392315,3.43060743
1cb6871,-0.5639337889987346,2115,-0.5485858795172641,-0.5481308651514907,-4.445681663539042,0.988270892,5.5319581,3.1708955
1fccd71,-0.47672251368816915,3914,-0.3304178253303283,-0.3250158768919011,-4.200399985939284,0.98501042,6.83206511,4.57003227
285e8x31,-0.47042514862917373,338,-0.49776193794437523,-0.5013448534317617,-4.4466719135098565,0.988282501,5.52700281,3.42221656
1cb6851,-0.5570947779354631,500,-0.6451897301407925,-0.6417609760555743,-4.620681161609602,0.990153913,4.50761096,2.41438367
1fccd51,-0.5103282332794503,1003,-0.5002935343170752,-0.49556143359103133,-4.443960593297767,0.988250688,5.54060459,3.29863123
1fccd11,-0.7387152850587414,575,-0.7546092398865094,-0.759898778391489,-4.737679929245531,0.991241056,4.03912363,1.91550269
29d32xxxxx31,-0.2863350168342531,748,-0.27078504210241344,-0.2662920949526421,-4.128103248241495,0.983886587,7.25773716,5.29928354
1cb6811,-0.7717200642666827,444,-0.7599425342578571,-0.7694400044619566,-4.719328735537198,0.991078835,3.66159712,1.66980993
b71,-0.23335010159689729,3348,-0.26081885570705093,-0.2415430349225858,-4.239632195144523,0.985587108,6.59969664,4.58376694
63671,-0.09593171240529628,1700,0.24403632617318136,0.2700584789077857,-4.122085549890161,0.983789329,7.2970829,5.57405208
f91e71,-0.32253762503846656,1546,-0.36475310461767924,-0.35572004542285396,-4.156120758095493,0.984331779,7.0829215,4.7019043
f91e31,-0.6364797261566065,430,-0.6551346591279484,-0.6545309286710403,-4.587659103845728,0.989823347,4.93968439,2.68759537
9d071,0.11740137595622988,975,0.29330205530048653,0.31900841652996587,-4.066868685045153,0.982869053,7.69163656,6.51814857
f91e91,-0.1504657488916283,3463,-0.05646081302808985,-0.04662175036973122,-3.990435405275981,0.981508339,8.18885231,5.94027945
108f551,-0.27719570621942763,541,-0.30070952848173077,-0.29743242971262995,-4.168682622382501,0.98452737,7.00875187,4.79345116
16ac171,-0.041517392281023024,1110,-0.06093499525793444,-0.05121295781374262,-4.057383342109429,0.982705787,7.75515127,5.81102401
166c71,-0.07848875727877402,905,-0.05101883800581312,-0.04603776104934944,-4.243313102558309,0.985640063,6.57615042,5.57160245
1d4251,-0.2772639512872543,613,-0.34181141574394885,-0.33386372900709027,-4.367500570651505,0.987317099,5.90855408,4.16813425
1ffb671,-0.16976147815597425,3020,-0.23339405207717603,-0.2161071516246377,-4.036439720362206,0.982339764,7.88276482,5.56668912
2698d71,-0.087909344405989,1668,-0.1589187876978803,-0.1668021717834739,-4.101189676653933,0.983447029,7.43901777,5.3785999
1a77871,-0.3414182283297781,903,-0.3300080932030729,-0.3295830261259324,-4.288878280841441,0.986279693,6.30446434,4.27474418
ca6271,-0.31738822345051093,794,-0.3257915089685742,-0.33052717759469763,-4.2464014455718635,0.985684343,6.55659008,4.45088519
c64351,-0.1725950151660868,393,-0.2062976256097744,-0.21441892651262898,-4.117193420572422,0.98370983,7.32956219,5.10036879
882251,-0.48250640943170797,280,-0.5069486630474689,-0.5051812883570544,-4.41358087447739,0.98788827,5.70041275,3.54587056
6551,-0.49385278998845483,398,-0.4875090600521414,-0.4768711439573467,-4.518799847753239,0.9890979,5.19983149,3.47970904
f59b51,-0.4048484854110735,383,-0.4306391556094605,-0.4312566902681432,-4.293960301013445,0.986349243,6.27626991,4.09720905
16abf71,-0.18016002986890056,2376,-0.28844855707052086,-0.28857867473818316,-4.195543814624519,0.984937451,6.85818195,4.87802241
16abf31,-0.46594888825610536,898,-0.6875688915354671,-0.6891398109329089,-4.616629797232122,0.990113942,4.84263468,2.65311021
23f7bxx31,-0.28036613501770163,1431,-0.28747050298323074,-0.2963289225515392,-4.213618759106982,0.98520726,6.7625947,4.98439613
1821811,-0.48394017869208567,398,-0.5294662417601288,-0.5288671979935787,-4.462023543396204,0.98846101,5.45190573,3.58825772
3354bx51,-0.5962490031676606,438,-0.6896851433881565,-0.6950089972614156,-4.494373274345587,0.98882832,5.30362654,2.92606941
1821831,-0.21632989800203056,643,-0.2945904732465274,-0.2991615392882545,-4.188121889445447,0.984825242,6.89873552,5.05062279
acf51,-0.5667163023193837,297,-0.6668309089032705,-0.6711462133376006,-4.40358871449928,0.987766641,5.75202608,3.37235113
41f351,-0.3697893716652901,769,-0.4279229790127591,-0.42929061463875506,-4.285373139340182,0.986231517,6.32414341,4.30380542
fc4c51,-0.22984700878904163,712,-0.230617150128344,-0.20061757579729944,-4.3305230503988,0.986839338,4.20508159,2.39379633
1677a71,-0.46166517810826824,1265,-0.4806793705949878,-0.4845984668992463,-4.312964037617811,0.986606209,6.1742506,3.80827508
18fdf51,-0.3433852450559547,2024,-0.27521218861993046,-0.27351458451438826,-3.9296609433558487,0.980349666,8.44570595,6.13119976
1b7d651,-0.46284315614210203,545,-0.4390817912966106,-0.447859141057119,-4.318870668825576,0.986685088,6.14359665,3.83926509
1ac5671,0.09254324182168629,1354,0.017233457547500306,0.02028109960211549,-3.9117485930826588,0.979994511,8.77952671,7.30992537
1ccb971,-0.3100179585627697,1395,-0.26048559011342964,-0.3625469132932755,-4.360583549742835,0.987229067,5.14818106,4.25220812
1cc2d71,-0.04314175460270059,699,-0.08580714265892621,-0.08873752426837458,-3.949890774223534,0.980743195,8.49232101,6.59806765
1abd371,-0.19259752451577192,1635,0.013946427677597604,0.026842306194804433,-3.815664057591503,0.977976915,9.50985241,7.90445592
2c9d771,-0.5670084381425183,1413,-0.5476196996669758,-0.5559944378556284,-4.484465378422915,0.988717082,5.34767389,3.40837977
ff0271,-0.34222047851446336,1597,-0.2859336878223217,-0.2723172535079168,-4.232603477708296,0.985485447,4.71083302,2.73627355
d77171,-0.3997801919275599,1479,-0.317593533352275,-0.3184233962299316,-4.241271585592474,0.985610717,6.58917809,4.64289152
102e211,-0.6688632216939209,562,-0.7070029188405949,-0.7005720482326501,-4.817705330949115,0.991914681,2.99502823,1.42632396
1232e11,-0.7000999981377857,443,-0.6338456573009408,-0.6343001720434392,-4.595880172106095,0.989906667,4.91146278,2.80919559
194b431,-0.4730976869358673,1408,-0.5160105190661521,-0.5217329550402088,-4.34326779739961,0.987006003,6.02195883,4.03267552
1ad2b11,-0.41562298052063285,454,-0.5237993021840075,-0.5205715202968282,-4.3981747159655855,0.98770023,5.77462578,4.05013275
22717x51,-0.6872605763483044,818,-0.6275647240414473,-0.6289915085684379,-4.556539748860061,0.989501677,5.05175161,3.05897317
1f9f6x11,-0.5723669654846627,385,-0.5603456523598073,-0.5578329943971257,-4.431995921735564,0.988109267,5.6018858,3.51097136
1e44551,-0.6811683153068957,1883,-0.7479499476229693,-0.753537338389358,-4.69617764578278,0.990869891,3.38768234,1.54914474
1e44511,-0.9265308540213948,642,-0.9300788729257418,-0.9462648328941141,-5.073348761657714,0.993738583,2.41987666,0.971304087
1a2f651,-0.5559295246199617,1338,-0.43414581466597546,-0.4270426787080161,-4.3003221945965695,0.986435812,6.24152613,3.96537898
1ee2531,-0.6364128360550589,170,-0.6140721557835378,-0.6089489441752323,-4.620635662335807,0.990153465,4.8297286,2.60549428
1ee2571,-0.5609280757934536,915,-0.4169346883431774,-0.4075570685430061,-4.362095545041105,0.987248362,5.93324184,3.59130067
1fc8c11,-0.5411393009910789,513,-0.45462084373586575,-0.4478522011150446,-4.384205326299826,0.987527204,5.83435011,4.02022641
3d2c511,-0.7907330966150939,811,-0.6625023770942703,-0.6548078086817447,-4.675106395135276,0.990675467,4.6179142,2.93213067
3a111xxxxxxxxxxxxxxxxx11,-0.4617611110301527,631,-0.5620678245272066,-0.5630390084383189,-4.323384286853226,0.986745051,6.12049723,3.95376323
23f7bxx11,-0.5659430740988168,1085,-0.6300101906672918,-0.6363802292739253,-4.534089083041612,0.989263317,5.13812971,3.18529158
20fdbxxxxxxx31,-0.6510883345336004,1220,-0.6845199984597832,-0.6868212045059745,-4.623116155939718,0.990177859,4.82179737,2.9924381
1fa2131,-0.4483273154353558,912,-0.41319867201450067,-0.4161455932837256,-4.372413548800218,0.987379257,5.88640547,4.01656342
42ecexx11,-0.6991549788093179,191,-0.7669878075213489,-0.7684253333146798,-4.65939292490617,0.990527789,4.68126917,2.48178189
3f571xxxxx51,-0.6589106028519138,333,-0.7109311996554566,-0.7127052467672665,-4.475007122319597,0.988609859,5.39082909,3.24978344
12f3311,-0.5473985956376709,622,-0.5615528916568479,-0.562385704400917,-4.433546902186302,0.988127695,5.59382343,3.41478759
2d52671,-0.538297671328509,1209,-0.4442964655775107,-0.442985022227198,-4.305641388905722,0.986507771,6.21293831,4.02257714
3e2fbxxx11,-0.6205273743449297,196,-0.6191722466652207,-0.6203583797601273,-4.524703076078229,0.989162068,5.17572117,3.00737674
3da61xxxx11,-0.5641915689479198,353,-0.6393499719160168,-0.6393348773227681,-4.397412715684579,0.987690854,5.7778306,3.4631465
3be60xxx51,-0.6625216343032551,317,-0.6697904202782293,-0.6910280694986561,-4.522486476524236,0.989138018,5.18473196,2.95551447
33d6bxxxx51,-0.6987008072799284,552,-0.5877585324562202,-0.5846954272109585,-4.427716792830994,0.988058276,5.62431574,3.33924191
3e2fbxxx31,-0.3890401619619058,188,-0.39830215330382335,-0.39459922451216495,-4.290068831446295,0.986296018,6.29782391,4.10289207
428a3xx31,-0.6333238195928366,185,-0.7944232069153266,-0.7953113938266717,-4.5842191007751785,0.989788279,4.95165968,2.64521995
41218xxx11,-0.523948582624551,314,-0.5694268539639343,-0.5753360517872139,-4.299815621014216,0.986428939,6.2442708,3.96184393
402f4xx71,-0.5426253167536054,412,-0.4343971870072779,-0.42305652193684373,-4.342034065631858,0.986989962,6.02792501,3.82826116
6b8c11,-0.6793870932854297,332,-0.6176149793038094,-0.619639181910738,-4.702946093201257,0.990931479,4.51205349,2.20016157
ff0231,-0.5262486549339709,911,-0.6712993972389397,-0.6490316095604096,-4.716640662834307,0.991054822,2.94542473,1.31471678
43222xxxxx11,-0.38705409510633587,803,-0.3892927369528626,-0.39677653474298036,-4.294337567368213,0.986354392,6.27419233,4.45151989
428a3xx51,-0.49729796274424254,1101,-0.5866440500969824,-0.58772152751635,-4.290104952986743,0.986296513,6.29762268,3.86181083
428a3xx11,-0.8898867296774894,186,-0.9077193523596042,-0.9082955801315555,-4.954647098027445,0.992949432,3.14158597,1.34469267
9e6851,-0.36145141558268074,652,-0.2915908386343102,-0.2953455654487769,-4.172930796068772,0.984592961,6.9842267,4.83945817
1743451,-0.06538376423259029,1720,-0.10457556757251717,-0.11056620208183077,-4.119186360440095,0.983742263,7.31627703,5.51549119
1944851,-0.2792759763725956,1126,-0.3071863428370635,-0.31556286097423275,-4.03142700413557,0.982251016,7.9143424,5.60808094
1743431,-0.45791981549969757,883,-0.5048226422875033,-0.5100986856216041,-4.366684371400625,0.987306743,5.91226053,3.81876872
1fb9c31,-0.26032672148200314,1373,-0.23169684829508264,-0.2408638194402722,-4.112252292769645,0.983629139,7.36282587,5.60066986
194b451,-0.24604802395458403,2455,-0.1686633904458265,-0.16775577521367,-4.105817788692369,0.983523461,7.40684891,5.39482762
20d7611,-0.5257369745281133,536,-0.5429348923868514,-0.545748702055126,-4.457601491407689,0.988409871,5.47320986,3.40403836
2812fxx51,-0.43265538744166776,152,-0.43685742983409226,-0.4796449597788757,-4.519569353348558,0.989106286,5.19666815,3.05624771
168de51,-0.4316060516518853,693,-0.4169567533175999,-0.42110693994466797,-4.167049586659667,0.984502082,7.01825428,4.72064473
1ab2f71,-0.39367347153753085,548,-0.3652581267293724,-0.3718253652112152,-4.298544899547627,0.986411683,6.25117111,4.45950024
2ad5451,-0.20055671215156815,1231,-0.32278531707648556,-0.33199893580497797,-4.252037227480217,0.985764796,6.52134705,4.57218581
3e96dxxxxx51,-0.2636037232490252,1613,-0.27640827907254334,-0.26904423898610613,-4.2599370809478545,0.985876809,5.68177189,3.4451875
402f2xx31,-0.7344280437161812,907,-0.6588926307690518,-0.6601565235230643,-4.6078954962748435,0.990027216,4.87119675,2.86457297
1a2f751,-0.4112486043296356,628,-0.3622742326019921,-0.36851140016851797,-4.282872361962106,0.986197042,6.33830118,4.44480749
36a3bxxx51,-0.35216200458736174,439,-0.38994429636618244,-0.3881251559500262,-4.179006185682487,0.984686281,6.94962645,4.68089265
4adb71,0.006922321475650768,2636,0.04347013405763674,0.055497319469067705,-4.08945272678328,0.983251603,7.52255583,5.74640069
47ec2xxxxx91,-0.625804848575138,882,-0.48640411080017787,-0.4838523432021299,-4.070113109608183,0.982924543,6.79775481,3.93224393
3d8caxxx91,-0.19417747215926195,2061,-0.18078384246783694,-0.1749445850998196,-4.061021165645878,0.982768586,7.73367071,5.68569829
3725ax71,-0.4358024143475224,1110,-0.28754489959599755,-0.29726445686343245,-4.229121598910591,0.985434821,6.66836023,4.56430817
244051,-0.3921049633857771,525,-0.4474542840448979,-0.44852508648105294,-4.377787392969817,0.987446897,5.86249161,3.96679922
6b8c31,-0.44584310163889734,389,-0.633253655369149,-0.6390927285175266,-4.5563046913227385,0.989499209,5.0526309,2.76017879
1d351,-0.10751104688945846,506,-0.004658940177071992,0.027440502634497717,-4.176590034200544,0.984649236,6.96332073,5.81078691
43018xx11,-1.1958150162430092,1901,-1.179205548362497,-1.1497664703063686,-5.204759084056429,0.994509627,2.11189522,0.819006553
1442731,-0.20962397396630067,1501,-0.2831706893815311,-0.2826449421831969,-4.1346724288436585,0.983992092,7.21553183,5.15981762
1ace931,-0.5734114578303999,660,-0.7197265726257966,-0.7098900458956772,-4.697732285227084,0.990884074,3.09134514,1.40084355
1e4ea71,-0.4047614453681085,2836,-0.3410097049814009,-0.3171972114773548,-4.210643282519771,0.985163179,6.77802944,4.56207393
1e4ea31,-0.6032975453600595,493,-0.6756354212203014,-0.6685326862422768,-4.700944903673428,0.990913313,4.1779383,2.12662095
1cb6831,-0.703441454900733,351,-0.7701587721519298,-0.7790335697575322,-4.739547078804327,0.991257395,3.70213771,1.69520862
72f371,-0.37120765094381974,2838,-0.33611173965397906,-0.3381478595689654,-4.162557409435671,0.984432306,7.04460621,4.80205595
a40531,-0.44061781741018974,236,-0.46354817754314953,-0.4623498514353724,-4.344224696737113,0.987018431,6.01734543,4.00125768
1ac1a71,-0.7052178209108316,758,-0.653764152792867,-0.6548155931747992,-4.63864868923035,0.990329243,4.769238,2.75420732
18ea051,-0.36289379383378045,1001,-0.6338884057205777,-0.6424036046691773,-4.363583912021165,0.987267327,5.25474995,2.73851072
1ed01x11,-0.8987327737770648,641,-0.8783628884108442,-0.87404993725605,-4.981349247495759,0.993135206,3.72244787,1.76377561
1e44531,-0.7712969768970596,553,-0.907648731640148,-0.9246615837412892,-4.864064886360156,0.992280957,2.88949749,1.24095345
1e0b511,-0.948091769717669,1665,-1.1905319986723382,-1.1934330161555562,-5.461883667877655,0.995754449,1.74541741,0.635168516
1bfe511,-0.723346360220702,2180,-0.5416899086666637,-0.530536702566304,-4.620726155114753,0.990154356,3.93867555,2.20908121
37090x11,-0.9643345082031781,1532,-0.8963731718816605,-0.8930771009077758,-5.047521450449114,0.993574761,3.45567117,1.54046381
2a57171,-0.5953098831627982,548,-0.6643089162670544,-0.660301440280407,-4.645554255578131,0.990395795,3.30703762,1.52902031
2a57131,-0.747733351556454,355,-0.8629962500505779,-0.8652254353454208,-4.985946681513886,0.993166694,2.39060958,0.958779335
2804axx31,-0.6460152113840921,202,-0.7146718192367214,-0.7264461242727122,-4.694084791149816,0.990850763,4.54490185,2.70907622
3c532xx11,-1.1400661150874616,1244,-1.015640195066921,-1.0138258261944222,-5.244670633670618,0.994724441,2.80133208,1.1694278
1ffb611,-0.6616329631140241,703,-0.7161506083724474,-0.7181286020504575,-4.608675020752252,0.990034987,4.86862373,2.77444253
1ffad11,-0.6337058924163447,348,-0.6723950022536318,-0.6602133458196352,-4.560653808113571,0.989544779,5.03644085,2.87579316
3ff43xxxxxxx91,-1.12871654069826,1048,-1.0926063378001236,-1.0926190408498107,-5.609680296919925,0.99633776,1.84255298,0.672385656
144bc31,-0.5672104965073034,351,-0.59308854193994,-0.591612280797124,-4.416513571447094,0.987923738,5.68436623,3.34247883
1989b31,-0.6300459136981276,315,-0.5985928264932372,-0.5953980359205285,-4.567487578189536,0.989615984,5.01135015,2.9554414
1b01b11,-0.6161483217518613,667,-0.5980561314785715,-0.5951063836428891,-4.499655432225574,0.988887175,5.2806139,3.23116097
1dc6011,-0.6823863209313674,1241,-0.6992809485822941,-0.713780116462994,-4.723089793469984,0.991112325,3.30544697,1.49308938
2a57151,-0.7050377952785085,397,-0.7887406656807182,-0.7829293776263238,-4.865903850606399,0.992295139,2.6628356,1.1234662
2a57111,-1.2312067238543158,598,-1.226184828124103,-1.223769801524057,-5.573373614566138,0.996202353,1.62454255,0.57326812
221caxxxx51,-0.5889419425872727,457,-0.5499134244193427,-0.5570265242781566,-4.425772064937943,0.98803503,5.63460064,3.33842234
1e07d11,-0.577854982139235,593,-0.6216171149367975,-0.6228402562191149,-4.570058866376814,0.98964265,5.00201797,3.26813801
3ff31xxxxx11,-0.7125953715510877,373,-0.646265828187083,-0.647381176286854,-4.6215686081711,0.990162647,4.82674074,2.94557601
688851,-0.38897676672157216,590,-0.4112810832501675,-0.4151222419506946,-4.2733138720795925,0.986064474,6.39333868,4.03618035
8eb611,-0.645850820891962,250,-0.6470281464110312,-0.6477716656636809,-4.539674154659752,0.989323115,5.11618328,2.67152845
d73511,-0.6627474790055015,216,-0.604076531059984,-0.579936864117809,-4.676801964901872,0.990691264,3.87344072,1.94702295
5a071,-0.34681379041256133,671,-0.4074103190241998,-0.41414263751446095,-4.378186258367993,0.987451903,5.86072874,4.3795794
15571,-0.010052445900966269,1121,0.28030458658752966,0.3098385854823374,-4.089509151685373,0.983252548,7.52214766,6.06049992
12d9631,-0.40709614487570217,296,-0.4002090110399915,-0.40389866499570887,-4.374881819761222,0.98741037,5.87538147,4.01523707
1e0d531,-0.7335841689530394,335,-0.7335880828786072,-0.725746995436911,-4.540503298089886,0.989331964,5.11295176,2.99278113
17d51,-0.2597492085187436,395,-0.24711790449071042,-0.23689917627460289,-4.358961101156598,0.98720833,5.94771481,4.46773617
1e0d551,-0.5848095393442171,585,-0.5293467821071756,-0.5254584694647053,-4.418545318398804,0.987948249,5.67333126,3.56950965
1b68131,-0.5459576841554503,574,-0.5255607479271853,-0.5189909106550269,-4.290123342635822,0.986296765,6.29752016,3.94376549
38419x51,-0.5981335630418524,456,-0.525266225224963,-0.5230140734043552,-4.348251645673582,0.987070602,5.99805307,3.81559665
37a4ax51,-0.6933656528028427,265,-0.6829778306999653,-0.68778377858738,-4.530059652281484,0.989219967,5.15415764,3.06604385
33219xx71,-0.6502740609455169,327,-0.6392367251871937,-0.6418720646739969,-4.594030167054903,0.989887977,4.91776514,2.85126407
29ef2xxxxx11,-0.6244688473877867,321,-0.6591440940101911,-0.6568276300086615,-4.534923301104704,0.98927227,5.13483191,2.8399846
1967311,-0.756605731529935,183,-0.7492210221508391,-0.7453386396118351,-4.652812049706918,0.990465248,4.70862627,2.45248266
23f2e31,-0.6398341360308284,291,-0.5731906163827686,-0.5632077030211338,-4.4136370199735016,0.98788895,5.70010376,3.58413491
cca851,-0.5670323424153305,250,-0.5144820843222332,-0.49984579321570954,-4.477074464894864,0.988633382,5.38130188,3.30681258
195a551,-0.4770843968201549,452,-0.41729265805094823,-0.41678095541875254,-4.296491126242662,0.986383747,6.26237535,3.90765087
833951,-0.5910788655430855,286,-0.5376665123798192,-0.5370541164287378,-4.419165088434745,0.987955716,5.66997766,3.34658549
dc3e91,-0.2083613699176373,743,-0.23031149302477333,-0.22987495355068815,-4.081536101893278,0.983118486,7.58054161,5.41339581
3fa76xxxx51,-0.04068115102912773,885,-0.14378341159517202,-0.13937185199680321,-4.085978376553717,0.983193312,7.54783821,5.73710515
30735xxxxx11,-0.6093676526743377,430,-0.6855562813116134,-0.6871543114599472,-4.603658728815192,0.989984874,4.8852644,2.79060217
2bf61xx51,-0.1979424967253629,272,-0.4089172787208037,-0.42593202308309647,-4.2881675435533095,0.986269938,6.30843973,4.09972029
1ea1exxxx31,-0.5876606343347031,618,-0.593813188724202,-0.5937785963683535,-4.471151924403502,0.988565863,5.40873861,3.42020563
17dc431,-0.8178311536489051,390,-0.687845864234575,-0.6932952117222136,-4.629889916446144,0.990244167,4.80037022,2.79513315
2b451,-0.37413131421052165,901,-0.2288068655158445,-0.23297413037727163,-4.360713462550689,0.987230726,5.93960905,4.30708049
297f131,-0.5028743205844542,633,-0.5980620946738769,-0.6023946705403697,-4.383583125377306,0.987519441,5.83705807,3.34607609
2812fxx71,-0.16728697885705845,186,-0.3938829055937626,-0.4458699143583022,-4.416613607403813,0.987924946,5.68382168,3.52338732
25987xxx31,-0.6375455910759453,78,-0.728760158051652,-0.732144949919068,-4.704396001899374,0.990944618,4.50675154,2.3315839
1fec31,-0.7034051314305815,214,-0.6378717700855902,-0.6259149757255751,-4.680496176548228,0.990725589,4.08604431,2.15083518
24d40x71,-0.2588392153680028,694,-0.16728139474681095,-0.1471263426069198,-4.038701362406017,0.98237966,7.86865139,6.22668046
25987xxx71,-0.23049154891692558,130,-0.32174592969374005,-0.33459436952017546,-4.305471231353202,0.986505475,6.21384621,4.11131463
243e51,-0.46960600700178134,281,-0.5289420890855958,-0.5275578956414393,-4.470111460330702,0.98855396,5.41360521,3.52483104
243c51,-0.47930261556735665,414,-0.471447635239714,-0.47064334499158317,-4.528265627928587,0.98920061,5.16134691,3.40761801
833971,-0.26566721530290627,661,-0.10420980384505014,-0.10692842852495604,-4.020671921954414,0.982059094,7.98350191,6.29996901
dda51,-0.1472184767415084,453,-0.058024752165549004,-0.0542056507002885,-4.265551760955008,0.985955884,6.43913841,5.046544
a5971,-0.061517756727208946,635,-0.12789317985216037,-0.11674791512229674,-4.222844474002422,0.985343106,6.7104063,5.3186311
17d71,0.10865865585537063,918,0.022699354395398906,0.0220529515165892,-4.172287336300351,0.984583044,6.98792362,5.9936453
14bd51,-0.2853065729117191,554,-0.24429129135184582,-0.2532670778447264,-4.313577494982276,0.986614423,6.17104483,4.16868591
2035971,-0.18779994057121066,1575,-0.14215883029322415,-0.13910652044064165,-4.03340879822718,0.982286156,7.90180922,6.01656283
38251,-0.06005328539897482,1389,-0.09000256596819615,-0.06208977911773425,-4.3848235824882495,0.987534913,5.13186314,4.15836217
1ed01x71,-0.3671498824831977,1707,-0.3364707786197078,-0.3379020790580993,-4.207926783666672,0.98512282,6.79222202,4.8118339
2035951,-0.31366497825517364,718,-0.3428613875219128,-0.3407217613842191,-4.235185737759922,0.985522879,6.6284833,4.68290652
2934171,-0.2924099813759556,1154,-0.24325147827224528,-0.24626753279509142,-4.052043981349595,0.9826132,7.78703976,5.81509752
102e251,-0.4076781827742073,1412,-0.33215245799435283,-0.3265764481319957,-4.295780830660476,0.986374072,6.26626539,4.18053788
123b951,-0.3283525122884072,945,-0.34659741062842425,-0.3435034474654559,-4.238096140621645,0.985564952,6.60959816,4.57232431
11b4951,-0.41038530799017814,1344,-0.2900479756472123,-0.28910984583154353,-3.9712701638829895,0.981150524,8.328022,5.64785708
1689a11,-0.34728064412332343,727,-0.5641411912864548,-0.5647714067316699,-4.3781367700165745,0.987451282,5.78280164,3.48886842
1e19991,-0.44371599790567884,3120,-0.2650586614370037,-0.24853524822245024,-4.176128339678388,0.984642147,6.96594667,4.92972976
182bc31,-0.5275270608465199,521,-0.5695504065984252,-0.5739628740103229,-4.501627711966898,0.988909071,5.27210379,3.28367673
15ac051,-0.4048625504745221,380,-0.5318879866039811,-0.5388638292387681,-4.298480876008134,0.986410813,6.25151968,3.8628408
12fa231,-0.4981259655162055,233,-0.48939604930905917,-0.4929176892486701,-4.446351333339777,0.988278744,5.52860594,3.66434009
70d711,-0.8486396197549427,377,-0.805390317004227,-0.8136146345489772,-4.821394853079632,0.991944457,3.45654678,1.55899561
1ac0f11,-0.9052359987437563,1008,-0.803336575666345,-0.7954977033731886,-4.895395489712648,0.99251905,3.83634899,1.79028335
1ea1exxxx51,-0.3620282892248826,934,-0.32896084457063995,-0.3285098008852018,-4.226511651645897,0.985396757,6.68574572,5.00611525
1c6f011,-0.7098195058218189,449,-0.6467418040023375,-0.6509497573125201,-4.584835543374414,0.989794572,4.94950628,2.86041612
242dc71,-0.2101411968547345,1783,-0.29610423659503327,-0.29721871172731695,-4.120698476009449,0.983766828,7.3062458,5.19428781
1ac0f71,-0.24462692978942266,2833,-0.21072372174183254,-0.2173191579002391,-4.076119413785829,0.983026796,7.62100458,5.53628071
1ac0f31,-0.6257879998326954,663,-0.7392174384838743,-0.7423575161661481,-4.749794535728896,0.991346527,4.35037422,2.26215964
3a5e9xxxxx91,-0.04080387260616314,905,-0.012594096853139676,-0.010056564859571272,-3.985818157284472,0.981422761,8.22171211,6.19124779
10a3471,-0.2611001307724265,1754,-0.15297191063427554,-0.14752362584648515,-4.109803132610996,0.983588995,7.37948751,5.48011956
1985471,-0.3944132202283612,1705,-0.35232709532557155,-0.35033219562813916,-4.177037929792714,0.98465611,6.96077538,5.03599138
1c68071,-0.14741662099035696,2114,-0.09875435079261512,-0.09523245142207232,-3.828516764256014,0.97825816,9.40084267,6.92731417
1985491,-0.17663260057529107,4894,-0.10449041827899117,-0.09566390604817365,-4.026323642927687,0.982160205,7.9469161,6.05571747
3df2axx71,-0.27968595351514686,708,-0.28205952227940567,-0.27713863194487254,-4.019628539254465,0.982040365,7.99031544,5.88126432
3be75xx71,-0.24933025880067267,1000,-0.24317406015048496,-0.2414629258752753,-4.049190773086112,0.982563521,7.80425787,5.97842818
447a8xxx91,-0.43582911171195865,1469,-0.2992399502127305,-0.29186858942391525,-4.260846779192261,0.985889651,6.46739721,4.54183373
36b62xx71,-0.712796442794347,1930,-0.5583336762773886,-0.554345554795848,-4.5516794677058385,0.989450528,5.07004118,3.15926302
35829xx71,-0.22219556215664746,706,-0.18815155661075822,-0.1779445584423171,-4.10029350212851,0.983432188,7.44529724,5.19436117
467a71,-0.5033228692874293,1932,-0.5368800371208925,-0.5480551239041269,-4.54907306845723,0.989422996,4.12039681,2.29378187
74a51,-0.529260033724964,219,-0.5349033232905178,-0.5333857658542783,-4.430236015530594,0.988088322,5.61107683,3.60707855
10d0811,-0.5473194694100562,503,-0.6048645246590371,-0.5944120017373462,-4.474753514073801,0.98860697,5.39200163,3.54182698
19be131,-0.6606834900111589,292,-0.5652394010477008,-0.5647530595342425,-4.522200105715343,0.989134907,5.18589973,3.19603964
166c51,-0.4321516839100976,311,-0.5089066242367436,-0.5082260907490955,-4.5002169232464775,0.988893413,5.27818632,3.49638924
27e38x31,-0.4287911120975813,361,-0.5691861768445305,-0.5730850180632159,-4.516786667482022,0.98907593,5.20813894,3.12518399
1a56811,-0.8238689019689371,882,-0.7391303818592616,-0.738586831757381,-4.660252967209296,0.990535932,4.67773056,2.54340275
297f151,-0.4370497052432906,1523,-0.37748736371738933,-0.37691131565545855,-4.223359995728439,0.98535066,6.70692301,4.34645844
2946431,-0.6322555442376931,370,-0.7990177591631157,-0.7978125252953449,-4.769446187645215,0.991514922,4.28803444,2.30037454
33bd7xxxx31,-0.9312112119928407,266,-0.9223357385218998,-0.9209827111526279,-4.9612033359206595,0.992995506,3.78069377,1.83576085
30c0a71,-0.45241859391979694,518,-0.5565010490888472,-0.5558024396972578,-4.289280758068298,0.986285214,6.30221701,4.18682509
2b62951,-0.7017092421507721,150,-0.7401146217181075,-0.7385415957134948,-4.6221789178474575,0.990168649,4.82478905,2.56815162
1ac1a51,-0.7764160386244122,567,-0.7760473199068113,-0.7796936137916973,-4.781784460346657,0.99161897,4.25040054,2.33286271
99551,-0.22618646695833414,506,-0.2841254391781168,-0.28606458728809203,-4.395628238518672,0.987668869,5.78536034,4.07600432
f0ea31,-0.5060018874064167,134,-0.49754854608877513,-0.4871367434875677,-4.278379738423476,0.986134891,6.36398554,3.78590775
d27e31,-0.487216111775998,281,-0.3903201670088687,-0.38942881693008247,-4.222409687857629,0.985336732,6.71334791,4.3791589
dc3e71,-0.4673227837666986,296,-0.5051570136778335,-0.5104892435234212,-4.326620083338244,0.986787872,6.10410643,3.85300475
3e6cdxxxxx31,-0.6095852030841418,335,-0.6056118919839913,-0.6060879992382786,-4.382468492278575,0.987505522,5.84192085,3.71465067
2d52651,-0.5830872336206643,307,-0.629908237203672,-0.6216978107785464,-4.453017930252165,0.988356625,5.49556971,3.32631096
43d05xxx11,-0.6828745798358404,443,-0.6457791592963955,-0.6613163299658429,-4.447701246251211,0.988294556,5.52186584,3.31005243
41873x11,-0.6283338125494339,259,-0.7699918353994396,-0.764677298915458,-4.541223089707724,0.98933964,5.11015177,3.04471236
47f84xxxxx51,-0.781295962243555,104,-0.8122863134031192,-0.8162023740464716,-4.743245945768492,0.991289673,4.37183332,2.4624801
4200fxxx31,-0.5116302388364319,141,-0.6180100300009803,-0.6293937209113601,-4.512101972057586,0.989024634,5.22763681,3.2780571
c61b71,0.07774693019924507,1174,0.05068118868408056,0.05800848570927748,-3.9064482731632686,0.979888194,8.81519985,7.20628122
19bdd51,-0.502492084878756,1244,-0.42720877891377523,-0.41999321505978804,-4.331640944034039,0.986854042,6.07895136,4.19194735
16abf91,-0.20075144067766146,5554,-0.1544369560419105,-0.15566833042074416,-4.044407912661138,0.982479925,7.83340454,5.77870296
20fdbxxxxxxx71,0.01856332248866272,3110,-0.051747348348811534,-0.04283843441830094,-3.9892932723696477,0.981487207,8.19694138,6.70699428
1a01651,-0.010010894747208928,2147,0.04573034788194389,0.05270136279838736,-3.912287840493855,0.980005296,8.77592373,7.22882021
c61b51,-0.10262971808736736,815,-0.10133892754620452,-0.1001497584388922,-4.100506830053997,0.983435722,7.4438014,5.62695899
3269391,-0.21006809134014445,4505,-0.07714525847381605,-0.08777189229091585,-3.9676642119858374,0.981082431,8.35504341,6.36907372
7a651,-0.6750635705130793,438,-0.7678892673164577,-0.7683881019623923,-4.767672880323534,0.991499862,3.13905236,1.61498451
1d49051,-0.6887724872097126,467,-0.7162759477387061,-0.7147143712329069,-4.698296731657732,0.990889218,3.97562448,1.91805033
184df31,-0.5877862914787794,492,-0.63065893311309,-0.633255584950522,-4.4508362372413215,0.988331195,5.5063138,3.10903608
2351cxx71,-0.5754809980973821,1898,-0.39226552964559125,-0.3796110292111658,-4.547514956692492,0.989406503,4.27214785,2.69754762
1ff031,-0.5930485113628357,286,-0.6874419498788701,-0.6799105604480987,-4.453395383466276,0.988361019,5.49371767,3.0469868
1d49071,-0.5839655330844384,1776,-0.5579948762892959,-0.5612483284118642,-4.4538016011721595,0.988365746,5.4917264,3.19588764
1b731,-0.7232057732613807,496,-0.7946023884099667,-0.7885535251913943,-4.781934095155675,0.991620224,4.02328684,1.94049483
2d52631,-0.7698628134187341,190,-0.7649219377116587,-0.7515519104058908,-4.716362004023056,0.991052329,4.46375036,2.31476622
355d3xx71,-0.6150577601129015,712,-0.4968455788791781,-0.4854829255104114,-4.520997617939684,0.989121834,5.19081259,3.05512619
3361371,-0.8186858634036355,528,-0.6397102772582782,-0.633768033703413,-4.702012969629921,0.990923013,4.5154767,2.64359342
7a671,-0.44561051106681565,1050,-0.3436263885512455,-0.3622391410581754,-4.463016150428768,0.988472458,4.17615546,2.68074241
42282xx31,-0.7554531279985407,1024,-0.8517029537773999,-0.8662409706351604,-4.76286453720872,0.991458892,4.30857754,2.43277036
3b4f8x51,-0.6722063454699087,330,-0.6342759215354997,-0.6324865976660365,-4.59199229703152,0.989867349,4.92473984,2.77787957
85831,-0.46521871199732334,566,-0.39949618855031754,-0.4006821065112453,-4.55166875632665,0.989450415,5.07008219,3.85100057
a97b31,-0.5650371069188882,307,-0.672992628369646,-0.6648503747778751,-4.551168482653537,0.989445136,5.07197714,2.86028378
41cfbxxx31,-0.623882372308439,221,-0.776578283100555,-0.7737713102200914,-4.57589190852684,0.989702889,4.98106384,2.94064713
d77191,-0.12047879858236829,2190,-0.03812752791498491,-0.048402528558748825,-4.028712957468159,0.982202779,7.93161154,6.09441787
7bc751,-0.7000145644045412,579,-0.669770344486447,-0.6605202131483772,-4.599034150020512,0.989938451,4.90078115,2.80775422
6571,-0.06791992590744282,1276,-0.04522590368789365,-0.024234646944113484,-4.215232473018545,0.985231112,6.75427294,5.35877228
12af011,-0.36376758179147495,317,-0.32773859693912305,-0.3337789050395732,-4.201474509067047,0.985026518,6.82633066,4.73387792
15551,-0.49127339439413137,514,-0.38690404669753564,-0.37395967286698373,-4.428261083467822,0.988064774,5.62144709,3.26000331
243d51,-0.5685528511892767,213,-0.4381120484120017,-0.435862800645774,-4.625790429441279,0.990204091,4.81329775,2.82228323
32d451,-0.3288850177970243,738,-0.15425068616407991,-0.14926582830062354,-4.285937848970904,0.98623929,6.32095957,4.20795734
3b62dxxx31,-0.6170937970818949,182,-0.6482842825415338,-0.6475262662045748,-4.507966799431155,0.988979155,5.24504662,3.08771398
194251,-0.23458692021833719,333,-0.39238463917468513,-0.40787962886427487,-4.309842019557462,0.986564328,6.19065142,4.27830153
243f51,-0.6280767177275076,450,-0.5771230298145554,-0.573065866429491,-4.669140015528058,0.990619667,4.29094774,2.4203566
244151,-0.44264470727276467,255,-0.3831465705722834,-0.38089143844310197,-4.390904002158172,0.987610476,5.8054533,4.07778491
ba0931,-0.4400530547984671,457,-0.428167700302546,-0.4222860089078366,-4.392246520253664,0.987627098,5.79971886,3.71977791
45365xxx51,-0.1883169049232943,202,-0.26113807315194576,-0.25902856907270894,-4.093605015754017,0.983321003,7.49267626,5.43647238
3e05cxxx31,-0.5762198483574079,183,-0.6294724647575788,-0.6342994426834012,-4.448231054650706,0.988300756,5.51922798,3.19905795
285e8x51,-0.21446252760612208,493,-0.21060467853589657,-0.208866108848485,-4.1343485164285925,0.983986906,7.21759558,5.33412229
46e59xx71,-0.369375189614031,647,-0.49320103402860815,-0.4947562154440491,-4.272902490359993,0.98605874,6.39574051,4.34225611
45265xxx91,-0.19080374480146356,934,-0.1585649649617047,-0.16508982090182417,-4.161218095379618,0.984411442,7.05252409,5.16627972
4200fxxx51,-0.38768840863859444,307,-0.4242147655364202,-0.4262084593438227,-4.295619313422524,0.986371871,6.26715136,4.25150504
42fd0xxxxxx31,-0.5132796937192915,595,-0.4166521498633788,-0.41768117875307503,-4.2271268412166,0.985405738,6.68163633,4.60574517
41effxxxx51,-0.30377919068296483,487,-0.2728775596201732,-0.27566361754766,-4.064369613571776,0.982826188,7.71105671,5.69075364
40ea7xxx71,-0.269874319551922,518,-0.3428415709478701,-0.34031827913831686,-4.058542551563132,0.982725823,7.74828482,5.52939606
4a15dx31,-0.6670239789731552,361,-0.6849706308712938,-0.6843109665257164,-4.449722690247332,0.988318194,5.51182222,3.53678102
471b7xxx71,-0.4534547056642397,586,-0.4162399978977891,-0.4223541249153022,-4.189244514181373,0.984842268,6.89255095,5.02552267
468ddxx91,-0.532339827435044,1077,-0.4044192998285451,-0.40348438898658,-4.32546779165171,0.986772639,6.10992765,4.28808946
4561cxxxxxx51,-0.7235960573896479,886,-0.747715194701976,-0.75703378015565,-4.6139072431555315,0.99008699,4.85147524,2.80985143
c2f131,-0.6528021795834448,927,-0.6712668033823305,-0.6762201853572669,-4.441414496593218,0.988220735,5.55347157,3.27770849
a51191,-0.04172046387804755,2253,-0.020830480446434582,-0.014658566516030787,-3.9521042847623087,0.980785773,8.47484398,6.43596238
e2ba51,-0.34221966903148315,1691,-0.3174151348658796,-0.31308472393422815,-4.231916679016413,0.985475475,6.6498909,4.72598003
ba0951,-0.21160060073864864,1140,-0.1855587142807912,-0.1884804608947709,-4.155035582492863,0.984314767,7.08944654,5.29450519
2824091,-0.24389287089286474,2901,-0.14530296945985166,-0.1490053044611619,-4.015841876697249,0.981972229,8.01520252,6.11287924
49cacxxx31,-0.659843540520029,206,-0.6173078374854485,-0.6220995466173262,-4.389869308198026,0.98759765,5.80988503,3.48683225
452f4xxxx71,-0.2669219309608415,1428,-0.22488011875062036,-0.22362265185344501,-4.015978064758136,0.981974684,8.01430321,5.99903107
2d52611,-0.805684013486041,214,-0.8106184393154361,-0.8047318850042579,-4.8651032482242185,0.992288968,4.02304125,1.92191344
36cf0x11,-0.7004985833525009,220,-0.6838496952335237,-0.6773736976767113,-4.592110634369369,0.989868548,4.92433405,2.52431165
4adb31,-0.3004009533730629,837,-0.5809760912979329,-0.5986290858432577,-4.594597771441392,0.989893715,4.9158287,2.89116551
c2f191,-0.05471040917020512,1242,-0.025383118204290803,-0.030193306203844496,-4.077864861501014,0.983056396,7.6078949,5.63331017
88171,0.3144672582068768,363,0.3400199105548544,0.34157506464050813,-3.9053219080173354,0.979865528,8.82284164,8.23132031
4adb91,0.15756678609517671,5674,0.27854796169600315,0.28011625326104317,-3.905594810614308,0.979871022,8.82098866,7.51310437
4adb11,-0.47810372625516157,623,-0.5630186339363066,-0.5725606496914106,-4.740570867502117,0.991266341,4.09838922,2.14175752
103fb51,-0.27380095897014417,1339,-0.1822723547953175,-0.18711934412413442,-4.07728852688813,0.983046628,7.612216,5.71345285
12c0c51,-0.31454338869345305,673,-0.3335154950819309,-0.3232834701723423,-4.284192152693745,0.986215247,6.33081722,4.37347911
15f7471,-0.4020842569802779,1791,-0.33798883770806043,-0.33529709773260197,-4.145345751907966,0.984162041,7.14857101,4.97781724
15591,0.3958639768778134,1753,0.43512529400704625,0.4956769092425258,-3.965385439008515,0.981039273,8.37226105,7.68032661
1877471,-0.07641061990326092,1591,-0.01789526581963551,-0.011586146844951933,-3.9306512895352848,0.980369117,8.64902306,6.647181
15f7451,-0.6034244184001052,734,-0.6210696522866412,-0.6210971594289374,-4.491548150855215,0.988796714,5.03254409,2.99076638
1ccb991,-0.2598236830241698,3551,-0.08699787651974145,-0.14090519778441507,-4.25026285335416,0.985739515,6.1259209,4.90558536
1b09491,0.0013579800851055738,877,-0.12105121696685202,-0.12533419397317683,-4.08660141788922,0.98320378,7.54328489,5.61457414
87771,0.13081025534680468,1105,-0.014942729063144082,-0.0244975911133615,-4.038344338825843,0.982373368,7.87087393,6.52177899
1925951,-0.2878251197257113,1125,-0.21025358761782736,-0.2120798193301889,-4.11122434758545,0.983612302,7.36980438,5.37744023
1b26a51,-0.6055884339447858,1077,-0.6282554115900064,-0.6243045448608977,-4.392921852592269,0.987635451,5.7968421,3.66499622
1b26a31,-0.7969100239620195,491,-0.8571546003937925,-0.8601794185269033,-4.81075799510805,0.991858314,4.16628885,2.09696344
39984xx71,-0.4160333423317952,632,-0.3499908780482686,-0.34552695482252677,-4.217640629247637,0.985266635,6.74191618,4.70204485
349aexxxx31,-0.7098038208123882,129,-0.8000435075742325,-0.7965904991392639,-4.664871890074146,0.990579545,4.65886879,2.53777665
188b131,-0.6808245512452555,566,-0.5625317836482843,-0.5709437911120109,-4.539997896973813,0.989326571,5.11492062,3.1286624
3bef7xxx71,-0.5714379113376673,853,-0.5918592222716629,-0.5906519996689196,-4.38277483450558,0.987509349,5.84058332,3.66843796
3f0fdxx31,-0.6957018523088688,147,-0.6641889438328287,-0.6608579250060529,-4.53528066327969,0.989276103,5.13342142,3.14971425
b72471,0.06708980165302107,2592,0.16947160125781316,0.17010759923951052,-3.827446728389295,0.978234883,9.40977001,7.79630984
1293a91,0.18873775041766677,2395,0.25840374944183114,0.2662061344708722,-3.7723056727436393,0.977001026,9.82821178,8.60006068
1877451,-0.33561073829125304,866,-0.3223394076412559,-0.32243116075834305,-4.083161803002042,0.983145908,7.56852388,5.14279351
1b26a91,0.022718285336510227,3734,0.11968683741576285,0.11338074883249832,-3.983336155967512,0.981376595,8.23954868,6.91006822
19bfe71,-0.13681297206170828,1467,-0.052878355295916266,-0.054815556295393635,-3.9801319997924507,0.981316827,8.26275539,6.62297997
1eaffxx91,-0.29362028761141357,1844,-0.21674936062746514,-0.2113412314014731,-4.127735795856327,0.983880665,7.26012039,5.45781766
26e4e91,0.2754826351086833,1655,0.246230136341936,0.24112738165909303,-3.7256768083747476,0.975903214,10.1914377,8.91567113
2698d91,0.19066914379378094,2636,0.25166862590223965,0.24149230782371203,-3.8665990243106085,0.979070571,9.09954262,7.38450094
2ba9791,0.34238080868324205,1249,0.47422177112198083,0.4701580370533463,-3.742474722327136,0.976304609,10.0555592,9.28818747
2ad5491,-0.009394793484181457,3185,0.021293742518718704,0.01611857147019861,-4.014582503157474,0.981949511,8.02353573,6.51248521
299e391,-0.011342089189905468,749,-0.09937985927640333,-0.09574597674826517,-3.970021360154995,0.98112697,8.33734894,6.33682897
26e4e71,0.03539461017339256,948,-0.002791473153269033,-0.008620812156239338,-3.9196611015575833,0.98015218,8.72715092,7.34684049
2553291,-0.3094854482859412,1756,-0.23394413133579614,-0.229336217193911,-4.166805970706107,0.984498306,7.01967478,5.05516228
2a67971,-0.36292790696958566,1284,-0.3165839337577744,-0.3277208017574004,-4.221218030949747,0.985319248,6.72143126,4.7761565
43d05xxx31,-0.4846295641003634,580,-0.38033510945610016,-0.3866008563962107,-4.122406501122765,0.983794531,7.29496717,5.08361464
11c7751,-0.2102614845091201,2134,-0.2521036651738153,-0.25374060559194744,-4.219179003204516,0.985289283,6.73406219,4.83887071
26e4e51,-0.20980281655715133,900,-0.2298922773160008,-0.2437396796981238,-4.046104091963827,0.982509617,7.82302713,5.86325367
2035931,-0.43331710871470847,435,-0.4951208236747858,-0.4922472247447511,-4.347637266000261,0.987062656,6.00098372,3.8179691
26e4e31,-0.5391987273292878,490,-0.4820860225610551,-0.48513667738136196,-4.300101343250596,0.986432816,6.24272203,4.19847547
1329231,-0.3135329198611698,447,-0.2707868327353876,-0.2686219475120012,-4.158603570427049,0.984370632,7.06806326,4.9502317
3c3dfx31,-0.5626111832468624,228,-0.5995301716363715,-0.6088669062392302,-4.530191478748506,0.989221388,5.15363073,3.15091412
3b3bdxxx31,-0.42052965225631284,371,-0.3957956290663523,-0.39257541428551723,-4.246759858698457,0.985689473,6.5543313,4.73575856
39ba2xxx71,-0.41466681796976235,660,-0.4242027944305766,-0.42603209104026224,-4.243928266575759,0.985648894,6.57224035,4.67122357
2c22ex51,-0.3336362468879745,241,-0.36242324019695604,-0.3663843734939421,-4.198720629275175,0.984985226,6.84105968,4.83883315
3712dxxx31,-0.5824279475970309,1130,-0.5425236556832234,-0.5415420017905552,-4.491492989989419,0.988796096,5.31631136,3.37041591
ca4051,-0.4758062030099048,941,-0.4750421383085982,-0.4743895727905316,-4.372189656779575,0.987376431,5.88740873,3.62950193
74351,-0.5521465397781459,208,-0.559631140263491,-0.5564961396313524,-4.474826807183736,0.988607805,5.3916626,3.28637578
43d05xxx71,-0.24013347380308125,1083,-0.1565650696519621,-0.16131747581269468,-3.876721066419347,0.979281351,9.02449894,6.76304626
122f71,0.13543613514103336,506,0.08889083272450186,0.10433412140721532,-4.130400930399932,0.983923568,7.24288797,6.05132059
15ac071,-0.23573111928368032,913,-0.2723360451745364,-0.27809096315218923,-4.018040737005052,0.982011826,8.00072098,5.32873476
27be6xxx51,-0.29757462803703993,2374,-0.26951386312999626,-0.2698090547279848,-4.158061532924669,0.984362158,7.07129812,5.17901611
3e6cdxxxxx51,-0.3846449195269401,783,-0.3039286027477584,-0.30600684235892683,-4.082871589196912,0.983141016,7.57066536,5.71304791
3d8caxxx71,-0.25864664895360917,607,-0.41658194916594166,-0.40859408354957705,-4.218343091601842,0.985276981,6.73832607,4.54662587
3aae471,-0.42998735254788845,485,-0.48379890936322406,-0.48085156981861293,-4.283827395858807,0.986210218,6.3328824,4.2196846
48b7axxxxx71,-0.6538503278357726,370,-0.5617630440755226,-0.5596764523150736,-4.454642575844236,0.988375526,5.48761177,3.45878454
47a42xxxx71,-0.37184611531379036,614,-0.20822002656285782,-0.19611005032852297,-4.07606244325422,0.983025829,7.62143373,5.82118577
45365xxx71,-0.29839947189163124,399,-0.27427266177562315,-0.2708655317921137,-4.008871517859603,0.98184613,8.06167316,5.94099544
41cfbxxx71,-0.3569991573817249,1110,-0.2509697392525958,-0.2531574864621561,-4.171304486558849,0.984567884,6.9935832,5.40426166
133d651,-0.09464215925191843,374,-0.15243681392602365,-0.14839872077347246,-4.059359711526739,0.982739933,7.74345636,5.49529208
142f411,-0.6549296319970354,465,-0.6233165624969687,-0.6263194501304182,-4.497191500729428,0.98885976,5.29130888,3.29744838
1f74731,-0.5322752549534876,764,-0.5028491816085952,-0.4940886168730796,-4.321358719676965,0.986718175,6.13082933,4.24200557
1af8951,-0.5466291575967165,462,-0.5700111425454893,-0.5722301099631125,-4.49262654088739,0.988808789,5.31130791,3.22500522
1f74711,-0.635397110524486,502,-0.6891011620565591,-0.6827344892294065,-4.5195614589187585,0.9891062,5.19670057,3.23429196
ca0331,-0.32977957194272245,263,-0.45457223741766545,-0.4601717066736745,-4.34145875243742,0.986982475,6.03071308,3.88263174
fb8b71,-0.21822476155048204,1097,-0.207292241098719,-0.20293838231068717,-4.022874345889468,0.982098564,7.96918011,6.09706409
12bd251,-0.15236583432439915,1949,-0.18698994129030228,-0.18354076512774556,-3.944353911902688,0.980636277,8.53652573,6.32212536
1689a51,0.10065390475910997,1375,-0.030121539095377858,-0.03341123479166008,-3.991429319809526,0.981526709,8.18183327,6.30913661
1a7f951,-0.42737429200865945,1076,-0.45666244570687775,-0.45210321598871006,-4.2417916216056115,0.985618198,6.58585262,4.6383444
1a7f971,-0.11478653264593208,2261,-0.11106646940507277,-0.12007727532394125,-3.8679531070625157,0.979098892,9.08938694,7.49842424
28ada71,-0.07558317127395552,1000,-0.09156854079744538,-0.09002638517088363,-3.9205200533087643,0.980169221,8.7215271,6.62568841
1dc9451,-0.039479401973454537,1997,0.004313216664817289,0.01274534650565081,-3.8353219517895423,0.978405615,9.34468269,7.78967579
3c8951,-0.4587652057671565,1126,-0.4110051783485699,-0.391193115791134,-4.239546026005824,0.985585866,6.60025072,4.68509791
37e07xxx71,-0.04480029463987407,1003,-0.11948361393185727,-0.11465780550524561,-4.0238028587948245,0.982115178,7.96316671,6.14969283
1ea1exxxx71,0.025952353037277557,2115,0.10897616788000246,0.11856011192715266,-3.8586028144894873,0.978902544,9.16026402,7.45692444
1de9871,0.07009312565122565,1544,0.04455698399012919,0.049784607870509104,-3.862274966833604,0.978979875,9.13221836,7.36168847
1de9851,-0.06793065588915591,1014,-0.13084412009347485,-0.12763777823557956,-4.015178564900649,0.981960267,8.01958752,6.07089409
12ab351,-0.37019165077428634,616,-0.2870794749890171,-0.2927210300301775,-4.007413883488486,0.981819649,8.07149982,5.72661297
2824071,-0.3757214840355701,1225,-0.31043433974623064,-0.3129184228301195,-4.143478820585148,0.984132445,7.16014194,5.13710961
268a7x71,-0.3575676064183641,2972,-0.30436563196985994,-0.31106502340219544,-4.161419032161426,0.984414574,7.0513339,5.04249925
43ca2xxx91,-0.31353269017622815,1621,-0.2722224005728748,-0.2611687096423039,-3.9343302215901237,0.980441205,8.61837673,5.99680094
ca4071,-0.32787038381698713,1502,-0.3561395960082648,-0.3606768225186697,-4.2938855094235455,0.986348222,6.2766819,4.33896666
2de12x71,-0.08705016568373346,1270,-0.033316384410152,-0.03554712617740633,-3.9860681180191073,0.981427404,8.21992302,6.43335372
1695b51,-0.1404669694247598,1224,-0.0715897973801328,-0.08409940300043438,-4.0403088656592505,0.982407962,7.85867023,6.38428263
19ef071,-0.11285385023290985,3439,-0.029547780119620625,-0.0211450473158195,-3.9393836678501652,0.980539795,8.57681465,6.82201268
19cf171,0.003643396245342787,1362,0.03469739568875791,0.0321886525488834,-3.8858306399807443,0.979469232,8.95864487,7.28490389
19b6f71,-0.10860517641806931,1617,-0.04124809267883507,-0.03623302072459738,-4.000171774457481,0.981687507,8.1208992,6.55318392
194b471,-0.02814976618517106,3152,0.02912274067184648,0.030998717785456476,-3.9070241206978595,0.979899772,8.81130123,7.38031241
1a46651,-0.057287841490629696,1483,-0.06826310898373068,-0.0742072215561512,-3.853343096870761,0.978791285,9.2009182,7.34336794
29742x91,-0.1839217640575188,3507,-0.051704663413823605,-0.0731182027454955,-3.9049448150263717,0.979857934,8.82540607,7.64223187
27e38x91,0.015292890115406015,4124,0.057440857873995936,0.059074066867135906,-3.9337751778530845,0.980430346,8.62297916,6.98593257
a54431,-0.24917639861109417,836,-0.14719865689260236,-0.13344666690435594,-3.9312712194397794,0.980381283,8.64383507,6.8220344
b2c071,0.00046550957171406977,1598,0.05393544880519615,0.06122861660406368,-3.904543447193577,0.979849848,8.8281374,7.25423079
33bd7xxxx51,-0.5203780346280333,523,-0.6597873739084498,-0.6609076266711097,-4.601520255097303,0.989963434,4.89241886,2.95860349
33321xx91,0.1180115348281071,3836,0.09845563183749437,0.10308850081019616,-3.838851914868102,0.978481708,9.31596375,7.58583773
288c5x91,-0.26506952310990917,1597,-0.19936659359921174,-0.20641671480224133,-4.028683346541962,0.982202252,7.93180084,5.95255808
1b8ad91,-0.16108054470399263,1519,-0.09337796885880593,-0.08931844589684443,-4.091491117171391,0.983285708,7.50784206,5.49774874
3e2aexx91,-0.05553568477995364,1121,-0.07140924469172753,-0.06108648720364043,-4.150260397794043,0.984239688,7.11838913,6.36318383
275e391,0.0055500531987131225,2420,-0.002823022780387239,-0.010305429277154792,-3.8903474273175354,0.979561756,8.92656612,7.11060861
342f5x91,-0.311045235501041,1581,-0.297752483883123,-0.2955849081785689,-4.171048106113487,0.984563927,6.99506187,4.99315819
2f1e5xx91,-0.3017522961103132,2015,-0.1312691259495097,-0.12512603287267443,-4.0361658091053645,0.982334926,7.88447952,5.89796683
3ddf9xx91,0.019851163777734486,1183,0.08844996649442426,0.07974224907582236,-3.8464075643770426,0.97864368,9.25541496,7.59674131
3b62dxxx91,0.02908638782696301,1312,0.05352063227436793,0.05544424661332445,-3.918706792250186,0.98013323,8.73341274,7.75289037
d27e51,-0.19531191551173918,560,-0.1587335962124565,-0.15613291253354802,-4.0523202635592215,0.982618003,7.78537893,5.81761522
d73551,-0.14844494229779984,858,-0.10820221158823908,-0.10949178319556374,-4.087082236860498,0.983211854,7.53977776,5.68704869
16e9731,-0.20124736157049586,683,-0.23304078325676572,-0.23308413867523686,-4.0551594073933135,0.982667283,7.76838112,5.84290079
1694f51,-0.21431899764534162,816,-0.27974632382340003,-0.2818602845712564,-4.195272848071497,0.984933369,6.8596487,5.27298561
1935751,-0.26810159623359836,408,-0.368565770547635,-0.37400639572396877,-4.171078101238796,0.98456439,6.99488878,4.86961599
1694f71,-0.10129361349584037,1454,-0.12306752062218755,-0.12759741083483497,-4.032277104147631,0.982266098,7.90895796,6.45369486
1ac5651,-0.23717802199633173,714,-0.23568327457385824,-0.23968180752143808,-4.103674612089301,0.983488111,7.42169285,5.56595259
1935771,-0.20518524331337065,1099,-0.20523869875678638,-0.20270045301626133,-4.03942016527399,0.982392321,7.86418295,5.99596757
1770771,-0.34988186133327365,1245,-0.2970316455974752,-0.2918491512158545,-4.06637093804179,0.982860524,7.69549322,5.37271353
2777cx51,-0.17873375594028548,816,-0.20092934370819648,-0.19611661995095256,-4.061903839036973,0.982783789,7.72848749,5.7041937
29ef2xxxxx71,-0.09969150199092804,1225,-0.178518198977397,-0.1790448228527242,-4.0521065595148045,0.982614288,7.78666306,5.81302056
f62151,-0.3025395371927906,578,-0.21808741740805945,-0.20705418577878582,-4.099814676052436,0.983424253,7.44865847,5.68649292
5b671,0.0011366498295801465,694,0.10921971727052007,0.12519854792878116,-4.228959169883684,0.985432455,6.66943836,5.38101138
74471,0.0646469561034096,571,0.012726252247488322,0.009653844844037668,-4.187453107403537,0.98481509,6.90242815,5.66172556
1d371,0.2722354205996316,1048,0.1778669557658086,0.19913309417648348,-4.040078788033184,0.982403914,7.86009645,6.73294009
1ff071,-0.28943502390605574,1885,-0.18271118076012766,-0.19142206730197273,-4.178703170008267,0.98468164,6.95133924,4.92357049
25671,0.10441376300261297,499,-0.022703864258399244,-0.033748956376722324,-4.198079533127314,0.984975597,6.84450388,5.80389991
269371,-0.09557819240281032,1857,-0.036841699642430156,-0.03080204115584444,-4.157241487515741,0.984349329,7.07620239,5.36498143
15b191,0.41600132388317335,641,0.1949241867305628,0.18956996582150226,-3.907911668567836,0.979917604,8.80530262,7.75828024
1a45951,-0.1519609891437788,1336,-0.1788395492241779,-0.17660903908934908,-4.093534750208378,0.983319831,7.49317884,6.3812385
4a2a71,0.03235624489477087,1655,0.011181757669036126,0.004504188380663133,-3.969912957365086,0.981124924,8.33815956,6.59029447
41f371,0.35826072925088254,1180,0.19509203714052203,0.184489399696978,-3.9094799916303855,0.979949075,8.79473591,7.31987821
d6171,0.34627241867384906,619,0.16383616355054215,0.1795276987361767,-3.9505079932936615,0.980755077,8.48743534,6.83249547
74a71,-0.13263965148578755,664,-0.26371005350271326,-0.2562664675443061,-4.212264889802586,0.985187219,6.76960373,4.91841712
74371,0.059365272409062815,469,-0.06118377500950079,-0.06049846092123506,-4.21785214437349,0.985269751,6.74083471,5.55812953
5b071,-0.08592688900427081,1158,-0.22732546573795573,-0.23562221360267394,-4.28923846883854,0.986284634,6.30245304,4.66736984
28ada31,-0.6398880730985144,408,-0.7022010451949195,-0.7080536330148487,-4.560914477417198,0.989547504,5.03547621,2.74485133
42a5cxxx51,-0.2133510543499824,629,-0.2736105835172301,-0.279653679572192,-4.147899021643873,0.984202428,7.13283968,5.24821179
4a15dx11,-0.8863931677602392,277,-0.8634010187986103,-0.8613620365447643,-4.972378410662257,0.993073346,3.22329448,1.64030486
42a5cxxx31,-0.4938622409667518,361,-0.6196880613424857,-0.623973639226233,-4.413090808619054,0.987882333,5.70310688,3.53732799
452f4xxxx51,-0.5174694159869542,594,-0.59465491619896,-0.5981961280198089,-4.345677270670086,0.987037274,6.0103631,3.78800671
427e6xxxx31,-0.8307710196997692,186,-0.6404309464962854,-0.6360441540585026,-4.540828246671461,0.98933543,5.11168718,2.9546186
3ff31xxxxx31,-0.3549545589154268,615,-0.39932254653870797,-0.3983079616557669,-4.251916407568051,0.985763076,6.52209663,4.40953533
427e6xxxx11,-0.8629843002591924,203,-0.8040345552825281,-0.7934176987176758,-4.677685181449325,0.990699482,4.6077733,2.41372446
3ee4bxx71,-0.4483389644225072,877,-0.4320415495336963,-0.44318367600522696,-4.282635411847257,0.986193771,6.33964777,4.54642193
3e2fbxxx51,-0.1548381447912133,311,-0.22898022909417545,-0.2279833182777064,-4.118058733642188,0.98372392,7.32378435,5.33672744
3e05cxxx51,-0.4110412391509656,511,-0.3514555898653314,-0.35836215996528,-4.119337376868598,0.983744718,7.31527328,5.09919856
3cbc3xxxxx31,-0.473396223325024,927,-0.43912490725819636,-0.4412697816972345,-4.334514696611282,0.986891766,6.06470251,4.05689093
37fa9xxx11,-0.19777192075484912,755,-0.26401541518366306,-0.2647351258538583,-4.029533534467831,0.982217377,7.92637682,6.09459334
4a2a11,-1.02533361514026,964,-0.8544677524920993,-0.8470638711472985,-4.903728254922637,0.992581128,3.93134117,2.04374959
1989b71,-0.3785948122161248,980,-0.30772625120107067,-0.30961526942485157,-4.1793629229523415,0.984691743,6.94761229,4.93732159
2713cx11,-1.2231116464924017,714,-0.8854185459758215,-0.8799581018453815,-4.937808621027153,0.992829706,3.5782957,1.6325666
fdd371,-0.03910206400868471,2206,0.03773940709186868,0.04076594720116453,-3.9896739464905124,0.981494253,8.19424343,6.57208193
12cab51,-0.20903339652376365,609,-0.21023709836886761,-0.2113107820911101,-4.157292924332954,0.984350134,7.07589436,5.33103121
1770751,-0.5743669744909611,1131,-0.48142366436692174,-0.47694915352273753,-4.26142524542082,0.985897811,6.46390152,4.18560468
1dc9431,-0.3333081219537009,1177,-0.3101233368711433,-0.3113068397363947,-4.162884486305217,0.984437397,7.04267645,4.99094508
1a1e551,-0.22141013078233301,991,-0.2213988019958866,-0.226252950459892,-4.117941206105639,0.983722007,7.32456827,5.50241206
1958051,-0.5558855228646212,826,-0.5429136351023298,-0.5384191912274928,-4.321554796292947,0.986720779,6.12982655,3.83134666
1d3f5x51,-0.3546300971139407,1257,-0.3641917022155506,-0.3730635864244078,-4.249955337470079,0.985735129,6.5342989,4.75850589
1cce651,-0.33703133932422125,1379,-0.38044649427837557,-0.38367998926497376,-4.207102706318698,0.985110555,6.79654694,4.7576203
fb8b51,-0.4586263353154348,476,-0.4723456650196699,-0.4737114804748222,-4.323740141798862,0.986749767,6.11868715,4.05826539
13de631,-0.35306021706990787,523,-0.3866914636462165,-0.38458366075298245,-4.311685232862807,0.98658907,6.18095207,4.29534619
1a8a11,0.22675502351656882,1640,0.2253755596471385,0.2291754671660282,-3.8966315637091777,0.97968979,8.8825531,7.52782792
1a32271,-0.358849849221811,1771,-0.40846631895283736,-0.41052311754848586,-4.296956340366894,0.98639008,6.25983191,4.44428957
197ba31,-0.3800175038200173,920,-0.3207581772522398,-0.31903721913875277,-4.109262056832938,0.983580113,7.38318396,5.60876406
226e7xx51,-0.6810919390702189,755,-0.5555741073708512,-0.5515056731606823,-4.563145139425238,0.989570794,5.02724504,3.23353987
b97b91,-0.3259745528304694,2312,-0.23013888509535435,-0.22611571767374167,-4.208751473405765,0.985135084,6.78790331,4.72370764
70d771,0.03805661111209665,1743,0.29369624278390793,0.30212335274491625,-3.978026492437748,0.981277448,8.27811718,7.37243476
1a68551,-0.31018989009106746,1126,-0.3277207732528994,-0.33043062433882714,-4.121435202283401,0.983778783,7.30137491,5.26187016
26c74xx51,-0.19697874220711797,1550,-0.2085822193190313,-0.2102556964886151,-4.115506341547082,0.983682324,7.34086752,5.33914126
22717x71,-0.17144211029865564,1115,-0.31215849588818484,-0.3267735155905434,-4.267786150895762,0.985987229,6.42585039,4.99161119
3c0bexxxxx11,-0.37328826260730835,805,-0.22891822087512825,-0.2181706821354868,-4.144778983441562,0.984153062,7.15207767,5.21326447
1fc8c31,-0.2841437871372006,1263,-0.22104739886772198,-0.21430380606446356,-4.074114438080423,0.982992731,7.63614798,5.65854586
9c1751,-0.24171231718138622,688,-0.3039115128065725,-0.30568723307114115,-4.083189571124926,0.983146376,7.56831932,5.43490366
d7c971,-0.24060466845709597,822,-0.20007210671549236,-0.19823300956913212,-4.148148204898929,0.984206364,7.13131094,5.57937446
c2f171,-0.3149009088697112,442,-0.3508760143680332,-0.357096948780078,-4.2604011064124245,0.985883361,6.47009325,4.2209232
ff8331,-0.3967376818580841,716,-0.36384995225726985,-0.36594890996555585,-3.952976050201778,0.980802516,8.46799088,5.7426435
11c7731,-0.5295100215724733,986,-0.5545437180935165,-0.557387210473585,-4.454238252199023,0.988370825,5.48958921,3.43943963
12bdc51,-0.30922635303841683,618,-0.44270769676305305,-0.44836588249299686,-4.239285898530798,0.985582116,6.60192537,4.05383125
19b6f31,-0.4487355196117206,675,-0.48436383363434277,-0.4827394012881634,-4.24742196821383,0.985698945,6.55016518,4.37132116
1c6af51,-0.38369699165789484,1538,-0.38043856396362685,-0.3717158510121955,-4.223199182301557,0.985348304,6.70800924,4.46284485
1b6fc51,-0.4791135783480716,694,-0.5153223952609779,-0.5092467298150593,-4.332121663561257,0.98686036,6.07656002,3.81133417
28ada51,-0.32313204283765173,648,-0.33561868051621796,-0.33655834349494856,-4.1110293422594,0.983609106,7.37113047,5.20434101
2804axx51,-0.5525114079403243,247,-0.5960814468030837,-0.601103088880072,-4.459432049729479,0.988431068,5.46435928,3.44176542
b00251,-0.3934820547095249,267,-0.29994656219809873,-0.2967434645909743,-4.134673240942607,0.983992105,7.21552706,5.12656755
f53231,-0.39875723332826296,560,-0.5072175951547838,-0.4979960895279213,-4.370257602225888,0.987352018,5.89609098,4.02698311
e91531,-0.2934805665746484,732,-0.3475840427833678,-0.3481390670231258,-4.257788531201707,0.985846432,6.4859705,4.45031973
206b211,-0.6334835503643618,509,-0.707071863855705,-0.7003799303873791,-4.554308644792534,0.989478228,5.06012011,2.91392693
1ff051,-0.4299931488860004,668,-0.42809357135987297,-0.4280974818687145,-4.301666414335904,0.986454033,6.23426247,4.18538226
e2ba11,-0.5944385553950461,457,-0.5972269006235501,-0.5929752232303197,-4.613219192504481,0.990080167,4.8537178,3.0517094
1689491,-0.1802838397906822,3695,-0.13551701432712415,-0.13308662456931103,-4.054563371550308,0.982656949,7.7719388,5.62299171
1c5fd71,-0.15103171629536422,3459,-0.11139104095664154,-0.1120934702380947,-4.022477082383574,0.982091451,7.97175694,6.63068331
1eb8231,-0.39988519786918686,928,-0.3767926099513621,-0.3773734392288055,-4.167054167930688,0.984502153,7.0182271,4.8331604
1d0ca91,-0.08135338210172526,1699,-0.13197567767809187,-0.12771829520071148,-3.9406014054210714,0.980563478,8.56688976,6.21409196
33321xx51,-0.29859535728539177,2345,-0.285120729038824,-0.28737842112889594,-4.196068099710417,0.984945346,6.85534668,5.03396548
32266x71,-0.5347412876815812,977,-0.5352831294181906,-0.532840198443551,-4.330510513114151,0.986839173,6.08458567,3.86543919
37762x71,-0.3868724025948619,1029,-0.304059999704665,-0.3062976530282143,-4.254817656456926,0.985804321,6.50417089,4.61081842
76c251,-0.2895147313287883,1698,-0.26400311940244064,-0.26216683727041995,-3.981152421951232,0.981335882,8.25534248,5.58753674
1a58751,-0.6171253207573677,550,-0.6581969883282764,-0.655226018668517,-4.577077603753013,0.989715091,3.87087594,2.02350616
2698d11,-0.7600928171395928,353,-0.8627758186529141,-0.859988593057757,-4.905026194338024,0.992590751,3.84982386,1.76717964
41cfbxxx11,-0.8014736432851627,191,-0.9343216323060451,-0.9314265139271253,-4.823320474414598,0.991959954,4.13156843,2.16630481
f2f151,-0.5344459397541533,335,-0.5450704823230643,-0.545358953321776,-4.395397467178637,0.987666023,5.78633642,3.42791044
13fe831,-0.44574986450944065,702,-0.4146216140930153,-0.4093818263155714,-4.21679698250679,0.9852542,6.7462368,4.4583526
1677a51,-0.46623808953273393,680,-0.5447955745260992,-0.5494876239189135,-4.368203338196261,0.987326009,5.90536833,3.62004706
e97031,-0.4187218436001645,348,-0.5340856175877523,-0.5395098248325753,-4.275637544180567,0.986096818,6.37982273,3.7468159
3fad4xxx71,-0.32450729445224585,1173,-0.06644423031855783,-0.06238764374391703,-4.136642895995049,0.984023604,7.20302153,5.91202897
1677a31,-0.5497088627224924,407,-0.5930205850775384,-0.6060315564288359,-4.471335689304247,0.988567964,5.40788078,3.29095752
19be151,-0.45231086123876646,553,-0.3466324906700991,-0.34812009187147763,-4.329915059169661,0.986831334,6.08756065,4.11054934
1ac1a91,-0.43265874394490217,2082,-0.3545090057934249,-0.3464689972806238,-4.309455734639066,0.986559137,6.19269037,4.22036039
1d2efx51,-0.13764591023456468,1462,-0.10252408167991993,-0.10372908521169524,-3.9660230650649235,0.981051359,8.36743164,6.56992634
23f2e91,-0.04966983964477158,2294,0.07287558308059233,0.09249513503429736,-3.852617102418467,0.978775882,9.20657635,7.58778792
2326b51,-0.11975741661734375,673,-0.22013327829963067,-0.2294305636049576,-4.11882087820627,0.98373632,7.31870747,5.54283494
1fd41x71,0.013023599051034422,1052,-0.02276323105506742,-0.024812328698919493,-3.8349459987940513,0.978397495,9.34775829,7.55357185
1f334xxx51,-0.4955328738709219,499,-0.463982599980054,-0.45722698379749366,-4.338210496678252,0.986940122,6.04653597,3.88901138
1f334xxx71,-0.23580142200295817,934,-0.19729306635552243,-0.18812982174747375,-4.062128420051423,0.982787655,7.72717094,5.81934944
23f2e71,-0.29371168403156694,1191,-0.18654202859517174,-0.16205459802049058,-4.057440935287084,0.982706783,7.75480938,6.06928605
13ae291,-0.07512825075372198,2756,-0.045542206270395784,-0.05197107256589844,-3.9585052598712385,0.98090837,8.42492104,6.28326005
184df71,-0.49061965707597033,2683,-0.4494892309070791,-0.4502523907661964,-4.294243182477699,0.986353104,6.27471256,4.07815229
1ccb911,-0.8441083188886912,862,-0.7718728819020053,-0.7656008203754006,-4.9685662374812685,0.99304689,2.75664341,1.3117218
3a751x51,-0.5253036780712546,780,-0.4917082133105903,-0.494598895665013,-4.421411162844112,0.987982738,5.65787458,3.73645753
38a54xx51,-0.26673303363989803,475,-0.39346553633015413,-0.3910819294946228,-4.179165924500064,0.984688727,6.94872379,4.84056766
38a54xx11,-0.6476890700113327,183,-0.7414282223320215,-0.7452402115379706,-4.638022564100959,0.990323186,4.77197361,2.64377682
3725ax91,-0.3528052752976448,2454,-0.17955362562680185,-0.18028765144507247,-4.113549950700895,0.983650369,7.35404491,5.37971966
30735xxxxx51,-0.08353382462809991,952,-0.1314045292957411,-0.13048556216929041,-4.0296431980941705,0.982219327,7.92567873,6.25052878
3a751x71,-0.11906174471063898,1484,-0.11570760517723792,-0.11615031247239814,-4.016130417659239,0.98197743,8.01329803,6.57988328
35d5bx51,-1.0741876680949096,306,-0.9236961243284789,-0.9199556723171043,-5.114918723353288,0.993993534,3.40056157,1.56963202
2e61dxxxx71,-0.47663838938871983,1249,-0.3771545484560234,-0.38232163008973497,-4.268668735507894,0.985999591,6.42062569,4.10415884
3ee4bxx11,-1.4217820053538093,478,-1.428161130363474,-1.4478325832770889,-6.328956103058685,0.998216105,1.17479832,0.374625683
3898fx51,-0.6631973033126132,157,-0.7353667116986569,-0.7261427468046666,-4.624728407153885,0.990193682,4.81666708,2.55414376
23f2e11,-0.7147393611474678,205,-0.7440242601382739,-0.7389326838466156,-4.680907284447731,0.990729401,4.59520197,2.34231714
35d5bx31,-0.9868624624283413,226,-0.9335978619934285,-0.945203101383888,-5.217521281196282,0.994579251,2.68303819,1.13179786
8d8971,-0.17259329950497418,1070,-0.20411342626952692,-0.19824705766060402,-4.033570323363562,0.982289017,7.90078974,5.77924992
2c2acx91,-0.32641732536907403,1278,-0.2167738166700919,-0.22244569646409626,-4.188184561271959,0.984826193,6.89838934,5.2069931
3f72dxxxx51,-0.3797745895620991,471,-0.3581310615552928,-0.3619111946352825,-3.999487394102988,0.98167497,8.12561703,5.80669873
2c22ex71,-0.26743380761104896,482,-0.26703098155653043,-0.27335204307885586,-4.153670771091571,0.984293345,7.09768009,4.94884256
d0f651,-0.23315122727853874,939,-0.20853105339924152,-0.20264109869870048,-4.128151470100785,0.983887364,7.25742483,5.14468853
57c71,0.17510430332750127,624,0.14468581480822962,0.14980737987812362,-4.063912277499807,0.982818332,7.71462631,6.29069754
b3cf91,0.1853914483480997,2350,0.22004652573481862,0.21784974163948134,-3.7370931164924657,0.976176746,10.0984468,8.4788654
d79011,-0.38445786662685144,648,-0.3041267758051001,-0.3133505658067482,-4.168573920204319,0.984525688,7.0093832,5.05892416
2ee3dx71,-0.4664820785899449,176,-0.5109228988446972,-0.5171917242009794,-4.230661384843131,0.985457231,6.65816593,4.377285
e68d11,-0.8326298080167709,181,-0.7977844072037457,-0.7950349158479957,-4.703114712639104,0.990933008,4.29087689,2.06284846
7b3071,0.00855109460340455,563,-0.07123952324386335,-0.06952255097124013,-4.008188976317226,0.981833735,8.06626987,6.4642422
a7971,0.229416055285047,732,0.06558322289171947,0.10753219268638514,-4.341658964143146,0.986985081,6.02974224,5.47611471
b72451,-0.20796564119275512,2081,-0.17271297644464034,-0.17611519070861878,-4.058970449297127,0.982733213,7.7457552,5.77249204
3d2c531,-0.33598630398154744,850,-0.35213590606276457,-0.3467488984246236,-4.155168136328231,0.984316846,7.0886488,5.15796368
1c6f091,0.2119994073023274,3204,0.23683301646227078,0.23034646291741323,-3.6805126734445004,0.974789953,10.5441742,8.7531797
1ab2f91,-0.03211125748759926,1382,-0.12607617796925652,-0.13012676387303346,-4.059534871029961,0.982742956,7.74242353,6.04792551
202d9xxx51,-0.07402622838975301,1743,-0.033732593952534924,-0.03877270285771349,-3.937960903064189,0.980512088,8.58845329,6.93963154
1d0cbx51,-0.12810683078424842,1308,-0.138692297191595,-0.13756699402978975,-4.099723945192981,0.983422749,7.449296,5.68034363
38a54xx31,-0.5627542475453681,235,-0.553684521432039,-0.5600980424082447,-4.468699741610548,0.98853779,5.42022896,3.40471532
fb51,-0.17863226962443463,421,-0.18447362471226525,-0.17674062757560233,-4.210049733135407,0.98515437,6.78112221,4.92896153
41a76xxxxxx51,-0.32113618975067665,1058,-0.2993645407968701,-0.28547206019452376,-4.239414150261167,0.985583965,6.60109949,5.3247622
f58331,-0.3732595286210794,832,-0.41318633765483476,-0.40769236182276775,-4.167781823967729,0.984513426,7.01398849,4.68061095
3fa34xx91,-0.538818066384906,1281,-0.48535433252956817,-0.4929161243045027,-4.306363843306817,0.986517515,6.20908689,4.05733754
4a2a91,0.5032579621245825,1905,0.48415614001164425,0.47805217398640243,-3.7712034051790138,0.976975661,9.83631229,8.78709588
dc9271,0.11849176135196646,1238,0.15427591977453894,0.1500150757334244,-3.8611856999877574,0.978956966,9.14050865,7.22422791
1c6f071,-0.10182552667060385,1480,-0.1341041063238809,-0.14066864432689566,-3.9901525069483026,0.981503107,8.19085407,6.20090074
30735xxxxx71,0.18998604099807506,1201,0.13401340319466423,0.14022973981920944,-3.951942698811202,0.980782668,8.47611618,6.94620514
3d2c551,0.03130677387503632,956,-0.10791961181793974,-0.09929677685976177,-4.014648209907275,0.981950697,8.0230999,6.49405201
202d9xxx31,-0.18626711451035838,979,-0.19212370994493608,-0.1988633064391513,-4.10438114059448,0.983499773,7.41678953,5.80565467
1d70971,-0.1357560544777376,1637,-0.04411820390290453,-0.04266995417714911,-3.9854993232713105,0.981416837,8.22399712,6.55551734
40e10xxxxxxx31,0.20172787872738224,1839,0.16379839665621526,0.1642068427001731,-3.794423453270496,0.977504128,9.67026615,7.87873488
3ff31xxxxx71,0.28030480758770476,1223,0.31579086250731203,0.314453753597877,-3.6860882730864373,0.974930123,10.5049076,9.18908691
33321xx71,0.02495419068100905,2251,0.021764012040244498,0.030825068888175336,-4.057415318634846,0.98270634,7.75496149,6.25462224
1677a91,-0.18741430261271214,3621,-0.18816603117339242,-0.18672292778239113,-4.005960952175061,0.981793215,8.08133411,5.60645412
1677a11,-0.6277536841647271,461,-0.6925536809025271,-0.6881861601599996,-4.798806878157345,0.991760428,4.20028257,2.20725925
188ba31,-0.30939633676179273,797,-0.3535907092254105,-0.3568853525859551,-4.143307983399663,0.984129734,7.16120434,4.80810635
188ba51,-0.181901834904628,884,-0.19065235935267583,-0.19277630966857237,-4.0537645809847005,0.98264309,7.77671623,5.84498185
1d74271,-0.023637385822402636,2716,-0.09065875086489461,-0.09356538471174752,-4.007252623477654,0.981816717,8.07258987,6.32291647
253a191,-0.2950759116454331,1461,-0.240239127072333,-0.23757370562082653,-4.095209756394663,0.983347747,7.48122501,5.45789748
f58351,-0.1557064281144975,1788,-0.12411234546661033,-0.13283377857027795,-4.021078840375894,0.982066393,7.98084927,6.04382266
32cd991,-0.3076549348816345,1412,-0.23066515453720643,-0.23016490468343168,-4.154907890916998,0.984312764,7.09021568,5.12876716
2d20591,0.354475141741287,1893,0.5069110875441343,0.5358207258875662,-3.764261449798786,0.976815271,9.88784027,9.53425833
3c433xxx71,-0.24866241028305786,920,-0.14107179439067238,-0.1451539513356051,-3.9774615047579593,0.981266867,8.28225517,6.47526492
3bef7xxx91,-0.3372556399541665,2420,-0.28303049082628023,-0.28094649575899994,-4.155183184434987,0.984317082,7.08855724,5.13872939
3bc7bxxxx91,-0.3105382331972989,1401,-0.26135432018169813,-0.27530366143169527,-4.0883613374637084,0.983233314,7.53047037,5.67458109
3a539xxxxxxx91,-0.16695289199822527,1777,-0.1409695645257249,-0.14541463381506495,-4.003503134250726,0.981748411,8.09805584,6.17255636
42de8xxxx71,-0.3753372882670821,1036,-0.2974920006796055,-0.29628796221424164,-4.2084005071182595,0.985129866,6.78974056,5.11916058
41218xxx91,0.17985602843285162,1221,0.15693687298147796,0.16920290510648922,-3.6717231880900414,0.974567393,10.6071262,8.70894623
41218xxx51,-0.18417048827353183,470,-0.16765087865523157,-0.16755573988174172,-3.919985471893584,0.980158617,8.72502613,6.68978941
41218xxx71,-0.11072547714783654,681,-0.018013658940493577,-0.031090455834430177,-3.7916956537351254,0.97744268,9.68928528,7.61933253
41218xxx31,-0.3007426350179528,336,-0.29510886559548477,-0.30490721613932875,-4.09023800567931,0.98326475,7.51687813,5.19793525
40095xx91,0.1921275335547351,930,0.22844122692185206,0.22129081784364574,-3.6855256045601466,0.974916013,10.5088472,8.91188871
4a2a31,-0.5462211158835995,466,-0.7045263548205597,-0.7106713421688196,-4.686584383724306,0.990781882,4.57331419,2.47578313
1a53d71,-0.12680880372824624,969,-0.1693000915925497,-0.16394202201537394,-4.084275030552842,0.98316466,7.56032753,5.55285292
1a93851,-0.39546899730143653,1209,-0.3357028081381844,-0.34009770908091663,-4.13303663912815,0.983965885,7.22596979,5.00566747
2840cx91,0.09947146725401806,1815,0.06737142067544005,0.07113409830819727,-3.85352181296351,0.978795075,9.19952774,7.5422199
40e10xxxxxxx11,-0.1354366615637665,1210,-0.16286131387927494,-0.1572739559667104,-4.0325599358241515,0.982271113,7.90716887,5.83881319
1689a31,-0.1432624885341958,845,-0.2926203851675657,-0.2975716667848038,-4.040044690122393,0.982403314,7.86030769,5.48957003
1b67771,-0.10862015951545666,776,-0.16383310009478766,-0.16288386718025064,-4.103365549249051,0.983483007,7.423841,5.57631507
1b67731,-0.5286419871047738,350,-0.5413822590055302,-0.5475908731883073,-4.5075532143296755,0.988974596,5.24679804,3.32798415
1ace911,-0.8332351623711353,840,-0.9121093811061497,-0.9211658326402273,-5.105712201110793,0.99393798,2.09741624,0.807607651
3aa79xxxxxxxxx11,-0.445475370891627,884,-0.3496960001601851,-0.35299127798008834,-4.263646941497449,0.985929107,6.45053339,4.33071107
2c9d791,-0.4766565801781787,3354,-0.4043015652398616,-0.40660069867349335,-4.266625241767283,0.985970952,6.43274403,4.42375183
2a57191,-0.24618052471937557,1541,-0.2340639126214781,-0.2247932913668397,-4.350829175763829,0.987103885,4.28318048,2.27700938
2ee3bxxxxxx51,-0.021123112078928905,2391,-0.09926617834661403,-0.1030814306151234,-4.024596360069189,0.982129364,7.95804024,6.61890235
d4b831,0.062330969513179554,1854,0.2691497508901363,0.2810205917398965,-3.449030238696317,0.968223563,12.2433233,10.3736267
1ad3b51,-0.22080348522021745,3015,-0.05494480500739719,-0.05293416912960035,-3.8535804331393813,0.978796318,9.19907284,7.11055697
7ced51,-0.2732897924117929,637,-0.14917658748399212,-0.13587306063349358,-4.084206724197027,0.98316351,7.56082964,6.03134214
dc9251,-0.09892677392927952,730,-0.09735463963844494,-0.09780335996049834,-3.9727901405241175,0.981179153,8.31671333,6.55204127
38419x71,-0.3882878225339053,954,-0.2801467313256058,-0.27129970717202967,-4.034674259152397,0.982308558,7.89383936,5.81426063
36cf0x71,0.012169503219883955,1247,0.06069065192254739,0.06747470090583829,-3.8525662182063294,0.978774802,9.20697212,7.89515217
142f431,-0.5331341855568834,955,-0.4441888331293953,-0.44500002503544817,-4.23209487627891,0.985478063,6.64871836,4.28111032
275e351,-0.32911652496929183,1034,-0.2978256880509621,-0.310005037222346,-4.119274630002728,0.983743698,7.31569004,5.13639245
449a51,-0.16993260127559437,874,-0.15723176110436624,-0.15436120370257367,-4.039128119454622,0.982387178,7.86599779,6.0253067
732e31,-0.35683611424136835,576,-0.3396457011236405,-0.3309690405704852,-4.262178674664214,0.985908432,6.45935917,4.56091162
25e40xxxx71,-0.23973675898638036,1279,-0.21868279411874667,-0.21958774688251267,-4.162967637806274,0.984438691,7.04218626,5.65371998
3b3bdxxx51,-0.367757475727352,933,-0.2698899754735081,-0.2697157790954806,-4.085857539105428,0.983191281,7.54872274,5.60035882
3b036x91,-0.30933166849421945,853,-0.42494795799110296,-0.429309922358855,-4.404349383610732,0.987775943,5.74887466,3.99824201
3a5e9xxxxx71,-0.6703551202233525,380,-0.5587284497256301,-0.5679398123975345,-4.459335070544574,0.988429946,5.46482754,3.30573713
39cb9xxx51,-0.5873537062272167,455,-0.5566888384469159,-0.5574764335247832,-4.446970400578694,0.988285998,5.52551174,3.54939622
71e591,0.01366518477608945,650,0.032018278468917846,0.0286598474734332,-3.9711494251100885,0.981148248,8.32892227,6.25341034
3ee4bxx51,-0.8410360622511389,339,-0.8707029535546504,-0.8733781637605426,-4.811079847565796,0.991860934,3.34156576,1.5973747
3e6cdxxxxx11,-0.8274783048705672,161,-0.7738468063643704,-0.7766923673833226,-4.590065045214143,0.989847802,4.9313674,2.66734901
269311,-0.6575662652609123,266,-0.7327809331008125,-0.7289618389268424,-4.768594230861591,0.99150769,3.48021391,1.5976316
269351,-0.4888645270724374,574,-0.47984508862251685,-0.4616807727409088,-4.373552323294778,0.987393621,5.88131046,3.44223287
269331,-0.6091563701316389,284,-0.5330566224261513,-0.5266631699162233,-4.5320038355924455,0.989240905,4.83761956,2.62010046
491b6xx31,-0.6986328826684247,304,-0.6584645144229112,-0.6559176927046956,-4.453922974290803,0.988367158,5.49113178,3.17167722
46e59xx31,-0.7974578569038366,265,-0.8655336668324746,-0.8746304547868431,-4.941328052028908,0.992854897,3.82411719,1.84230628
43c6ax31,-0.445883337497008,233,-0.4023635290382111,-0.39902272694382634,-4.224108568936623,0.985361622,6.70187473,4.49865165
4200fxxx11,-0.9486529598799828,130,-0.7989348022384789,-0.8053968359024757,-4.966811728800011,0.99303468,3.76417804,2.01497342
46e59xx51,-0.6003479195156003,324,-0.7209045463983508,-0.7256344039880969,-4.641997461699289,0.990361574,4.75468874,2.83229857
b31351,-0.3083395916194459,546,-0.24505520248730797,-0.2528804765693738,-4.178533192367354,0.984679036,6.95230055,5.18812033
100e731,-0.21032231915581365,1615,-0.13297775179546228,-0.12932565730995635,-3.9626139675613783,0.980986651,8.3933506,6.31935002
11c7451,-0.23557247152466437,665,-0.19250121020793048,-0.1954557096583267,-4.101505017200614,0.983452248,7.43681288,5.57445585
10cf671,-0.21850210794293395,604,-0.24511313534642765,-0.24973300132835408,-4.189308114108825,0.984843232,6.89220142,4.98089424
167a531,-0.37184221602946066,560,-0.3151077303619195,-0.3070197031915141,-4.119007261759871,0.983739351,7.31746769,5.08559066
1442751,-0.03883488422045196,1718,-0.07423120030798819,-0.0781953674323038,-4.015159551496223,0.981959924,8.01971436,6.39722032
16e9751,0.0458658553574077,983,0.013440734759925676,0.010198058323260869,-3.899729135679989,0.979752605,8.86111736,7.2271259
2798axxxx71,-0.27083828136765864,872,-0.3261309506630236,-0.33318496153419913,-4.041996677110877,0.982437629,7.84823465,5.61933899
1293a71,-0.3013790485195255,1218,-0.30185799988220907,-0.30192511661238813,-4.106377528856425,0.983532681,7.40298748,5.26791264
12a6b51,-0.2364398149250675,1091,-0.2074564014129997,-0.20532606144056767,-4.041701202582902,0.982432439,7.85005856,5.96641364
32331,-0.34712252056979115,625,-0.4163360404566262,-0.42221940604165137,-4.558217041439801,0.989519271,4.17093862,2.51216595
16e9711,-0.3083116245716032,516,-0.40695333395671657,-0.4091196899776298,-4.1753051910563945,0.9846295,6.97063828,4.63818623
d7c931,-0.7098910519231811,280,-0.6478301443742309,-0.65154183488684,-4.625075386544723,0.990197084,4.43032034,2.42294561
1329211,-0.5587712803004582,267,-0.6052204979716995,-0.60952406719989,-4.48479965633898,0.988720853,5.34616899,3.28038582
12b5331,-0.5104296266837226,452,-0.49268708236046393,-0.4960943512396631,-4.414984052873525,0.987905253,5.69271755,3.67166959
1935711,-0.5595202154968992,250,-0.6346059592124997,-0.6347803061193298,-4.496934447747101,0.988856896,5.29242802,3.12708341
16c5611,-0.5824200835368545,306,-0.6527895348703895,-0.65303175187471,-4.465307031343762,0.988498836,5.43625402,3.20853571
166831,-0.7626633772068734,192,-0.7228398316744279,-0.745764340276764,-4.5958577813388635,0.989906441,4.91153908,2.57647382
15f7431,-0.6307995368635284,496,-0.7171650915915638,-0.7174198936665732,-4.670315291060501,0.990630685,4.10111962,2.13325999
17dc411,-0.9242111614904134,443,-0.8143855250136044,-0.8149625017596963,-4.949711328852235,0.992914546,3.8152914,2.00644522
15f7411,-0.687138385826985,528,-0.7422828490745608,-0.7369892694723498,-4.714370062568644,0.991034488,3.54684747,1.64974491
1f07411,-0.4513149428464493,547,-0.5044269246737778,-0.4965963827671837,-4.408937587963565,0.987831901,5.72609997,3.9832391
190cc11,-0.7683055297876015,170,-0.744745217503412,-0.7395639860011018,-4.674607727754785,0.990670816,4.61988306,2.48391958
1c4a811,-0.6691325806292275,459,-0.6876875216261237,-0.6843201964723942,-4.658027334136692,0.990514845,4.68690538,2.78932043
79371,-0.36870907649469364,775,-0.17879438143314286,-0.15653018204389352,-4.370015142345499,0.987348951,5.53024756,3.99476858
4d551,-0.5799126204584144,388,-0.6548755833502894,-0.6752295144620808,-4.6511048110927025,0.990448956,4.32806196,2.39174623
449a11,-0.6728729591063946,227,-0.7405934696427885,-0.7390846792229502,-4.679823260529282,0.990719346,4.59941912,2.43942319
41f331,-0.6368225841208505,418,-0.7399627412941959,-0.7542882483516862,-4.70321243449565,0.990933894,4.51107788,2.52997501
79331,-0.9778310312347371,284,-0.8611346628740627,-0.8449811526486883,-5.0134043243243065,0.993351768,2.64188378,1.10906153
c61b11,-0.8134089577829875,1295,-0.6856632551839689,-0.6709964097956036,-4.6842239994453925,0.990760098,4.5823741,2.65621009
e34871,0.006331282516412936,504,-0.018800931308553603,-0.016104287086244555,-3.813140033834038,0.977921258,9.53172493,7.46055134
1079271,-0.17134141754696108,632,-0.1864292422655832,-0.18664072273688795,-4.080886785693963,0.983107521,7.58535767,5.68002378
12af051,-0.06776070151793226,1239,-0.03270334040389208,-0.03751532642219087,-3.8330083336948295,0.978355596,9.363657,7.12354044
11c9c71,-0.24469694909659803,798,-0.22387587388798283,-0.22312102571577225,-4.013206534630498,0.981924657,8.03267097,5.94887719
17dc471,-0.07624308039647396,796,-0.10460273575552877,-0.11068809526085557,-4.026058820692615,0.98215548,7.94861794,5.9651143
15b6e51,-0.04809533115777823,2076,-0.010260451579160928,-0.014759370468074618,-3.867481664260897,0.979089036,9.0929184,7.13853924
132e931,-0.44919900225440756,1017,-0.42479673953603225,-0.42837221749928595,-4.438691466815905,0.988188616,5.56733561,3.91764069
1cd5931,-0.2601799677662346,1133,-0.33026095697371854,-0.3352944252624936,-4.18741431964799,0.984814501,6.90264273,4.82974096
35b17xxxx51,0.2129434179706327,825,0.0718392184722493,0.07041598553356569,-4.004946789940106,0.981774741,8.0882206,6.40902534
1ff94xxxxx31,0.01769701610854311,1310,-0.058475670804374984,-0.061172182710488555,-3.935666933080832,0.980467332,8.60732365,6.86470795
182bc51,-0.2941450492482729,940,-0.3288892990254603,-0.32491253495944095,-4.254502187676263,0.985799842,6.50611258,4.63430141
801651,-0.33469175749635177,755,-0.2946052862207956,-0.301797027306001,-4.143343648214178,0.9841303,7.16098213,5.09863927
33698xx71,-0.07291402809734181,913,0.054437198076829126,0.05970042535141142,-3.8672478907934007,0.979084147,9.09467125,7.307214
88191,0.4328772141550929,690,0.46968391279945126,0.4806761653586751,-3.8023073123384106,0.977680785,9.61600399,9.21350685
304bexxxx71,-0.4694499798797166,406,-0.31281514882974215,-0.3144979730983269,-4.4277622646862955,0.988058819,4.97418268,3.31788518
37762x91,0.1298018732931871,1950,0.19619020038446403,0.20340250379294011,-3.8436400865911633,0.978584495,9.2774477,7.48690209
24d40x91,-0.06266121737673382,1501,0.02573802292767864,0.045778536794655766,-3.886719847551167,0.97948748,8.95230007,7.4225411
409ebxxxxx71,-0.006836716521715398,1542,0.017038370618459444,0.008909749526922828,-3.953960465598954,0.980821405,8.46027279,6.54853703
3a6b1xx91,0.051213378319232374,1250,-0.1072425072545598,-0.10616085118607979,-4.035974489404127,0.982331546,7.88567829,5.83385761
41864xxx91,-0.4365681489895846,621,-0.48670004788361,-0.4920638259303578,-4.282902935586326,0.986197464,6.33812714,4.11645361
fc4c91,0.08521062632099083,3178,0.2624983269798208,0.2738985189146589,-3.935186417841329,0.980457944,7.17607657,5.5367907
162e451,-0.3396303725916391,776,-0.3785483957955756,-0.37909789545274797,-4.2807285274347135,0.986167419,6.35051727,4.14963121
2553271,-0.5842493410105131,737,-0.5136901595321105,-0.5207149307464908,-4.427912261099977,0.98806061,5.62328482,3.42378382
1ac0c11,-0.500169939555526,918,-0.5323295466321394,-0.536133677384376,-4.341855066034689,0.986987633,6.02879143,3.98880181
2804axx71,-0.504697173986689,921,-0.3380978437764745,-0.3331162432383869,-4.2254692760797985,0.985381527,6.69272852,4.5697579
32e4cxx71,-0.2523263895184099,372,-0.24352141543239503,-0.23928357554350257,-4.167011517754559,0.984501492,7.01847553,4.995224
258d191,-0.3084786031755738,988,-0.17295259728021767,-0.1710421442452171,-4.044148358418406,0.982475377,7.8349967,5.74459487
420b7xxxxx31,-0.4043187097057314,680,-0.2838305443688256,-0.2763898456496046,-4.101140502400784,0.983446215,7.43936253,4.90702409
32d471,-0.1839369278059047,2156,-0.0362502892188874,-0.031770866538363904,-4.106351841944835,0.983532258,7.40316391,5.6371325
3b62dxxx51,-0.5128581494359009,388,-0.5297198789451321,-0.5295396254271456,-4.2930516800984835,0.986336834,6.28128195,3.9643138
3fa68xxxx51,-0.3830140522074144,497,-0.3901036672790518,-0.39686458210226067,-4.119336577128872,0.983744705,7.31527805,5.10881688
fb71,-0.2189813515513273,1178,-0.08238716155471595,-0.06901123472902887,-4.208058537743849,0.98512478,6.79153156,5.27222619
4d571,-0.5006611465082391,933,-0.5071612539322687,-0.5387870752725319,-4.531596913903834,0.989236526,4.83914264,2.85062056
3354bx91,-0.2080123734829088,1144,-0.24124969165408708,-0.2511722099276225,-4.026192596197062,0.982157867,7.94775867,5.78899031
e5cd31,-0.07879460083329282,642,0.017787864743568645,0.02485816622395486,-3.775148008882502,0.977066304,9.80742741,7.65454865
bd6a31,-0.28001846090034677,567,-0.2906893113213719,-0.2834342929065725,-4.230955801279866,0.985461512,6.65622234,4.89991379
38a6axx91,-0.37708587412382727,1794,-0.28439851015798184,-0.2814981381552501,-4.16478900100901,0.984467008,7.03147507,5.54089884
bc351,0.15240129826175491,1146,0.14216197237958442,0.14213461814550912,-4.039169340274504,0.982387904,7.86574173,7.01034429
103fb71,0.041883724809644,1967,0.07325014705844876,0.07070370228138434,-3.7996140286376763,0.977620592,9.63442421,7.86647092
10f8771,0.2588394941887688,914,0.288103711539774,0.2884865269957445,-3.6809340625019535,0.974800574,10.5411882,9.1839136
1245e91,0.2100440767054254,2460,0.18288274035036814,0.18027981477968466,-3.750519864168603,0.976494477,9.99253941,7.97406299
144bc71,0.046065633329827896,1198,0.032711624802754344,0.03421173571715595,-3.7228092544644684,0.975834016,10.2152338,8.02124376
1b68191,0.06149195193082217,2796,0.06476985667136297,0.0660377045454172,-3.8432043757870926,0.978575162,9.28093147,7.17283337
ba4071,-0.14115386469923813,2671,0.028629884267387152,0.030221331501105706,-3.843322843443108,0.9785777,9.27998352,7.26122108
b36671,0.11229565165274867,595,0.06112723782284683,0.059666610864796604,-3.84556007153617,0.978625573,9.26214504,7.16692646
a97b91,0.10495248733216984,3203,0.12025424606775303,0.12280840763077552,-3.8852301121672737,0.979456899,8.96293831,7.26410088
a20371,-0.10858818627918308,1519,-0.03828284442670448,-0.02959224177971157,-3.9323034708707922,0.980401524,8.63521957,6.54485849
add071,-0.11704737473745422,794,-0.033245411940046474,-0.03908485035481301,-4.005395773227727,0.981782922,8.08516979,6.32156724
a97b71,-0.1176308294728695,1494,-0.10033281489140347,-0.09965059151309895,-4.011595912759641,0.981895521,8.04340744,6.02911318
f58371,0.2500366004923349,3070,0.31769091391880155,0.3176818444226803,-3.648507557672625,0.973970052,10.7798634,9.10393465
e5cd51,0.12481374415931593,1122,0.31332353564505344,0.3085103147870601,-3.724760923153761,0.975881134,10.1990185,8.69792058
416b4xxx11,-0.6380795083290414,111,-0.5904956914665815,-0.5894488294049391,-4.460685154111448,0.988445556,5.45832634,3.1815344
18ea031,-0.7062679709309793,393,-0.7813672146936065,-0.7762941174847515,-4.7487454498405475,0.991337444,3.32822934,1.4655323
416b4xxx31,-0.34102203178120777,182,-0.30137900759540664,-0.3038372427950461,-4.244948987449702,0.985663535,6.56576729,4.7791886
a51171,-0.2775985834960595,893,-0.25703427266898465,-0.248652111010794,-4.269756866965136,0.986014817,6.30017101,4.3337464
1b7d631,-0.5652003148226341,247,-0.5793464279191802,-0.588205523284714,-4.46216464022145,0.988462638,5.45123053,3.22270525
1b67711,-0.6378171651187817,349,-0.6664238259535862,-0.6743359799555432,-4.573065404203755,0.989673743,4.99118042,2.99924733
202d9xxx11,-0.4141850653999107,895,-0.41393302688602696,-0.4166129965691104,-4.384880944342776,0.987535628,5.83141279,3.99589832
1ee2931,-0.5063508710559167,334,-0.6657949291856926,-0.670113692140435,-4.524708058590996,0.989162122,5.17570114,3.34562595
1b91511,-0.24348454711546286,1211,-0.24747418987142433,-0.24856794775981425,-4.1466504322492685,0.984182691,7.14051914,5.36135277
f27911,-0.31663790919498025,427,-0.3823155951331449,-0.38802413078395626,-4.359004176991696,0.987208881,5.94751501,3.9578206
7b3091,0.18958796580570955,1126,0.23625423149676206,0.23098097417617214,-3.861925600831824,0.97897253,9.13487434,8.01352105
11bde91,0.298066911819404,864,0.21605334331498685,0.20948709160312462,-3.7942016593945027,0.977499138,9.67180824,7.77952986
14b3471,0.3944936896217037,652,0.33311773655206395,0.3430190198569319,-3.7414470337423795,0.976280245,10.0637026,8.70327994
14b3451,0.09800594380221458,694,0.07675921740225491,0.08199912791646101,-3.929244955538053,0.98034149,8.66082573,7.1811899
1ace551,0.35402070658329843,1464,0.27815007843605916,0.287592671029012,-3.687009803001344,0.974953215,10.4984665,8.67382989
1966a71,0.17283881354347275,1203,0.1659909540769463,0.16452776853037146,-3.8195494814941697,0.978062318,9.4764843,8.2615556
190cc71,-0.0448297188084017,731,0.0675377463410214,0.07464368750759527,-3.8283563491189594,0.978254672,9.40217972,7.72941355
275171,0.09009662444494458,2844,0.050890919959023104,0.03882635572598173,-4.1664197649292225,0.984492318,7.02192926,5.89458818
1d2efx71,0.2201332382760825,1601,0.22884017391727915,0.2319255848311633,-3.727054912136743,0.975936399,10.1800652,8.5218858
35ac0x91,0.32060287508094043,793,0.22298861973936768,0.2274283459917618,-3.759723724096191,0.976709826,9.92201233,8.5181515
1d9bcxx91,-0.18844636554919245,1823,-0.10750922552528995,-0.10387099891259327,-3.9598068860707145,0.980933204,8.4148798,6.16606668
2326b71,0.14462839407020636,720,0.038665583490624406,0.02662826946772235,-3.944695485136112,0.98064289,8.53377819,7.14018836
3965b51,-0.1742699370956779,644,-0.3783306299434182,-0.39448155527735596,-4.2335273913157305,0.985498851,6.63931656,4.46980814
16a5e71,-0.09335801823119101,3044,-0.04487446715476076,-0.04104559639110406,-3.9601220384837172,0.980939212,8.41245461,6.59426645
1ac0c31,-0.42809511056522653,1634,-0.36921822497768514,-0.3728951565644841,-4.158621357612843,0.98437091,7.06795692,4.90775915
15f7491,-0.10013524797625771,3564,-0.038721459481794625,-0.036351356810216444,-3.9074869588604355,0.979909073,8.80817032,7.10238824
49cacxxx51,-0.4608836443689442,656,-0.2779757094025339,-0.2756978889401254,-4.091498835146991,0.983285837,7.5077877,5.8897171
1373511,-0.3610296001499484,659,-0.39180203678837944,-0.3941460760801714,-4.215225092666158,0.985231003,6.75431061,4.39911123
1ad2b31,-0.16160437578752274,605,-0.3082394283106168,-0.3019455708602785,-4.149586082711893,0.984229057,7.12250566,5.21214529
2946471,-0.20079360718964287,788,-0.2385554787517526,-0.23893607622229418,-4.102924161956559,0.983475715,7.42691183,5.65119347
3be9fxxxxx71,-0.1798681374649425,723,-0.1915108423221724,-0.18635962541820558,-4.078221283670845,0.983062434,7.60522556,5.72699679
3c48fxxxxxxx91,-0.23474228604668743,924,-0.1721440270724357,-0.16679804916379157,-4.0893712297672336,0.983250238,7.52314615,5.43664023
41d75xx91,-0.2801313979002629,1749,-0.17356591824975953,-0.16563700829442052,-4.080083732949904,0.98309395,7.59132767,6.13622284
401ebxxxx51,-0.4271610132452164,1173,-0.30032973763799314,-0.3040155074507454,-4.1758502144774186,0.984637875,6.9675312,5.16180948
4d8eax91,-0.17803776995645093,1223,-0.12227216249624646,-0.11564838674320134,-4.0557059800126245,0.982676754,7.76512241,5.42124587
43615xx91,-0.14394541261811666,4088,0.0846738161887259,0.09597149980766995,-3.953227260500656,0.980807338,8.46601868,6.75580538
43ca2xxx51,-0.4550048403391196,496,-0.575462635479452,-0.5727274238008854,-4.32575027639726,0.986776375,6.10849905,3.90751648
40370xxxxxxxx51,-0.4041381719330984,727,-0.2773474966446184,-0.27204425143068833,-4.12772047276095,0.983880418,7.26022005,5.31919039
f59b71,0.038448379253385956,552,-0.02470046520930705,-0.024698552974044045,-4.039462363662369,0.982393064,7.86392117,6.08499556
873f71,-0.1951771528849654,991,-0.16670370091646586,-0.16405299934361003,-3.994190677573663,0.98157765,8.16242981,6.01969792
102e291,-0.05461132499570949,2759,-0.027123332732090992,-0.030520665111226725,-3.998894501292505,0.981664102,8.1297121,6.60344637
1d70991,0.3199448545685697,2230,0.3874257479710416,0.38250986324916647,-3.6806082351507454,0.974792362,10.5434961,9.09423417
23ca2xx91,-0.03969013440666871,1034,-0.0973692809559414,-0.10454728140667137,-4.0114014494084245,0.981892,8.04470634,6.04602344
390f2xxxxxx91,-0.32881043015532135,2415,-0.3913662742184987,-0.40143463546205355,-4.317609495902855,0.986668285,6.15010118,4.66076513
1e8fe91,0.19178031779307297,1548,0.026983702940476573,-0.08846077903051293,-4.2173193693305375,0.985261901,6.74356031,5.47664877
1f3b91,0.1625478153028971,1211,0.20970082484540342,0.207303603140962,-3.8213547645895747,0.978101886,9.46110344,8.18514897
3e542xxxxxx91,0.05221349611411216,1047,0.033145629578695913,0.030670257774892542,-3.856656039718059,0.978861432,9.17524529,7.19912778
41cfbxxx91,-0.002622505276118275,2403,0.16413604611847896,0.1634105735116973,-3.8589317233895737,0.978909482,9.15774059,8.35748291
349aexxxx91,0.03665492202424428,860,0.08790578601393209,0.08213584687620552,-3.8918424103550993,0.979592288,8.91603088,7.28839463
3248991,-0.1802098880331425,665,-0.18573421907366697,-0.1735440128650936,-4.031686376557759,0.982255619,7.91269779,6.34413147
46e59xx91,-0.11598458482415212,1592,-0.20552946142739617,-0.2135056448739771,-3.9470467900199684,0.980688351,8.51493835,6.35019801
188b171,-0.19590700422252388,1405,-0.09727635193049827,-0.09643089380011088,-3.97752540427996,0.981268064,8.28178596,6.16192744
1ffad71,-0.33003892560303233,789,-0.33884442010774896,-0.3392807253868777,-4.1677228714138295,0.984512513,7.01433134,4.77767035
1b26a71,-0.3806684784412027,1990,-0.4228068824253321,-0.4239205069518305,-4.181736156939874,0.98472803,6.93425798,4.82418911
f0ea91,0.13601169471863547,959,-0.03693959270026829,-0.04693005140768084,-3.8195015742072944,0.978061267,9.47689247,6.730234
1adc051,-0.3219315557502132,861,-0.2954480916157616,-0.29154574352715196,-4.08869497125746,0.983238907,7.52804804,5.52402731
1a37b91,-0.17009565415048164,2742,-0.00787746118637134,-0.005618075226433524,-3.927333312322482,0.980303874,8.67694759,6.96561491
1b68171,-0.3067478466603786,1497,-0.18681088455396955,-0.1857193975347611,-4.000638067633792,0.981696044,8.11769009,5.97961895
f0ea71,-0.34312184736750145,381,-0.29710387486153994,-0.30398846816831376,-4.092107725807028,0.983296011,7.50340891,5.12847548
f0ea51,-0.4827934244194785,201,-0.4856094789369305,-0.47727011665017427,-4.315893934914557,0.986645394,6.15898466,3.67003162
1044e31,-0.6501628573932295,390,-0.5666171163264195,-0.5690321134062465,-4.476509460829645,0.988626958,5.38390064,3.45698107
11b4931,-0.4657704880582147,496,-0.49525711945051376,-0.5001324640767937,-4.257105897568388,0.985836767,6.49013853,4.06818273
11c7411,-0.5207016498895554,255,-0.5326159360430952,-0.5298384778264137,-4.439705748760564,0.98820059,5.56215906,3.3212248
1687f31,-0.4704101117915781,759,-0.4607402443737277,-0.4663598167490441,-4.359090177856916,0.987209981,5.94711637,3.70812225
13fe811,-0.5679055257163516,458,-0.639898841121381,-0.6386762324635261,-4.421096165655761,0.987978952,5.65956736,3.22351632
1bf11,-0.5318510984329261,995,-0.5985164162709699,-0.5804232665267025,-4.4342542601496575,0.98813609,5.59015846,3.28786762
1b7fb31,-0.43420128514078354,193,-0.47864264622375446,-0.47763112259456453,-4.392878827282134,0.987634919,5.79702568,3.7786337
23596xxx11,-0.34995761459068897,998,-0.4384799902987937,-0.43850729580894,-4.346075877388268,0.98704244,6.00845194,3.9858595
1d70911,-0.6823876274694989,369,-0.6757233620775783,-0.6728408367586461,-4.649672904402604,0.99043527,4.72185373,2.6801347
1c775x11,-0.6201177422576643,488,-0.6532577055221997,-0.6555698470435369,-4.56419409134187,0.989581728,5.02338934,3.11465689
270e0xxx51,-0.33385711428131987,618,-0.4161303174888464,-0.41046156016411917,-4.21009210340367,0.985154999,6.78090096,4.52639301
b72411,-0.5307023226085061,440,-0.6473088219631817,-0.6521732923083983,-4.5197246843416,0.989107978,5.19603014,2.94396855
14af871,-0.2681568927404654,712,-0.2517539920370188,-0.24583966540079624,-4.142154666806857,0.98411142,7.16838503,5.34032558
1bf7671,-0.08767497290153738,1665,-0.11606034249630848,-0.12085717215792191,-3.991965263980198,0.981536607,8.17805481,6.58195202
1b15571,-0.022568820718457804,817,0.008868030085484112,0.003116452302950383,-3.763660933022421,0.976801344,9.89234066,7.68762031
2bf61xx71,-0.056796381455487176,341,-0.27835909559814853,-0.2990745023510675,-4.169446455844465,0.984539184,7.00432158,4.96103903
948a71,-0.07083816368433235,1115,-0.13784865252111062,-0.13822858708115865,-4.0043056328976725,0.981763052,8.09258461,6.0425374
14b3431,-0.0983138011314067,518,-0.12948561331831138,-0.1245122299615752,-4.048059418712961,0.982543783,7.81112051,5.93497878
28328x51,-0.06227071521376847,1348,0.020859380477699526,0.0201539110729525,-3.796851376528266,0.97755868,9.65344429,7.27266752
23f2e51,-0.5441202603709888,689,-0.4110928515950719,-0.39379256796432904,-4.2573650527747136,0.985840437,6.48855543,4.26640232
198db31,-0.03327521339711318,1396,-0.0721971131319914,-0.0749789942897562,-3.9695783921690557,0.981118608,8.34066486,6.66572336
28d74xxxxxx31,-0.17817224655715766,1325,-0.18006488014418276,-0.18483477429494904,-3.9583162943865213,0.980904762,8.42638111,6.53523078
3cbc3xxxxx51,-0.023547952680144375,1419,-0.07379537045854258,-0.07863720567398243,-3.9814447903138714,0.981341338,8.25322247,6.68702404
3be60xxx71,-0.3233454055929527,779,-0.3030758722197149,-0.31221307086170785,-4.127729219924288,0.983880559,7.26016331,5.23229628
28d74xxxxxx51,0.1426797014799177,2215,0.25232163080871,0.2522254471123779,-3.7907231831436015,0.977420733,9.69609547,9.11295084
cca891,-0.16980545992419918,1039,-0.2121082081349845,-0.21357836774875624,-4.09775974733361,0.983390156,7.46313763,5.31214963
41c67xxxx51,-0.14911170077048969,1047,-0.13948556368304074,-0.14065075318756823,-4.096962706572888,0.983376912,7.4687767,5.79946606
3893ax51,-0.27593818570048967,1011,-0.22631744138309973,-0.21798531216054212,-4.127629965824963,0.983878959,7.26080799,5.27902222
3888491,-0.2254648552746201,2297,-0.07641789546007542,-0.0739839241724994,-3.868504952541602,0.979110423,9.08525848,6.76306387
33497xxxx91,-0.3102143594343687,1746,-0.22424560733802495,-0.2271533952105258,-4.209960687325865,0.985153048,6.78158617,4.94553845
33b46xx71,-0.1968761838927985,833,-0.17753058772668737,-0.18188478894316643,-4.090586671944743,0.983270584,7.51435995,5.48821787
2bf61xx91,-0.028769939603829876,1013,-0.15697869364053782,-0.1735121947883448,-4.091699224215991,0.983289186,7.50634527,5.49603682
31a2d91,-0.011345590379652853,2779,0.09139565900571542,0.07719040593900979,-3.950645025833701,0.980757714,8.48635292,6.78914173
325e5xx71,-0.34138427639463753,807,-0.26049509326894615,-0.26262244231753734,-4.1589130998101576,0.984375469,7.0662179,4.95137083
3bef7xxx11,-0.6997676146606041,279,-0.8487412911931123,-0.8613867852267529,-4.698492672564122,0.990891003,3.88441769,1.82408582
12d2451,-0.48253308378053555,263,-0.4860040768498153,-0.4959669856912353,-4.30421543650516,0.986488518,6.22056103,3.86761973
1badc31,-0.45238397443442585,197,-0.4972535936759841,-0.5002469193014953,-4.288339808158437,0.986272303,6.30747509,3.90830994
1b68151,-0.4406370264826634,921,-0.3843214043834739,-0.38237960485411515,-4.124307109557725,0.983825302,7.28248024,5.08083989
16c5631,-0.35278496795043673,610,-0.36218797905511574,-0.3614911125160528,-4.245230407426708,0.985667569,6.56398582,4.66119443
281b731,-0.6019204798950725,450,-0.5867202284731128,-0.5907429220880039,-4.607109364980908,0.990019373,4.87379646,2.78882511
3180bxx91,-0.24661382410908061,804,-0.18918520701816796,-0.18380595647200734,-4.02482071972521,0.982133373,7.95659208,5.60714017
833931,-0.6782684750855623,171,-0.6282307541892057,-0.638346470709889,-4.523952845389081,0.989153934,5.17876577,2.94690734
1b341xxxxxxxxxxxxxxx11,-0.2615751573558528,544,-0.21905871720210499,-0.21616938907477207,-4.03713094657247,0.982351967,7.87844276,6.2050746
27e38x71,-0.31941563092184877,1822,-0.21770640924434398,-0.21907460186979605,-4.166053110681194,0.984486631,7.02407265,5.49938965
47000x91,-0.37383542398479186,806,-0.30430110603863414,-0.30654228773811704,-4.241550095509928,0.985614724,6.58739614,4.97609065
45a94xx91,-0.25773013697771213,2209,-0.08625255895833564,-0.08958261792219512,-4.103116261334628,0.983478889,7.42557526,6.07510787
100e711,-0.3908930093116219,812,-0.4564316590590499,-0.46066268815835837,-4.34431475154003,0.9870196,6.01691151,4.34260735
1090831,-0.353132397689734,332,-0.36664045386552363,-0.3743838893670195,-4.241620725776633,0.98561574,6.58694458,4.57008949
119f031,-0.2359677754088317,627,-0.2864081890730398,-0.27743506935667883,-4.057095599383779,0.98270081,7.75685883,5.52318632
12cf331,-0.04947743311875185,658,-0.12618080702172615,-0.1276630704511847,-3.944434788050673,0.980637843,8.53587532,6.13201259
1232e51,-0.09247966881522683,1463,-0.027927616619330426,-0.03265771300498138,-3.976155742240648,0.98124239,8.29184151,6.47990007
12af031,-0.23871614217803502,499,-0.27566369218015946,-0.2722124623111772,-4.095877095952244,0.983358856,7.47647858,5.25250303
948a51,-0.34531381125938826,712,-0.42340794595073716,-0.43065546882544326,-4.323858939218901,0.986751341,6.11808395,4.31656471
1695f51,-0.22508836056380618,716,-0.12867230231666,-0.1377788146621483,-3.9565562008600006,0.980871123,8.44002533,6.54690904
1687f51,-0.1675501117632698,1384,-0.11481293346580974,-0.11592705847719656,-4.095626002916633,0.983354677,7.4782629,5.68716137
36ae7x31,-0.6878366686180956,173,-0.6594808010222422,-0.6544425529404517,-4.508238140301386,0.988982145,5.24389839,2.9600563
1079251,-0.47841781187941823,339,-0.43400474669888556,-0.42665034528298373,-4.365077722410739,0.987286333,5.91957855,3.87524355
12d9651,-0.2361932154312344,658,-0.2354617265551438,-0.2281533091557696,-4.119773637934873,0.983751808,7.31237602,5.17085677
158ce11,-0.2267084217661604,310,-0.30454371836774236,-0.30079993262604127,-4.121988334704205,0.983787753,7.29772377,5.07296283
1bb8d31,-0.35778875682471106,863,-0.33449360595441396,-0.33150770079526753,-4.12975764879474,0.983913223,7.2470355,5.44639353
1a01631,-0.3700307651258819,1258,-0.3192532852445216,-0.31730861283064116,-4.151823580391299,0.984264305,7.10887337,5.10498164
1a01611,-0.48190263909715275,746,-0.5235935161231896,-0.5262085174210519,-4.375462386569471,0.987417677,5.87279749,3.89393939
1fb19xxxxx51,-0.29251445564997686,1484,-0.331608026793138,-0.3354345768950112,-4.208702298420398,0.985134353,6.78816032,4.71218168
ca0351,-0.2644815524057584,572,-0.3039012510562984,-0.30251873857536504,-4.183206202621111,0.984750464,6.92602777,4.80682608
126c51,0.3440359041090633,1019,0.04305495595662418,0.036664713762685666,-4.030769717771785,0.982239346,7.9185133,7.28373601
138f251,-0.4060715132284533,590,-0.3509724605281179,-0.3527050880736427,-4.295443736134698,0.986369478,6.26811409,4.2182447
194931,-0.3725516170146052,501,-0.3374012783508766,-0.3295397356685202,-4.334279299776215,0.98688868,6.06586599,4.37027476
27ce671,-0.3121740044386163,590,-0.35999888690094606,-0.3627729703567004,-4.056567332697904,0.982691669,7.75999689,5.33408825
167ef51,-0.1927675438346672,742,-0.1976785297534679,-0.1970488181593521,-4.144140767281005,0.984142945,7.15603256,5.42880542
1a68531,-0.5849444265559882,1131,-0.5317449246210768,-0.5356957735143036,-4.342155748313628,0.986991545,6.02733517,3.9112945
b33651,-0.37898737937631455,512,-0.3943338598775369,-0.39618668503374055,-4.196493905882558,0.984951755,6.85304642,4.81201583
b31331,-0.6444101325836589,261,-0.5567974364268667,-0.5633342569960101,-4.406617978392119,0.987803643,5.73906517,3.64352652
123b971,-0.11552209694472042,1417,-0.07070094606162118,-0.06499451210839978,-4.0506885265927774,0.982589617,7.79520369,6.5475188
2e44c51,-0.22207185786109818,345,-0.19314258425750525,-0.19184750667357742,-4.123642032413839,0.983814541,7.28684235,5.48698953
732e51,-0.21909546973060687,897,-0.1950933836442361,-0.1928034717495205,-4.14916508048266,0.984222416,7.12508011,5.3790694
688871,-0.24311778566722078,1802,-0.1844664726633396,-0.1904908341550279,-3.9786786460825216,0.981289654,8.27334976,6.24822
474c5xxx91,0.022651198634246212,764,-0.022512066766698886,-0.027614915841255437,-3.9728455061963284,0.981180195,8.31630135,6.68765376
101a031,-0.45668036438461984,731,-0.43798928449296787,-0.4475274523101641,-4.560144240465755,0.98953945,3.76195206,2.35526041
1e0d511,-0.8494010720694822,338,-0.8707246858485137,-0.8650297111160414,-4.80220797733373,0.991788404,4.19051075,2.10289045
de7c91,0.006085576046455425,1460,0.10569340685126981,0.12516611640846126,-3.7980616631479216,0.977585824,9.64509678,8.18496763
402f4xx91,-0.2243554981226112,1319,-0.06372338777982653,-0.05054968618039613,-3.979815187317151,0.981310907,8.26506138,6.23144707
35b17xxxx71,0.4881595051263679,759,0.2748982224798933,0.2646284484000537,-3.8798206131732305,0.97934547,9.00191689,7.97893759
906e91,-0.11370142169476989,700,-0.16756118009310073,-0.16054167115641796,-4.120264705419986,0.983759785,7.30911922,5.52849696
138da11,-0.67969805537372,247,-0.6717792167980196,-0.6735924116078081,-4.689423914243099,0.99080802,4.56249094,2.42796736
1a58451,-0.5976347771628701,364,-0.5720012310747922,-0.5701765968272834,-4.456648289509191,0.988398818,5.47783613,3.37278131
16b051,-0.19388990377407683,343,-0.264497561556112,-0.2733184744812447,-4.341341609533501,0.98698095,6.03128147,4.42706358
1b68111,-0.7458528251803194,413,-0.7082436757532824,-0.7025396319520426,-4.673062056656085,0.990656385,4.62600422,2.56433017
2ffd3xxxxx51,-0.39569434264949,466,-0.39905923883097344,-0.40700016610325074,-4.487389461445485,0.988750026,5.33455276,3.43873684
1fec51,-0.4255197537335994,578,-0.39112055831379006,-0.38901702023642304,-4.26237391685191,0.985911183,6.45818281,4.51539876
281b751,-0.3790242298865537,555,-0.4552720146780512,-0.45516936477474457,-4.344905971236047,0.987027272,6.01406717,3.92271394
27767xxx51,-0.4275669846865613,292,-0.46539731144102653,-0.4650727672335417,-4.219780174292449,0.985298124,6.73100042,4.40650558
8eb631,-0.485117646075552,340,-0.5908210411287516,-0.593069247133666,-4.4048987793220125,0.987782657,5.74660254,3.22435849
1e19951,-0.6823322804638303,585,-0.7115670996875046,-0.7108373701222981,-4.513305480473679,0.989037835,5.22260523,2.76750565
32788x91,0.31134182601526894,1233,0.2729612430607353,0.2752139918474186,-3.7279197035517724,0.9759572,10.1729488,8.59192951
12bd271,0.23651761706939275,2531,0.2867076837498729,0.2842498936962922,-3.6928780779652723,0.975099766,10.4577751,8.99492939
16a5e91,0.1329348225547442,5280,0.1909030339374656,0.18777582146832766,-3.764726519151898,0.976826051,9.88436031,8.11778964
19ef091,0.14813036153837217,6186,0.20130199016948733,0.20892583548844088,-3.7117985822579342,0.975566462,10.3082991,8.6042457
33aa2xxx71,0.10440351114120619,1058,0.12579248293035664,0.11844813676833343,-3.8109734636798454,0.977873371,9.55062485,8.08455247
32788x71,-0.134800266504581,649,-0.2546021258081029,-0.24846736994049398,-4.0934822341338615,0.983318955,7.49355459,5.46797826
3dfc4xx51,0.018242408835115777,854,-0.038840172534339405,-0.030792038157254162,-3.925281005593077,0.98026341,8.6905756,7.3191634
1aaeex51,-0.2514121702105728,2055,-0.19989899144079457,-0.2017910857299251,-3.9403551982626905,0.980558692,8.56889343,6.30084346
40d3axxxxx51,-0.3198806458638415,2159,-0.18012102822994758,-0.17507193072432073,-4.037464523791658,0.982357853,7.87635946,6.54205146
1956651,-0.43145004960068956,858,-0.3995440516608565,-0.3902548294451207,-4.298650289748682,0.986413115,6.25059843,4.38249441
39660xxxx51,-0.04964850985469494,764,-0.07554728155388574,-0.08432798722563413,-3.9838791149288033,0.981386704,8.23563671,6.35742011
41b58xxx71,0.0513219497806341,902,0.02256700791031432,0.020136531241692915,-3.9285049393345712,0.980326937,8.66705608,7.21752578
2946451,-0.2849596991155667,465,-0.35752551618539086,-0.36477693085765783,-4.2595216096224435,0.98587094,6.47542477,4.58831347
31cb1x51,-0.4613640434645593,262,-0.46410951676829626,-0.46397699252581664,-4.363990193617763,0.987272499,5.9245491,3.7279308
1df6831,-0.4157342583891838,402,-0.4535039264426904,-0.45492503166598364,-4.171793391907722,0.984575427,6.99076605,4.70049139
1f273xxxx11,-0.37973636989959514,482,-0.4288368621842025,-0.43152569667772644,-4.2348207456066564,0.985517594,6.63086367,4.44510915
3d2a8xxxx71,-0.37412122588988467,601,-0.38245733086888933,-0.3871760473148689,-4.269857979084116,0.986016231,6.41360474,4.70553824
3d124x51,-0.48937642026219874,204,-0.46644182201335727,-0.4672753398658037,-4.214703257042551,0.985223294,6.75699806,4.4165488
40127xxx11,-0.3618981025833366,599,-0.3649969388255826,-0.35867536627108315,-4.228269106406281,0.985422399,6.67402363,5.33409647
367d0xxx91,-0.4210560168978848,576,-0.4713025082286899,-0.4646010369528917,-4.261949202049315,0.985905198,6.460742,4.49519407
32d431,-0.5303519232861383,321,-0.5720536667890416,-0.5693820906301097,-4.558234120550282,0.98951945,5.04542685,2.68536084
2bd9a71,-0.42292760309019733,1455,-0.3331390485106833,-0.33591501278730956,-4.319569528177668,0.98669439,6.14000225,4.13917013
d7c951,-0.5490295920390709,414,-0.447107182042774,-0.44146343861119314,-4.394628505754878,0.987656535,5.78959274,3.70953134
3d124x71,-0.4540620160535959,311,-0.4395107208835037,-0.43861541668752685,-4.257397540180725,0.985840897,6.48835659,4.34344541
420b7xxxxx51,-0.30349521516763717,990,-0.19200452922871852,-0.18797129917229144,-4.009887850613091,0.981864571,8.05484295,5.9556204
3f72dxxxx31,-0.6624962352584527,258,-0.6385649176994441,-0.6373300839408905,-4.454786678767872,0.988377201,5.48690748,3.41228867
10d0831,-0.22605467685851474,952,-0.26832081334363767,-0.2711218768405887,-4.1827841804810735,0.984744027,6.92838717,5.18076853
1266651,-0.37593708878332216,687,-0.4301513906008857,-0.429693851617708,-4.182930691210334,0.984746262,6.92756796,4.68096161
13de611,-0.4664506839345445,266,-0.5622830122798965,-0.5599366542208072,-4.519929534140629,0.989110209,5.19518995,3.12802564
18f4e31,-0.252380263436853,660,-0.2863817326038626,-0.28148881436221035,-4.265003211894768,0.985948178,6.44241333,4.87280215
19b6f51,-0.2356751013777515,788,-0.2203031274423415,-0.2209923629853011,-4.085576652926131,0.983186559,7.55077744,5.65972372
1542151,-0.3571360032440895,585,-0.35814622285199366,-0.35986998134951514,-4.303523228039616,0.986479162,6.22427273,4.40466191
427e6xxxx71,-0.3333814118627176,548,-0.1767162961506934,-0.16725838577401564,-4.10246409660634,0.983468111,7.43011713,5.40894728
70d751,-0.42010275006079734,582,-0.4749608004568906,-0.4697490893962301,-4.368622394251419,0.987331319,5.90347242,3.80579053
b2f251,-0.3216066786768343,495,-0.3196999183553586,-0.31875807406712986,-4.19856692582078,0.984982918,6.84188557,5.14678133
11b4971,-0.16406195645007052,2326,0.0019680820185879744,0.0038496884512447577,-3.804138397971895,0.977721616,9.603549,7.52154248
1a37b71,-0.30756189921153976,1109,-0.24690887714605841,-0.2434719534858453,-4.151155577588359,0.98425379,7.11293411,5.47637118
281b771,-0.3323930679512138,760,-0.34687964695785206,-0.3522653171538181,-4.20125320895,0.985023204,6.82750988,4.60098208
2185bxxxx71,-0.10538254213935527,3819,0.07296346325619893,0.08064337938962546,-3.9515142711774804,0.980774433,8.47949123,7.15840853
14af851,-0.40899739493954523,322,-0.4185582923911989,-0.41119251517492816,-4.323544919006354,0.98674718,6.11967993,3.87886047
12fa251,-0.16668889775796894,510,-0.18802174229481516,-0.1958863036132224,-4.101298484793784,0.98344883,7.43825674,5.82692132
13fe111,-0.37440261820618786,498,-0.3679738002397427,-0.36070933356715285,-4.228285570156095,0.985422639,6.67391491,4.4882478
3730dxx91,-0.29073188750175627,1186,-0.27255008050841495,-0.27185041323191206,-4.193278307216245,0.984903288,6.87047815,4.98821141
873f51,-0.5158321434099313,541,-0.4574586228795536,-0.46065042385517607,-4.273920994320963,0.986072932,6.38979912,4.07887708
d0f671,0.059997504473210665,1702,0.09635509020079111,0.10750176177637945,-3.9003362128007337,0.979764893,8.85693645,7.15942852
101a071,-0.17022010943792723,1382,-0.15661930038461508,-0.16638681609318695,-4.102648484549903,0.983471159,7.13167831,5.2443431
1a3e171,-0.19017584356617517,1405,-0.05443176984045724,-0.0531107330156376,-4.1016272769292055,0.983454271,7.43595791,6.42258747
22717x91,-0.055984698252834954,3063,0.17330959594092255,0.20667739154612172,-3.9979302467454283,0.981646413,8.13638496,7.14378474
1e1d71,0.1352121412475144,773,0.25973918820475106,0.25608316991152025,-3.9360549225758272,0.980474909,8.60412312,7.4488813
16b071,0.07534301714285184,953,0.22675467383886802,0.23768367410878782,-3.9635095816513246,0.981003672,8.38651752,7.32236246
29bf91,0.30282273062339177,1408,0.1878125214554121,0.19393895546316323,-3.8543368614178166,0.978812351,9.19319439,7.95416318
e72b31,-0.4453038947378038,350,-0.39928999006147353,-0.3924580845695945,-4.2123855361417,0.985189006,6.76897764,4.58519921
10cf151,-0.2878336142332509,872,-0.25709404004588454,-0.2639610781100941,-4.1284726981867506,0.983892539,7.25534296,5.10345987
11c9c51,-0.5713487946098289,295,-0.5408157695732277,-0.543588643416162,-4.278632779625895,0.986138399,6.36253023,3.9674574
1671111,-0.561301430134045,241,-0.5926762221808006,-0.5939155368122077,-4.576940227433412,0.989713678,4.97732925,3.19813274
1743411,-0.6024369403261046,517,-0.668885052615682,-0.6749248252627895,-4.603086458456981,0.989979141,4.88717556,2.85974737
1671131,-0.334586001106566,343,-0.3687170673066455,-0.3696055085734022,-4.270825568286519,0.986029755,6.4079113,4.48657461
1b7d671,-0.17526053220426085,1124,-0.16843374934801317,-0.16716255575994488,-4.100518542072845,0.983435916,7.44371939,5.41120089
cddb51,-0.3506802945184321,407,-0.3797367475024494,-0.38018826548503487,-4.316134854604359,0.986648611,6.15773487,4.24117132
f0cc51,-0.5297376007832906,486,-0.5699445291315435,-0.5622015211260089,-4.421395768440961,0.987982553,5.65795803,3.4909803
e72b51,-0.20803328130119553,774,-0.2635352486852071,-0.2625272012666504,-4.052991412789597,0.982629665,7.78134966,5.39908659
12d9611,-0.6183403474030317,221,-0.5673737479472406,-0.5686319431225113,-4.540049990305967,0.989327127,5.11471796,2.98319714
1b49e31,-0.4735317646877623,898,-0.42537347204757986,-0.424771895564511,-4.416880888301847,0.987928173,5.68236637,3.71101526
1bb8d11,-0.679505745267321,528,-0.6773909358352544,-0.6770476574046954,-4.575773241504996,0.989701667,4.9814868,2.91182415
76c231,-0.3640138930278123,281,-0.5277897912308182,-0.5236146859317651,-4.30068003897039,0.986440665,6.23959017,3.83914742
bd6a11,-0.6849752663077365,431,-0.6249921708969055,-0.6258235723276244,-4.70141361113041,0.990917571,4.51767969,2.65378923
76c211,-0.4593759609523183,279,-0.5737008877796886,-0.567998818111406,-4.487342262450293,0.988749495,5.334764,2.90438696
2ee3bxxxxxx31,-0.22676529044752175,1168,-0.31768374338520416,-0.3186748113042285,-4.2001505104036,0.98500668,6.83339882,5.13151374
391e7x91,-0.3316697013499132,1857,-0.2817105514664149,-0.29334110836774735,-4.119236061089038,0.983743071,7.31594658,5.02702918
e91551,-0.008811517555387085,1444,0.06269719114728617,0.05860689638977168,-3.8186618601218205,0.978042837,9.48407459,7.57726992
1aaeex31,-0.3737538121694188,1521,-0.4117128927726303,-0.4148155205332788,-4.340269985879044,0.986966991,6.03648758,4.27471513
1aae291,-0.08807625833832823,1882,0.07358441862669607,0.09961211227970283,-3.8026913601532737,0.977689355,9.61338711,7.98886695
29d32xxxxx51,-0.0841130541683859,1310,0.032506077561755636,0.033017530465681566,-3.8937783558551096,0.979631758,8.9024477,7.26787919
1b1ba71,0.02742848742642486,2959,0.09768379575495043,0.10596992101755803,-3.8785919043970196,0.979320076,9.01084614,7.15573707
e97071,0.04120599776202714,1022,-0.040409853643591766,-0.047349041570409665,-3.9998636716375935,0.981681864,8.12302208,5.98255627
d0f611,-0.5929406584272525,405,-0.6960272953533383,-0.6889997745137612,-4.648212560394997,0.990421292,4.72804689,2.59813573
e97011,-0.6318877453953284,355,-0.5994150594140983,-0.6088608799419862,-4.623465937192534,0.990181294,4.820683,2.61544888
f59b31,-0.667137433556581,223,-0.6534353343057077,-0.6573411455587056,-4.6112856473616475,0.990060968,4.86004114,2.75578337
f2f111,-0.7284837624006094,242,-0.7637424636160126,-0.7717803020616367,-4.75560047838049,0.991396623,4.33164024,2.09168566
d90a51,-0.6492382182952153,533,-0.5772332134471467,-0.5806610240279013,-4.5351363231873325,0.989274555,5.13399076,3.06360245
d90a11,-1.1823350779482076,532,-0.970228601188361,-0.9318463582085118,-5.216341697479425,0.994572853,2.44904948,1.04660086
d88871,-0.1852037587445458,628,-0.2221502000016615,-0.22760966813018446,-3.9988028819433503,0.981662422,8.13034534,5.6954287
d7c911,-0.8510853481448823,305,-0.8257436720174953,-0.8229878549408289,-4.845984830432372,0.992140127,3.17570961,1.40531804
cca811,-0.7932537805206328,227,-0.7813054814229778,-0.7775643641315334,-4.876383810799262,0.992375464,3.16084509,1.40774507
d90a71,-0.29934481209744573,1031,-0.2706726812262564,-0.27099535441030326,-4.140874377905013,0.984091065,7.17638445,5.20739159
d77f51,-0.037800995157189446,742,-0.015618787660417415,-0.016541628358460948,-4.057362526114323,0.982705427,7.7552743,6.03188148
cca871,-0.38163341829627256,412,-0.4519309394940949,-0.4454467424154536,-4.329310928393951,0.986823376,6.0905838,4.01576673
bc311,-0.9754309253996857,235,-0.7384681680492985,-0.7263672355553739,-4.916442875117506,0.992674859,3.08754908,1.35962794
fc4c11,-0.8167080150603248,849,-0.873574436448766,-0.8828378943025482,-5.106344038316819,0.993941809,2.05862125,0.783211048
f92271,-0.35823732614392073,1043,-0.2899843407334794,-0.3018492601019146,-4.306318822946227,0.986516908,5.98855068,4.06421867
2433e51,-0.4140151576632602,410,-0.4294103381137245,-0.4266680158414544,-4.32413613776104,0.986755013,6.11667633,4.30931209
2e409x11,-0.32474439584170195,279,-0.49142913559143164,-0.4936994170732048,-4.284039894600393,0.986213148,6.33167934,4.22872661
b2f271,0.14600621127464478,1027,0.07645534562068083,0.06972945985576917,-3.896591141507399,0.979688969,8.88283348,7.70258507
10e0871,-0.1797900349797884,743,-0.10278309774610488,-0.1024057695493835,-3.869238984940275,0.979125751,9.07977676,7.2849884
16a2f71,-0.03945858807198411,2496,0.0887850267564551,0.09557073280691027,-3.6363780517827538,0.973652399,10.874033,8.85190465
1ad3b71,0.05711239361606093,3578,0.19999458822171226,0.19197639811245273,-3.6915468885560707,0.975066597,10.4669571,8.9522441
1a58791,-0.01143305605344834,2409,-0.019468968110908844,-0.01724815971931634,-3.967023795671695,0.981070312,8.35987091,6.54621887
1a68571,-0.012884087127205044,2091,-0.015327635039453323,-0.01814987469786109,-3.9118850649423704,0.979997241,8.77861309,7.23084846
18a9271,-0.042794266313739025,1181,0.0017501273154361854,0.006564298236378796,-3.8771494679504146,0.979290225,9.02136707,7.26753939
284de91,-0.2801757003246981,979,-0.2477398692309004,-0.23921905260409926,-4.1396902105534314,0.984072215,7.18380737,5.03029633
a06371,-0.07330287528418727,1089,-0.0645014836273691,-0.05909729491315292,-3.95871788873245,0.980912429,8.42327785,6.57698881
54a71,-0.29293369736670266,654,-0.3710470085924159,-0.377290133082081,-4.443285037286944,0.988242748,5.54400921,3.81235475
1232e31,-0.4234972428682332,815,-0.37496622023917336,-0.3772519719541955,-4.299372864945535,0.986422929,6.24667263,4.26193384
1685851,-0.24292357950973967,434,-0.3207501130210754,-0.3099896263326809,-4.1466090859949905,0.984182037,7.1407733,5.2947241
1bb8d51,-0.15084143739876582,1907,-0.07014219609488766,-0.06051406246323909,-3.9347115038475766,0.980448661,8.61521912,7.07321402
1b01b51,-0.35335019747445046,1480,-0.3448953292470929,-0.34224640924010535,-4.193255123628787,0.984902938,6.87060452,4.67457698
40e0cxxx31,-0.3587741740018021,386,-0.3480365435467046,-0.3512284114891797,-4.272200791446927,0.986048954,6.39984417,4.47250278
20fdbxxxxxxx51,-0.43559525977234337,2739,-0.3984683297804038,-0.38792074893349604,-4.179016372678515,0.984686437,6.94956827,4.63125023
20fdbxxxxxxx11,-0.8525094883379845,1354,-0.7523156509525321,-0.74515277553971,-4.855021741931545,0.992210836,4.04829407,2.29287397
27be6xxx11,-0.764937799256211,1099,-0.7891263086925031,-0.7921678622629084,-4.820865171870053,0.991940189,4.13827515,2.23483291
3e122xxxx31,-0.38459605858241824,314,-0.5365063272687561,-0.5433490413005253,-4.3960895353614715,0.987674556,5.78341055,3.81806447
40e0cxxx11,-0.6201665546085942,261,-0.5701582384407307,-0.5759509486901613,-4.446744371869691,0.98828335,5.52664089,3.31908974
2b4cf51,-0.26464536604498506,198,-0.3112872990188042,-0.31240826929967463,-4.0879692080493015,0.983226738,7.53331947,5.18350924
33d6bxxxx71,-0.386537899798145,989,-0.316834346734862,-0.31418572811380885,-4.182167497527022,0.984734616,6.93184042,4.92395254
1e0d571,-0.3771834605344909,1385,-0.3028602680877081,-0.29784313771049403,-4.136677510157773,0.984024157,7.20280266,5.08933258
36a3bxxx71,-0.13795860291058515,656,-0.1297246470054605,-0.12667991465523282,-4.0521541284420906,0.982615115,7.78637743,5.74414473
3e4afxxxxx91,0.02618938427843122,1020,-0.004814750106541476,-0.004957388485690357,-3.8568030330413428,0.978864539,9.17411041,7.56073526
3ddf9xx71,-0.3973187764874463,626,-0.31432511251623474,-0.30644328487561395,-4.1468862144315075,0.98418642,7.1390667,5.52038809
3bcf5xxxxxxxx51,0.1347890462950158,1922,0.1264011618509253,0.13400918880715432,-3.8215918907459074,0.978107078,9.45908928,8.36521794
3e542xxxxxx71,-0.0788840873787411,378,-0.13097158030412068,-0.13003447344262206,-3.967176477566448,0.981073202,8.35871983,6.31666858
3f1aaxxxxx71,-0.09000867067497885,1001,0.0107950106441913,0.012671280267782494,-3.8707716630908577,0.97915772,9.06836414,7.57004899
ba0911,-0.6496118626569257,326,-0.5913492842929186,-0.5937004975054779,-4.630748848504786,0.990252543,4.79767704,2.76179006
c64331,-0.45483984312565506,205,-0.47189193491068443,-0.473015975917303,-4.380699116216557,0.987483395,5.84966755,3.67449188
81b431,-0.6903720531964941,431,-0.6625661854661129,-0.6483920195880776,-4.64857373903163,0.990424751,3.31906206,1.67564788
3eedfxxx71,-0.12715666892176938,748,-0.1600078595367565,-0.15376627031912526,-4.10814604605441,0.983561778,7.39082623,6.06630589
132cb51,0.03085850346672118,489,-0.0754868353494494,-0.09527846626846669,-3.932745796945604,0.980410191,8.63153458,6.92412391
3f0fdxx71,-0.6002675620560972,325,-0.6054423134197316,-0.6002506084225854,-4.343292578380378,0.987006325,6.02183962,3.87168972
c5cd71,-0.039386158630385054,450,-0.04528629020858484,-0.05287127707912625,-4.02960068092237,0.982218571,7.92594957,5.90357267
ca3011,-0.38049042679265105,211,-0.41159837453086895,-0.4068607180251325,-4.234847122787218,0.985517976,6.63069105,4.56890165
3ca7dxxxxx31,-0.24902302401751367,425,-0.27499342104033203,-0.2700418660254983,-4.18969263674442,0.984849059,6.89008713,4.91755588
3f0fdxx91,-0.3185655343391295,883,-0.35264540386758586,-0.3498916615515994,-4.105681847051419,0.983521221,7.40778732,5.25767224
81b491,-0.25033654615548273,2081,-0.14856766492135795,-0.1446414103304035,-3.9110698098634127,0.979980927,7.28101645,4.80183264
4344cxxxx71,-0.009656015438926382,712,-0.08492977194132405,-0.07982798743767812,-4.025705329257881,0.982149171,7.95089245,5.98194709
43c6ax51,-0.36177732690018827,607,-0.2120600977659246,-0.2084014692466041,-4.118578895838322,0.983732384,7.3203187,5.68752289
2a77f71,-0.30157717671050405,198,-0.32019553798629247,-0.32219141730194334,-4.213731117829694,0.985208922,6.76201439,5.02521515
1df7a71,-0.10682286950749773,1104,-0.05126390253571729,-0.05738921229726703,-4.010705038545917,0.981879385,8.049366,6.38500859
1985451,-0.5050646106408917,1514,-0.4898219499641367,-0.48273978298286246,-4.31492178437779,0.986632405,6.16403723,3.92483462
1a50431,-0.09998548838054751,579,-0.08551671257441126,-0.0915345033628035,-3.9473999035130087,0.980695169,8.51212025,6.77031825
1949e51,-0.07614735760924686,2913,0.03547796129730713,0.04035012047421891,-3.9580546403403196,0.980899765,8.42840576,6.96181429
1ac0c51,-0.07275609959822789,2410,-0.06207101243604107,-0.06440723143256342,-3.9222134521068117,0.980202774,8.71047688,7.1689459
1e07d51,-0.01936679397012042,1488,0.0027615157593676846,0.010673779554269257,-3.9023450879137487,0.979805502,8.84314728,7.90020693
1b7bf51,-0.07929414115716944,1395,-0.055073471803179536,-0.05492284441662143,-3.9679130063968713,0.981087137,8.35317039,7.0667079
221e651,-0.08948134754818104,541,-0.041929862227624966,-0.04316208906240714,-3.883885115116616,0.97942925,8.97257805,7.05533717
f53251,-0.26515164251770584,1118,-0.2967501887137629,-0.29627808774235304,-4.210841862290844,0.985166125,6.77699566,4.89725935
a54451,-0.08136403791874686,1557,-0.10456562733523624,-0.10206678834747208,-3.9782762759084016,0.981282124,8.27629089,6.84192305
29715xxx71,-0.24033681629096826,2528,-0.21928406955463264,-0.21245278666450415,-4.219386492522658,0.985292335,6.73300552,5.25647677
144bc51,-0.2487687206622711,805,-0.17096020021976394,-0.17039606552286815,-3.9635063178679846,0.98100361,8.38654232,5.99895125
25b6791,0.13179241653754753,1042,0.11437265920183044,0.10285604892959979,-3.851688260916196,0.978756159,9.21382904,7.45158856
1b01b71,-0.028449925066529623,3213,0.026690512467344978,0.023623385757436114,-3.972350299575836,0.981170873,8.31998062,6.71244812
39ec8xxx91,0.22332358239080444,1075,0.17168198210491645,0.18418122441722035,-3.819410734436399,0.978059274,9.47766972,8.36953266
25b6771,-0.41777909205788694,522,-0.43161088924646684,-0.44063345968410156,-4.167665019931355,0.984511617,7.01466799,4.59203632
75a31,-0.4319512344175956,181,-0.4179821101166496,-0.4307381463007199,-4.300024838038147,0.986431778,6.24313688,3.85847062
4d6bdxxx71,-0.42828268029841127,106,-0.4666424437258665,-0.45949888580032866,-4.305068112059441,0.986500034,6.21599913,4.03246337
195571,0.2098357053474909,1364,0.13576212955125636,0.14369288780458647,-4.09743071951033,0.98338469,7.46546412,6.22397261
253a171,-0.5225052490337654,741,-0.4657308741648731,-0.46695224945038344,-4.310666210719057,0.986575397,6.18630838,3.92490974
38670xxxx51,-0.7860609855695603,272,-0.7131056663807411,-0.718173518699873,-4.688294002071624,0.990797628,4.5667882,2.74548134
38670xxxx71,-0.3316113786159205,635,-0.4047493841146085,-0.4129777243219719,-4.207309787188813,0.985113638,6.79546022,4.64710793
8c0a51,-0.3565186829125268,480,-0.279442544362229,-0.2810458159333025,-4.129739497405567,0.983912931,7.24715233,5.01036483
4c05fxx31,-0.5597712642725627,191,-0.47367239011589807,-0.4658552364735002,-4.31481810618046,0.986631019,6.16457653,4.09522599
447b5xxxxx51,-0.15892847774306534,562,-0.18395767377336025,-0.1743491963928742,-4.054147153114713,0.982649729,7.77442741,6.18928821
1079371,-0.22934425608836576,1205,-0.2564023654125329,-0.2506447916582581,-4.060633344658808,0.982761902,7.73595142,5.6258228
1d70951,-0.30482284256156306,916,-0.22591703229584922,-0.21850428194564125,-4.1728690080386865,0.984592009,6.98458099,5.29168525
2f77cx91,-0.275698399728484,1972,-0.1902807392871023,-0.18463097333467768,-4.102272364366058,0.983464941,7.43145418,5.61473553
3b4f8x71,-0.4279636487331646,1203,-0.35728055213554877,-0.3588386047325615,-4.150229180625209,0.984239196,7.11857891,4.97028351
3717371,-0.2948822583945769,1759,-0.18900138017192486,-0.18914776018986407,-4.2144355065520624,0.985219337,6.75837898,4.71000671
441371,-0.06886994408453156,1343,-0.005840000473593064,-0.003966271745278496,-4.198467510648919,0.984981425,6.84241915,5.70423948
e29871,-0.18899191579092528,405,-0.25560649144757486,-0.2589689679187156,-4.041665910884775,0.982431819,7.85027599,5.52372448
165ed71,-0.2413529305287494,710,-0.20181069460520187,-0.20161052691857606,-3.9582431898264434,0.980903366,8.42694664,6.42024583
906e51,-0.5989875797461524,172,-0.5237623636928973,-0.5312545702872901,-4.432798801713985,0.98811881,5.59770775,3.27836227
81ab71,-0.2321643962606791,1083,-0.1682437978772798,-0.15483480396162622,-3.7965527755797486,0.977551978,9.655509,7.36746392
e29851,-0.2772847925353223,173,-0.29009612456001,-0.2960786211184862,-4.126549044390365,0.983861524,7.26783562,4.34121557
ca3031,-0.15317120056765218,385,-0.1406657772820789,-0.1418197774598972,-4.020653528403661,0.982058764,7.98362207,5.90122282
906e71,-0.4317420489259661,264,-0.44820423191902176,-0.4509260704957322,-4.3231671839733705,0.986742173,6.12160206,3.79054965
11cc851,-0.05490438896830609,558,-0.06649254216037563,-0.07816992462692679,-4.0345808850298015,0.982306906,7.89442635,5.93976182
1386571,0.028910937820229424,625,0.03475273136725793,0.03684073369481382,-3.934033161524068,0.980435394,8.62083912,6.88706677
1940a71,-0.05046122261796353,443,-0.04940994509325347,-0.04564989507723381,-4.000263355477714,0.981689184,8.12026787,6.07953937
162e471,-0.06438519961759337,1072,-0.10224587492077547,-0.1073164825090246,-4.008973484788531,0.981847981,8.06098652,5.90899482
13fe851,-0.11205292329750115,1200,-0.07852088972410323,-0.0750536274697229,-3.990274048258794,0.981505355,8.18999386,6.26587208
243d91,0.14519252798680035,894,0.08939500908763855,0.09131856484872256,-4.059495351716925,0.982742274,7.74265575,6.18179204
997851,-0.17813479754478684,2167,-0.0321543952820883,-0.025167756059478567,-3.8204119316154106,0.97808123,9.4691267,7.45933533
16c5651,-0.15820464526171754,1131,-0.14947621239216674,-0.1508517715198658,-4.0529997028195135,0.982629809,7.78130007,6.25204761
1badc71,-0.04339915689542355,507,-0.07294175924030213,-0.07382567903523683,-3.9694011434056757,0.981115261,8.34199333,6.26632984
1cab751,-0.17968411103393087,1391,-0.1281183172755257,-0.12368633593502033,-4.016165540902846,0.981978063,8.01306629,6.11833602
126bd31,-0.16773849720596842,924,-0.17248845739312746,-0.16621148659739515,-4.096136606975557,0.983363174,7.4746356,5.79039588
126bd11,-0.4276368960100489,619,-0.4589637278367838,-0.45193585170720013,-4.274827554212625,0.986085552,6.38452387,4.46008946
14af811,-0.8033399722525189,237,-0.7540291092892243,-0.7564763450244268,-4.712618546344268,0.991018771,4.24823189,2.03325184
1a59371,-0.040261634993656197,1548,-0.04996677659490299,-0.04793564944445729,-3.9426063443281794,0.980602408,8.55062485,6.97751031
1079351,-0.4424020697914659,285,-0.561733767114073,-0.5624505047257441,-4.405267667316379,0.987787163,5.74507809,3.65000974
255fbxx51,-0.465650661661394,577,-0.42348460280258915,-0.4259657238958755,-4.298558661464329,0.98641187,6.25109625,4.20200993
1a53d51,-0.24184386194065827,568,-0.2541030027871261,-0.24958709566744558,-4.188931653517944,0.984837525,6.89427233,4.98847609
10cf171,0.1200794644107569,1543,0.15407304810849567,0.14964113037624147,-3.8611306238954133,0.978955807,9.14092827,7.59552119
13fe871,0.17190259581194525,1437,0.22867779900970395,0.22962665166713603,-3.789233721968028,0.977387077,9.70656013,8.34901898
28437xxxx71,0.07062170232789598,1933,0.09262101514826153,0.09657842460696851,-3.8426538580751712,0.978563364,9.28534031,8.08981088
1e13d91,-0.07520697597742365,1686,-0.018998893332934714,-0.013851368838093545,-3.988787155948502,0.981477835,8.20053482,6.52491702
33d6bxxxx91,0.12830976743557826,1820,0.10028300496982692,0.09355829241421962,-3.8270312414846903,0.978225838,9.41324329,7.33741349
3ee4bxx91,-0.20957476047350962,2821,-0.13779977666820212,-0.14785735359950394,-4.0259026504856,0.982152693,7.94962263,6.27543816
42a5cxxx71,-0.11263220365164198,1068,-0.0854847616742703,-0.09062246767390297,-3.990034385977645,0.981500922,8.19168949,6.77424152
42a5cxxx91,0.16585877113457165,2010,0.21922547464714773,0.22223312376057439,-3.790438050678512,0.977414294,9.69809628,8.88408602
1a68511,-0.7158422620847982,516,-0.658372634212019,-0.6573037905800452,-4.64834421520797,0.990422553,4.72748756,2.88116396
3aeb1xx11,-0.6946591499047727,169,-0.7506689808954742,-0.7532774312601187,-4.643353789125935,0.990374638,4.74883461,2.74741716
2d20571,-0.4398869222068551,952,-0.2865036969707342,-0.26148638891623455,-4.282068075345057,0.986185936,6.342875,4.47967852
1ee2511,-0.8201123707945889,201,-0.8078876124978612,-0.8223932863461083,-4.733697207108165,0.991206102,4.12975136,1.972598
49cacxxx11,-0.7419759199461395,128,-0.7148624852019103,-0.7205240255272048,-4.60694936779379,0.990017776,4.87432623,2.79913213
48c01xx11,-0.6195602661249666,147,-0.5369672219346959,-0.5338964880190286,-4.518042299119339,0.989089638,5.20295286,3.37367483
4c05fxx11,-1.0000058782986248,185,-0.8189671278680235,-0.8167523416329346,-4.830521547723076,0.992017643,4.11211824,2.09605965
109e891,0.20364488931153257,1988,0.1636955025364343,0.16737427873566968,-3.648485391143326,0.973969475,10.7800331,8.73411795
1216291,0.24231829834373758,5248,0.3789203987813957,0.38289204249053693,-3.691894073516338,0.975075252,10.4645596,9.60591595
1ace511,-0.35451432580081027,792,-0.42358794831606644,-0.4124418746146424,-4.399869027685279,0.987721052,5.76752138,3.87364138
1a60591,-0.013386596219662376,2041,0.046152740409223666,0.03870242551643972,-3.967203582359997,0.981073715,8.35851479,6.76225339
198db71,0.738477948833176,1160,0.602848249606724,0.6001937406904456,-3.6217561264688443,0.973264316,10.9913397,10.1515597
1cd5991,0.2889735326750555,3264,0.33379801839136425,0.3355030672045559,-3.708221389145095,0.975478902,10.3391247,9.06858708
1b7d691,0.3712896831225237,1758,0.25267541685818923,0.23103515885694875,-3.7437303534908097,0.976334343,10.0456371,7.89200299
1b01b91,0.40205571904864307,2963,0.41297408052367474,0.41848303950071747,-3.636077272669235,0.973644473,10.8764048,9.42204461
81ab91,0.27026396794049234,917,0.3297031718530199,0.33703946671125745,-3.575979003343398,0.972011988,11.332653,9.8349762
3c433xxx51,-0.5680484855022009,551,-0.4620755317375972,-0.45596438365853664,-4.290393315334754,0.986300464,6.29601717,4.11936158
1895851,-0.2306223576192268,1181,-0.11166571288245866,-0.10924237895101681,-3.9563925872850008,0.980867993,8.44129753,6.3203706
20d7651,0.02988485962018074,1232,-0.0740097126293681,-0.08435796225509516,-4.055622569563059,0.982675309,7.76561928,6.21664253
23f7bxx51,-0.031274522650414374,2649,-0.06151798289957739,-0.07032747413291893,-3.9911078803033475,0.98152077,8.18410015,6.64731891
1331e71,0.10918466793486982,939,0.10817532141484958,0.10331794678719462,-3.9823799675781597,0.981358779,8.24645233,6.48280158
197ba51,0.018489878636101787,1286,0.06230020134543829,0.06199123079204443,-3.881475759818907,0.979379628,8.98993206,7.85086353
1d74291,0.21270262146944063,4768,0.23021976721847057,0.24029929638344164,-3.7765895478765596,0.97709934,9.79694366,8.01295941
1ea8cxxxxx51,-0.07455781051610318,1282,-0.10726388948618812,-0.10452286010265646,-4.0050821058139885,0.981777207,8.0873003,6.553708
2805291,-0.2722792624958274,2643,-0.2886893198254591,-0.2819034518429455,-4.177808565859848,0.98466793,6.95640373,4.91140776
996f71,0.10912326182009217,529,0.15710915806637393,0.16268760720078837,-3.8728156096712336,0.979200277,9.05321693,7.0827402
108f571,-0.05809082887633397,786,-0.07123564482524299,-0.06862097708076437,-3.9476715822639883,0.980700413,8.5099535,6.73268656
7ced71,0.192280405473419,743,0.4039046224807332,0.4117731061411683,-3.7803750666397633,0.977185867,9.76958656,9.10700754
bcf371,0.05074773852676115,388,-0.02066648024274602,-0.024111753463484906,-3.967407340934908,0.981077571,8.35697842,6.62142768
1860551,-0.20354179599061933,1027,-0.18597335540985918,-0.19008845439520755,-4.019032936179019,0.982029665,7.99421358,5.91520515
fb8b91,0.07693815559584326,2632,0.1208680979631287,0.12512967770111608,-3.6923778062181523,0.975087306,10.4612226,8.46244636
e68d71,-0.5610226108850311,289,-0.5256162542541857,-0.5249715568987816,-4.343310510342595,0.987006558,6.02175283,3.81819065
3c3dfx71,-0.1755718973026306,767,-0.1564630739365471,-0.1513039349784502,-4.031720359723805,0.982256222,7.91248274,6.25831017
fa3371,-0.12417689842684389,532,-0.2975474678301593,-0.3087142357662288,-4.106126031987274,0.983528539,7.40472126,5.04619422
6b8c91,0.21825604125385484,3134,0.14451213988712738,0.1508231617350246,-3.7356314547505085,0.976141899,10.1101999,7.91276081
12b6251,-0.09234703032948217,3069,-0.03183627007096984,-0.029928754016061074,-3.8807063801311696,0.979363757,8.99549675,6.90531569
12b6271,0.21925450872058716,3037,0.1486268282871126,0.15027631184170917,-3.7095855942549463,0.975512331,10.3273344,8.51608276
1958091,0.057847647640449626,3566,0.12875411187232724,0.12398238391469939,-3.833813253515193,0.978373011,9.35704231,7.74582379
1337751,-0.23509494805374082,815,-0.31989289373339486,-0.3224358029674325,-4.170711937212849,0.984558737,6.99700165,5.31543556
1330451,-0.1790464816804504,933,-0.09396027664474182,-0.09189993345030013,-3.8770175099893365,0.979287492,9.02233124,6.98426056
1a39591,-0.067960234011809,2579,0.003799891261723564,0.005813799045347824,-3.917071527798482,0.980100716,8.74417782,7.08032344
29715xxx91,-0.3151867352833773,4957,-0.17245502849630584,-0.16865499696465094,-4.1575386435240596,0.984353979,7.07442379,5.58588409
2946491,-0.14467939229914042,1920,-0.10824758545750561,-0.10420921059988562,-3.9476612194016267,0.980700213,8.51003647,6.60428737
37eaaxxx51,-0.17982125784465963,626,-0.29328362882050135,-0.293553729144929,-4.0910692917809826,0.983278656,7.51087999,5.20539445
35ba6xxxxxx11,-0.4850842030066728,679,-0.4364117465351818,-0.4436030808265207,-4.348434578887114,0.987072967,5.99718189,4.18658183
1f273xxxx31,-0.15617085967270725,782,-0.21062654662488672,-0.21251480764547206,-4.126828353877409,0.983866031,7.26601744,5.3920605
1a2f671,-0.06969337300444513,1476,-0.08424627166918863,-0.07838925134736191,-4.004000803788208,0.981757492,8.09466076,6.11540868
2ea6791,0.16012564726425868,867,0.22981858266428204,0.22772190632501044,-3.8331446368728614,0.978358546,9.36253643,7.49485192
28ceaxxxx91,-0.047143607775902825,517,-0.08332310828301334,-0.0787924471029323,-3.9729178793844,0.981181557,8.31576443,6.63155424
2ad5471,-0.06038126026965292,1510,-0.13004507424769432,-0.136441363235019,-4.143291348656156,0.98412947,7.16130781,5.49715893
2777cx31,-0.46071193208810035,569,-0.42626867157022585,-0.42237595187959787,-4.319684749375245,0.986695923,6.13940954,3.96832393
2fa03xxxx51,-0.19239718288242497,1194,-0.21324818333200612,-0.20993717687628377,-4.0578953206660975,0.982714639,7.75211573,5.79971431
b31151,-0.48956590210530265,158,-0.37846946078842153,-0.3753723626148746,-4.358003280133071,0.987196072,5.95216036,3.82659296
b31171,-0.2856973930394416,210,-0.23611543542488644,-0.22995384830042218,-4.256795705782102,0.985832373,6.49203539,4.40101066
3b37bx91,0.012564514333610229,1991,-0.012889222714030299,-0.01246692469576167,-3.870258463245529,0.979147021,9.07218075,7.32202325
1306911,-0.5879194466644836,298,-0.5606181667807137,-0.5571309827702612,-4.468268940202068,0.988532851,5.42225552,3.36305061
1eda9x51,-0.2591219227895841,416,-0.326766833960486,-0.32356396010910093,-4.150050017999376,0.984236372,7.11967278,5.10761554
275e311,-0.6708444145845123,417,-0.7053453700279059,-0.7105917803985176,-4.599609375991014,0.989944237,4.89884233,2.69479429
36cf0x51,-0.27483880955196643,977,-0.20453767849896373,-0.19833104997249656,-4.0872622610290215,0.983214876,7.5384655,5.84155743
36cf0x31,-0.4484830355167053,417,-0.4925801136987513,-0.4933996136256133,-4.3672657938893895,0.987314121,5.90961933,3.77141982
1a32291,-0.1084107977264254,5483,-0.05762904270687584,-0.06000517956264243,-4.032911570753885,0.982277346,7.90494776,6.67038023
1ac0f91,0.14207277198635687,4518,0.07421845794213225,0.07000877316394351,-3.877491876977517,0.979297315,9.01886654,7.07206726
1f28491,0.18251826010200953,1835,0.15912006287319438,0.16010273472544667,-3.8046334396854307,0.977732642,9.60019016,7.40890386
2713cx71,-0.32981139428847495,1014,-0.3409400899723222,-0.3465392640714998,-4.097651865324632,0.983388364,7.46390009,5.2618326
f12451,-0.16739587155242389,1939,-0.24692648977704723,-0.25381469259170153,-4.222272551844499,0.985334721,6.71427679,5.23730645
fa3331,-0.6014807372686838,187,-0.6974762147853887,-0.6988629096061153,-4.598387242251254,0.98993194,4.22744626,2.2530098
1696071,0.009957436132312399,796,-0.0028753411962075415,-0.008888735028175929,-3.964399886683954,0.981020577,8.37974167,7.20695965
1877491,0.28276609226065913,2558,0.2984372498386243,0.30238944302994114,-3.7863464501751474,0.977321693,9.72695065,7.99732736
21d1191,-0.15952763139044723,1446,-0.09486789687573627,-0.09430567696570735,-3.97153291127135,0.981155476,8.32606316,6.24487363
1e0d591,0.07707135022509412,2875,0.03536565036620479,0.037103586263035684,-3.8677534246688037,0.979094718,9.0908823,7.43481328
1ffad91,-0.13443177583428226,2653,-0.13453876282665772,-0.1391887078133332,-3.975992888271124,0.981239335,8.29304028,6.27486713
1fd41x91,0.059330988554705456,2290,0.077034831696845,0.07981396226809255,-3.748735451397901,0.976452496,10.0064058,8.41297091
28ec5xx91,0.0091995339713046,839,0.0238903844550023,0.02088467607364844,-3.857517301358137,0.97887963,9.16860771,7.46855985
281b791,0.10009965246182673,1237,-0.1100237410070874,-0.11782972021079019,-4.001646664183961,0.981714496,8.11076069,5.73789626
d4b811,-0.27969385708054195,1483,-0.09378567580139642,-0.08560104991825762,-3.7262816361976276,0.975917784,10.1864414,7.8764936
fa3351,-0.40578595470244905,262,-0.5406678819734053,-0.5389084543249357,-4.431763582901924,0.988106504,5.60309696,3.31647345
fa3391,0.4081244780777428,882,0.34294866949450825,0.33415608365673444,-3.803623771355169,0.977710148,9.60704422,8.1812838
28ec5xx71,-0.40395474638720835,549,-0.33886088337579906,-0.33955826854393145,-4.176899121956304,0.98465398,6.96156359,4.77452704
2f1e5xx71,-0.2694105779467581,885,-0.24486230255268024,-0.23225573920542003,-4.160006658333698,0.984392546,7.05971098,5.07406323
2ffd3xxxxx71,-0.14168891462283023,1582,-0.09833439703392927,-0.10881395767681752,-4.175826064464309,0.984637504,6.96766853,5.06832299
ca0371,-0.06325555172540276,703,-0.12883324508700356,-0.12851843632133372,-3.9738135723194468,0.981198405,8.30912495,6.20627007
182c291,0.19615247592652812,1534,0.16491827573156156,0.16343081569065168,-3.629770974000876,0.973477742,10.9265156,8.52671051
270e0xxx71,-0.29567278150471554,748,-0.30760088110208006,-0.3097514490448163,-4.220162647604086,0.985303746,6.72861385,4.9978045
278591,0.3865119520241309,727,0.3369781895960241,0.3289898051279041,-3.811815247453797,0.977891989,9.54326725,8.06068244
270e0xxx91,-0.1484637577941417,2110,-0.16831423896894468,-0.17139424270236062,-4.016191010187598,0.981978522,8.01289749,5.88269512
242dc91,0.09792866288047329,3851,0.03117681345164757,0.02932338051988622,-3.888389831893975,0.979521707,8.94042301,6.81641681
35f5891,-0.00467446158569722,610,-0.03448714726589266,-0.02909884536769535,-4.020594838517409,0.982057711,7.9840045,6.19450848
dd5e91,-0.0325938196291484,1706,-0.02505857845289251,-0.026167599266336352,-3.9116791645481968,0.979993122,8.7799902,6.72503779
d90a91,0.3110438220826141,1869,0.25394048398172514,0.24802452700901828,-3.855473451906026,0.978836419,9.18438339,7.58136632
29c5491,-0.08054359005059653,683,-0.08252355468107699,-0.07921157043425854,-3.912724901699712,0.980014033,8.77300739,6.42082214
264971,-0.21204898737569536,878,-0.11195889160738112,-0.10841177288670119,-4.049308923183791,0.982565581,7.80354261,6.24709966
11c7771,0.07844687561644077,2920,0.09507350680715002,0.09525169888399646,-3.903997248151455,0.979838839,8.83185863,7.39973508
1895871,-0.12913559671847247,2071,-0.022042115563615093,-0.02110939982695044,-3.983410420118153,0.981377978,8.23901367,6.69274139
2b85fxx51,0.027515694318983496,751,0.08254263709497536,0.09240191813906452,-3.995813284818114,0.981607518,8.15109634,7.13315289
1375771,-0.012805696796235716,1136,0.05087703419150244,0.05398077466827379,-3.9491538518749114,0.980728999,8.49816322,7.20333569
12dfd91,-0.07760756500903279,1127,-0.06127007374756168,-0.06061202467871846,-3.980485749600272,0.981323435,8.26018333,6.59321301
18d3e71,0.17119833950720637,1559,0.1478303576879907,0.1507514983421553,-3.81630372749769,0.977990998,9.5043335,7.96670239
1860571,-0.13873172865459485,1830,-0.07617815014701781,-0.08181966505661713,-3.862684943762914,0.978988491,9.12910366,7.05085344
166cf91,-0.031820139613367854,1271,-0.06889376532473925,-0.07054069538974655,-3.9447758206025965,0.980644445,8.53313255,6.4311723
10de71,0.1626836709522188,968,0.03597588760609815,0.04383289100209063,-4.018520389298034,0.982020452,7.9975729,6.26122401
39cb9xxx71,0.08166617011922551,800,0.04429873245075873,0.04404743398817364,-3.937029220936775,0.980493923,8.59610271,7.22381357
2d91591,0.20699779231100557,1153,0.23349334813007644,0.2427997806476008,-3.728234400276063,0.975964765,10.1703634,8.79824888
2dd691,0.23677003273387875,1303,0.2627583155758703,0.259015954821039,-3.884122373307633,0.97943413,8.97087479,7.67124117
75a71,0.2503009914666508,619,0.279399540874537,0.2757716879029019,-3.9880565688047747,0.981464298,8.20572948,6.82222102
1aaeex11,-0.6145615707168335,1225,-0.5648304915494553,-0.5652799032243713,-4.633000686603673,0.990274468,4.79064131,2.9680522
2713cx31,-1.075772534420004,831,-0.7724831319303654,-0.7716803353426349,-4.946170338164542,0.992889412,3.82616115,1.99534783
16bb151,-0.21124064476726173,1090,-0.22825209194515164,-0.22671036866147493,-3.9659987892122883,0.981050899,8.3676157,6.5347425
1c4af71,0.0428841836113617,1860,0.047368995817751516,0.050469277912190795,-3.7848581173035005,0.977287915,9.73751926,7.89879549
1fb19xxxxx71,-0.030136599018912368,2369,0.05909038849160677,0.05467219305959776,-3.9559643914450704,0.980859799,8.44462872,6.64420612
44b4dxxxxxxxxxxx51,0.13715213746753752,977,0.1528800133286825,0.1712816963848564,-3.8429834416979634,0.978570428,9.28270054,7.91595752
42148xx51,0.038730049380470595,1320,0.10402842804148725,0.10660931168313136,-3.8792715865683842,0.979334127,9.00590324,7.55715297
16ac191,0.15060391351751246,2858,0.19879819572781765,0.20233278536829355,-3.796361151220632,0.977547676,9.65683365,7.7374831
1f273xxxx51,0.01267728881590609,1771,0.07012550556407478,0.07074305674458367,-3.901592591813349,0.9797903,8.84830379,7.08593163
20402x91,0.0989503435506242,1306,0.1333970016023456,0.12382247367265667,-3.895580723656523,0.979668436,8.88986301,7.02589064
246d991,0.1330416787433491,2036,0.23841595596008397,0.23794897463211678,-3.7785008378461717,0.977143068,9.78309917,8.7454787
a54c51,-0.010686068427947297,1421,-0.014637181866386335,-0.017506154996880605,-4.011177043398704,0.981887936,8.04620743,6.65756226
1b01b31,-0.30242157169108613,705,-0.2866256521046101,-0.2829163549551836,-4.179367038386883,0.984691806,6.9475894,5.04445766
20d0bx11,-0.2411302941025158,1392,-0.3201514986494177,-0.3191251223763802,-4.20945788224274,0.985145581,6.78421068,5.15003674
1f9f6x31,-0.3215571275145626,669,-0.3303819622765544,-0.3294361792098419,-4.182417899255384,0.984738438,6.93043756,4.89524988
4aafexxxxxx31,-0.6983664807222951,456,-0.5320353512243542,-0.5351510846812914,-4.513735780028484,0.989042551,5.22080994,3.66733434
bdd71,0.20027024309095035,1167,0.24992358153488764,0.2450972840349496,-3.9860164302965053,0.981426444,8.22029209,7.3022502
1b7fb71,-0.20401808176924355,608,-0.14864899330438827,-0.14964877408518285,-3.976339097971459,0.981245829,8.29049301,6.64362746
1eda9x71,0.04826036024660679,390,-0.028282120557838974,-0.02998724512030453,-3.892907182555592,0.979614006,8.90855217,6.8391483
2dd671,0.16984556573789708,716,0.14716681024216482,0.146776341776602,-3.928752211525523,0.980331801,8.66497231,7.50198306
2a01e71,-0.1297082308555439,776,-0.08810309819706019,-0.09155844200142464,-4.109551199280303,0.98358486,7.38120747,5.42610403
268371,0.37040279460553927,576,0.28208468748778703,0.26779115563674827,-3.910941690260169,0.979978362,8.78492641,7.71167814
1d4271,0.12852019335227732,1275,0.1853058711104277,0.19464732845671245,-3.9901355853306124,0.981502794,8.19097328,6.6221513
a46051,-0.20806923630553853,557,-0.03156159196948331,-0.03175154099904711,-4.02311122645071,0.982102804,7.96764517,6.46075439
1a55e51,-0.17048243115584233,824,-0.16826280024584542,-0.1563453718305993,-3.923566273332141,0.980229538,8.70168114,6.51257324
18aba71,-0.013077189955704354,2243,0.10565523532862807,0.10580444988764047,-3.757877739901261,0.976666793,9.93602657,8.24861908
1703f51,-0.2597624704802517,824,-0.24200453932114896,-0.2589964746539431,-4.149427068720038,0.984226549,7.12347841,5.29542542
169b131,-0.38841600841545143,655,-0.4263674325966516,-0.4235418301928882,-4.049240841787203,0.982564394,7.8039546,5.21455383
19cf151,-0.3106991653445865,619,-0.33467226840539616,-0.3380081093985531,-4.186142730365382,0.984795179,6.9096818,5.09096938
198db11,-0.19127925738115725,765,-0.22156168423386507,-0.23033771974414546,-4.125991836002902,0.983852529,7.27146673,5.46852347
1ae1231,-0.1340436115062133,631,-0.2832375969443044,-0.289671544167638,-4.024457650508242,0.982126885,7.95893526,6.2385741
1ace531,-0.07169382016727242,1447,-0.16377759491091168,-0.15751094002059776,-4.026164012579216,0.982157357,7.94794178,6.18263303
1a50411,-0.2622020146097653,371,-0.31952619913746505,-0.3156766689760634,-3.985496847915361,0.981416791,8.22401428,6.30324554
42de8xxxx91,0.011666264940106584,1719,-0.02765484194777261,-0.04063782064734633,-3.9037650464227536,0.979834157,8.83344269,7.29357969
138ba31,0.1322824603265867,1584,0.15897713958802534,0.1613027735231606,-3.8091093057846375,0.977832085,9.56697941,7.73973846
275e371,-0.265472490709999,1344,-0.2081308740168826,-0.21657670283282893,-4.078964523699872,0.983075018,7.59966993,5.71235246
3a73fxxx91,0.19447482547920467,889,0.13340115392551644,0.13405865013251564,-3.8670369247610905,0.979079734,9.09625435,7.75150827
36cf0x91,0.3088982665726933,1647,0.5445926279981997,0.5586333705450226,-3.677356894513837,0.97471027,10.5666265,9.66853509
3fa76xxxx71,0.019334967656268923,1334,0.029395606055423826,0.032005206821751925,-3.870149851569494,0.979144756,9.07298851,7.42814167
41b58xxx91,0.3800707840790937,1395,0.2997826830014051,0.3000141835920429,-3.750284670515065,0.976488948,9.99436378,8.6711772
41a76xxxxxx71,0.015669802159606536,1535,0.07479092092401254,0.08834359606879987,-3.9605169059879763,0.980946737,8.40941811,7.52293689
188b191,0.09414708898938395,1969,0.006936446312349173,0.005334695136692413,-3.8899192043350825,0.979553002,8.92959118,7.48740152
29ef2xxxxx91,0.13762168782354758,2415,0.08769113033900541,0.08258821198808763,-3.880640575744232,0.979362399,8.99597263,7.50734124
35829xx91,0.0991914173572155,1146,0.151235708582718,0.16193218898423684,-3.8819044569611303,0.979388466,8.98683643,7.17110208
236f791,-0.08807821144212047,609,-0.044218822939640946,-0.03854901339037597,-3.903989163332275,0.979838676,8.83191395,6.94790943
4b07axx91,0.3632636998480511,983,0.4243868289591361,0.43391340637484016,-3.674148213608421,0.974628993,10.5896273,9.51102624
398fbxx91,0.054210666851659504,2409,0.19581879946282293,0.1892363472339178,-3.79166298194785,0.977441943,9.68951321,8.28752899
47f84xxxxx91,0.019313748067744132,456,-0.03502365881512961,-0.04207412742353403,-3.9309489261438753,0.980374959,8.64653111,6.45670847
11b6271,0.21552546882838214,796,0.049268730504573366,0.03748975396314639,-3.7908891899101325,0.977424481,9.69493198,7.46747413
27be6xxx31,-0.40207062404224925,1251,-0.40239676527531204,-0.4071827983935301,-4.327823111114238,0.986803757,6.09804869,4.41662246
36520x91,0.1656065038535251,955,0.12144550137700376,0.11369804824244897,-3.812814117291647,0.977914061,9.5345602,7.76992915
ca0391,0.16880469391140507,1238,0.08559730829585618,0.0912471846769186,-3.7407267124374943,0.976263153,10.0694246,7.71654393
117ac71,0.10630328238180661,1059,0.0709807717054378,0.07928716355024752,-3.8568060138182414,0.978864602,9.17408848,7.93278093
20fdbxxxxxxx91,0.1783501866590719,4721,0.1558217296337576,0.16263097592630335,-3.7844823087433586,0.977279378,9.74019337,8.1345162
206b271,0.16947769867503912,2021,0.16189699702189117,0.1636338673571247,-3.7630384183369605,0.976786898,9.89701271,8.49259186
1c4af91,0.3437149585452613,2707,0.409236514828875,0.4144563961301568,-3.660439491131905,0.974278794,10.6898861,10.017388
1b51171,-0.2012392588731963,840,-0.18860564332339577,-0.18855810501927586,-4.063219976750432,0.982806433,7.72003984,5.75932077
29b0cxx71,0.00705571381539447,2425,-0.02796061107539107,-0.03060956900590781,-3.9697925412592205,0.981122651,8.33906174,6.89435167
26c74xx91,0.31867882559315236,2707,0.32907793512753275,0.33389321433184294,-3.65838574922427,0.974225915,10.7051897,9.01328219
3712dxxx51,0.17185504907534072,1628,0.014401730139552218,0.006544167657270836,-3.9153221415980153,0.980065874,8.75574207,7.1251655
1d0cbx71,0.17838754325960107,1081,0.1812313689401029,0.1894932561491382,-3.749556002278523,0.97647181,10.000021,8.44284175
2798axxxx91,0.1394651759547902,1820,0.05599834377893903,0.054859754105189076,-3.7105653833103736,0.975536312,10.3188925,8.37725361
2777cx91,0.5044685743702498,1577,0.3353651137851415,0.3341045176218462,-3.6867412217629463,0.974946487,10.5003424,9.07996486
26c74xx71,0.10223050811757524,2185,0.07273894746437885,0.07687029420671995,-3.8528631264121125,0.978781103,9.20465755,7.61941294
2f14ax71,-0.22785260488281814,1117,-0.22036361059297382,-0.21736315926971866,-4.0918614676546925,0.983291897,7.50517893,5.32093048
15cb371,-0.18764247816335147,386,-0.269533502255162,-0.27609316311320975,-4.148372750920825,0.98420991,7.12993383,5.04163302
1e07d31,-0.28858577268382685,932,-0.3149878623408992,-0.3107811916453471,-4.157868366359145,0.984359137,7.07245302,5.24778043
1bf7651,-0.34312638947380275,814,-0.38451763377235604,-0.39000992333376355,-4.267702659118298,0.985986059,6.42634583,4.50666134
28d74xxxxxx11,-0.32501118649836025,730,-0.39397029815385765,-0.3962632040048642,-4.2312994999236615,0.985466508,6.65395546,4.88905833
1bfaa51,-0.18560949125032003,610,-0.177302876924288,-0.17647077039601106,-4.155540005676211,0.984322677,7.086411,5.12835106
2622dxx71,-0.2781677552917264,726,-0.3724778632246603,-0.3753401288714149,-4.132690811430452,0.983960339,7.22818232,5.08542457
1d9bcxx71,-0.19438391848838218,676,-0.20433132808654014,-0.20256301559066575,-4.080377753769523,0.98309892,7.58913946,5.38647167
ce4211,-0.09612010605866553,430,-0.23187266702973353,-0.23147375004951545,-4.072144340864784,0.982959192,7.65111542,5.80079123
1abd351,-0.592177390410589,625,-0.4818203628877673,-0.48030996903292517,-4.30178918903994,0.986455696,6.23360014,4.07671444
491b6xx51,-0.4406451425704076,620,-0.33909235391632025,-0.3373990982098262,-4.189760885659464,0.984850093,6.88971233,5.12829414
1949e71,0.2122064965152648,2757,0.2751145977694913,0.2750578044484043,-3.7634000036737043,0.97679529,9.8942976,8.8422294
1bb8d71,0.260549900128325,2571,0.2388236298561831,0.2398727376087958,-3.6985671890484313,0.975241024,10.4188499,10.1986295
1a2f771,0.06373868758081994,1188,0.08239977232894315,0.07944769912319684,-3.9125907165456133,0.980011351,8.77390194,6.96068162
2ee2dxx91,-0.07152514664221166,1475,-0.06482724354594493,-0.07806531867154842,-4.003939355792204,0.981756371,8.09508038,6.34690329
1fb9c71,0.33643852518649914,2276,0.3117922558305029,0.3150729327345307,-3.7831147518110724,0.977248285,9.74994755,9.536992
1a2f791,0.3950344564949064,1446,0.3880128892041981,0.37784510986783504,-3.632643819236899,0.973553827,10.9035912,9.19875864
376dex91,0.2576922558852588,1438,0.278632321039942,0.2795168068233119,-3.735181017420798,0.97613115,10.1138306,9.58062216
10f6b91,0.1841212006835656,3064,0.15100982263973917,0.14325256776112952,-3.778412640921985,0.977141052,9.78373623,7.33712945
127ec31,-0.2339532607140411,1200,-0.2089731721210947,-0.21430255302114384,-4.057104501574313,0.982700964,7.7568059,5.97550906
1ec971,0.2785391019769921,791,0.11100298370728481,0.11059488656931281,-3.98997222264948,0.981499772,8.19213009,6.91529905
1b9b651,-0.2528555808158325,419,-0.2227323117011059,-0.21720089157109332,-4.123679226984324,0.983815143,7.28659773,5.3091325
1ed491,0.650409726097398,907,0.8052033904134385,0.7930256967691783,-3.6485647626501216,0.973971541,10.7794266,10.7397062
360f91,0.5985669406021813,1007,0.520322422315143,0.5235148194231111,-3.7827108638378872,0.977239094,9.75283432,8.84557225
1ffb691,0.007527273921430856,4968,0.03365349551414517,0.039045867534623586,-3.8461943949388138,0.978639127,9.25710583,7.55102363
190cc91,0.5155276519003157,680,0.49622294540884476,0.4994668531505274,-3.5723321327491813,0.971909733,11.3588085,10.0181826
1c52391,0.26971708835920316,821,0.2779778748928296,0.2736658324470394,-3.727590178933379,0.975949276,10.1756582,8.78403179
2433e91,0.2157744358381506,985,0.08630289954534501,0.08494120342546667,-3.942070905758665,0.980592019,8.5549593,7.09693615
27ce691,0.1388315319309531,1187,0.22260380615273426,0.22785809819514288,-3.756447583884693,0.976633399,9.94692802,8.35529856
1b7fb91,0.07500306816275237,1214,0.11474249235275719,0.11421017118321979,-3.863076710590599,0.978996721,9.12613106,7.51326576
34f56xx91,0.5514892074446573,961,0.6806060763084694,0.6899450120922822,-3.6065374717994163,0.972854323,11.1180487,10.9594175
2193cxx91,0.7054759733522731,2196,0.634118350226993,0.6439566772430231,-3.5614624412692937,0.971602735,11.4380655,10.1718715
1f2e591,0.5827220903850558,877,0.610512984209666,0.6020849434171208,-3.4678036070274962,0.968814549,12.109911,10.6183718
25b7d91,-0.2726892759159968,1018,-0.22365654030496263,-0.2281873391940274,-4.068680850569386,0.982900069,7.67764521,5.3443404
16d2f31,-0.10565687296718589,430,-0.12543245326478888,-0.1203311871016148,-4.073659794714266,0.982984997,7.63959455,5.92791748
16d2f51,0.06501924881867494,791,0.1254002560692993,0.12652663388821586,-3.857648557672549,0.978882402,9.16759777,7.74667417
25368x71,-0.07036683775009704,1171,0.005937073696324833,-0.003523838769215395,-3.917101680091682,0.980101316,8.7439785,7.02118683
ce4231,0.03754679126681652,838,-0.04935113537292525,-0.050350062736942126,-3.9010767350438766,0.979779872,8.85184479,6.93637026
13de671,0.0893310584595079,1348,0.024746963966503454,0.025790524148645855,-3.965388445226875,0.98103933,8.37223816,7.1197903
201e451,0.13652583688627867,1482,0.1520747371222994,0.15748999672192573,-3.697133101948131,0.975205492,10.4286146,8.79030022
1a2cd51,0.14390541980629898,1863,0.10480691351468488,0.10232427654698083,-3.7525086927741476,0.976541179,9.9771595,8.28983072
1d0ed51,-0.2205364549210264,593,-0.18505135004624457,-0.18820888740710306,-4.016480373491013,0.981983736,8.01098919,6.29825299
1d3f151,-0.059149526273081995,1234,-0.14770287982326674,-0.15179004159142329,-4.131582113541395,0.983942546,7.23529053,5.42751254
e3a051,-0.174994529652413,497,-0.15924150293529968,-0.1503345923774957,-4.06394906156663,0.982818964,7.71433878,5.90648123
d7c991,0.07370387856636051,1866,0.06465472420355564,0.06373907439255509,-3.9067560502204306,0.979894383,8.81311512,7.27164166
8bc71,-0.17157745259163826,750,-0.14888049237729808,-0.1552200607865952,-4.101190522423907,0.983447043,7.43901253,5.716058
188b151,-0.4271422590101202,1134,-0.3668645304051808,-0.3691422674518725,-4.215064905044539,0.985228637,6.75513506,4.73601679
19be171,-0.1311337759006648,936,-0.11926201018130897,-0.11974134449448251,-4.0168950293064025,0.981991205,8.00825596,6.08822456
1f0d51,-0.35165748524437757,293,-0.37771218515871263,-0.3812227464069295,-4.312118853844147,0.986594884,6.17867708,4.29891557
28271,0.2525359019496021,1086,0.26103021633476897,0.3678386473137176,-3.855898517572173,0.978845413,9.18109512,7.7066533
9d051,-0.2754912653402611,411,-0.06623549510294659,-0.049318588593243645,-4.253998095010542,0.985792682,6.50921917,4.50413249
e2ba71,0.19765154259389545,1273,0.1350637198992039,0.13376360451517263,-3.8664501063483883,0.979067454,9.10066128,7.95836581
1cce671,0.18551837506841062,2034,0.08845282382158991,0.08459553749872818,-3.8660521928503733,0.979059123,9.10365391,7.97559709
3e6cdxxxxx71,0.0028576502508364057,1387,0.1374920045745699,0.14473462141291352,-3.84434926361029,0.978599677,9.27178669,7.96224271
11c7791,0.332846863603602,3547,0.3199276815590095,0.3191533996495191,-3.6684516497326602,0.974484053,10.6308928,9.14958954
37483x91,0.2726242399589752,1823,0.39141540841848826,0.3882692830999967,-3.7366843558138783,0.976167006,10.1017294,9.05717586
2e09dxx91,-0.2699890076057676,910,-0.1594560707347342,-0.15664426025788286,-4.07226734729226,0.982961288,7.65017843,5.65479513
30735xxxxx91,0.19491989964896636,2867,0.14114274656524725,0.13857513083219802,-3.784903116386353,0.977288937,9.73719883,8.12356509
2b56591,0.03890861449928969,881,0.042476152594966426,0.05389615438469464,-3.852613757173155,0.978775811,9.2066021,7.51641024
34e1091,0.3299908221834051,945,0.3295489411801494,0.34141068576631245,-3.6988720542604363,0.975248571,10.4167795,9.17770973
1886491,-0.014904907679037512,1440,0.1384639786350039,0.13533460908624398,-3.701379616626594,0.975310559,10.3989115,8.39095952
18aba51,-0.2355801482183504,1223,-0.17156949210846398,-0.1780987831219882,-4.006655439953694,0.981805855,8.07662868,6.10946244
1cd5951,0.06615365256725322,1365,0.010842268448728034,0.009889414840305807,-3.931711814201899,0.980389925,8.64015484,6.8238543
19b9751,-0.2703044177699242,683,-0.17176549406973596,-0.17523177630700162,-4.12766972831573,0.9838796,7.26054907,5.35456731
16a2f51,-0.21213607874183993,969,-0.2369349351203536,-0.23742790579230055,-4.153709990905069,0.984293961,7.09744358,5.31280752
35b17xxxx31,-0.18674008391523247,637,-0.20919310185791787,-0.21162255378563052,-4.192507376923214,0.984891645,6.87467861,4.96448517
eb2851,-0.25831779679013434,815,-0.2728812678438344,-0.27839526749597027,-3.9458222692319636,0.980664689,8.5247345,5.86952855
12fae11,-0.41164757692788373,554,-0.3651881021150498,-0.3648202149216385,-4.29088469355538,0.986307194,6.29328585,4.23478376
1331e51,-0.406841697013843,579,-0.3728668519507304,-0.37461145144911395,-4.187511193069903,0.984815972,6.90210724,4.70954572
1695f31,-0.6204498065926445,375,-0.5013032003328912,-0.5071934386538963,-4.407638065248248,0.987816078,5.73335266,3.87809401
e7ca31,-0.4725462375439513,180,-0.4230707935073234,-0.43300613848563435,-4.291114986971608,0.986310347,6.29200649,4.09602121
e7ca51,-0.29796838940620474,376,-0.2536821858614582,-0.25271664010819755,-4.166305892369,0.984490552,7.02259445,5.15456508
c61b31,-0.49821496227905543,486,-0.503555940017309,-0.49923670866177683,-4.466503887089363,0.988512593,5.43058395,3.38220039
1967351,-0.10124040690250488,483,-0.21813349533288987,-0.21354666573839998,-3.9988653239816867,0.981663567,8.12991333,5.87471184
1966a51,-0.37319331201221906,705,-0.3551154093937005,-0.34675621636443166,-4.2568561270411145,0.985833229,6.49166632,4.49261299
c64371,0.005560513956932995,564,-0.08913158270059261,-0.09926543717998006,-3.9702839915835,0.981131926,8.33538437,6.0493481
1305151,0.11604205062171669,952,0.143720062859097,0.14210296193275765,-3.7817749156983687,0.977217781,9.75953579,8.27006003
1305131,-0.0476393148058639,389,-0.05174270564293111,-0.058521767851242114,-3.8992882378876312,0.979743676,8.86415768,6.78559934
16a6c71,-0.1579960651685967,778,-0.08844318292050288,-0.08820142037354985,-3.8540150275699268,0.978805531,9.19569302,7.29565195
10f8751,0.01040832894295119,887,-0.014891576103210815,-0.008825480294905935,-3.820653717109601,0.978086529,9.46706676,7.62825775
1a6a051,-0.22183152302699374,815,-0.30396787734674074,-0.3101126888987141,-3.8949227517467997,0.979655054,8.89445114,6.36676436
1905931,-0.40986241849059446,426,-0.4426099684187936,-0.43894597565260435,-4.220026907938533,0.985301751,6.72953939,4.72164565
1aaf151,-0.19329728385071449,1102,-0.22261910638827526,-0.22571656394476539,-4.13047066223378,0.983924689,7.24243832,5.46440829
1905951,0.007601091502488834,568,-0.039973598870511245,-0.040786608486508086,-4.002916070065202,0.981737693,8.10206699,6.51126979
3c7d9xxxx71,0.015669618418450267,1564,-0.020990445869580158,-0.018361655517313925,-3.983253575123884,0.981375057,8.24014473,6.70036316
1d5d471,0.07160177498921765,1500,0.1043062379553666,0.1035608964871819,-3.8331667243573184,0.978359024,9.36235428,8.26233849
32c29xxx71,-0.054499173868434704,651,-0.001059570355572474,-0.007834823315414755,-3.966033408868139,0.981051555,8.36735344,6.72358821
1245e71,-0.1400076355326922,1025,-0.1664815939645379,-0.17085675606118664,-4.042820082559922,0.982452084,7.84316015,5.72837243
186e591,0.24805915970808437,1319,0.2721094265107373,0.2718888624912211,-3.771278111525556,0.976977381,9.83576202,8.36639874
1a56871,0.3127884575610866,1197,0.18164008572204796,0.17849501131546544,-3.8815417161872388,0.979380988,8.98945522,7.67378704
188ba91,0.15817441613932332,2716,0.21568925584489526,0.21288080113210356,-3.7505066758657595,0.976494167,9.99264145,8.25654543
1f9f6x51,-0.04655805593934644,1233,0.016710711219628433,0.028572326788751583,-3.964866448043297,0.98102943,8.37619781,6.6767719
19b9771,0.05712648405186615,1515,0.10100260504432278,0.10636448795734195,-3.862673426331856,0.978988249,9.1291914,7.75033569
1a46671,0.130006908426009,2422,0.15008225015094268,0.14119828347599905,-3.692688740240559,0.975095051,10.4590788,8.85464654
1a2ff91,0.030058848717476303,2391,0.03971187452303792,0.04354781602333519,-3.896130266696057,0.979679606,8.88603783,7.19400377
1e1d51,-0.2844501375492996,293,-0.33114433200354343,-0.32707829432253205,-4.339861414685015,0.986961665,6.03847694,4.17582233
196b971,0.10256950878340408,1081,0.10111517645081589,0.10253071664555301,-3.816296366900251,0.977990836,9.50439644,7.82980288
1c775x51,-0.09008548917243636,1333,-0.06289540982391476,-0.07250172157270537,-3.928509158310294,0.98032702,8.6670208,6.95485276
1887091,0.10554023382946819,1075,-0.07097367048449102,-0.068231204056401,-3.8690620840437613,0.979122058,9.08109665,7.18390421
10a9351,-0.030664613300663116,1337,-0.015877985129630557,-0.024461163424013766,-3.872052669466109,0.979184402,9.05886173,7.40386787
12ad911,-0.3464108919414557,356,-0.4008496864125878,-0.39851916097224555,-4.312558558781101,0.986600777,6.176373,4.16077042
1cb5551,-0.14890819248108,622,-0.23620945723998402,-0.23619903768786976,-4.11087054717881,0.983606503,7.37221146,5.33331768
1fb3a31,-0.329946693991943,550,-0.4350411194801475,-0.44184645438268244,-4.126988711655977,0.983868618,7.26497412,4.77556229
1c4a851,-0.23449147828755065,1292,-0.2172554091487594,-0.22159511265283072,-4.141578255321328,0.984102259,7.17198324,5.30244915
1b7bf31,-0.3716648712386836,731,-0.421959431286635,-0.4274979853415099,-4.2053407954116615,0.985084298,6.80582523,4.75646943
1e0a311,-0.5852238933294994,984,-0.571442728769261,-0.5765502069175386,-4.524856161278197,0.989163727,5.17510128,3.07617011
6b5f31,-0.08384018508899158,1308,-0.000430464883136045,0.010848094439704812,-3.889342366719996,0.979541204,8.933671,7.43677403
1d331,-0.26948912134698033,355,-0.07862457996460792,-0.04482081758651487,-4.2560758020288745,0.98582217,6.49644375,5.28911532
d77131,-0.7161368969779052,771,-0.6190909671888143,-0.6258393505051885,-4.59556862882068,0.989903522,4.91252184,2.87503345
81b411,-0.7290257713928788,553,-0.7844460510643667,-0.7733056889369159,-4.906665490029658,0.992602887,2.54668031,1.06585055
fdd331,-0.6046245534241788,436,-0.6013264869465615,-0.6004002076609937,-4.510090123567833,0.989002531,5.23608351,2.93937536
fc4c31,-0.5994218295434285,638,-0.6248345863957215,-0.6254746949266962,-4.667770746185612,0.990606814,3.02581258,1.37829414
11c7431,-0.3209505696279205,386,-0.28163713044982286,-0.2795405461821309,-4.165062971593623,0.984471263,7.0298686,5.12351462
1f75d71,-0.15911151716573077,463,-0.23636054548347743,-0.2436348596023734,-4.094708028267884,0.98333939,7.48479939,5.02199907
455eexxxxxx11,-0.7681566106965271,133,-0.6613724688014201,-0.6642160685683846,-4.485371139403591,0.988727297,5.34359884,3.17134887
427e6xxxx51,-0.642056719731471,340,-0.47233745738156496,-0.4676883894739996,-4.337195382379253,0.986926858,6.05150795,4.00368999
e97051,-0.27849825884629925,586,-0.41289809131211613,-0.41142475296276193,-4.226810465539156,0.98540112,6.6837492,4.19365927
c2f151,-0.3630463053021054,287,-0.4584179367518229,-0.45915365515309514,-4.2933595624377405,0.98634104,6.2795825,3.85777371
75a51,-0.08804426170979772,309,-0.09838821327880047,-0.10280892261946777,-4.126611381835118,0.98386253,7.26743031,5.3862692
10cf131,-0.4077843108601408,404,-0.5029013063425667,-0.5059184862318915,-4.417646517006853,0.987937412,5.67820501,3.68593773
19b2711,-0.6251102251476772,417,-0.6390604032014906,-0.6408493740303898,-4.445810411369374,0.988272402,5.53131342,3.34576563
167a511,-0.5861560899961181,266,-0.5142534285191503,-0.5047772036497623,-4.363570717706686,0.987267159,5.92647028,3.74921065
190cc31,-0.591113665159457,143,-0.5496161892390037,-0.5519259896201084,-4.410474258502887,0.987850585,5.71756029,3.45977871
196b931,-0.4222830164477946,317,-0.4741651391727187,-0.47504916657371743,-4.17895779886849,0.98468554,6.94989967,4.64160538
12dc351,-0.1069267989173613,814,-0.09394339130136091,-0.09699473312161308,-4.020709880624113,0.982059775,7.98325443,6.54922192
d77f31,-0.4499213401100854,344,-0.3723624469776733,-0.3720119757414745,-4.3722653117806045,0.987377386,5.8870697,3.87720871
46e4fxxx91,0.13210061622250038,914,0.14227109837954036,0.14631672640501328,-3.8376477582812805,0.978455781,9.32572842,7.49272977
36a3bxxx91,0.20049607762158045,940,0.12887959752494313,0.12555501563810273,-3.7306381788956884,0.976022471,10.1506853,7.97833076
48445x71,-0.1828945877377556,1073,-0.2983862876089296,-0.30725834324298373,-4.128204969916623,0.983888226,7.25707769,5.15419065
1a01251,-0.07383132619791322,462,-0.1362504896216515,-0.14112951318007308,-4.033846291917096,0.982293904,7.89905071,6.28628892
1820a51,-0.22745632550028344,787,-0.30031720001961926,-0.31324386772825913,-3.914704597684955,0.98005356,8.75983715,6.40910457
2b57151,-0.1709433265932777,750,-0.20498560234081328,-0.19870629147238017,-4.033604935254307,0.98228963,7.90057182,6.70281748
285e8x71,-0.07943989547413337,689,-0.11511919050213268,-0.13076153249639066,-3.9998194541423198,0.981681054,8.12332726,6.14355234
24d0f71,-0.14550520975784056,373,-0.09702576225003935,-0.0938713606562488,-4.039267856968067,0.982389639,7.86512995,6.19344682
246d951,-0.3190893107160388,598,-0.27675573529863157,-0.2777151993273161,-4.164757777634382,0.984466523,7.03165865,5.03470201
1306951,-0.3672336027864508,1074,-0.2070881788310512,-0.19910091254877935,-4.108440464293798,0.983566617,7.3888073,5.42527888
167a551,0.09711015220512328,701,0.00895608616281375,0.01606396399219306,-3.8106075011048395,0.977865272,9.55382824,7.85055425
167a571,0.19888247163779466,812,0.1939857203915653,0.19563327749949014,-3.764241868135571,0.976814817,9.88798714,8.39937415
1689a91,0.14128424166121337,3737,0.2354216797762901,0.23254017564945667,-3.7320252716205418,0.976055707,10.1393852,8.29700177
1784271,0.14538238728499975,812,0.20273101573829594,0.1981362393803165,-3.7991692989771684,0.977610637,9.63747787,8.60940787
28ada91,0.17517844813633135,1931,0.18264126952157053,0.18045745744662792,-3.742612775579402,0.97630788,10.0544662,8.48314491
b9c491,0.17582911710057175,915,0.08336220199317294,0.07528067819176405,-3.8883063323264673,0.979519997,8.94101524,7.35389123
b47a91,0.17015817142666478,583,0.15447798266418167,0.1609102318725402,-3.878635619246224,0.97932098,9.01052856,7.533155
182bc71,-0.13194101497717456,1236,-0.10115119381890314,-0.1013645946561652,-4.0851325236415965,0.98317909,7.5540328,5.93352391
1a56851,-0.018878340220462978,1290,-0.12960476993514852,-0.128835276337446,-3.9020208442350235,0.979798953,8.84536743,6.73195531
3d2f9xxxxxx91,-0.2667836365193041,1565,-0.21912902217970412,-0.2097612065762662,-4.052511744355947,0.982621331,7.78422832,6.09240429
3d2f9xxxxxx71,-0.39419710297047006,504,-0.4637877350077389,-0.4529016621690505,-4.313101722829466,0.986608053,6.17353058,4.11532475
4b07axx51,-0.3965847521703015,577,-0.32484979140793085,-0.3190020927815799,-4.0972478928104605,0.983381652,7.4667573,5.43063941
3a3b9xxxxxxx91,-0.19709270614358754,1889,-0.2399562061720621,-0.2391064760355437,-4.054568503301832,0.982657038,7.77190828,5.42782651
4b07axx71,0.1215141633488163,519,0.22902141672849605,0.23231503200722933,-3.788220832291212,0.977364161,9.71369648,8.4830246
48c01xx71,0.048863170686754984,502,0.19231351740080133,0.1998914393502901,-3.782045733715517,0.97722395,9.75759506,8.41548568
19bfe11,-0.7196125592192122,205,-0.6532615785359605,-0.6497648457333247,-4.522152339202469,0.989134388,5.18609428,2.97816409
3e96dxxxxx11,-0.6852354724904602,434,-0.5898727563825115,-0.59045138289618,-4.7781127830510695,0.991588141,3.01144745,1.36489912
40e0cxxx51,-0.06971543943650994,633,-0.054056464477411005,-0.053807453854446206,-4.047143889196108,0.982527794,7.81668806,6.08330536
3b62dxxx71,-0.3108561396245408,701,-0.3115908008590155,-0.31017420916585686,-4.101805828368568,0.983457225,7.4347105,5.40687092
1ff011,-0.824482050934426,285,-0.8164463364726084,-0.8145004179023843,-4.7922546273303475,0.991706263,3.70363648,1.72160075
1f28471,-0.26038901039490064,885,-0.1731497239530412,-0.17213930358759813,-4.0512055356949235,0.982598616,7.7920866,5.54431387
f98811,-0.24714482550779596,599,-0.2932705881950741,-0.2979344453068324,-4.151374701936588,0.98425724,7.11160135,5.28731596
3f571xxxxx71,-0.4247784041325942,711,-0.2833117044922433,-0.2778335809281516,-4.122944612413312,0.983803249,7.29142523,5.75624671
2289d71,-0.29015183629859653,581,-0.2376119542603794,-0.2284942236680657,-4.083579355549641,0.983152944,7.56544638,5.76618664
26503xx91,-0.0659105635945125,1020,-0.01607543798400168,-0.0082397966241183,-3.957558643816573,0.980890289,8.43224716,6.74815897
25987xxx91,-0.2584757753509612,486,-0.29451743913078954,-0.3109881803702363,-4.266271324575222,0.985965986,6.43484974,4.21326711
11bde71,0.09478720527072478,566,-0.0012423608567111203,-0.0019668718611914574,-3.857677586016455,0.978883015,9.16737366,7.10208071
11bde31,-0.16489443170625373,183,-0.3193546038225999,-0.3194410335815391,-4.207791552126817,0.985120808,6.79293156,4.60403002
1716471,-0.29000795545493185,1006,-0.2590094083032902,-0.2557036575655295,-4.028941221398899,0.982206841,7.93015432,5.60559904
8bc51,-0.5924353144168838,207,-0.6440211623894956,-0.6504682149770555,-4.475529816083627,0.988615811,5.38841486,3.13122324
a97b11,-0.6949907187978326,274,-0.7437887380428913,-0.7425605997745707,-4.635098297415882,0.990294847,4.78412056,2.53315706
f2f171,-0.23070063022040344,865,-0.28638759253862234,-0.2805274574376514,-4.048506637340041,0.982551588,7.8084054,5.40967266
1499b51,0.0829749848063492,620,0.056434319301091884,0.051032954879237306,-3.8837062363264456,0.97942557,8.97386265,7.27941073
1329251,-0.014035796471725728,1071,-0.014020548270828706,-0.008496791188123897,-3.9183404686431476,0.980125951,8.73581982,7.13039163
1a45971,0.30484597216572623,2464,0.1382665703885082,0.14723946558877868,-3.8486789786650104,0.978692134,9.23745441,8.27953045
20db5xxxx31,-0.08158105730168476,1424,-0.1453107221351074,-0.14261416717840691,-4.0350018157745895,0.982314352,7.89178085,6.14712348
1784251,-0.16879688680028013,469,-0.18968211572822305,-0.1962476640076994,-3.954716854943028,0.980835906,8.4543581,6.11647327
29c8b51,0.19936190113432786,1018,0.21068061876748326,0.21489058870370034,-3.8389452351787936,0.978483716,9.31520748,8.31825256
29c8b11,-0.41898473207952325,633,-0.44755276160459617,-0.4439272180403628,-4.280462885621022,0.986163744,6.352036,4.51675738
3fbe5xxxx51,0.050491498326622905,1508,0.08146297956530676,0.07880568842319866,-3.8798942559046763,0.979346991,9.00138187,7.75339156
2e9aa91,-0.2435338036662359,854,-0.280585954103034,-0.2792269435160437,-4.0468748694914645,0.982523093,7.81832647,5.47449024
192f8x91,-0.2868653906547509,1132,-0.2259164780486058,-0.22740213792695319,-4.122963752237508,0.983803559,7.29129934,5.20658464
1ea3c71,-0.3634703386182993,643,-0.3254114630219147,-0.3255741617609955,-4.1338247074249646,0.983978516,7.22093534,4.93307026
281b711,-1.1772009061628441,706,-0.7943841974636737,-0.8036535166411461,-5.019228510246307,0.993390376,3.33896478,1.46620134
ca0311,-0.6313214234440528,185,-0.6396953401132495,-0.6385643401797954,-4.569637901347134,0.989638289,5.00354147,2.68794339
13b1751,-0.3180798479762938,866,-0.3073838240888877,-0.301234230943732,-4.062748109246251,0.982798318,7.72354221,5.46211536
1b15551,-0.2495060111598504,526,-0.3165113931606126,-0.3181293630659487,-4.082520917810029,0.983135103,7.57325459,5.53898268
1a2af51,-0.3917997344329528,452,-0.2794028971887987,-0.27198846254537373,-4.20372775801944,0.985060219,6.8143549,4.67069597
2326b31,-0.5709311889311065,449,-0.5656403537152683,-0.5698268006425631,-4.403699565097063,0.987767997,5.75156641,3.66964751
188b111,-0.8308776670550903,360,-0.7211485468090145,-0.7187561033523908,-4.653191995417638,0.99046887,4.70703363,2.59846937
12df491,-0.11998678538868211,2218,-0.09784752454684652,-0.09904241525149703,-4.02737044705318,0.98217887,7.94019938,5.88956217
2b4cf91,-0.09713909736704779,662,-0.013291089719302093,-0.01781373345006367,-3.9039668932174583,0.979838227,8.83206558,6.80969414
34f5axxx91,0.13264672377521824,697,0.12621064805283705,0.12299423609576089,-3.9318068209012713,0.980391788,8.63936138,6.75323193
13ae271,-0.09205140974688705,1115,-0.15636680754114868,-0.15136619875828708,-4.088160900527217,0.983229953,7.53192663,5.43343119
e5cd11,-0.30224194973991986,446,-0.2596070428819181,-0.2599440787446793,-3.9416697595373424,0.980584232,8.55821133,5.84288612
1044e51,-0.3459038399639296,564,-0.33865200591887923,-0.3384036474938385,-4.282211635005907,0.986187919,6.34205866,4.52228106
12ac851,-0.14880630562641914,573,-0.09789653067092571,-0.09546785525550595,-4.027689894203557,0.982184562,7.93815327,6.26927713
1c775x31,-0.42980931028947655,883,-0.4742742878742771,-0.4745442130007812,-4.229316672181618,0.985437662,6.66706562,4.51300137
fdd391,0.49805620847062754,1701,0.4948050661944233,0.4932876847763406,-3.678103088283996,0.974729134,10.5613022,9.61028818
3b5a9xxxx71,-0.03665173619309292,1288,-0.001240512890972113,-0.0029256284032964266,-3.9814213698305267,0.981340901,8.25339222,6.99395341
3b463x91,-0.19517776424340122,1031,0.03094850558345863,0.04718131488888877,-3.9518459158658206,0.980780808,8.47687721,6.20242427
3a02fxxxxxx91,-0.18570292693133433,811,-0.1333317154684862,-0.13632877932215956,-4.0389226084900605,0.982383558,7.86727571,5.86921985
f92291,0.2628765291117516,2288,0.29440887730288257,0.2919958724058689,-3.8754782733668267,0.979255586,9.03360558,7.70726072
fba391,0.33596971762522365,602,0.31279086164671044,0.3143387284008613,-3.6794464055430316,0.974763058,10.5517416,8.74135648
3b463x71,-0.47235951140820587,530,-0.39472854823181774,-0.38824853419490407,-4.344665033213685,0.987024146,6.01522589,3.9948572
3aae491,-0.21600954833327857,1396,-0.15321816089819945,-0.1589846756109481,-4.0888632321969185,0.983241727,7.52682781,6.15898191
2b62971,-0.606980257512636,274,-0.581418003977453,-0.5811093236486128,-4.359684176656588,0.987217576,5.94436598,3.68491246
25b7d71,-0.24569691234722707,311,-0.27745428424886653,-0.2792561431621443,-4.133100380255867,0.983966907,7.2255621,4.90909841
ba4051,-0.32068155884916116,1168,-0.3599924173438101,-0.37246942718016646,-4.0000701004067105,0.981685645,8.1215992,5.9571768
1f75d91,0.01748472156385272,1185,0.017641941703270006,0.009104219956276548,-3.9303477832819564,0.980363158,8.65156555,6.37984056
d90a31,-0.7155763511415701,349,-0.5842002183995717,-0.5719469425724277,-4.642254175561969,0.990364048,4.00356958,2.10145202
44b4dxxxxxxxxxxx11,-0.2631294038294601,351,-0.2690702628614311,-0.2587603138631935,-4.060316886500392,0.982756446,7.73781395,5.02363058
3e2aexx71,-0.37649612104599167,438,-0.45353003260646696,-0.4437601177474999,-4.441371710458606,0.988220231,5.55368805,3.89499899
1b7fb51,-0.32697605648637507,365,-0.3748430108806317,-0.378552804670691,-4.1516426069864645,0.984261457,7.10997248,4.7827166
327f7x91,0.40874875754374207,1163,0.4560939990927502,0.45987741865580756,-3.6304649716807544,0.973496142,10.9209633,9.78673788
3b283xx91,0.27641341322070934,1718,0.37750953947959864,0.36175323671914283,-3.6253912093235297,0.973361326,10.9617796,10.508221
397bdxx51,-0.48598458838401626,104,-0.41474260938263025,-0.42070051091944216,-4.179918136981288,0.98470024,6.94448042,4.23287553
c24e91,0.37213708914508403,828,0.3835982332444276,0.393623623787618,-3.6049379075692087,0.972810867,11.1316509,9.77505552
214b791,0.414975266454909,2335,0.4352004596754503,0.4281826238653699,-3.616184090650806,0.973114928,11.0371723,10.1052774
297f191,0.2025604627372595,1904,0.08197572357778474,0.06851644008981543,-3.755264970564363,0.976605749,9.95597267,8.09384683
948471,0.19164380439028803,1181,0.21737282068794653,0.22110154211106367,-3.6717225589765983,0.974567377,10.6071301,9.13733262
16ac151,-0.2625891276332537,719,-0.3870635928890788,-0.3849195004894431,-4.200238153272707,0.985007994,6.83293056,4.7051553
3cafbxx71,-0.5784516736535771,292,-0.502740604336757,-0.49725880148574986,-4.329832670011606,0.986830249,6.08797264,3.95916895
4a15dx51,-0.4112917891652624,650,-0.3305684813130002,-0.32986473883856754,-4.221714995449906,0.985326542,6.7180562,5.14264327
45365xxx31,-0.6247435156982519,169,-0.5803473368426,-0.5711737816959603,-4.352816164937721,0.987129484,5.97642899,3.76233438
37d44x51,-0.6512806316293305,403,-0.5572729431830437,-0.5525511881855882,-4.5451519597570105,0.989381441,5.09495735,3.25237157
3da61xxxx31,-0.4243772421049793,472,-0.44050422209733736,-0.4444114394707728,-4.1542478904832905,0.984302407,7.09419489,4.74780538
2d1e531,-0.4470299864522171,248,-0.47124913203185914,-0.47113887152204864,-4.289649989842514,0.986290277,6.30015707,4.33015706
d75151,-0.4166651984649831,292,-0.45630255596678676,-0.44672832630476866,-4.3188166706776485,0.986684369,6.14387465,3.83672069
42ecexx31,-0.40966008064922615,248,-0.44727332436550565,-0.45067384821941325,-4.296824533436965,0.986388286,6.26055241,4.06398656
3df2axx51,-0.5715020034052898,367,-0.5858705728967455,-0.5813842718574338,-4.39589832321012,0.987672199,5.78421831,3.58677263
3180bxx51,-0.3776167466422842,203,-0.3348330710691126,-0.32940180041656,-4.169505057314578,0.98454009,7.00398207,4.77070001
eb2831,-0.24950862458447667,386,-0.36915390475282794,-0.3741465461922953,-4.003223909881289,0.981743314,8.09996319,5.40899247
4ad7exx71,-0.6349146715257702,68,-0.4974830882686599,-0.4994299481337978,-4.341023280600261,0.986976805,6.03282595,3.77823786
9deb91,0.08959874931371867,1973,0.07565916119539949,0.08124135810139814,-3.79337909598551,0.977480622,9.67753315,8.07279205
19b2751,-0.07612741484907072,1071,-0.13717808338953186,-0.13562952764243535,-3.935102141621905,0.980456297,8.61198807,6.58917706
196b951,-0.13986329165862996,682,-0.13889274223089973,-0.15871454501248236,-4.053028776037019,0.982630314,7.78112555,5.95995683
1ad6671,0.12786118564135202,1096,0.21197800340076708,0.21595551343548752,-3.909484180972075,0.979949159,8.79470825,7.88226788
19b2771,0.10346217205842852,1693,0.1321688380006418,0.12179720956319759,-3.776036179848001,0.977086664,9.8009634,8.07608208
16c5671,-0.016424129554844142,2088,0.01908569098407446,0.025251214748730016,-3.77873252307017,0.977148363,9.78142452,7.96761381
1fc8c51,0.16212136485153236,1304,0.11119846223946432,0.10790033910348971,-3.871306152435068,0.979168857,9.0643959,8.18328036
12ad931,-0.0939111338704115,734,-0.14885917231703946,-0.14880121555376646,-4.060186643411283,0.9827542,7.73858118,5.79186131
e1ff71,-0.01976209529451003,561,0.055927868699526366,0.05991262191447247,-3.852715014696022,0.97877796,9.20581245,7.33996699
138da71,-0.1739136132797743,1041,-0.2060567555126022,-0.20967107578434335,-4.015158442854058,0.981959904,8.01972103,5.94372969
4a752xxx91,-0.022720096539736296,828,-0.061916343384161465,-0.0691440723639022,-3.9031248120359443,0.979821242,8.83781338,7.07912152
1303c71,-0.26592656667394093,1451,-0.16559149603286383,-0.16843414657333397,-4.039004523958738,0.982385001,7.86676645,6.07176326
1f07431,-0.2349688221205043,511,-0.34030448272814495,-0.33794423097652565,-4.197373730915704,0.984964989,6.84830189,5.29413194
833991,0.08972530557490094,1136,0.20649063752517083,0.21317450989234832,-3.7182262908217596,0.97572301,10.2536411,8.27670112
31cb1x91,0.00913421609465076,1314,0.09513113560442538,0.10245218942148426,-3.886419393289754,0.979481316,8.95444202,7.41149726
267fc91,0.15056037140947182,2101,0.220761261653124,0.2248218320113805,-3.7605667523105044,0.976729452,9.91563416,8.56169657
1af8971,-0.4015396387770589,1564,-0.45969192790408436,-0.46328981989404106,-4.356055931871807,0.987171114,5.96123362,3.87907292
1ffad51,-0.577626983385764,943,-0.4774370925121787,-0.469433653060996,-4.259067825361442,0.985864527,6.47818089,4.27534808
1f75d51,-0.41160796739053307,258,-0.419223720789064,-0.4208730657292468,-4.3287547948987735,0.986816046,6.09337044,3.68269642
2c5b9xxx51,-0.39795329359127607,475,-0.4226701659655625,-0.4302389690045269,-4.333571764804537,0.9868794,6.06936598,4.10389768
3f0fdxx51,-0.47758133303556505,249,-0.4305206750687721,-0.418548470151374,-4.343725652035385,0.987011951,6.01975012,3.95602945
3c252x51,-0.5465492755835945,162,-0.5978257552076812,-0.5952263544421817,-4.435646929164146,0.988152601,5.58296442,3.39595853
25987xxx51,-0.44115638172439725,105,-0.5057708294020619,-0.5325010258714409,-4.423431298913175,0.98800699,5.64705658,3.51371472
8d8951,-0.2968785154878968,469,-0.4155167440371036,-0.4153104726186808,-4.245607176528344,0.985672968,6.56160402,4.4141297
7b3051,-0.26623280307038427,434,-0.2536886061208044,-0.23614948661795096,-4.163576126479619,0.984448157,7.03860235,5.02980922
38419x91,0.03040454902473678,2088,0.18173087468286256,0.19358628395048091,-3.7785911865109227,0.977145133,9.78244591,8.30886489
35be7xx71,0.017068135803597975,1686,0.05831808125287299,0.06394403447270053,-3.7703916376050692,0.976956963,9.84229183,7.85173269
2f15ax91,0.1292900675335106,961,0.15781145410474534,0.16173500402662233,-3.8540842933223103,0.978806999,9.19515514,7.66441169
2622dxx91,-0.08590962371607268,1213,-0.07895835694490702,-0.0778068984617324,-3.968333179125503,0.981095082,8.35000992,6.36054934
2ea6771,-0.18650816240409787,399,-0.2185339224066314,-0.21233529114274796,-4.04762929201426,0.982536273,7.81373453,5.46709853
25e40xxxx91,0.3294989676302237,1934,0.23768630912953245,0.24310231057004594,-3.7372794644032905,0.976181185,10.0969524,8.6878756
3b62dxxx11,-0.7353637885302893,164,-0.7867975339022074,-0.7834184463294442,-4.645155135095295,0.990391961,4.74109459,2.65671921
37483x71,-0.19484809446938745,949,-0.09411300464583279,-0.09357018448996642,-4.10717876945222,0.98354587,7.39747,5.61824623
35be7xx91,0.47555836221040615,1565,0.5676033862271789,0.5834234127785707,-3.595705518090784,0.972558684,11.1948318,11.3052896
33d77xx91,0.6127366451336042,743,0.5791003067485542,0.5581949161172112,-3.6962499496059014,0.975183585,10.4346428,8.91562477
1cb5571,0.18206077167038257,840,0.071209163464095,0.0644118814562373,-3.9292928239941167,0.980342431,8.66042328,6.79181671
101a091,0.23230994979314618,2811,0.25476078133253444,0.25086407107740405,-3.863659646612877,0.979008961,9.12171364,7.3165383
11b4991,0.1463430503791216,3779,0.24222094386458645,0.2472213607939207,-3.686119306827535,0.974930901,10.5046902,8.73867211
1ba191,0.3311299098544475,1476,0.5367012092422486,0.5510419188869315,-3.7402983563898258,0.976252983,10.0728312,10.006411
1a55e91,0.2678361594617522,1619,0.635389396476752,0.728855130661474,-3.882989243908983,0.979410813,8.97901821,9.08451843
1716491,0.345638440669216,1750,0.2826338883278038,0.28680670431171157,-3.686460302621932,0.974939448,10.502306,9.18477396
13de651,-0.11480006439532006,781,-0.149652595393853,-0.14066842144395872,-4.1672736418504535,0.984505554,7.01694775,5.62131089
1e0ef51,-0.2793996978470313,328,-0.23306607564208762,-0.23075814354426552,-4.086100478259824,0.983195364,7.54694557,5.73215015
255fbxx71,-0.024167648717457194,692,-0.04629681084096763,-0.04990133030248905,-4.042459477976714,0.982445755,7.84538126,6.14391386
103fb91,0.4190494555486282,2199,0.4582193327664724,0.450227390675993,-3.615607245398914,0.973099415,11.041954,10.4834466
102e271,0.42765734188653665,1361,0.3468661028123163,0.34269681873617325,-3.7116908263471116,0.975563829,10.3092232,8.76936751
15aab71,0.3723398920794604,1089,0.4057139747708333,0.4054326621808961,-3.6258477551629205,0.973373485,10.958086,10.2734352
1313f91,0.45710944872644693,1341,0.4340432231824264,0.4272949571752107,-3.6366462715596826,0.973659465,10.8719206,9.77502383
16e9791,0.47477404458074696,1763,0.5549996782144666,0.5554162131409532,-3.5688324232299284,0.971811253,11.3841124,10.3802326
15b6e91,0.38361485989065575,2366,0.4170088227271886,0.41010114044505314,-3.678579441832187,0.974741169,10.557909,10.1287478
1949e91,0.46919384585177565,2604,0.5644573253952752,0.5725247824775411,-3.6115650309801364,0.972990457,11.075654,10.3453839
18fdf91,0.41884172785904805,2825,0.3588525618272535,0.3625190774616856,-3.5852399505482135,0.972269987,11.2671919,10.2224274
1f9091,0.5937246284918498,2176,0.49840491083169564,0.4963320114235875,-3.744055222929392,0.97634203,10.0430756,9.38008822
1ac0c91,0.4065310891789294,2808,0.4826395413396383,0.48752257568411106,-3.6391307780352777,0.973724827,10.8524179,10.0538565
2cda4xx91,0.6072590575840148,854,0.457996932428232,0.4512581685825139,-3.5923040023765744,0.972465183,11.2181654,10.2047788
1c5fd91,0.3344319665245522,3778,0.3703008778745883,0.37805612305576825,-3.676831957514282,0.974696991,10.5703773,9.33998284
3e50bxxx91,0.820361598789547,1147,0.6750754852803815,0.6578825785461323,-3.6158583867129526,0.97310617,11.0398712,9.62354396
43d05xxx91,0.3233906616117128,1363,0.24936235327391718,0.26316664446269106,-3.5913414305247793,0.972438666,11.2248001,9.2945451
4a646xxx91,0.7311473102987367,495,0.6625671855482482,0.6631797787831026,-3.625327694665587,0.973359634,10.9622936,10.2389339
cddb91,0.5502755622148273,774,0.5098952575247233,0.5113592157931177,-3.6273110143044494,0.973412418,10.9462748,9.80156943
26af7xxx51,-0.4752027830896882,776,-0.5150787959257557,-0.5178584391973575,-4.342885463145494,0.987001034,6.02380562,3.9698991
32c29xxx51,-0.4351025591767149,455,-0.383528368303497,-0.3840837424422032,-4.241242884087809,0.985610304,6.58936167,4.46611815
2f14ax51,-0.5443866334858598,447,-0.5299237031794828,-0.5267096399648407,-4.364843592359111,0.987283356,5.92064762,3.73090098
2ea6751,-0.32060065985439923,258,-0.3539524709949354,-0.34989160267909203,-4.214364267359817,0.985218284,6.75874567,4.28903345
36ae7x51,-0.5181638914803995,328,-0.4756940772545919,-0.4733277569921251,-4.335754151490803,0.986908003,6.05859041,3.80546863
38bddxx71,-0.46829855418755084,361,-0.5134442308367633,-0.5188372094074022,-4.338603303365929,0.986945251,6.04461527,3.74506789
3b3bdxxx11,-0.5342528951849593,215,-0.5964103968210923,-0.5963133993063181,-4.53476475263657,0.989270569,5.13545799,3.37263078
3a73fxxx51,-0.5054571966782831,379,-0.5258415674925202,-0.5254135675075237,-4.313888923398887,0.986618591,6.16941881,4.05809843
243e5xx11,-0.6683434518550457,406,-0.6487595118208914,-0.6443685352724955,-4.577971740012527,0.989724283,4.97366381,2.86023184
35829xx11,-0.6606347130784671,175,-0.898399195429267,-0.9195297120106697,-4.856412845415872,0.992221664,4.04477549,2.04857709
36520x51,-0.7241211170320233,226,-0.7673500830436316,-0.770344734714063,-4.609186239546401,0.99004008,4.86693859,2.71186653
33ce6xx11,-0.24666450504158777,224,-0.42562911999538516,-0.43585944844085783,-4.258935472083538,0.985862656,6.47898579,4.63929837
3aef5xx91,0.2799564216096495,1299,0.22180370943349528,0.22237521045024167,-3.7878808099342707,0.977356463,9.71609592,8.65111483
3906fx91,0.613482880962763,762,0.6367910313620206,0.6414764653618016,-3.5330241593970806,0.970783573,11.6550636,11.2053094
38a54xx91,0.6653005760872391,700,0.436634932500897,0.42318179958751795,-3.6593123023926872,0.974249785,10.6982765,9.32018691
37eaaxxx91,0.627768441482284,1185,0.4442285955569104,0.4449662423543259,-3.61508393648333,0.973085334,11.0462971,9.69614704
35ba6xxxxxx91,0.5634503996409062,784,0.49019726015617654,0.493267466685097,-3.5572124133137595,0.971481789,11.469595,10.1261691
389bcxxx91,0.41520544850592883,435,0.2716647212768082,0.27725392051564623,-3.7417236347145653,0.976286805,10.0615091,9.05982795
379e9xxxxxx91,0.4863447085381379,1258,0.5011878227625076,0.5060659636627861,-3.5968598094598954,0.972590341,11.1869535,10.107247
36c09xx91,0.4569971834501142,1666,0.7273750947265021,0.7472087683975821,-3.5445626487211563,0.971118749,11.5652876,11.2862373
344bcxxx91,0.6953883799454738,623,0.5471923197080176,0.542376815027682,-3.618314080989342,0.973172132,11.019577,10.1922607
c64391,0.3158988289376698,1123,0.2684382315495863,0.2656537098432425,-3.8043135606655802,0.977725518,9.60235977,7.53747793
117ac51,-0.1026841257094806,949,-0.13686125691398343,-0.12727828385492868,-4.003809894317771,0.981754009,8.09596348,6.2302117
244171,0.329906680380764,563,0.3838305177265506,0.387074405603506,-3.9047419765680402,0.979853848,8.82678604,7.43624995
243f71,0.021821312153063006,852,0.03178117945989668,0.03183252771073404,-4.197297777753361,0.984963847,6.84871101,5.36796863
243e71,0.19804672992432504,482,0.23906900753325605,0.239022086414241,-3.950165416158502,0.980748483,8.49014568,7.06981365
243b71,-0.06820241613186166,837,0.12018762204128708,0.1221504557873386,-4.043557079735826,0.982465012,7.83862734,6.26736274
1f07451,-0.14283754000324705,990,-0.16023186831490893,-0.1523530675917926,-4.108549333988226,0.983568406,7.38806152,5.994437
243c71,0.01314588214090962,1418,0.12379307645172981,0.13129572945087575,-4.094392843387618,0.983334138,7.48704767,5.97240683
13bd331,-0.07374925338810641,422,-0.1423865374222014,-0.14853069121347423,-3.910740727897486,0.979974338,8.78627205,6.8069904
1ac4751,-0.14491856036505008,532,-0.16247444517278448,-0.16255042902534284,-3.9865357441041676,0.981436087,8.21657753,6.60510195
243d71,-0.42961436689948906,310,-0.3966321014224107,-0.3978652295770101,-4.409477423537684,0.987838468,5.72309589,3.79957052
37e07xxx91,0.478753132952859,1034,0.36170045295641806,0.36727021699803886,-3.7092007807113423,0.975502906,10.3306561,9.45196005
1021791,0.30951518979978204,3176,0.32828383347477574,0.32730933631293196,-3.62770469659108,0.973422883,10.9431047,9.36700616
1add6xx91,0.10698279970814019,1983,0.11503790400538229,0.11541893115385818,-3.8856067085038104,0.979464634,8.96024513,7.91857558
1ad3b91,0.4278500931189569,2829,0.4540506662908176,0.4459093081667356,-3.542154747271037,0.971049122,11.5838232,10.6809399
1cab791,0.5506741281894905,1792,0.5085170163922347,0.5098287156518593,-3.6133261441072277,0.973037982,11.0609293,9.65725884
1bf7691,0.11112060616915398,3629,0.07688035502608881,0.06975302240992544,-3.802720449829507,0.977690004,9.61318874,8.04418534
1b98491,0.4598826109105165,2783,0.4308250469954473,0.4279655692516704,-3.6617782323577845,0.974313205,10.6799498,9.60238765
18fdf71,0.20583721065064559,2283,0.1563409088546166,0.1579947492155543,-3.6907400639754346,0.975046472,10.472537,9.26895024
1689a71,0.5486557248639462,1587,0.4930788263094366,0.48738250146160417,-3.6852743204247504,0.974909709,10.5106087,9.48440434
246c9xxxx91,0.08513347691424174,1797,0.1305430814144793,0.11766313936829681,-3.7679964737022535,0.976901705,9.86000538,8.03135036
7b6151,-0.28401411169152957,279,-0.30486403850161503,-0.3028295286424251,-4.238232415473613,0.985566919,6.6087184,4.94360821
342f5x71,-0.4864141316165409,556,-0.4845654939100474,-0.4913281023870162,-4.407418209481439,0.987813399,5.73458242,3.75550696
168d051,-0.4492680330455263,261,-0.4003923730865595,-0.4021484272180758,-4.223106432835714,0.985346945,6.70863581,4.38379699
3e122xxxx51,-0.26357981915839723,748,-0.2684357863747526,-0.271171787506452,-4.143008726329876,0.984124984,7.16306496,5.36234812
a06351,-0.38536563006848057,631,-0.37317147114579213,-0.36886300343970563,-4.248273246692151,0.985711114,6.54482079,4.61370116
b9c471,-0.26111915828360055,358,-0.3480003412798707,-0.35630201776286746,-4.1744950056989305,0.984617042,6.9752655,4.43977855
132e971,0.07687405451346917,1880,0.03827671398841347,0.043407268285079306,-3.924593129444641,0.980249829,8.69502544,7.00895808
24edc91,-0.1128292395106114,1020,-0.014398701893691173,-0.0107884574276761,-4.035110271173603,0.98231627,7.89109945,5.85105368
3e05cxxx71,-0.04595819369741273,878,0.03755200429434112,0.035380399743224135,-3.8744015511771654,0.979233238,9.04151917,7.85812906
491b6xx71,-0.07096822165901732,979,0.07407875706878683,0.08526721653051603,-3.8995884361194673,0.979749756,8.86208725,7.91990309
46395xx71,0.009624845663677162,357,-0.03951397155598184,-0.05163660232664153,-3.7524227160196593,0.976539162,9.97782326,7.4533756
1aacd31,-0.4604782713695253,926,-0.4425745107560417,-0.42846298371672487,-4.203299864724177,0.985053825,6.81662416,4.72879703
23b63xxxxxxx71,0.18735576515080857,1245,0.20752688152395452,0.21196675606769938,-3.724470445883306,0.975874127,10.2014265,8.78926732
bd6a51,-0.03544134759876799,1017,-0.084417699319945,-0.08008173818950709,-4.096611148990255,0.983371067,7.47126818,5.76119995
166cf71,-0.2710802519908977,476,-0.28698106395674927,-0.29363447709251067,-4.2016796928160955,0.98502959,6.8252368,4.72007194
3361391,-0.23150447840285437,946,-0.21767932735553544,-0.2120196669374414,-4.217038029337583,0.985257754,6.74500179,4.94746868
2a4d9xx91,-0.18877964903667172,698,-0.1411659062319115,-0.1603579409477476,-4.057316616812364,0.982704633,7.75554705,5.77304605
3ba4bxx71,-0.3771207379960823,420,-0.4668381818579781,-0.47625091830703786,-4.322689240980197,0.986735835,6.12403584,3.97917909
1313f51,-0.2669287108627793,526,-0.2653193985409015,-0.26937681961383647,-4.028050601520539,0.982190987,7.93584442,5.81247359
1a77851,-0.6027566094224509,585,-0.5198564600709024,-0.5241718953520343,-4.440740148820467,0.988212789,5.55689526,3.64974242
d0eb51,-0.4522429012019234,203,-0.4137511258622845,-0.42056614698466316,-4.373028043710183,0.98738701,5.88365459,4.02425062
1694e31,-0.42567104150460633,287,-0.41445680441567845,-0.4132389764056614,-4.38931488959747,0.987590772,5.81226492,3.8953385
18d3e31,-0.5499554971356596,540,-0.5307121998118608,-0.5332408887093063,-4.414137184255189,0.987895006,5.69735765,3.68949069
17e5551,-0.25846173655113897,901,-0.28116533074820177,-0.270125275568203,-4.05002695647598,0.982578095,7.7991991,5.67911588
126c31,-0.6186598392631893,271,-0.5090266889423887,-0.5285855900905992,-4.590958058416308,0.989856864,4.67640223,2.76759925
1895f31,-0.5177840362603453,331,-0.5026074668005708,-0.5017570079384553,-4.3354985317989625,0.986904656,6.05984926,4.04667458
1d49031,-0.7697591256265993,375,-0.7221633850427591,-0.7192018178516105,-4.827373929060447,0.991992478,3.37887576,1.50803845
1ed01x31,-0.6737972989878251,577,-0.6938507374026219,-0.6898499645323118,-4.685168394651723,0.99076882,4.5787425,2.57689579
42fd0xxxxxx51,-0.015422136654700372,964,0.019861648004728064,0.01368566263716897,-3.9300663112383485,0.98035763,8.6539259,6.89397372
40ea7xxx91,-0.13493637422312715,1319,-0.07491657127705437,-0.06817306853928351,-3.9045210654788907,0.979849397,8.82828999,6.83195437
38a54xx71,-0.12452212014527432,790,-0.1544918129010545,-0.15531869642239593,-3.991986332919039,0.981536996,8.17790699,6.29004845
41e55xxxx91,0.05055044838273778,714,0.0825445929577902,0.08908178150654181,-3.8972923364412995,0.979703206,8.87796593,6.90756754
3d2a8xxxx91,-0.16267577592301086,1844,-0.1286242695006624,-0.12781446516479766,-4.043864284242843,0.982470398,7.83674002,6.06509106
162e491,0.22103526522264497,2056,0.22235218944788163,0.22511767968987806,-3.730201281863342,0.976011993,10.154253,8.38228725
1442791,0.1834037010722003,3606,0.25221920593485114,0.2544898689609794,-3.715414412782094,0.97565465,10.2774372,8.63719999
32266x91,-0.24818965356116754,2327,-0.22451577291390956,-0.22559373574425426,-4.114010372878104,0.983657895,7.35093641,5.62322646
3e122xxxx71,0.02982344946418756,1050,0.13610766298469243,0.1275279686756809,-3.828577708517219,0.978259485,9.40033531,8.47778731
40e0cxxx71,0.22192702725357077,1008,0.17201778481336785,0.16841345224013646,-3.89052040234133,0.979565291,8.92534447,7.46038231
1ad2b51,-0.0072635728725645304,1164,-0.09107023918386217,-0.08851766085352875,-3.8465771772681054,0.978647302,9.25407028,7.1715528
19b2731,-0.42840565539332137,712,-0.4678211386985373,-0.4692677238248818,-4.296519401675194,0.986384132,6.26222134,4.49029717
1ff94xxxxx11,-0.26453259953363345,881,-0.32952064996598573,-0.3387239512323619,-4.183926746361028,0.984761448,6.92200565,5.24155426
14c5171,-0.08067232134365102,1242,-0.06505332031327946,-0.07235288936711828,-3.8377883163033606,0.978458809,9.32458687,7.414684
2576dxxxxx71,0.16673209873604072,2933,0.08956951395208874,0.1044051637298846,-3.826434978420673,0.978212851,9.41823483,7.99001606
12a6b71,0.07505659255601572,2091,0.18861107353199277,0.18874544667088716,-3.758126772255408,0.976672603,9.93413162,8.29989331
124ea51,0.0495463390414526,967,0.014997299862167924,0.014635502719464602,-3.8527712314185236,0.978779153,9.20537376,7.32851997
1aaeex71,0.08603570125470389,2309,0.06927670136714532,0.07483035245852579,-3.7553222512346647,0.976607089,9.95553493,7.92082801
1cd5971,0.10476284674503711,2300,0.13305856662895266,0.13037828846237265,-3.8871517258728407,0.979496337,8.94922352,7.7659736
1f0d31,-0.715775270579269,188,-0.6356390235222266,-0.6352305899309797,-4.541041498820989,0.989337704,5.11085749,2.98799397
243e5xx31,-0.40816839591472664,572,-0.4161595846824466,-0.4117337134272503,-4.216172728398296,0.985244992,6.74943924,4.81140694
2dd631,-0.562398542260398,310,-0.4824336141425784,-0.48057966348737297,-4.383523033720686,0.987518691,5.83732033,3.58735451
166c31,-0.5667014852062798,222,-0.7079773912701217,-0.7101653748925331,-4.493687846987027,0.98882066,5.30663681,2.98442518
41f311,-0.9954325595011501,634,-1.001088059440185,-1.0025349472549752,-5.150098243674216,0.994201165,3.00520056,1.47301821
a5931,-0.4487924884373938,220,-0.4320515804560385,-0.4215623553894236,-4.412773388650755,0.987878486,5.70485401,3.79166236
e8c831,-0.35924269949712384,405,-0.3493552663261049,-0.3483167841225098,-4.31301704865995,0.986606919,6.17397356,4.18678783
3ba4bxx51,-0.6942451101517527,221,-0.7021982571237634,-0.7043130703306578,-4.615813626986617,0.99010587,4.84527874,2.6721435
32e4cxx51,-0.6110099716567482,223,-0.5561459004620827,-0.5543578566391184,-4.425960465939749,0.988037284,5.63360167,3.30707315
36ae7x71,-0.30155314808405703,603,-0.2611478031734498,-0.25618499931853805,-4.135827212427272,0.984010567,7.20819187,5.22174953
3bef7xxx31,-0.7469072164375385,280,-0.8128759859720516,-0.8094138539899991,-4.62809281342677,0.990226619,4.79534212,2.45523526
1af2fx71,0.00998231797575026,953,-0.05077371856213465,-0.05967165953122639,-3.911463462001773,0.979988806,8.78143311,7.25482706
197ba71,0.30282442149246336,1714,0.2744234036336045,0.2633180734365659,-3.740568110857411,0.976259388,10.0706854,9.04242941
12df471,-0.41474263878580775,452,-0.4515149169973258,-0.4522362957046313,-4.25739895270058,0.985840917,6.48834848,4.4860209
270e0xxx11,-0.7675689563076175,415,-0.7758917220782969,-0.7747140316402144,-4.807096057743417,0.991828445,4.17660332,2.19082363
5d9f31,-0.6594910802748032,145,-0.4665987066750358,-0.4681171434261996,-4.39890296216482,0.987709184,5.77156878,3.05218271
f12411,-0.8495386858235032,1424,-0.6706481048165426,-0.6708926998538325,-4.658351999347667,0.990517924,4.68556356,2.68951709
5d9f51,-0.3840343162384118,207,-0.24395191624776927,-0.2510483893842791,-4.134881097489722,0.983995432,7.21420431,4.67613279
25b7d51,-0.43092154360985924,220,-0.45092210640294084,-0.44983853242953664,-4.3850379641788235,0.987537585,5.83073139,3.64742543
38419x11,-0.793899047932757,210,-0.7427689511962436,-0.7553101489525575,-4.552011672204277,0.989454032,5.06878424,2.9098989
12b5351,-0.12131961315895017,1015,-0.07024751598359709,-0.06815224917193939,-4.008288781669342,0.981835548,8.06559658,6.77783262
1373531,-0.02440805601438625,1176,-0.07058150117533073,-0.07401848515466197,-3.972754329812097,0.981178479,8.31697941,6.46096098
1aacd71,0.1391304441625787,1254,0.21764225536715795,0.2253380041133858,-3.8484126805564767,0.978686459,9.23955441,7.69462527
1a2cd31,-0.10359255701051798,910,-0.0703288858394438,-0.07824697154615803,-3.9481821898467846,0.980710265,8.50588703,7.11201477
142f451,-0.01356039516019456,1482,-0.034429621904117275,-0.03384668853231854,-3.9388877528963246,0.980530142,8.58086586,6.77250143
1f07471,-0.006560423351431158,2532,0.03247159740488704,0.03557577667031951,-3.9103889911568976,0.979967293,8.78863144,7.58839006
188ed11,-0.2824384295818485,714,-0.26323038366639917,-0.26953237616284437,-4.116189269945965,0.983693464,7.33628464,5.59243188
1c54551,-0.27200278794588767,770,-0.22000623778289893,-0.21432419579400191,-4.143196019269903,0.984127957,7.16190004,5.24793302
1f74751,-0.040749814482518444,1190,-0.10253545339726673,-0.10396079622496301,-4.055451614316438,0.982672347,7.76663876,5.92776372
f27931,-0.02938852771514305,624,-0.18278361372933616,-0.18703317433340882,-4.144040438424878,0.984141354,7.15665483,5.13429965
201e411,-0.669492802020786,514,-0.6298724253297366,-0.622970497187998,-4.495299974312482,0.988838668,5.29956627,3.20963728
39984xx31,-0.7143538596489887,199,-0.6813498879629573,-0.6882662336327587,-4.54491043072736,0.989378876,5.09588718,2.98732728
201e431,-0.5562767937759557,675,-0.5328710817281721,-0.5285707392615799,-4.389132219656199,0.987588505,5.81304932,3.6990867
1b98471,0.1115437041906586,1787,0.04846804188410401,0.04639842062199847,-3.9068155875941644,0.97989558,8.81271172,7.36164093
24f9dxxxx71,-0.011555234434688597,363,-0.09894655343461188,-0.10254022610329908,-3.8721066688923043,0.979185526,9.05846119,7.12049338
1e24c71,-0.05954900525889559,346,-0.045260365973218954,-0.04953961353274598,-3.9655651951071893,0.981042681,8.3708992,6.86164034
198db91,0.7641932722630204,825,0.6479736104918477,0.6529741159189665,-3.615241446662041,0.973089573,11.0449896,10.347979
198db51,0.539527106057212,440,0.4269219104463998,0.4279754191691902,-3.6293916664839743,0.97346768,10.9295549,9.62765855
1ac5691,0.342672692439268,2239,0.3550534168260531,0.35301495146087236,-3.6204294552890213,0.973228823,11.0021944,9.90985577
1fc8551,-0.30912275565666875,880,-0.28588191424789244,-0.2888625541517072,-4.104514056689856,0.983501966,7.41586828,5.31279579
1687f91,0.30174192012491147,2439,0.3216627695840593,0.3206501240618822,-3.7142566279629086,0.975626447,10.2872868,8.8312061
948a91,0.10865314571229277,2645,0.0811394024054234,0.08195399447249489,-3.7130574811261794,0.975597202,10.2975206,8.11019311
12d2491,0.26867995967997027,949,0.22011672866918894,0.21043760188313937,-3.7812282790610916,0.977205324,9.76345634,8.17085501
146091,0.36738831526723076,1732,0.4171767038420028,0.41013321287782434,-3.755323918407789,0.976607128,9.95552158,9.3408655
194b491,0.34567353289218355,3631,0.37659284894059863,0.390117810532734,-3.6618659466410026,0.974315458,10.6793003,9.5268273
1895891,0.2649136970745721,2873,0.3063205628357195,0.3035532454047429,-3.7321636857870213,0.976059021,10.1382608,8.9059771
3881axxx91,0.1520536393875525,868,0.103982668478066,0.08916487402783879,-3.8327109800225054,0.978349159,9.36610508,7.63496399
32d491,0.3400366342246524,3537,0.6361598990380799,0.6354853681159386,-3.738051295112704,0.976199562,10.0907679,9.66522099
2f9491,0.3128670112720308,1014,0.2942024626079945,0.3024439206685903,-3.9432339386868556,0.980614578,8.54555416,7.30741237
8d8991,0.18170940958246992,1980,0.13059255825206326,0.12707633320105946,-3.7063529503429717,0.975433043,10.3553429,8.27458602
875a91,0.033846545507087454,1058,-0.0017251697387659362,0.013264541478615827,-3.7656558387001358,0.976847577,9.87741852,7.75677608
7f3f91,0.167582941992939,1176,0.13146647581413845,0.13797170069843698,-3.8188179033824627,0.978046263,9.48273945,7.8077375
bd1d91,0.20533398727263832,890,0.1945482022228642,0.19048175809120244,-3.699551761129185,0.975265389,10.4121656,8.99715893
3ce7axxxxxxxxxxx31,-0.0299925440791489,1215,-0.08738756399310467,-0.08315585563391693,-3.935354223886188,0.980461223,8.60990524,7.55882733
1a7f991,0.20624265404969924,3985,0.4181915322474754,0.435387887784591,-3.6389259668672618,0.973719445,10.8540211,9.59476178
1df6871,0.09254068295792853,999,0.04653304403813233,0.058377040222240044,-3.8693106547574576,0.979127247,9.07924175,7.80417046
4e5f4x91,0.3650268939076536,473,0.48005501066433715,0.48855721487933707,-3.6471605563316873,0.973934966,10.790185,9.85901935
47dd6x91,0.0713678971728008,366,0.01904497866811238,0.019669867315123626,-3.8937855729988575,0.979631905,8.90239716,7.2373311
1306971,-0.08958288388237902,2152,0.00991672577700127,0.01637225036992094,-3.9422882111138646,0.980596236,8.55319977,7.08501258
17dd071,-0.09056198807070139,832,-0.042026987741245185,-0.04576185223977078,-3.8226951843014096,0.978131219,9.44973278,7.28217609
26ecd91,0.047406745975374115,885,0.08979124566524546,0.09563120341571206,-3.8925994205477017,0.979607731,8.91071129,7.49429732
36b8fxx71,0.04796028652957987,1313,0.031738919028641316,0.04134871720586569,-3.8202942312075217,0.97807865,9.47012901,7.82211421
1821851,-0.012937263954028118,1049,-0.019750759218473215,-0.02718196957391699,-4.000547981877172,0.981694395,8.11830902,6.66406837
18f4e51,0.08478163802359714,1459,0.035462300087629094,0.03773401316172946,-3.9201564927415364,0.98016201,8.72390556,7.21295812
1791451,-0.006781604130746448,1702,-0.002771896404497129,0.002203170670130835,-3.8610343074253644,0.97895378,9.1416626,7.34407865
1695f71,0.2217403164781635,1012,0.2505853320088047,0.2411859720168319,-3.854697041736569,0.978819981,9.19039822,8.09540558
1d3f5x71,0.05335701114926436,1714,0.014299521924543335,-0.0014874352302373362,-3.9743062050496394,0.981207665,8.30548096,7.20640153
1acf571,-0.020342210092573147,2112,0.07924054324874068,0.08237636087428464,-3.8422183901610105,0.978554027,9.28883171,7.66785137
1a77891,-0.1462813007157554,1855,-0.13010503826301872,-0.12660750518526748,-4.1031443470073095,0.983479353,7.42537928,6.0609395
2f9b2xxxx91,0.2853316310106393,1697,0.1497925267026518,0.14304406415505322,-3.8415615128932132,0.978539935,9.29410553,8.08625559
1687f71,0.16879158560378896,1542,0.08656001334902524,0.08847970559520174,-3.896817251110956,0.979693561,8.88126278,7.15946256
1ac0c71,0.15645029887162357,2664,0.19700122619882338,0.19951372679835735,-3.786354607783851,0.977321878,9.72689247,8.53233983
1a57d71,0.179247398156571,863,0.2337163682778274,0.2198429431805744,-3.7537684579967423,0.976570713,9.96745777,8.64822036
29d14x91,0.3593188298144264,566,0.30027846330165975,0.28964902807879456,-3.7638869630372653,0.976806587,9.89064598,8.65976011
27be6xxx71,0.1884227238495166,2763,0.1310089413265787,0.12664465097106828,-3.894435869737761,0.979645146,8.89785004,8.01379277
26fc491,0.0778830034714724,1626,0.1068984005507547,0.10055664960073864,-3.861706245194902,0.978967917,9.13654327,7.73014655
3116exxxx91,0.2845425278068543,1440,0.32410806737145065,0.3072283368597324,-3.708276078240559,0.975480243,10.3386507,9.16650743
1a53d91,-0.019908908691758664,2329,0.017722432741083663,0.026174559148567287,-3.954538203442058,0.980832482,8.45575333,6.85659203
d77f71,0.24327925848664333,865,0.3025680567654447,0.30748295608684223,-3.8469072134434543,0.978654348,9.25145435,8.27386651
fdd311,-0.6420977120445993,421,-0.626481036966001,-0.6304483747378536,-4.563028454703628,0.989569577,4.86008506,2.61411373
144bc11,-0.7376123632472552,225,-0.7580093526649585,-0.7634001185610396,-4.651358637548808,0.99045138,4.71473646,2.53767894
1b7d611,-0.6640756903347327,237,-0.6695291720461135,-0.6703469267513645,-4.581180747395884,0.989757205,4.96231985,2.72628667
513051,-0.4232186500358272,303,-0.3126370275502826,-0.305857812888478,-4.237436852053201,0.985555432,6.61386204,4.69676003
7b3031,-0.5912844802618011,255,-0.47871113083031597,-0.4727403908998128,-4.355282897809571,0.987161193,5.96484804,3.94526672
7b3011,-0.7224040649983813,174,-0.650859513003123,-0.6474389898709063,-4.62685705535393,0.990214534,4.8099227,2.74128635
3be9fxxxxx91,0.27066782652480764,1186,0.4491177893736831,0.45426137732907595,-3.64842742242149,0.973967966,10.7804766,9.421213
1d0ed71,0.027772511630035676,864,0.035525279560752604,0.04131776748691014,-3.841148039525896,0.97853106,9.29743099,7.59599187
2d93e71,-0.167991699547798,814,-0.1497169135491145,-0.15157617702821422,-4.054114128239284,0.982649156,7.77462435,6.48029562
188ba71,0.005290119378448767,1403,-0.024117775101460702,-0.026660197941702102,-3.9303412140191294,0.980363029,8.65162086,6.90236664
3ca391,0.5150665285377364,617,0.3676441945226849,0.3645449355009513,-3.7867547209428825,0.97733095,9.7240591,8.80209585
11e3d91,0.1182559160610205,1806,0.05904126492908265,0.04845552897119167,-3.8694217627091536,0.979129566,9.07841301,7.48308094
10e0891,0.2976459564143569,910,0.258326663295302,0.25806317690967473,-3.556982306140056,0.971475226,11.4713106,9.46368702
127ec51,0.11321818800752916,1889,0.14902635144498225,0.14941263522452536,-3.8576062242084355,0.978881508,9.16792393,7.948045
12fae51,0.17177395934095901,1515,0.2657331804300177,0.267513555062128,-3.6800518919435588,0.974778334,10.5474415,9.10393583
1743471,0.25385866724749173,1748,0.22480631191427786,0.22166245119105715,-3.8294473852107584,0.978278384,9.39309978,8.05582369
78ca51,-0.3593122715878535,1279,-0.27012971897725074,-0.27170436444282736,-4.050094115566131,0.982579265,7.79879284,5.87704292
3aeb1xx51,-0.07582437003117688,486,-0.17485482561485363,-0.180882970407254,-4.038239502965353,0.98237152,7.87152672,6.81138846
20402x71,-0.193171722377125,692,-0.2980831823422942,-0.3044619689826253,-4.0531313162506795,0.982632095,7.78051043,5.50782072
3d124x91,-0.27109447268238673,1145,-0.2350930547268271,-0.25080533999815674,-4.088180101611828,0.983230275,7.53178692,5.56637045
4dd71,-0.08195456854154912,849,-0.24844968729828212,-0.24550456241813787,-4.2580626339330125,0.985850311,6.48429918,5.05255714
2f9b2xxxx71,-0.11779107242344297,854,-0.12917359600230038,-0.132107649320592,-4.110133575254785,0.983594417,7.37723207,5.60702163
3a111xxxxxxxxxxxxxxxxx51,0.05679055891741114,573,0.015891629737035243,0.02637028727507884,-3.8463112977431133,0.978641624,9.25617886,7.33560885
3da61xxxx71,0.05761103080613318,879,0.013895298462525608,0.01587386979983346,-3.8676114610573595,0.97909175,9.09194565,7.29593658
3c252x91,-0.14109499251629345,734,-0.14833064023485032,-0.14846936717728762,-4.049054344296697,0.982561142,7.80508471,5.86601257
3ba4bxx91,0.13752860401452788,1031,-0.00475213265556919,-0.0031270736374666235,-3.893006814743168,0.979616037,8.90785313,7.19468865
3af82xxxx91,0.1695847178520043,909,0.08332833946275094,0.08144644811706063,-3.8491172227328443,0.97870147,9.23400211,7.86624908
35ba6xxxxxx31,0.07376178548496716,926,-0.0085087113114243,-0.01761961153442189,-3.849080084709143,0.978700679,9.23429394,7.5660729
3cafbxx91,-0.22622625952697786,783,-0.1896488078601728,-0.18150012238241683,-3.9677164399333478,0.981083419,8.35464954,6.10822766
3af82xxxx71,-0.05747364475493563,444,-0.10094199443977843,-0.11458713790480089,-4.054517648230297,0.982656156,7.77221203,6.20457048
30b3991,0.07669001619942754,1044,0.07550993744864799,0.07714536225450302,-3.8909105011014637,0.979573261,8.92259312,6.98744671
35ac0x51,-0.25794089432893413,413,-0.334234129574749,-0.33746023378318935,-4.1090443567430865,0.983576538,7.38467264,5.17104868
3547axx91,-0.13864206864802991,911,-0.29607436698226786,-0.2864976731505839,-4.280323406747117,0.986161814,6.35283375,4.4768351
2951cx71,-0.1230890634370886,791,-0.04867804396315807,-0.04321214470500939,-3.9557847334003493,0.98085636,8.44602776,6.73739624
12cf311,-0.3144774441811631,364,-0.46967748134366893,-0.47399059249785275,-4.2305172686180965,0.985455135,6.65911818,4.16488824
1877431,-0.31364558220801514,384,-0.4422978491098453,-0.4467082998351874,-4.223376788434829,0.985350906,6.70680952,4.1539245
281c5xx51,-0.42153798806213444,212,-0.4051292172688986,-0.40472244894880527,-4.237153394656041,0.985551337,6.61569834,4.47511057
b47a71,-0.06358359719262155,312,-0.09094540136922533,-0.08968542488969375,-4.0586137586483,0.982727053,7.74786377,6.33862305
25922xxx71,-0.10428215926312487,535,-0.06173596274361063,-0.04182671258173561,-3.9019035304648106,0.979796583,8.84617138,6.95833294
b47a51,-0.3156768501740848,218,-0.41819205100643614,-0.41702277442797436,-4.242831252763795,0.985633142,6.57921839,4.32613109
15cb391,-0.005581166159316239,1036,0.005370684736865582,0.002988252826212869,-3.9727090103784883,0.981177626,8.3173151,6.71917196
1eda9x91,0.04243190693198632,943,0.08806678557674064,0.08683518539384703,-3.8122502070257926,0.977901603,9.53947258,7.48664504
166871,-0.02819554048818787,313,-0.025782672145301878,-0.03709299568833869,-4.204740735548533,0.985075345,6.80899429,5.47171607
166851,-0.4491616927276556,266,-0.404058375408229,-0.41476623945839197,-4.446911156996296,0.988285304,5.52580738,3.46073327
1410791,0.2592311838814888,1747,0.36008579724785145,0.36008786619409694,-3.7669507962061086,0.976877539,9.8677721,8.09878305
33bd7xxxx91,0.3730078051360581,1285,0.4602022607132188,0.4584834725007363,-3.7410401140279173,0.976270591,10.0669346,8.94627967
19bfe91,0.43667280345176107,1777,0.4656405672372375,0.4689034401105831,-3.5864110285198305,0.972302442,11.2590094,9.91652269
3574c91,0.16615373010188048,985,0.11345297834267817,0.10697215528695699,-3.8851585578577192,0.979455429,8.96345043,7.18704634
f2f191,0.53947748586588,1172,0.32714175078375246,0.32565491878788433,-3.6426842348560413,0.973818029,10.824728,9.02691005
f12491,0.4068004053928414,3500,0.4909427127013423,0.4862345044699442,-3.6233263103800013,0.973306263,10.9785385,9.63001603
b72491,0.40666750523542955,2432,0.3922650963148791,0.39329976253586385,-3.7220543870823186,0.975815767,10.221529,9.38986617
11e3d71,-0.30103005307289793,699,-0.24317036145671972,-0.24390366655357681,-4.177462553737368,0.984662624,6.95836496,5.12661684
17a7031,-0.27594711723725135,407,-0.3018202312878099,-0.305653127315381,-4.11435530837351,0.983663531,7.34861183,5.32333139
e8c851,-0.06825716553881084,837,-0.091913494818321,-0.08984795476092744,-4.1083185856799345,0.983564614,7.38964272,5.57136418
128ea31,-0.4368997571476467,389,-0.3480263816532881,-0.35072616241857796,-4.318780398176537,0.986683886,6.14406157,4.18802907
280091,0.5009924204665849,1265,0.5315639683607767,0.5250156072206958,-3.731086365522359,0.976033215,10.1470299,9.19792821
36ae7x91,0.06717601718201602,1109,0.159395515813368,0.15819886582443218,-3.84416236800968,0.978595677,9.27327728,8.57847478
40127xxx31,-0.050130242120396164,753,-0.0009661693576618739,-0.002199647613468494,-3.9296888822025506,0.980350215,8.65709496,7.57433319
1667f91,0.2685459529800481,1000,0.28413746259620076,0.28527279480753814,-3.6448574778010308,0.973874867,10.80791,9.55314167
168de91,0.18800444113560777,1570,0.19827182747976532,0.20749598141139208,-3.774839602020341,0.97705923,9.80967522,8.3249318
167a591,0.45203741036720546,789,0.4237587970628966,0.4238755806944595,-3.6210870949536247,0.973246423,10.996809,9.8377216
1df6891,0.147272210047826,1887,0.34867388047392894,0.3606440971315087,-3.6568603411147027,0.974186569,10.7166052,9.89831308
29c8b91,0.368835659414243,1545,0.4467467526110216,0.4528874525279287,-3.6735055209836527,0.974612682,10.5942545,9.70685343
27be6xxx91,0.334962182331289,3219,0.3640773130773243,0.3561266625552883,-3.6862828681629396,0.974935001,10.5035467,9.49415412
2d93e91,0.2829025983016197,1568,0.294381057029536,0.30397412462624823,-3.672615354538882,0.974590073,10.6006765,9.82978175
45274xx91,0.37512557185398804,1994,0.5643336933907039,0.5619801933443945,-3.6844788310745087,0.974889742,10.5161896,9.36192615
42e3axxx91,0.17246586716000828,2166,0.24812903435849118,0.2516422459950918,-3.7868099960704313,0.977332203,9.72366714,8.88068155
18d2591,0.2499682790890384,609,0.10239509031418655,0.10497685125093895,-3.8082005219356434,0.97781193,9.5749836,7.89503479
45f7fxx91,0.2495924816967824,930,0.21418631903213703,0.20911445036095466,-3.820876162112426,0.978091403,9.46517277,8.18485436
12f3331,-0.24188372712264686,1049,-0.2527108851122448,-0.24664126223685598,-4.117343829331529,0.98371228,7.32855654,5.24173678
3fa68xxxx71,-0.2277581449722799,843,-0.18974480853968342,-0.18973694790801365,-3.9222145128620456,0.980202795,8.71046925,6.58244089
41b58xxx51,-0.16708007247006307,594,-0.1695869625009504,-0.17651074794384505,-4.084575455709864,0.983169717,7.55812073,5.8893145
11c7471,0.08503352262289203,1117,0.12182675682316844,0.12387790004053097,-3.8445309128800758,0.978603564,9.2703371,7.37498298
192c951,0.09317905070125804,840,0.11356174176397094,0.11319101438254428,-3.798263743189837,0.977590353,9.64370537,7.93303035
1a8d451,-0.18058278971290093,685,-0.21732538325480547,-0.2161452365752528,-4.0594834151054275,0.982742068,7.7427268,5.64793924
16e9771,0.2267188157680739,1312,0.22034727754640826,0.22038532325365173,-3.7496104915923163,0.976473092,9.9995985,8.49609668
e7ca71,0.10839701832464496,687,0.031874010537010604,0.025935120860928727,-3.841271947124527,0.97853372,9.2964344,7.3079969
b33671,0.06844665938017884,745,0.24990354813809787,0.2543457976931516,-3.7605043577892383,0.976728,9.91610622,9.07220987
18d3e51,-0.12341557228123642,1044,-0.18612007363029123,-0.18515808976768794,-4.056537347587324,0.98269115,7.76017523,6.28715926
2522f71,0.012374752455337321,541,-0.02971774628372121,-0.05016129495499064,-4.048600403850267,0.982553224,7.80783653,6.13550098
1f0d71,0.17858878073785636,450,0.3121402351338106,0.3044656340957001,-3.8953891679573567,0.979664541,8.8911972,8.08213806
1f0d91,0.41509659545451943,649,0.5736228638784279,0.5587069184180331,-3.7780984588487683,0.977133869,9.78600788,9.3813459
ba0991,0.5383700749359742,1643,0.535606865963671,0.5344926489631627,-3.6339201676942228,0.97358756,10.8934584,9.77941601
10f8791,0.5858145649673672,1155,0.5569401394082066,0.5531506197436666,-3.503739439572816,0.969915327,11.8690119,10.7119528
12b6291,0.5349476991976827,2631,0.4968541396405493,0.5022143229552004,-3.5316745289603935,0.970744115,11.6657248,10.1771041
12dc391,0.431740142224751,1245,0.415760548256133,0.4131469262132836,-3.6382251618447596,0.973701021,10.8595133,9.57103671
1331e91,0.5681714372809156,702,0.4176157778538417,0.42677502343018603,-3.711821706478938,0.975567027,10.3081007,9.20916455
1925991,0.47822012182560975,1816,0.5179008208228607,0.5144925487991914,-3.6364147920454606,0.973653367,10.873744,10.0728513
18a9291,0.44255620198122586,1232,0.4888080102988173,0.49645255615564315,-3.530600382122561,0.970712673,11.6742334,11.0553671
1694591,0.44254259549718145,714,0.46081780512686177,0.46131211280730505,-3.5418322529289012,0.971039784,11.5863132,10.1390111
1b1ba91,0.3760583464531241,3118,0.463598328608478,0.47673083320643395,-3.6119562285076197,0.973001021,11.0723772,10.1457813
1a93891,0.39776793025963,2301,0.4572210443507838,0.45628502983755587,-3.6429937323281356,0.973826131,10.8223267,9.64322545
1860591,0.1902389642571284,2340,0.2426199263529031,0.2340292606369837,-3.653422623178964,0.974097677,10.742486,9.80515641
1ea8cxxxxx91,0.34737608510143725,2244,0.27552592056584796,0.2787259443872054,-3.69347230512552,0.975114558,10.4536858,9.6418862
1d0cbx91,0.2593722675206407,1578,0.27773383519794337,0.2850900964995154,-3.6544320767615295,0.974123811,10.7348642,9.49644353
1671191,0.4821484903643828,1237,0.3916957969813755,0.3934220875334284,-3.6300737089806625,0.97348577,10.9240923,9.91325261
732e91,0.5771538724604464,711,0.6060284279537071,0.5980504148498798,-3.5830922774888485,0.972210368,11.2822504,10.22102
65ee91,0.5548863586627667,806,0.4944680179796667,0.47852996844312445,-3.628737998415218,0.973450331,10.9347982,9.86751028
2ceacxxxxx31,-0.11920698346097965,805,-0.11932183398378877,-0.1250299342998742,-3.965791043680345,0.981046962,8.36918831,7.07490011
124ea31,-0.13847359470195622,399,-0.24835641625912108,-0.2462287086212883,-4.067641445221589,0.982882286,7.68566084,5.3912377
27d891,0.30112490350286564,1319,0.27758131991482904,0.26387312047162675,-3.8639647280701572,0.979015364,9.11940384,8.15570949
224f3xx91,-0.08893136551799753,522,-0.04219920042925204,-0.05176158242076397,-3.963784672643024,0.981008897,8.3844223,6.46424338
9eff71,-0.2523272293157676,1000,-0.11247579696723177,-0.10073178008245183,-3.9526677239960457,0.980796596,8.47041225,6.089126
3a73fxxx71,-0.10623290731646604,478,-0.12151465063927529,-0.1204274860137933,-3.976151157445311,0.981242304,8.29187584,6.27081416
3df2axx91,0.23562214928731812,1092,0.24892589815729493,0.24778263497350733,-3.712489060367436,0.975583327,10.3023825,8.91199317
3da61xxxx91,0.21786414458295097,1585,0.14384769879939763,0.13878990634440896,-3.6401700551106844,0.97375212,10.8442945,9.03614572
20db5xxxx51,0.12807116178094963,2025,0.15174055183617954,0.1561403312274086,-3.6751921145838606,0.974655464,10.5821247,8.86528485
3abf8xx91,-0.10629925524321346,1720,-0.12245054361285643,-0.10881091419633755,-4.0426375134427035,0.98244888,7.84428453,7.62443895
1306991,0.27125861935197465,1968,0.2738182801796115,0.27273394850708665,-3.725279614369008,0.975893641,10.1947231,8.97585649
1c26891,0.12845581062443215,1423,0.08433306006715532,0.07362416102072103,-3.6098701417479124,0.97294464,11.0898857,8.82319113
1fd0791,0.3609644303297526,1603,0.3711587881891067,0.3722639000143962,-3.674878683911399,0.974647519,10.5843754,9.45397832
3aa01xx91,0.23469075584895133,1879,0.36515362276511376,0.3754810861749266,-3.608620412919106,0.972910807,11.100419,9.53036734
1d3f171,0.1008217291254648,2267,0.03527202808312516,0.04124750651458793,-3.930172261296461,0.980359711,8.65303802,7.16461064
e72b71,0.23786316164783486,1141,0.22835824617153017,0.22410766250006894,-3.7625957921970605,0.976776621,9.90033817,8.2216791
12d9671,0.19956331980202602,1010,0.169583899104261,0.17409663125317468,-3.848243788113773,0.978682859,9.24088764,7.8413309
15b6e71,0.178854899957353,1502,0.1635942976474793,0.1579643801435883,-3.716864158697501,0.975689919,10.2651463,9.30146966
32c29xxx91,0.21506752850605199,1329,0.23963356459822624,0.2293400263025103,-3.739952604313942,0.976244771,10.0755844,8.47244321
2c220xx71,0.16247210809346363,772,0.13823030932217595,0.13728240288707988,-3.7405798629402724,0.976259667,10.0705919,8.47182582
13b1771,0.092703401077666,1410,0.04692032136037653,0.051392249404811095,-3.7942459697897624,0.977500135,9.67150021,7.63371981
2c5b9xxx91,-0.20626464425364524,1614,-0.10004587013437,-0.10081275205950227,-4.047509049997855,0.982534173,7.814466,5.90710977
34bd4x91,-0.08660552949639208,678,-0.07227083011040142,-0.07848279332370854,-3.9852532167727768,0.981412263,8.22576141,6.90663382
12ab371,-0.04266436080158505,1169,-0.060557270708364905,-0.06586515517149107,-3.837588997144267,0.978454515,9.32620621,7.24982922
273bf91,-0.1720267835173008,819,-0.0943921945660998,-0.08993913784879085,-4.087136026259644,0.983212757,7.53938532,5.96748645
1edfc71,-0.11646309596625531,1045,-0.17155034127892538,-0.17997383350878243,-4.013819214115119,0.981935728,8.02859974,6.65758749
1b67791,0.08108095198498824,2159,0.09814478835495254,0.1031975348370651,-3.8952743996569215,0.979662207,8.89199734,7.12806173
1956671,0.3164207593363177,1108,0.26308611301798507,0.2652869969467817,-3.6541082020706153,0.974115429,10.7373075,9.27960264
221e671,-0.013464149798536546,942,0.0672180668703462,0.06718116392885018,-3.7694108678514975,0.976934352,9.84953213,8.16578792
2de12x91,0.5216755369015541,1685,0.5885613686058517,0.5958381777270595,-3.6383078680952297,0.973703196,10.8588648,9.70347947
28ce9xx91,0.13836793596337144,193,-0.009403257215279898,-0.004441506995620091,-3.818432758406053,0.978037806,9.4860363,8.37916976
2cdeaxx91,0.5292717853710919,1114,0.48252769149173913,0.4856755070974386,-3.600472721086496,0.972689191,11.162425,10.1635202
287171,0.2734735089793796,820,0.10531280812554869,0.09895695366424895,-4.029348876850022,0.982214093,7.92755413,6.76260728
27ab391,0.27220540194665527,1189,0.28136060896096265,0.2796072854885054,-3.781402501582561,0.977209295,9.76220608,8.60276266
1040571,-0.03504890223563203,844,-0.04867924288607252,-0.04899144946632111,-3.9062943455783343,0.979885098,8.81624222,6.69974929
12ad951,0.15347961204878374,1452,0.15491422142526073,0.15892343775184473,-3.8264339686516142,0.978212829,9.41824341,8.01175162
b36651,-0.019050085032300643,446,0.0059663745043632,0.008334600326417555,-3.934901739092007,0.98045238,8.61364555,6.78361687
48b7axxxxx91,-0.2204726345363116,1119,-0.09134371551609967,-0.09076644172951182,-3.9859680293201962,0.981425545,8.22063923,6.45846088
405c3xx91,0.5513381103095119,1107,0.5274055863223724,0.5272416084321913,-3.575492020532646,0.971998355,11.336133,10.2872455
a06391,0.18583819185041145,1840,0.3329419803892417,0.3376442991393885,-3.718862898503196,0.97573846,10.2482786,9.06860997
b31191,-0.1435137153626477,592,-0.09528288310817783,-0.0933421547708409,-4.007596404871723,0.981822967,8.07026768,5.93480095
74651,-0.3811826808619454,376,-0.4236291359271919,-0.4287851916313157,-4.441101877398241,0.988217052,5.55505753,3.58775887
1abd331,-0.561382772295192,306,-0.4390732951107857,-0.448625079170717,-4.378076765687159,0.987450529,5.86121225,3.81086291
23a2c31,-0.478113502651247,305,-0.4517294334919736,-0.45746358619663263,-4.345351312126569,0.987033048,6.0119276,4.12422503
2d1e551,-0.1097565418547241,351,-0.07632794836775322,-0.07411650448829293,-3.8908388329052084,0.979571797,8.92309856,7.51074923
224f3xx71,-0.327699976115542,276,-0.28981704816005005,-0.30057207137368036,-4.167179677110143,0.984504098,7.01749516,4.93587024
2b824x91,-0.20767830898741124,1204,-0.1118870523277678,-0.11436929241741509,-4.081527927304438,0.983118348,7.58060169,5.77722227
b2c051,-0.3519017999156144,737,-0.36384010117738547,-0.35260586357155366,-4.356749529517942,0.987180009,5.82559738,4.27067742
1044e71,-0.20210338999035402,1218,-0.12250245643013054,-0.12272953107292679,-4.10347532101622,0.98348482,7.42307711,5.64288741
108f531,-0.5871872729849407,246,-0.5731743960661879,-0.575397690019697,-4.475036885344035,0.988610198,5.39069128,3.33650882
204c71,0.25403322879576073,1019,0.14539745370098883,0.14429546182343897,-3.942248580413238,0.980595467,8.55352116,7.21481793
46ba91,0.22937466498807374,552,0.23897268561966184,0.2351594193373926,-3.870803905764576,0.979158392,9.06812477,7.64683181
2b431,-0.5397233450216867,266,-0.709075938611294,-0.7094861397847037,-4.638690879165099,0.990329651,4.36633383,2.43020263
2c67351,-0.21482321295159812,686,-0.17462108322671888,-0.17483323071851137,-4.109669450770408,0.983586801,7.3803997,5.42586341
ba0971,0.3068816765759684,1325,0.2883737285393773,0.2844840321315063,-3.8145545654347193,0.977952467,9.51944733,8.36221431
128ea71,0.15638387002962462,1125,0.17634157698819142,0.180783124448398,-3.85739444174001,0.978877035,9.16955376,7.88277846
1232e71,0.14052533935177208,2077,0.17901541285412192,0.18019105694323065,-3.7403582393880703,0.976254405,10.0723553,8.35712668
1694f91,0.3037991196927064,2404,0.38224860880013095,0.38297838796821104,-3.7396550719927815,0.976237702,10.0779552,8.8957273
132d651,0.39033376801956576,748,0.3172737837104716,0.3186611045087822,-3.687637186048527,0.974968924,10.4940901,8.8529534
16bb171,0.11168341134212631,1670,0.15767263374742738,0.15889530771077306,-3.7414845137526087,0.976281134,10.063405,8.69908259
35469xxx91,0.22226251819536086,1389,0.21665638573460533,0.21608909509083005,-3.8288001750937526,0.978264321,9.39848328,8.06975027
87aa91,0.26586022958862227,1011,0.2602625614399306,0.2647648914522518,-3.700865966177769,0.975297874,10.403266,8.90385554
3ad60xxxxxx31,-0.2792149448512521,816,-0.26043431491498753,-0.2554768302859718,-4.07985697594142,0.983090116,7.59301567,5.76712095
c32d71,0.412309806319218,2578,0.4078896891492484,0.40150977790307524,-3.6880450023656572,0.97497913,10.4912481,9.81493026
f12471,0.1800934499121893,2479,0.20791143740137424,0.2082219320818796,-3.844597328015217,0.978604985,9.26980877,8.04026031
1671171,0.03928753308986609,1236,0.07808241803509196,0.0718782658915353,-3.890057082489314,0.979555821,8.92861748,7.58809192
2cfef71,-0.029182865064897905,371,-0.05012238479502555,-0.0637744054211851,-4.0017377240644265,0.981716161,8.11013603,6.6879965
23a2c51,-0.1894255720766104,504,-0.2426042174407883,-0.2506089250502835,-4.133341722765132,0.983970776,7.22401953,5.69210463
126bd51,-0.02236341201249391,1377,0.009784926340186652,0.013464612518094617,-3.9542057691249655,0.980826109,8.45835304,6.93116115
d79031,0.2226074273424843,877,0.23940910390590966,0.23530034547659137,-3.8721606712346004,0.97918665,9.0580616,8.12423471
11b6251,-0.3317673148815874,514,-0.2864251309051338,-0.3116181282941515,-4.249064594099479,0.985722417,6.53986454,4.32037177
1a2cd11,-0.31650804078992656,591,-0.30683369497883284,-0.3136284659961532,-4.151327824343186,0.984256502,7.1118865,5.18767019
2c5b9xxx11,-0.7529821152479097,326,-0.7279931132997763,-0.7365242756168252,-4.731909156573196,0.991190364,4.40982866,2.3662909
3e542xxxxxx51,-0.5313023688858229,269,-0.5331327302164584,-0.5328337004002169,-4.341453912819478,0.986982412,6.03073645,3.68637437
420b7xxxxx91,0.002788976869450934,2103,0.11227889340473085,0.11866167952306496,-3.712280617983312,0.975578237,10.3041677,8.82049854
f59b91,0.12054031781043772,1288,0.08131383087908578,0.08141900738782758,-3.8978853644981406,0.979715239,8.87385654,7.22246904
28b5a91,0.06369917476168206,1988,0.27774473066211286,0.2866099888190661,-3.751523749097849,0.976518062,9.98476696,8.14730072
9e6871,0.0387552277758992,1358,0.016166844192633766,0.0074046134840733595,-3.7816233177264182,0.977214327,9.76062202,7.94557836
1ae1251,0.034569941036044875,1523,0.09885856822711565,0.08621517294677504,-3.761901431558053,0.97676049,9.90556431,8.78472842
1a6a071,0.017322928559692922,1415,0.010976819584214183,0.004851393585084834,-3.818293528822574,0.978034748,9.4872303,7.92686521
f98851,0.18343506845437713,720,0.3402818132439429,0.34891517067735095,-3.5952593198141396,0.972546437,11.1978827,10.2658621
1cd7791,0.12659733928302905,1203,0.202670412211274,0.21317683573032625,-3.8233593650111506,0.978145739,9.44411564,8.73618551
1a80e71,0.14784911967895406,1651,0.2707153017629129,0.27608474649015685,-3.6398382738326363,0.97374341,10.8468847,9.73108967
26af7xxx91,0.3573583826375322,2387,0.2962357716413082,0.29046986963191873,-3.6799776727967446,0.974776462,10.5479679,9.37041591
2b57191,0.2570187673052208,1384,0.3433393538976026,0.3439869309960148,-3.7252542271991094,0.975893029,10.1949329,9.12780057
1fb19xxxxx91,0.28685100484965853,2820,0.24545886613795131,0.2447592756311198,-3.701280429344582,0.97530811,10.3997869,8.8145077
28437xxxx51,-0.2163937410928644,985,-0.24665299475508626,-0.23963670257459796,-4.043496117765607,0.982463943,7.83900213,6.47070841
28328x71,0.3850264367452553,450,0.346999519839903,0.3330489952413184,-3.647063572862766,0.973932438,10.7909288,9.70872967
ce4251,0.3615540793693112,689,0.41150397124452937,0.40969445282933753,-3.7481669752480395,0.976439106,10.0108366,9.92704069
19b6f91,0.24170229118650394,2664,0.3094130930724742,0.31313189208203795,-3.7138718996497144,0.975617068,10.2905664,8.89400717
1685831,-0.469477130217388,266,-0.5304508577458109,-0.5309321720121439,-4.421863864234351,0.987988177,5.6554451,3.50764847
3180bxx71,-0.335099033329251,260,-0.28914120617238687,-0.2851469440822773,-4.138268613148129,0.984049556,7.19275141,4.98702357
397bdxx71,-0.26796547478625055,226,-0.20303034031040115,-0.21332355187148527,-4.116392153966308,0.983696772,7.3349247,5.25820629
2847d51,-0.49551617842890816,199,-0.49140293841121113,-0.4861635750196515,-4.401367346269549,0.987739436,5.76126242,3.93016522
37d44x71,-0.2767478405340262,977,-0.16653079291755157,-0.16375979091551857,-4.015841211057776,0.981972217,8.01520729,5.99919011
31cb1x71,-0.2560527767145484,558,-0.23359461757695552,-0.23048145037599704,-4.103637366892993,0.983487496,7.42195129,5.47375723
3da61xxxx51,-0.26639226240266595,756,-0.32331793317445084,-0.32415080600734986,-3.9921096682343613,0.981539273,8.17703819,5.93274571
3c252x71,-0.3783359871717743,282,-0.44462842076695736,-0.4428681589641226,-4.281364475025255,0.986176213,6.34688616,4.09491466
3bc7bxxxx71,-0.4339736546104337,577,-0.44706765613369925,-0.4520786567050476,-4.248691281263787,0.985717086,6.54220057,4.39495321
fb8a31,-0.279751583217474,615,-0.21236268630047792,-0.21404614253457613,-4.124030481142625,0.983820827,7.28429413,5.37700418
33698xx51,-0.4220769460017462,349,-0.3398997424905533,-0.3356211748072041,-4.178734505446298,0.98468212,6.95116234,4.98900076
32eb5xxxx71,-0.28643275730657336,689,-0.3306249120682104,-0.32456099542340927,-4.158777936887753,0.984373357,7.06702375,4.94150074
30ff0x71,-0.13247942795082301,640,-0.08308791698487587,-0.07715115953834473,-3.900317977333258,0.979764524,8.85706234,6.19055176
2a4d9xx71,-0.369718400271737,275,-0.373344587188133,-0.3778999727234444,-4.219809218626716,0.985298551,6.7308526,4.72545272
8eb671,-0.23222803980660636,1498,-0.039125064054766956,-0.03013337975814689,-3.7562526665285016,0.976628844,9.94841671,7.25574728
35f5871,-0.3017233665089985,339,-0.38643238560822496,-0.3917160145659998,-4.2598149488699715,0.985875084,6.47364521,4.46421256
d0eb91,0.4561368371133244,615,0.4148516970325684,0.420612802544448,-3.6614924843221974,0.974305864,10.6820679,9.36321787
39ba2xxx91,-0.13515212531799076,1272,-0.08131030901946003,-0.07953881544071616,-3.956468954379517,0.980869454,8.44070435,6.5544997
3c27771,0.36429917840559095,983,0.4154298697929421,0.41773536028797625,-3.7161042279202627,0.975671438,10.2715836,8.85278672
1fa2151,-0.20871140919987288,1664,-0.1600738526110093,-0.1577424683702582,-4.088207949802695,0.983230742,7.53158474,5.90153973
1542191,0.345633319151444,1211,0.252371847943854,0.2496137274838643,-3.8143021880921104,0.977946902,9.5216341,8.74989143
ff8391,0.406131644525386,1279,0.3994989132929833,0.39591230135019073,-3.521308183214631,0.970439261,11.7487507,9.92905015
e34891,0.46903359650220955,684,0.4856736920846666,0.48340313870151463,-3.5676822356405817,0.971778812,11.3924732,10.1558521
1fa2171,0.14513487874355246,2281,0.1990718411168889,0.19630541202660223,-3.821154767365124,0.978097506,9.46280384,7.99876169
12ac831,-0.4362130072737232,277,-0.3326733097319631,-0.3253427143671486,-4.201618774496458,0.985028678,6.82556152,4.52946208
132d611,-0.35907381919378256,245,-0.39455190383818933,-0.38968232354931587,-4.294140893385487,0.986351708,6.27527523,4.20337648
12bdc91,0.5613674772949312,2038,0.503417880658259,0.47397739472327377,-3.6955241613659524,0.975165567,10.4396067,9.13165225
873f91,0.2522588526761188,1742,0.163767324371039,0.1666613052679724,-3.738176636795535,0.976202545,10.0897646,7.77015803
fb8a91,0.28972039102523733,1673,0.28318828856962003,0.27592178224505237,-3.7214452500328297,0.975801031,10.2266169,8.70978135
f60d91,-0.13980224915963632,884,-0.2796441649196679,-0.28137071749146964,-4.066248713069919,0.982858429,7.6964407,6.0626432
f27951,0.29110439718054976,983,0.2334370445863181,0.23091713947243778,-3.775801627809572,0.977081289,9.80266857,7.7714298
e97091,0.30147385036213437,1793,0.24790465355426688,0.2443105971761445,-3.802604006566001,0.977687406,9.6139822,7.93859863
1a58771,-0.2349066094927709,784,-0.33782791145757274,-0.3404366003934137,-4.3047571226012895,0.986495835,5.49917649,3.47171373
1badc51,-0.23188747367074852,349,-0.341974806674974,-0.3364921612410962,-4.065650988551795,0.98284818,7.70108032,5.32732215
a40511,-0.6636582595679187,168,-0.7074740802766982,-0.7027400048855454,-4.586918172036349,0.989815804,4.9422555,2.84972411
f53211,-0.6640751943495682,471,-0.7724994595004703,-0.7775104003368728,-4.6607231715708375,0.990540381,4.67579889,2.76526906
33ce6xx31,-0.14731814463667933,368,-0.1980105794835281,-0.20815039361774507,-4.0425582623817125,0.982447489,7.84477282,5.99154252
33ce6xx51,0.0998339830967995,680,0.01741326947909916,0.009696334322611452,-3.900377033778806,0.979765719,8.85665512,7.55282769
11bde51,0.0027902448123907353,328,-0.10001329072607336,-0.10470496889134324,-4.007057408262435,0.981813167,8.07390976,6.05696693
132d631,-0.07761146434219257,563,-0.08517648996123654,-0.08720403954480278,-4.054712491380305,0.982659535,7.77104807,6.02950874
138ba11,-0.3248854705433424,899,-0.37746856072484436,-0.37674506755699066,-4.197275365356824,0.98496351,6.84883213,4.9087275
130c051,-0.13561494901531318,545,-0.16240907817176303,-0.16619472039826547,-4.046161267875199,0.982510617,7.82267857,5.9602978
1791411,-0.2956663820769647,492,-0.3868366734670121,-0.3865445077137343,-4.144996777933975,0.984156513,7.15072918,5.04259843
8eb691,0.25474423214393294,1301,0.28625062386231326,0.294988001547541,-3.5959211286613186,0.9725646,11.1933594,9.1548726
144bc91,0.33468625546665937,1596,0.32947561065746284,0.3344353904786117,-3.6364740803159767,0.973654929,10.8732767,9.30242744
1ed01x91,-0.04433705836109173,2642,0.027242763746285828,0.02699253732992021,-3.9636563576288024,0.98100646,8.38539886,6.94243681
12ab331,-0.6097811891864393,910,-0.4945692382707253,-0.4964707860745232,-4.3295290657161285,0.98682625,6.08949137,3.85179079
16abf11,-0.5851032528658111,785,-0.7953237444027897,-0.7958033783849656,-4.8097977216497485,0.991850492,4.16898489,2.03416707
1685811,-0.7257805156196557,967,-0.581769462767814,-0.5717261586612951,-4.569481472238331,0.989636668,5.00410795,3.01860985
1989b11,-0.9208816637470648,636,-0.7761283332066609,-0.7760777183980071,-4.744069560481905,0.991296844,4.36911535,2.31912628
d77111,-0.6867728153370326,366,-0.7781772974510998,-0.773166379716713,-4.747675783745826,0.991328173,4.35727882,2.33388651
24eff91,-0.25559894348823053,974,-0.3003009170015285,-0.30551131265223513,-3.9147382884748976,0.980054232,8.75961399,6.28589161
41873x51,-0.17568920119972842,633,-0.1446662116331053,-0.14330988803302533,-4.050098880014803,0.982579348,7.79876423,6.00738349
1b341xxxxxxxxxxxxxxx31,-0.0889314382417355,789,0.02117953120272063,0.028134729081696973,-3.8392732731218326,0.978490773,9.31255341,7.70342842
27d871,0.21574952773518985,693,0.1334964933091804,0.1190298209768177,-3.936350534669554,0.98048068,8.60168743,7.62501467
190cc51,-0.32209652572638053,309,-0.27273108237146876,-0.269848719720873,-4.147940674481652,0.984203086,7.13258457,4.92694972
19be191,0.05537948094409227,2402,0.07355626600379163,0.0779719838785514,-3.796468094643852,0.977550077,9.65609455,7.75430826
3ccc5x91,-0.02944248063992859,1365,-0.011249676066125598,-0.009871819735149152,-3.902661313135201,0.979811887,8.84098244,6.85612018
182bc91,0.15488373288231058,2162,0.17439232728577234,0.17040779974549736,-3.876558569026632,0.979277984,9.02568817,7.55575209
132e951,-0.06319345860729046,1342,-0.1631213551369407,-0.17115648273101955,-4.091699104533016,0.983289184,7.50634623,5.83567399
2193cxx71,-0.015820637822586428,1024,0.0074789608206101265,0.0002674554549786422,-3.8566371644454143,0.978861033,9.17539024,7.43140822
1b9b671,0.1917940895421729,387,0.31257413727000444,0.3125245669720443,-3.7104920528205736,0.975534518,10.3195238,9.08264923
29d32xxxxx71,0.2806629401371422,1195,0.32215171471573595,0.32159160454206875,-3.637358963537393,0.973678231,10.8663139,9.61025297
4b8f4xx91,0.08633298714790943,566,0.179037035805958,0.18105586825913508,-3.7850637558515468,0.977292585,9.73605633,8.909729
1a74011,-0.47337542734730914,187,-0.38100415319100195,-0.3814447528378182,-4.242291753534437,0.985625389,6.58265877,4.49784734
1887071,-0.4153514567827606,391,-0.41097473110498184,-0.40988170003812574,-4.216221255472818,0.985245708,6.74919033,4.43065585
a5951,-0.3803811744103078,292,-0.4135367656864129,-0.4014967934934232,-4.3548656563721115,0.987155835,5.96680164,4.26740324
1df6851,-0.258841482408322,680,-0.22201985977093303,-0.21836403475049346,-3.88203880824297,0.979391235,8.98586655,6.68999892
1fb9c51,-0.0340120426968826,2290,0.10028331078737374,0.10311244093952654,-3.8785907438518423,0.979320052,9.01085567,7.20286443
bc7f31,-0.003843832944107302,919,0.0336598901079976,0.030442091269308687,-3.909461089937916,0.979948696,8.79486275,7.16159116
d75171,-0.0771299334744139,634,-0.09336813725001876,-0.0876341998190052,-3.9456716752880263,0.980661777,8.52594185,6.41437061
1442771,0.33477544586330493,990,0.24322131631976662,0.24918752097509697,-3.773730315789412,0.977033768,9.81777573,8.33426842
1b49e71,0.4377488224808875,1216,0.23331172981023565,0.23336200220124056,-3.8438278186737493,0.978588515,9.27594852,7.67781595
1ac4771,0.10062504788885868,1188,0.05451469667201229,0.060755948342753184,-3.8474578752695985,0.978666099,9.24709606,7.60948533
1e0ef71,-0.07097538000185591,635,-0.02569026787777204,-0.027215592116898894,-3.8860029815551544,0.97947277,8.95741463,7.13091337
3f72dxxxx71,-0.23732143936917802,566,-0.15631783958662177,-0.16486519038904435,-4.029669462911754,0.982219794,7.92551136,6.55494631
49cacxxx71,0.11415756925569755,889,0.10865932407841464,0.1046815478066836,-3.6943711056670936,0.975136915,10.4475107,8.81350943
3ce7axxxxxxxxxxx51,0.2721719725356786,1665,0.310550874227932,0.3170884367932805,-3.73314972042894,0.976082616,10.1302557,9.23845614
41d18xxxx91,0.5251975122333686,1211,0.5289227713563661,0.5204796906292266,-3.573829429732889,0.971951761,11.3480425,10.1444327
3c433xxx91,0.5631087561950627,955,0.5818744742639316,0.5870506116643696,-3.6159799461447237,0.973109439,11.0388641,9.77830329
383f1xxx91,0.336956104160092,2440,0.3951909437901239,0.40200588478742705,-3.6772879360920223,0.974708526,10.5671196,9.06264026
456d0xxxx91,0.18794544027868365,653,0.2216387229482962,0.21879029068676206,-3.794792922622015,0.977512438,9.66769981,7.77249498
44b4dxxxxxxxxxxx71,0.47976141111059234,787,0.4421586571109629,0.4532551843731755,-3.7067758841590344,0.975443431,10.3516655,9.47338104
41d0cxxxxx71,0.46588951744884893,570,0.41577974556121516,0.4051710966672464,-3.721501163068854,0.975802384,10.2261496,9.44079238
4aafexxxxxx51,-0.1774676086315916,682,-0.021281955483587967,-0.025796950713386713,-3.973938888688922,0.981200761,8.30819798,6.87523358
1013a11,-0.1347649821504899,902,-0.20677935034662,-0.21065288129965637,-3.9440838040538626,0.980631046,8.53870106,6.46329674
34387xxx91,0.16145876653019048,2215,0.03311475300088413,0.032259706821131294,-3.854786658513945,0.978821879,9.18970394,7.69938777
2f15ax71,0.1407339348086424,493,-0.02370921153443241,-0.01652027227693972,-4.035572893710861,0.982324449,7.88819599,6.43922366
45234xxx31,-0.3161195375087211,752,-0.24235198079339698,-0.24331226501350267,-4.060501842276969,0.982759635,7.73672438,6.03029867
a2de91,0.19796035334767545,1157,0.22237060130698397,0.22067157078818805,-3.7922495519681942,0.977455171,9.68541336,7.87587562
ff8371,0.23923696445918627,1083,0.10946749636748397,0.10436474662110615,-3.794929007103473,0.977515498,9.66675568,7.77761254
1fc8571,0.20778193006506973,1484,0.28119286252625636,0.2813876831163211,-3.7591642025718532,0.976696791,9.92625332,8.98148229
23596xxx31,0.09780068406020365,1238,-0.003707850635643071,-0.012390820897741451,-3.9646836552728666,0.981025962,8.37758541,6.71984805
255fbxx91,0.23647553019685166,1199,0.21986425096079962,0.21045223367854282,-3.8676228441886367,0.979091988,9.09186077,7.72952564
31cb1x31,-0.6432623149376158,131,-0.6376406087867309,-0.6372866109720785,-4.448229430615462,0.988300737,5.51923609,3.50898625
31cb1x11,-0.690515501970742,129,-0.7723542876244017,-0.7719404737352923,-4.564149939121132,0.989581268,5.02355194,2.87755907
1ac63x91,-0.005489325383424219,522,0.0010008791605712855,-0.011417054994328222,-3.9887971980215524,0.981478021,8.20046329,6.35215642
2450491,-0.0592173227129217,815,-0.014142166299445489,-0.006595393978791543,-3.9669921527559193,0.981069713,8.36010933,6.72110514
2c22ex91,-0.1634474356193049,1736,-0.06966524145380203,-0.07500996848057795,-3.958164592676093,0.980901865,8.42755508,6.68292412
4c05fxx51,-0.31082163395167917,488,-0.1610918838698967,-0.14925013840349866,-4.0066082280774244,0.981804996,8.07694817,6.2070917
33b46xx91,-0.4026513252720437,1189,-0.3490415641631539,-0.35232932447686716,-4.1390943228263035,0.984062721,7.18755245,5.21552746
4c05fxx71,0.1384689741598377,635,0.2482907868683179,0.26723862994863284,-3.72493864215859,0.97588542,10.197546,9.36017257
1689431,-0.3820513700543006,181,-0.7016666072933128,-0.7023103321758913,-4.493934314088161,0.988823415,5.30555344,3.06642767
349aexxxx71,-0.11548512124851319,432,-0.15736850386916051,-0.16420818145024144,-4.081140481055392,0.983111806,7.58347511,5.55789243
35829xx31,-0.607422120096008,210,-0.7486429483939707,-0.7663714338603635,-4.519064418939387,0.989100784,5.19874334,3.06160648
123b991,0.3712201974034795,1777,0.3550113534850947,0.36140735442166455,-3.7363777690799895,0.976159698,10.1041927,8.68786093
1699171,0.21558519995079742,1070,0.32155675533682554,0.3322432457620801,-3.63692568988462,0.973666824,10.8697214,9.32475516
1770791,0.20432038582234693,1891,0.23438704056007795,0.23505482005202513,-3.7475606031975417,0.976424815,10.0155697,8.08451609
1f94c71,0.09138367123021518,819,0.16331909262632313,0.16486875055406072,-3.7756529394020424,0.977077881,9.80375099,7.92572432
1313f71,-0.026702633583038742,917,-0.01249680076461134,-0.012282925291346128,-3.8880615869242976,0.979514984,8.94275379,7.27280602
158ce51,0.07281639647200576,829,0.09258934419552213,0.09610731101598306,-3.883407026145296,0.979419413,8.97601318,7.49483842
1542171,0.026719645385979963,788,-0.009025390887219336,-0.007563358897576757,-3.9854019280184834,0.981415027,8.22469425,6.86191324
2c2acx71,-0.22836934999389355,720,-0.16431795474448482,-0.16978924282894423,-4.0361186550226495,0.982334093,7.88477516,5.94985845
47a42xxxx51,-0.8192456935034387,259,-0.680307063744071,-0.6755653831250051,-4.718606557093005,0.99107239,4.455832,2.57577074
138da91,0.30761855430131,1733,0.2766781582066912,0.28262420585273484,-3.692784950646847,0.975097447,10.458416,9.14615748
233d291,0.022505214163331847,963,0.03550905666106462,0.03872051687899376,-3.803047486774397,0.977697299,9.61096287,7.287779
21bb71,0.3656074255704192,991,0.27246078967797255,0.2898160606006084,-3.9386489507023414,0.980525492,8.58281803,7.84215898
122b791,0.42802408185012497,650,0.41514224086815604,0.4147913885910217,-3.691185070004709,0.975057574,10.4694576,9.067097
12d2291,0.5230160299591646,1176,0.4672070197022263,0.4683380600104818,-3.5993611421134277,0.972658816,11.1699514,10.0797201
1944891,0.28114333787021056,2739,0.33088752395181903,0.3297309345346083,-3.7175523816583627,0.975706644,10.2593279,8.83325195
16aba91,0.3043690464102346,1743,0.25536198882671096,0.2471781831291591,-3.692001241826557,0.975077923,10.4638205,8.84852952
23893x91,0.3914088269492097,1127,0.3938762473664162,0.40478670683410717,-3.689313268197659,0.975010843,10.4824286,9.14366913
1cce691,0.5171086785253344,2849,0.5150303238105212,0.5008103728716526,-3.578239021780407,0.97207517,11.3165512,10.221905
1ad2b71,0.29309182224067243,1685,0.2742089219821615,0.27838700334362343,-3.7219623478780184,0.975813541,10.2222967,9.56768505
1e9d8xxx91,0.479889467806473,1108,0.4032035287386721,0.39599172832155244,-3.675060576143768,0.97465213,10.5830688,10.0163938
1dc9491,0.34290626368337124,3462,0.4023760924118131,0.3972080681955675,-3.609329212297193,0.972930001,11.0944414,9.87437322
1601091,0.5550932607128246,824,0.5293007234165511,0.53962045243245,-3.573092507095389,0.971931084,11.3533373,10.5599917
1fc8c71,0.2956044461557552,1361,0.2861232282382685,0.2864871201442971,-3.731400808395096,0.97604075,10.1444674,9.24730213
2ee3dx91,0.10894374983462367,444,-0.11658247079499609,-0.1210079565129307,-3.9054732022964704,0.979868574,8.82181454,6.81467614
281c5xx71,0.039102902646481794,287,-0.11700445975220519,-0.12224163876717965,-3.825279643518015,0.978187665,9.42793083,6.89244256
33219xx91,-0.03950553742861767,1111,-0.124623509834668,-0.12152503178498253,-3.878854850955795,0.979325513,9.00893307,7.22389984
12f3351,-0.02890186138179631,1657,-0.0023174938170067963,-0.0014011391975254366,-3.9175512078199444,0.980110259,8.74101543,7.09241192
10cf691,0.24081187175651297,1045,0.1682445382319958,0.16630944801099865,-3.8794804067109023,0.979338442,9.00438595,7.33302718
12cab71,0.019778146478885886,982,0.0009114929322388905,0.0033702384768397745,-3.9452884146577563,0.980654364,8.52901554,6.90295821
a49b51,-0.21961164751510853,748,-0.1748616205045006,-0.17349359675776202,-4.085822795835875,0.983190697,7.5489769,5.95782119
13a071,0.31983245433388785,356,0.3004643002382736,0.29518463918776733,-4.015338835104023,0.981963158,8.01852798,7.32404445
194271,0.43905038773863386,505,0.17883036369014046,0.1567978458331354,-4.026985472630262,0.982172008,7.94266701,7.41263052
85811,-0.8620174688266004,319,-0.7319922946131275,-0.6903341701265999,-4.957066992002293,0.992966473,3.00913602,1.36613024
11b6291,0.43378286009701894,1000,0.22630924274868583,0.22752326570590697,-3.7465918331289685,0.976401965,10.0231466,8.14660527
18f5d91,0.2608512519564281,2356,0.3631033258639573,0.37037700833220616,-3.639186725949385,0.973726297,10.8519793,9.51285318
43239xx71,0.09024443289284488,414,0.05103718352730775,0.04211330633722417,-3.725582692367984,0.975900946,10.1922159,8.39867988
1cab711,-0.6834326832934552,395,-0.6793087284151361,-0.6787161105480953,-4.589546769637202,0.989842539,4.93315506,2.79232876
1ac4731,-0.3740103911741857,352,-0.413247245605647,-0.4090171194705492,-4.186662634847029,0.984803082,6.90680075,4.77988962
bc331,-0.624848794964307,317,-0.5859895060394449,-0.5680089841419532,-4.662404143857894,0.990556269,4.66891623,2.79017023
3aeb1xx31,-0.4982758968109761,426,-0.5493800439250197,-0.5495831238854063,-4.3568003888812825,0.987180661,5.95776033,4.14276152
3fa68xxxx91,0.5972327072339279,769,0.6438248322946811,0.6280775569317196,-3.5031438650990907,0.969897404,11.8728571,11.3379963
3ff31xxxxx51,-0.02312829237738236,1039,-0.007109419387412625,-0.0030977529760484604,-3.8669011326487097,0.979076893,9.09727287,7.12336966
4561cxxxxxx11,-1.0432880725823255,215,-1.0356213099401232,-1.0322325015987641,-5.280631291294175,0.994910783,2.65634583,1.11619495
c61b91,0.39239306752650127,1712,0.3750015324967052,0.3754584800648601,-3.6859877989813983,0.974927604,10.5056105,9.01486969
fb8a51,-0.04773310461797535,1172,0.034160018673136665,0.03354219523476855,-3.9169832873107304,0.98009896,8.74476051,7.2063135
38bddxx91,-0.21901134278748324,949,-0.2612639360264604,-0.26424863133559184,-4.114270165079462,0.98366214,7.34918499,5.21708679
18a9251,-0.25939731132788585,482,-0.21399445054610564,-0.2102015408410027,-4.0517661079807725,0.982608368,7.78871107,6.00635529
1a7a371,-0.04107663837898027,807,-0.07905062894640727,-0.07891283339632522,-3.922069250380926,0.980199919,8.71141529,6.84207505
1820a71,0.08202173730797598,1358,0.0967693015077177,0.09335823392217613,-3.796207103310894,0.977544217,9.6578989,8.45735345
5c8191,0.3212286649648116,1071,0.35455189843566076,0.34162794160729143,-3.676674873911915,0.974693016,10.5715008,9.18623645
1ed471,0.4338199069760812,608,0.5984673946463974,0.5865753216740505,-3.724117484686706,0.97586561,10.2043562,10.0302547
1d3f5x11,-0.6746535303471608,454,-0.6715825550139743,-0.6773155045530055,-4.6529484023494625,0.990466548,4.70805502,2.70388794
4561cxxxxxx31,-0.9394073732688886,208,-0.9035431339460613,-0.9081281201995847,-4.938071545785528,0.992831591,3.80005166,1.90581556
1887191,-0.1069459544106461,793,-0.0046532956686791875,-0.001547320646149146,-4.0106568073504985,0.981878511,8.04968834,6.46977175
1a93871,0.06247041312736828,2161,0.09897017152323155,0.09735398294078743,-3.821903958085362,0.978113909,9.45643997,8.16328137
1de9891,0.30223803484874345,2907,0.31961142599175335,0.32728101906710905,-3.7080095124353454,0.975473706,10.3409595,8.80477201
2289d91,0.0075695703192564575,1144,0.06651437685362158,0.07903787150009883,-3.875044322979191,0.979246582,9.03679276,7.61670215
31d13xxxxxxx51,-0.01940472037129804,1996,-0.043248025990827325,-0.05653818487769893,-3.832998908670299,0.978355392,9.3637352,7.6626763
13b2b51,0.3149797785147381,1828,0.35441401261116046,0.3593245673751504,-3.5859859550406203,0.972290666,11.2619772,11.0137388
1821871,0.20144105918555455,1381,0.23091085307407963,0.23091122882620202,-3.785773070893164,0.977308686,9.73101711,8.54728933
13b2b31,0.07703655065473361,1370,0.09848323823570765,0.09794083103075756,-3.773627039051814,0.977031396,9.81853104,8.24344342
133d691,0.2873722728677846,949,0.3057892413435537,0.3051918043715074,-3.7776792803350028,0.977124282,9.78904152,7.74779276
3e2fbxxx71,0.13870601943041194,505,0.016472274097056216,0.018586208008546413,-3.964137426321496,0.981015595,8.38173676,6.72907022
41873x91,0.37621964390870344,1022,0.3792145279620268,0.38580617715034776,-3.811856771725691,0.977892907,9.54290485,8.1541525
343cex91,0.10565305762499502,767,0.11783564260905019,0.12384339047334149,-3.788324832077122,0.977366515,9.7129631,7.80819409
30c0a91,0.3359318314306167,945,0.09885075214243588,0.09528948619958325,-3.8385540731311916,0.978475298,9.31837559,7.51554636
3c3dfx91,0.09652875379416909,1464,0.12652534766734452,0.13378510979599992,-3.7683309266014455,0.976909429,9.85752583,8.29408382
36962x91,0.2792814576790961,663,0.25106097784835935,0.25118694966689276,-3.880028579494572,0.979349765,9.00040722,7.33973224
222cfx91,-0.18292869969681586,1156,-0.12020774071811902,-0.1236187325378529,-3.856197409951675,0.978851735,9.17878532,6.64115084
2750991,-0.372708769218371,275,-0.424568410586546,-0.4332610562075893,-4.132410794844561,0.983955847,7.2299757,5.00814878
3b35bxxxxxx71,0.22057117846843607,819,0.1903083093739176,0.17738926376576514,-3.6714444116498592,0.974560302,10.6091433,8.39321254
1ff94xxxxx51,0.275527144181981,1688,0.25547498302124416,0.25613709781309196,-3.827145971195079,0.978228336,9.4122839,8.5417768
41873x71,-0.014659761229942876,651,0.07335928358274006,0.07637834404241002,-3.7910580596435266,0.977428293,9.69374847,8.92293607
4003fxx91,-0.11859815237371131,1281,0.1829038030523081,0.2520200213328961,-4.125655802686935,0.983847102,7.27365923,6.11076355
1047351,-0.16935820230074153,657,-0.2711299010231516,-0.2758130569346428,-4.1813963109357495,0.984722839,6.93616533,5.04037182
138f271,0.07414155267142937,1229,-0.00017808927565933906,0.006269946968112327,-3.8134591699613067,0.977928303,9.52895069,7.17795211
1a80e51,-0.2027271243736895,886,-0.21786951300157287,-0.22825021493635958,-3.903691459347864,0.979832673,8.83394432,6.42810528
192c931,-0.26338208732622576,522,-0.2087801288285648,-0.21117215949534865,-3.9622118047318575,0.980979003,8.39642429,5.99846238
1685871,-0.06686296556161353,554,-0.19045954971842713,-0.18712753614121183,-4.017495471796661,0.982002015,8.00430393,6.11069136
25922xxx51,-0.2500075813681551,415,-0.22549962641304905,-0.21316472317817725,-4.065904463165592,0.982852527,7.69911242,5.77930803
2c67371,0.058434920593923106,766,-0.012394863379323365,-0.003990006715614973,-3.7929055272030947,0.977469955,9.68083382,7.65975365
2c5b9xxx71,-0.264697392230392,651,-0.2937139301200993,-0.29292507983097194,-4.196360410853254,0.984949746,6.8537674,4.84042358
158ce31,-0.11515549168486336,479,-0.17659955987699216,-0.1678484265436755,-4.027693767256443,0.982184631,7.93812847,5.87027154
1a46a71,-0.3529997215448567,1146,-0.47310727250109785,-0.4740475947158398,-4.196147214588347,0.984946537,6.85491943,4.42931806
1a8d471,0.09223089092472686,1068,0.021657845580252705,0.029799314353983555,-3.8535596822417397,0.978795878,9.19923401,7.37648773
2b85fxx71,0.15385084238664049,1189,0.1797096476204917,0.19185612448193406,-3.918599382470149,0.980131096,8.73411846,7.90299518
1944871,0.0891431210231128,1631,0.047705208649487164,0.038584350226846434,-3.8689733340235573,0.979120205,9.08175945,7.49701749
1c4a871,0.1496510334154889,1245,0.20766769958249384,0.2073869515468611,-3.81315815097239,0.977921658,9.53156757,9.15359262
12fae31,-0.04867711104237944,807,-0.1471233058938201,-0.14737075065941138,-4.0958581671443035,0.983358541,7.47661257,5.90355976
8c0a71,0.07246292997414516,518,0.13429258200746638,0.13445966053102285,-3.9398644566614585,0.980549149,8.57289124,7.28174591
285e8x91,0.20868525339425725,1198,0.14288009375809932,0.1604469111917487,-3.784309617115959,0.977275454,9.74142361,7.79818139
32e4cxx91,-0.02919295790684414,763,-0.07714560878060867,-0.07960494067272944,-3.975298164943188,0.981226297,8.29815674,6.24713252
32bbdxx91,0.06716342354065387,728,-0.1041980932071173,-0.10866488243838285,-3.9796917004524275,0.981308599,8.26596069,6.3531588
8c0a91,0.246931372539925,1214,0.3517541788210146,0.36577238867748424,-3.577217621520091,0.972046633,11.3238173,10.0971703
39984xx91,-0.1836145405014728,1672,-0.16496222820795417,-0.16607719562650453,-4.046308110594044,0.982513185,7.82178211,5.90213247
1b67751,-0.19982636885937957,459,-0.31667565120299607,-0.31982426029125344,-4.256557162172977,0.985828993,6.49349546,4.73044674
801631,-0.6746857425966061,323,-0.6209395911471136,-0.6232384680234325,-4.477983855764274,0.988643714,5.37712765,3.23426408
5a031,-1.0009318630430613,318,-0.9169913789124952,-0.918180746103081,-5.077561463398455,0.993764905,3.3337691,1.49242108
447b5xxxxx71,0.2536108448645709,901,0.5265312704476315,0.5471436846248069,-3.651854765843818,0.974057034,10.7543612,10.4935631
12e5291,0.36714502171955105,1143,0.3308177768985868,0.3296606531956495,-3.6256091868704527,0.973367132,10.9600163,9.51357915
1381491,0.12777978740090468,1266,0.20292265065868365,0.20816374830789955,-3.742023090908578,0.976293905,10.0591354,8.82060066
12f3371,0.1449800207447426,2372,0.17717393937621437,0.18019793726583583,-3.7279805136260014,0.975958662,10.1724491,8.72244967
158ce71,0.3194959525254287,733,0.303031120556426,0.28854950600689755,-3.732186450361661,0.976059566,10.1380758,9.02840834
26d75x91,0.12200741877794284,1558,0.22475638636356235,0.21939561865704615,-3.804805365293984,0.97773647,9.59902573,9.04134428
243e91,0.6076586338516976,500,0.5385189216496302,0.5470408958762148,-3.8072304710411453,0.977790396,9.58264065,8.45464325
2bf42x91,0.3852883287832412,782,0.2951375899787259,0.3047313679979739,-3.7413313562704342,0.976277501,10.064621,9.27281776
2f15ax51,0.09704668560064407,388,-0.07585381665984865,-0.06852431472644169,-4.0767046837467324,0.983036727,7.61660099,6.15443303
1fb3a51,-0.0881408028688079,858,-0.07921745312445774,-0.07149710488244974,-3.937211026963267,0.980497469,8.59460831,6.77133003
1b6fc71,-0.004451161528863368,1046,-0.17765605028036804,-0.17528569037873526,-4.1451836229472745,0.984159473,7.14957333,5.77010639
133d671,0.14359710108518786,354,0.06308101230461749,0.07063233831665489,-3.8766847230112025,0.979280598,9.02476501,6.72597973
36520x71,-0.500167426419926,487,-0.40746741812749177,-0.40384708083881476,-4.233600629573605,0.985499913,6.63883734,4.42812964
40095xx71,-0.04926526113658145,512,-0.11458466227468452,-0.11867978516137716,-3.8435887699492373,0.978583396,9.27785873,7.08502608
3e96dxxxxx31,-0.6716882881204739,355,-0.475494744171712,-0.44133812216513735,-4.602419173495317,0.989972452,3.95498712,2.1025442
1696091,0.309140637967871,687,0.30552015725788806,0.3078873190888298,-3.7666624601706933,0.976870871,9.86991692,9.49947122
2937c91,0.20973852980972985,1078,0.20397244282537697,0.21069644499439522,-3.8148367229691313,0.977958687,9.51700401,8.02522923
2d42791,0.17940671266494088,764,0.060860014186215124,0.015835410124458243,-3.7567141108763007,0.976639626,9.94489288,8.02391991
530991,0.6102952868842748,514,0.5893186090267155,0.6025029257051048,-3.6071018092377667,0.972869638,11.1132631,10.5325552
1df7a91,0.18516301575817215,1835,0.20197579694443826,0.2064671981419369,-3.791960702609109,0.977448658,9.68743229,8.07710853
f0be71,0.35326679721981813,729,0.27578737761508015,0.27349941571367425,-3.7493506527003184,0.976466978,10.0016184,8.57274686
2185bxxxx91,0.26344978870071123,4233,0.27978115994253555,0.2907281713425082,-3.714407663718276,0.975630128,10.2860003,8.94210639
26d75x71,-0.20556559245389222,876,-0.07559720923326677,-0.0814328707394867,-3.943214542856653,0.980614202,8.54571056,7.36525081
12cab91,0.32068637688670454,1452,0.2855747895561694,0.29066116230995254,-3.7219271635201485,0.97581269,10.2225914,9.09945151
108c671,0.11277961308372733,1184,0.29678550093763234,0.2964056449738012,-3.632245126472059,0.973543281,10.9067631,9.10416999
2934191,-0.029895842384124852,2210,0.10252728014051142,0.10149982339004242,-3.88740932278193,0.979501618,8.94739056,7.82351509
3d06axxxxxxxxxxxx71,0.3727145445606285,1139,0.4803442709731445,0.4854554492163833,-3.5759124056182134,0.972010124,11.333128,10.099046
3cbc3xxxxx71,0.2095070831391163,2300,0.3037500240833869,0.2988635264733717,-3.7301257886536843,0.976010182,10.1548691,8.94645339
40d3axxxxx71,0.4838156625482277,1547,0.5953115583016255,0.589296758755057,-3.5418863631052786,0.971041351,11.5858946,11.0592006
243f91,0.39223471868713616,1604,0.41777664873344345,0.42082453079933546,-3.813774329055025,0.977935258,9.52621269,8.97817582
4aafexxxxxx71,0.17187335474065274,1046,0.3803661984769701,0.37261225806675097,-3.7163517454341313,0.975677459,10.2694855,9.19944235
d4b891,0.34199820549233456,1773,0.33069600124959314,0.33658855528974124,-3.5505173432197683,0.971290217,11.5198927,9.7309541
48374xxxx91,0.1428463691171778,1310,0.12548242589093908,0.11008556524627454,-3.815655566537411,0.977976728,9.50992489,7.89888587
1abd391,0.30639957859590033,1456,0.3879098531414701,0.39033947480896175,-3.551102018701213,0.971306998,11.5154686,10.0761965
3aa79xxxxxxxxx51,0.3212366666495029,1623,0.47980755066328157,0.4917079603973021,-3.6308997576189337,0.973507663,10.9174891,10.2720607
392e6xxx91,0.6265374180893317,896,0.4505923753991238,0.44173336128888313,-3.6277426246746978,0.973423891,10.9427996,10.4378099
3aa79xxxxxxxxx31,0.10076717354620573,1208,0.14202652830602516,0.156610489704067,-3.75980371811064,0.976711689,9.92140675,8.48170941
16d2f11,-0.41545006675776336,285,-0.42215280147590645,-0.4186053883552898,-4.330679969710566,0.986841403,6.08374023,4.22185076
1b98431,-0.3279482930221237,562,-0.41306346947130107,-0.4172577902616306,-4.156883739380533,0.984343729,7.07834435,4.83569453
3c8931,-0.5091687752370374,495,-0.6575175344733603,-0.6645045529179477,-4.439228550636505,0.988194958,5.25544879,3.1154926
1735b91,0.06224845948739973,909,-0.015857881953350937,-0.013555828102016401,-3.940364096880506,0.980558865,8.56882095,6.93523935
1716431,-0.4752457647707263,198,-0.5856438651399143,-0.5844692920112938,-4.458890746107844,0.988424804,5.46697187,3.41163753
195a571,-0.33110527723720035,849,-0.2309288935422861,-0.2275718071439197,-4.137402116244422,0.984035729,7.1982193,5.23354281
1694e51,-0.15812275520998925,499,-0.2495581251494712,-0.24599743892252224,-4.109950849282648,0.983591419,7.378479,5.42143367
1b9b631,-0.3881815258917092,194,-0.435591706157165,-0.43503908424384125,-4.245131894449328,0.985666157,6.56460953,4.29048949
1a8d431,-0.29561644971874285,296,-0.3762069955269176,-0.3803943487371011,-4.214686000300772,0.985223039,6.75708723,4.41658871
1716411,-0.6179379319958851,233,-0.6842768620057998,-0.6834886629912461,-4.679008886706314,0.990711785,4.60259533,2.57710149
1266671,-0.06311772022130686,1410,0.014054332680287046,0.017904654392919328,-3.908859065967556,0.979936621,8.79891491,7.55171673
16b3391,0.7189587425648232,833,0.54041458076046,0.5413664288329546,-3.549043357966496,0.971247868,11.5310707,10.2217595
1f9f6x91,0.4781597741559114,2140,0.37492065945091785,0.38493460063986923,-3.615291577186293,0.973090922,11.0445738,9.51321118
1e07d71,0.24559582921034054,2472,0.34334019987775344,0.3508091971003065,-3.7453935955419353,0.976373672,10.0325441,9.18022919
eb2871,0.10204598873236359,1099,0.09610366531197533,0.10442448561651761,-3.5410596290676963,0.9710174,11.592288,9.56349945
f0be91,0.501725018586235,882,0.43206125430368125,0.4320001850236953,-3.660238820833347,0.974273632,10.6913776,9.66996237
10c5791,0.45360337129781925,638,0.37775806380292865,0.37162958559264814,-3.7077513330907466,0.975467373,10.3431978,8.82241939
2c67391,0.1470445265082336,1380,0.17703053578560557,0.177038747450713,-3.7668322604866638,0.976874798,9.8686533,8.16255129
13a091,0.3019047731164583,677,0.29946105742394136,0.29254689779500703,-3.988488369432482,0.9814723,8.2026577,7.74359307
3dd391,0.3254079613972706,853,0.3142302557591418,0.31826474549827355,-3.786057184706149,0.977315132,9.72900105,9.18388601
35046xxx91,0.102711620511459,926,0.13881797548492192,0.13957354005516504,-3.8376809463891806,0.978456496,9.32545948,7.65247286
f53271,0.006290782537124746,2715,0.06592411489677144,0.06460783187725525,-3.8826562119103585,0.979403955,8.9814167,7.33740528
246d971,-0.12444795934262279,970,-0.047249881724917744,-0.054199569193774395,-3.9122973430552737,0.980005486,8.77585983,6.69964717
16b3371,0.10523705473303502,1360,0.09490316747213148,0.08315206249945022,-3.8066120110443906,0.977776656,9.58680916,7.78524428
27e37xx51,0.22086200706008072,447,0.14223454549495218,0.1369431818571778,-3.903402568392871,0.979826846,8.83591652,7.68540426
3965b91,0.2869690990526038,845,0.3511845528318767,0.35025181872242533,-3.7822330093571592,0.977228215,9.75625324,8.69208174
f0cc71,-0.09992171487333748,809,-0.14876043092243144,-0.14167271971862405,-4.111703297057686,0.983620149,7.36654997,5.41588593
ca3091,0.42777744087613073,680,0.333560092947429,0.3387427801212201,-3.6494451483885557,0.973994446,10.7726994,9.02316343
2722991,-0.3905582865328922,1176,-0.26493886553209434,-0.2715085024376843,-4.181359524672706,0.984722277,6.9363718,4.71018571
2782991,-0.3293189571211708,578,-0.22482711145648085,-0.2264158118610942,-4.154958889091531,0.984313564,7.08990812,5.04562906
2c9e4x51,-0.13625336052831832,586,-0.05838439042314933,-0.06141009577046286,-3.8977506911815367,0.979712507,8.87478828,7.1855504
166591,0.576680650281014,678,0.45770187771519755,0.4516318949318854,-3.8263933492418714,0.978211944,9.41858387,8.56060674
132e991,0.5581739883291466,2462,0.520278451492662,0.5180711622286651,-3.6754203554992904,0.974661248,10.5804873,9.30080942
1266691,0.5931882824714093,1139,0.5387490349100085,0.5351924776270995,-3.6165714809869023,0.973125341,11.0339661,9.86535645
110de91,0.08054699842890999,908,0.06666217073522061,0.061525427690334915,-3.876263853493984,0.979271876,9.02784634,7.29368943
1d7791,0.7962741464283967,851,0.7385436028427448,0.7245428775070373,-3.654600199110471,0.974128161,10.7335968,10.5132751
22d891,0.010624108370591086,1033,0.06290192176930869,0.0656906935318804,-3.9697060392100134,0.981121018,8.33970928,7.17339971
9c1791,0.4837371762877584,1109,0.46893277952894097,0.46949307799683343,-3.660398708494822,0.974277745,10.6901894,9.56127754
403891,0.4074283678550425,713,0.36839114371357334,0.3752457139931526,-3.771685315783782,0.976986754,9.83276844,8.6075592
e91571,0.38267246898064367,1235,0.4184308547190284,0.414047227564686,-3.6407175253382804,0.973766486,10.840023,9.79871662
c24b91,0.07203934990295409,1496,0.29662649047296236,0.31445875429025616,-3.634782557494505,0.973610328,10.8866291,8.94984084
745751,0.11524749900790318,976,0.18892772362872878,0.18287147785776767,-3.771163404830687,0.97697474,9.83660698,8.32768836
1b98451,-0.1856181205267329,855,-0.3024913320113078,-0.31353615882977554,-4.075304931816383,0.983012966,7.62714529,5.40366833
26af7xxx71,-0.2543235729164018,1414,-0.215856578277364,-0.20969782367445794,-4.127702730522791,0.983880132,7.26033497,6.0055454
2713cx91,-0.0710306920636962,1868,-0.08452733951138745,-0.09144319261244213,-4.022005519416064,0.982083004,7.97481966,6.59091363
3ba66xxxxxxxxxxxxxxxx71,-0.12456100951593661,603,-0.25339329428018104,-0.26311646581178194,-4.020553596023744,0.982056971,7.98427343,5.6840521
420b7xxxxx71,0.17503030714597376,1080,0.31112724124631813,0.32256787446223956,-3.781780314660252,0.977217904,9.75949669,8.05929976
40370xxxxxxxx71,0.15224878213892856,1090,0.22055087247533395,0.21837257028781984,-3.7520984834970985,0.976531554,9.98032475,8.60775053
108c651,0.0041652840681592595,758,0.10243888766154198,0.10750616370370286,-3.7559971277410336,0.976622871,9.95036983,7.99135237
13b2b11,-0.20355649355765687,838,-0.22377607448902004,-0.23743248520167284,-4.017259806516714,0.981997773,8.00585461,5.93653048
1a58471,-0.1691329992280146,712,-0.17658200506883537,-0.1680663867015969,-3.9635249005186806,0.981003963,8.38640022,6.69726328
8de191,-0.07808598007201882,567,-0.055528032368017025,-0.06377701125759407,-4.034185667663301,0.982299912,7.89691305,5.66636423
c24b71,-0.263141897805874,669,-0.11838014404491604,-0.11436597925613844,-3.8177646058234753,0.978023127,9.49176693,6.88536013
1791431,-0.22494006014906007,700,-0.26980748595995946,-0.2660568938358331,-4.074820738493904,0.983004739,7.63080215,5.68470588
246c9xxxx71,-0.021826737590339394,482,-0.14647980457077286,-0.1561627611988497,-3.904784963368371,0.979854714,8.82649422,6.67324653
243e5xx51,-0.1535790147983868,1157,-0.2041423908431809,-0.20323770499614696,-3.8722963625865683,0.979189474,9.05705643,6.62137839
1f9d251,-0.2452943656699708,586,-0.25232172383879875,-0.25316158136795935,-4.090987603119628,0.98327729,7.51146889,5.70013721
3e6cdxxxxx91,0.703713068256615,389,0.6852252718449116,0.6862956454861475,-3.506864477644261,0.970009196,11.8489113,12.1730053
4a15dx91,0.2794915033023275,1366,0.18834936124754592,0.18304077328623222,-3.799488429985791,0.977617781,9.63528633,8.34533163
4cdf0xxxx91,0.4314955835355437,583,0.5511913525506202,0.5595860135824124,-3.5411717025880414,0.971020648,11.5914202,11.0925375
45733x91,-0.05146874119949885,912,0.0217967793644218,0.015912751089410322,-3.85272283678331,0.978778126,9.20575047,7.85181897
4372cxxx91,0.39864144977020655,1196,0.3585953540614863,0.36653944808845457,-3.7927194374782416,0.977465762,9.68213177,8.8999041
4ad0dxxxx91,0.40038574095500296,504,0.46430036699397104,0.4665880572200184,-3.591985583555535,0.972456414,11.2203588,9.851397
2812fxx91,-0.02913845366874121,572,-0.21547299447632373,-0.27739180121069107,-4.3349740554216245,0.986897786,6.06243515,3.95730972
12d2471,-0.04217934031992627,454,-0.12274210369293534,-0.12997192138328742,-3.9897907278441456,0.981496414,8.19341564,6.34879244
d8f571,0.26776697373535757,942,0.23394818715899818,0.24171825893722812,-3.6927832640742047,0.975097405,10.4584284,8.977005
124d271,0.21040393133341137,796,0.2185616548487765,0.21922255540013263,-3.771606190572264,0.976984933,9.83335018,8.47130291
18e391,0.3813415673185054,524,0.37632763229201477,0.3659398228307353,-3.8195693105860884,0.978062753,9.47631454,8.98273761
126bd71,0.3433062152727014,1281,0.30828214104375623,0.31024660915633445,-3.7332807215960324,0.976085749,10.1291943,8.84501531
17dc491,0.10835772605192799,2114,0.12015758096818809,0.1218674571283691,-3.91676618654762,0.980094639,8.74619198,7.00445967
9c1771,0.08775840133835082,966,0.08285145073508283,0.08174008728948659,-3.927549114079399,0.980308124,8.67512321,7.35221335
195a691,0.1336477064178181,1832,0.18600682285964928,0.19091307605822674,-3.7692298791275958,0.976930177,9.85087013,8.35856863
3fad4xxx91,0.3125819329140714,1843,0.28930265964803964,0.3017235626185993,-3.798907869706946,0.977604783,9.63927364,8.15476696
42282xx11,-0.9270840041563726,275,-1.0828431576808082,-1.108300774457861,-5.200847339076667,0.994488108,2.76409017,1.16182665
3aae451,-0.5824139196435489,284,-0.6667966505030715,-0.6612645977505434,-4.46085454051804,0.988447513,5.4575119,3.19655638
409ebxxxxx91,0.5905164312235609,1790,0.48952745963903,0.4759406010856112,-3.7369333693811186,0.97617294,10.0997295,8.87867033
37fa9xxx31,0.013343494080463121,1264,0.07085209161560876,0.07072142538623065,-3.795917954578944,0.977537723,9.65989971,8.11868404
790451,0.029356805554222164,1379,0.12562200516070926,0.12980896388655036,-3.860202674948521,0.97893627,9.14801121,7.83355243
20d0bx31,0.2862103769978381,1851,0.26563482345491374,0.27089561190946504,-3.7962092408471926,0.977544265,9.65788364,8.63393637
2f51,-0.1777623911850562,360,-0.2238369887153835,-0.23107774051009858,-4.252651808615732,0.985773542,6.51753855,4.59792504
3ad60xxxxxx11,-0.7106522567624174,302,-0.6789721937086123,-0.6810340103360083,-4.649149869096875,0.990430266,4.72406864,2.93596737
40c6fxxx91,0.1105353158407052,1475,0.14664219401184758,0.15010496576076074,-3.8210461554961506,0.978095127,9.463727,8.20360624
42fd0xxxxxx71,0.26345718464647083,1139,0.3723079304064757,0.36662926513754845,-3.613898594465944,0.973053412,11.0561571,9.85903109
3e542xxxxxx11,-0.9515328991868451,154,-0.9082569888527502,-0.9013695261431944,-4.9088388321391525,0.992618946,3.05742488,1.30581093
3e542xxxxxx31,-0.6688275396705756,135,-0.7230651334602289,-0.7205770440539776,-4.524424279462989,0.989159046,5.17685223,2.83355273
b60491,0.002853117056162492,898,-0.0004165103760500527,0.009886311779348664,-3.8931911432896733,0.979619794,8.9065609,6.81646552
4cb5cxxx71,0.24538572112587048,160,0.46324102358550134,0.4655006632381569,-3.6903891531362416,0.975037714,10.474966,9.56657351
4b8f4xx71,-0.15303578433138734,343,-0.09805615935117287,-0.10252587212075565,-3.9782454502363627,0.981281547,8.27651596,6.82940615
4ad7exx91,-0.30876594348904124,206,-0.1564002978192094,-0.15925396972385103,-3.9604164033197287,0.980944822,8.41019058,6.16568639
427e6xxxx91,-0.08559301932123718,1488,0.14510559645835813,0.15975945951502962,-3.8660115077029347,0.979058271,9.10396004,7.85112293
2fa03xxxx71,0.15563422038182528,1845,0.23416704591691978,0.23705703767127267,-3.8167201892872944,0.978000162,9.50074577,8.48064833
1047331,-0.4082091674951214,274,-0.4543147115271893,-0.4538954270984902,-4.3785668665797255,0.987456678,5.85904932,3.92373158
11c9c31,-0.6876073123663907,160,-0.6852823831143484,-0.6832697258384133,-4.620574830603514,0.990152866,4.82992363,2.78274624
1542131,-0.5565737054712614,244,-0.5106605323991474,-0.5081809590290648,-4.4145183392718605,0.987899619,5.69526863,3.6322045
1b7bf11,-0.5770610292126351,460,-0.6208548867252307,-0.6219953029818259,-4.447069261518058,0.988287156,5.52501822,3.44619751
2e409x31,-0.28324054011797845,411,-0.3375228347814024,-0.34406269982719223,-4.154749430686075,0.984310278,7.09116983,5.13763369
57c51,-0.1340685195350704,257,-0.044203047104306725,-0.04204110091926194,-4.115626709067754,0.983684288,7.34005833,5.67376122
a40551,-0.17018889155587366,512,-0.10822526201666996,-0.10611103635429028,-4.020635358137228,0.982058438,7.98374033,6.15742727
37a4ax71,-0.2935273160650854,393,-0.4185005086148458,-0.4208405058270228,-4.103403631966472,0.983483636,7.42357588,4.89331055
13fe131,-0.0448618112975169,1223,-0.035250562011249514,-0.03348791487403352,-3.949815582852897,0.980741747,8.49291611,6.8571302
226e7xx71,-0.1730597839348145,1439,-0.161995909443166,-0.16756343803667256,-4.019862647136612,0.982044569,7.98878527,6.34179277
2c25a91,0.18256692112691303,1855,0.2918797033435964,0.2830116930888317,-3.6615769818792816,0.974308035,10.6814413,9.67266141
3f9a5xxxxx91,0.38561259942641235,1009,0.38199437797562596,0.37261885344364337,-3.6603419499187706,0.974276285,10.6906109,9.37494601
3e291xx91,0.2646144546475884,1240,0.2169293824383354,0.2204355672311167,-3.746209204984179,0.976392934,10.026144,8.38677157
3e2fbxxx91,0.6039656287687155,780,0.4665710097188249,0.4630472383320816,-3.7284562242479797,0.975970096,10.1685429,9.05906208
caa871,0.15086379014997714,604,0.14235192632826424,0.13819623330760822,-3.8611394624772517,0.978955993,9.14086151,7.01989159
3bfa2xxxx91,-0.13370784688844384,1082,0.00519053481562901,0.002545262247535027,-4.013939071131658,0.981937893,8.02780342,7.16790067
eb2891,0.2773710999587239,2045,0.30226579131344194,0.3050659149413813,-3.5291227119455746,0.970669364,11.6859732,9.85440768
b4ff91,0.4815249412815106,1342,0.40136915497916753,0.4005640393282408,-3.627332490726468,0.973412989,10.9461031,9.27365993
2a01e91,0.14244533346278246,1252,0.20507061327091827,0.21396180091812808,-3.881556314471438,0.979381289,8.98935032,7.50522731
8a151,-0.1329198243208845,496,-0.1847270795626684,-0.19734712693642406,-4.3001847833534,0.986433948,6.24226999,4.42528974
1a58491,0.23381538144078431,1384,0.2291682881435526,0.2377360910126821,-3.673102960041647,0.97460246,10.5971575,9.28258221
513071,0.1259713685424781,642,0.18479170088077754,0.1854641786435101,-3.9035426157955477,0.979829671,8.83495998,7.7677982
3cd56xxxxx91,0.20425064769279158,1448,0.32982427324864055,0.3281341380326447,-3.723941444355322,0.975861361,10.2058182,8.95359391
195a651,-0.21265329148960593,600,-0.1753916727409053,-0.1725348295306848,-3.9389637707211027,0.980531622,8.58024406,6.32388599
1895f51,-0.2588272257558132,595,-0.22107778623139315,-0.22261587707323824,-4.044279896289475,0.982477682,7.83418989,5.81549542
aed751,-0.27771319362195607,246,-0.2365656732032347,-0.24463060656053465,-4.195639287751036,0.984938889,6.85766554,4.94630667
2e16b71,-0.2369691714292721,760,-0.3095668547647202,-0.3086104089976482,-4.099537140351712,0.983419652,7.45060921,5.55644167
999e51,-0.015154647919393166,638,-0.013577708451344093,-0.00888406269214647,-3.8618993022458135,0.978971977,9.13507462,7.32621706
97d051,-0.28893038716726777,873,-0.21697994985556496,-0.2097315359539037,-4.248765358527532,0.985718144,6.54173708,4.7396877
12c0c31,-0.46787167690711245,307,-0.4851243607825397,-0.48874542006865934,-4.403948696786124,0.987771044,5.75053406,3.47805962
3ee4bxx31,-1.0183118743813848,203,-0.9901130389074765,-0.9915635855903414,-5.433031858758956,0.995630173,1.89571338,0.701007696
127ec11,-0.390306577909163,477,-0.45104057104437717,-0.45240240895234907,-4.32860818802288,0.986814113,6.0941062,4.11043578
299e371,-0.33234459662881083,340,-0.4033426242937575,-0.3991508254431146,-4.196068896806437,0.984945358,6.85534239,4.37596336
2b62991,-0.08562841503228794,773,-0.11933748966407991,-0.11958318353276332,-3.9512532986273174,0.980769415,8.48154926,6.67482992
492e7xxx51,-0.2004421501525007,331,-0.12583421877621,-0.12090392970400071,-3.9235177172238767,0.980228578,8.7019968,6.63788077
471f8xxx71,-0.05034335425090876,870,0.004682535651346364,0.012346791896772524,-3.844188250966576,0.978596231,9.27307129,7.57840377
4e6afxxx71,0.03341135874904956,344,0.020933050105132425,0.019139056022764254,-3.9280023986069033,0.980317048,8.67129421,7.12412966
492e7xxx71,0.12957051550073034,604,0.14917160221196124,0.15041912415137376,-3.751748329885405,0.976523335,9.98303032,8.31902665
3dfc4xx31,-0.39066173966317885,474,-0.39637766794652135,-0.3943626199717718,-4.3417061418846,0.986985695,6.02951336,4.50048329
108f511,-0.8233344378805673,232,-0.7205061969195352,-0.723417015728849,-4.684429650476667,0.990761998,4.58158255,2.39229936
22584x51,-0.43867609360604654,314,-0.36309381510245786,-0.35672745232670033,-4.326756103986647,0.986789669,6.10342121,4.05481808
3bfa2xxxx71,-0.3775685021203346,422,-0.24922847915671476,-0.23814183491528595,-4.190902468112974,0.984867378,6.88345051,5.52687308
38dcexx91,0.20966199395637158,1046,0.1525617178730662,0.1487977915082522,-3.8675178660210108,0.979089793,9.0926466,7.7151771
27767xxx71,-0.2981405607701276,543,-0.2457401208804442,-0.24067855002981364,-3.942504790487312,0.980600438,8.55144691,6.01927889
1e08991,-0.007499103055991601,757,-0.05147553386341353,-0.060049022286213866,-3.940468828760561,0.980560901,8.56796837,6.78101466
2110791,-0.113405887468117,1134,-0.03104419495072922,-0.03392439570637894,-3.844121349099955,0.978594799,9.27360439,7.47744634
1cab771,0.18401526256718362,1952,0.30518303882965153,0.30945925233818056,-3.7512150062372576,0.976510811,9.98715496,8.40682631
b68c51,0.02486268357370419,689,0.05455707335047547,0.05269169473907601,-3.917443519908455,0.980108117,8.74172497,7.00583473
44b4dxxxxxxxxxxx31,-0.04336882295982807,527,-0.013138626079924715,0.0022437399282103795,-4.001832457016298,0.981717893,8.10948658,5.97063446
1956b91,0.26387680214746,910,0.31445096572801196,0.3222782452567707,-3.742953622075009,0.976315954,10.0517712,8.97054995
44eaaxxxxxxx71,-0.0426109126031853,789,-0.014671501528690766,-0.025362874640090582,-3.840266828721525,0.978512133,9.30453014,7.43667661
4225bxxxxxxx71,-0.12802486309918354,385,-0.1041806653128227,-0.10270932494375534,-4.0058712643597225,0.981791582,8.08194256,6.07788497
46395xx51,-0.28918071924677774,262,-0.3522594430061678,-0.363420982286951,-4.091481424914309,0.983285546,7.50791264,5.06494199
4634dxxxx71,0.007207590176560601,274,-0.04596616009793891,-0.04890836972967883,-4.045787853872785,0.982504085,7.8249588,6.48514733
4200fxxx71,0.12478285552683248,319,0.08715777163330969,0.07410549034935361,-3.885064668847064,0.9794535,8.96412182,7.04247225
1337771,0.10033139848829499,1638,0.06027847720432562,0.056249052133458315,-3.835091501765281,0.978400638,9.34656715,7.58740058
1d7c91,0.4775666031787655,636,0.43695524853678774,0.430005262880877,-3.764545987886382,0.976821867,9.88571072,9.13136292
37eaaxxx71,0.14569797999013123,1039,0.010544049867960925,0.009677606336815586,-3.8851184507425116,0.979454605,8.96373653,7.11456886
bd6a71,0.07374410347469774,1401,0.07394566071976559,0.07943173681930178,-3.9121930198797825,0.9800034,8.77655697,7.21564836
1c7791,0.6001104802785722,1140,0.5773346099892209,0.5709115237560101,-3.751829860972821,0.976525249,9.98240089,9.79031607
168d091,0.17340318931704682,990,0.207098077679992,0.21425818281865988,-3.7363877941710313,0.976159937,10.1041126,8.66335062
1897d71,-0.033311283010615055,1097,-0.009673204531348982,-0.0060904145266191395,-3.920597713384498,0.980170761,8.72101974,7.11915882
1ea8cxxxxx71,0.3180390143520026,1006,0.1968281915376386,0.19716918886792387,-3.7168853435489666,0.975690434,10.264967,9.41288523
246c9xxxx51,-0.4176126084356264,544,-0.4407784051680049,-0.4550656145506416,-4.1175611946073625,0.98371582,7.32710505,5.16834611
24d0f91,0.2732718344294526,629,0.27544287432240266,0.27732035481250616,-3.7540921224376684,0.976578295,9.96497059,8.95527649
128ea51,-0.07160997584484446,616,-0.08333564459397437,-0.08156878308983596,-4.035518300014812,0.982323484,7.88853884,6.44433007
1685891,0.11078611943470214,1651,-0.02458451229360459,-0.025442218261224146,-3.890016778430401,0.979554997,8.92890167,7.09820439
142f471,0.3236684529849453,1116,0.23940873293844125,0.25161318025031465,-3.7847585277076528,0.977285653,9.73822784,8.26897548
3c7d7xxxxx91,0.16468883399940418,929,0.04907450519921498,0.040955985804296886,-3.741763233705415,0.976287744,10.0611944,7.99791424
3c0bexxxxx31,0.14895248447329276,1236,0.18413248024444095,0.18395470906552633,-3.7688307359669393,0.976920967,9.85382366,8.75095602
19b9f91,0.22861506241230337,1294,0.24241960699692763,0.22947164450846602,-3.7628402309475733,0.976782297,9.8985014,8.29650351
24ec91,0.4625291517418291,770,0.44215100047808936,0.43633449753500575,-3.8731494198243523,0.979207219,9.05075073,8.22638644
e7ca91,0.46306102401274746,657,0.4200273945359904,0.42546291708723877,-3.712246304914965,0.975577399,10.3044615,8.67065723
206b291,0.43043434142535864,2106,0.42737542329475614,0.41893115454446894,-3.529690163717211,0.970686003,11.6814604,10.5006444
3e4b91,0.4513548057443481,594,0.41445534275846374,0.4107632402110738,-3.8240080988095193,0.978159912,9.43863773,8.94118676
5d9f91,0.1405486285912541,811,0.12441785263156932,0.11762247179336896,-3.782179084428112,0.977226987,9.75663948,7.7468385
18d3e11,-0.6967773324333082,343,-0.6604314926589228,-0.6540697192398632,-4.575556142553925,0.989699431,4.84940135,3.05378048
12d2431,-0.7503991068271103,153,-0.6757291644305705,-0.6804410334482517,-4.6065144891588385,0.990013434,4.87576675,2.63625629
14c5111,-0.5081893153253972,208,-0.5700583012283034,-0.5762461198986423,-4.275682426999734,0.986097442,6.37956285,3.8828885
1a55e11,-0.45413141204535,274,-0.5690997001336735,-0.5599466934046377,-4.381745874090819,0.98749649,5.84508085,3.60902992
1df6811,-0.44051101360225503,249,-0.47599240692743305,-0.48074639840164196,-4.3197521745893805,0.98669682,6.13906336,4.05107087
3c252x11,-0.7943747211675112,129,-0.8495635438267136,-0.8471771441087186,-4.781091826008357,0.991613163,4.25248337,2.09641721
59731,-0.5694792965276593,153,-0.5579653897858523,-0.5631900338110106,-4.594113338837067,0.989888818,4.91748095,3.07540101
5a051,-0.7331402064901482,251,-0.6730605075398487,-0.6703820051871535,-4.767965741978735,0.991502351,4.29262638,2.41651286
c2f111,-0.799009392098267,256,-0.7104719281396039,-0.709799588088575,-4.78237549313635,0.991623922,3.53108007,1.67711023
6531,-0.8246282986581768,317,-0.8231570353647895,-0.824494329379521,-4.781056294769836,0.991612865,4.25259018,2.11532798
b63951,-0.42199328716754747,219,-0.38456193372166647,-0.39052396868836275,-4.298508839808556,0.986411193,6.25136757,4.14271252
4936axxxxxxxxxxx31,0.23742438367245497,725,0.27300141438442466,0.26005281516740614,-3.7990230795137307,0.977607363,9.63848209,7.76370709
4936axxxxxxxxxxx51,0.5911826769103306,865,0.6198634517703779,0.6258117915669106,-3.5092593763641533,0.970080935,11.8335962,11.4691667
25922xxx91,0.13210919482161318,1017,0.1907559229302021,0.19763837948664725,-3.781006936078532,0.977200278,9.76504517,8.48579172
1d60091,0.27051522600544853,578,0.21668082547641335,0.21691872057762093,-3.73860526186134,0.976212743,10.0863361,8.69486295
75f191,0.2818760603330692,2562,0.32823525531990033,0.33674407782284155,-3.6466097400455197,0.973920605,10.7944145,9.61449374
3c8d6xxxxx71,0.08669112082426636,371,0.04362173964257573,0.04315571080879673,-3.8250348578749853,0.978182325,9.42998886,7.53466914
26daf51,-0.5671133579971591,598,-0.5494939878291754,-0.5476259844943319,-4.389108451649668,0.98758821,5.81315136,3.51450847
1feabxxx71,0.008923972808254963,1115,0.05326535544877321,0.05481569005317129,-3.831164153967494,0.978315643,9.37887001,8.16368573
1badc91,0.1911089594412246,905,0.2146722590124727,0.20650299573468142,-3.7571205225613404,0.976649118,9.94179344,8.24591827
1ea3c51,-0.42654932989290284,229,-0.43110349730872616,-0.4291207513681545,-4.265844666709284,0.985959997,6.43739128,4.160391
40095xx11,-0.9169383915204593,152,-0.9002580743304043,-0.9143144003411254,-4.779717401440166,0.991601628,4.25662708,2.12004764
3d2a8xxxx51,-0.5621259643961376,282,-0.6568471785598986,-0.6624412448877371,-4.489996150815538,0.988779313,5.32294226,3.12534362
43c6ax11,-0.7872096927692063,226,-0.6729608379626191,-0.6687846869691448,-4.685032343295158,0.990767564,4.57926512,2.603123
41873x31,-0.4590435138039129,342,-0.41553566437905176,-0.41393982777481536,-4.286634930919998,0.986248879,6.31703711,4.39672617
21705xxxxx71,0.0892581841012549,1675,0.21541209071044856,0.22822562603397847,-3.615885865512121,0.973106909,11.0396442,8.97292563
201e471,0.3008285446459944,1569,0.31910205411980785,0.3224067913079996,-3.7427194412038562,0.976310407,10.0536222,9.6851701
4229bxx91,0.28078076253662965,965,0.44014099916857946,0.4440423119477899,-3.710149914950877,0.975526146,10.3224697,10.4511871
2e409x71,0.1438186346974287,843,0.1333768571319039,0.13633690061163645,-3.811372836053505,0.977882206,9.54713249,8.18017637
4a15dx71,0.08661755459091813,808,0.07058356379901914,0.05792573265726807,-3.9531639570598145,0.980806123,8.46651554,7.36120605
6b3691,0.37885096307963606,939,0.371363262359281,0.3741474824441082,-3.537909152045085,0.970925947,11.6167593,9.82527513
455eexxxxxx51,-0.11713740365053775,204,-0.09596108460730857,-0.1034142294467445,-4.016078317679083,0.981976491,8.01364136,6.23526294
43c96xxxx51,0.09367089753856653,287,0.04309618828247617,0.04337540462288424,-3.912444794368598,0.980008434,8.77487564,7.37921143
108c631,-0.15745561941719757,477,-0.1720511596943894,-0.17018426688120028,-3.9696855934013393,0.981120632,8.33986187,6.23940805
1badc11,-0.7103298349742141,175,-0.7029320262623949,-0.7099511759193121,-4.698280377542177,0.990889069,4.52925301,2.54775326
e1ff51,-0.3380868300177212,305,-0.19563979180906638,-0.19171083746762835,-4.1030642686042755,0.98347803,7.42593622,5.5129107
f62171,0.10800545988188501,839,0.1996498545854577,0.19538111473242784,-3.9054360471488865,0.979867826,8.82206726,8.00894693
2987391,-0.15388130026869157,497,-0.17400063087219136,-0.18265882358875238,-4.009865574023982,0.981864167,8.05499268,5.98634867
455491,0.535108841591699,661,0.4871804766368877,0.48655843269019944,-3.714436511228839,0.975630831,10.2857542,9.19427255
14af891,0.19027407295521784,2053,0.19655517812339127,0.19483579821133618,-3.825757744213678,0.978198091,9.42391491,7.68525872
1a46a91,0.013439029479899734,2285,0.0936377700538637,0.09876382160206426,-3.9481501007554356,0.980709646,8.50614166,6.80054826
12fa271,0.22443515210373657,1132,0.2157071286316112,0.20762306042633816,-3.7546924724114215,0.976592352,9.96036148,8.78905018
2c9e4x31,-0.2587475744499219,468,-0.21736129075806623,-0.21445272113603372,-3.890291700012216,0.979560617,8.92695999,6.43870368
100991,0.9992618448606526,900,0.8533489286549889,0.8614029126759217,-3.5421015205955193,0.971047581,11.5842342,12.124973
194291,1.0199373742886633,569,0.7097358923391615,0.6837322694973192,-3.7750646851833767,0.977064393,9.8080349,9.8042491
1963291,0.6304951878869615,1007,0.5100363311172401,0.5059333613953247,-3.59081206073704,0.972424072,11.2284555,10.200869
2b85fxx91,0.36467018323097344,2015,0.47967039112205506,0.49573085101684056,-3.508846180109855,0.97006857,11.8362331,11.0783809
b2c091,0.5094136095268871,1613,0.6229487447857804,0.6473195384416401,-3.654151085678788,0.974116539,10.7369843,11.1146745
2f6a291,0.5253637462197608,1541,0.5934732188522679,0.5975981714898526,-3.6095938945431594,0.972937165,11.0922117,10.3268127
39aa6xxxxx91,0.8070250696881267,827,0.6917020674939839,0.6908430678666694,-3.610225439459132,0.972954251,11.0868979,10.2316566
44eaaxxxxxxx91,0.493779011179774,584,0.5108185313341687,0.506868648150918,-3.5255705986898116,0.970564993,11.7143641,10.5027102
440c1xxx91,0.6285950396824751,699,0.6450163075835539,0.6635859204101897,-3.5512331045496826,0.971310759,11.5144777,10.6568064
43c6ax91,0.3982304132808358,924,0.5825112543640247,0.5914441775779437,-3.522152192082238,0.9704642,11.7419138,10.752067
5b2e51,0.09989975180989562,579,0.11175615896161105,0.10580722521363112,-3.9045295019865813,0.979849567,8.82823277,7.23786105
1a74071,0.3194179076756271,589,0.29491790758763137,0.30547479808910155,-3.7990826097815313,0.977608696,9.63807392,8.84894855
1a2af71,0.23556568116638052,653,0.22727083212869145,0.23556088713246565,-3.8412166992083354,0.978532534,9.29687786,8.03389505
1f9d271,0.15209735933632537,753,0.17654207134192834,0.1770626337088068,-3.811522274417614,0.977885511,9.54582596,9.09411738
1a55e71,0.13349878382246644,1868,0.12710349848049193,0.13945850910813268,-3.823506715554835,0.978148959,9.44287014,8.25047244
262cbxxx91,0.3651165901198793,853,0.3378161796270316,0.33978123956675643,-3.686536121862832,0.974941348,10.5017757,9.3048084
1bfaa71,-0.033857870720683275,1418,0.003948148945786693,-0.0011032354908897413,-3.9543637568426773,0.980829138,8.45711708,6.65827648
1eb8291,0.34749627940419797,1609,0.3065841455276308,0.3110313132531489,-3.7720782971469964,0.976995796,9.82988071,8.3584225
22971x71,0.3697225048211573,819,0.25295922885665056,0.2385951795971157,-3.75983862893742,0.976712502,9.92114258,8.82543945
1a01671,0.2915152158954548,1948,0.2460037875500027,0.24506686652368595,-3.8039783004318948,0.977718049,9.60463524,8.76681342
1fdfaxx51,0.44639953221734097,1364,0.4318835526025658,0.4290100404601681,-3.628938887386317,0.973455664,10.9331865,10.7251352
1d5d491,0.4119302698325379,1862,0.4446366166399418,0.4328037704519916,-3.6471992295784386,0.973935974,10.7898884,9.79823773
1d3f191,0.5004354228385351,2080,0.43136108336716855,0.42816273024512025,-3.6261355172799568,0.973381146,10.955759,9.82408318
1a01691,0.44983078779911084,2561,0.4940863450975704,0.4997131110788003,-3.6394259671345885,0.973732582,10.8501072,10.3940078
24e64x91,0.2800244120119254,2286,0.3678482238155831,0.36435469238398993,-3.631024329699839,0.973510963,10.9164944,10.0538823
23596xxx51,0.2721673483473365,1219,0.23807084407736478,0.2374602053564238,-3.790828152201744,0.977423103,9.69536018,8.81737812
1f07491,0.4312638917523295,3128,0.5059845040747235,0.5053738212118708,-3.612363845501479,0.973012024,11.0689669,10.2738072
1fb9c91,0.6987922105413233,1275,0.612395831387404,0.6063776003395058,-3.5892016263854454,0.972379627,11.2396011,11.4568388
cfd591,0.036577468973257254,1591,0.0635907843695114,0.06317162311652953,-3.831295916612201,0.9783185,9.37777996,7.50708829
1047371,0.09908941469444969,904,0.03533738081711857,0.0345778591833425,-4.025212140472741,0.982140365,7.95406866,6.50753608
440c1xxx31,-0.022795821095435594,468,-0.03298989513551251,-0.025920563021767522,-4.016054626679628,0.981976064,8.01379776,6.32993434
15ac091,0.2550893653011863,2330,0.18825378096013365,0.17643701778798127,-3.6555595008671693,0.974152968,10.7263746,8.76728645
392e6xxx71,0.07306824019136252,2077,0.2846850378907794,0.3076818490862303,-3.7456676917716596,0.976380147,10.0303917,9.07416887
1adc071,0.26155901191923747,869,0.2804508178704621,0.2857845771298286,-3.84478818507454,0.978609068,9.26828766,8.02706616
78a851,-0.07922361234708022,1262,-0.008662449883466778,-0.0022600491488937976,-4.00519093149744,0.98177919,8.0865612,6.40969555
3e122xxxx11,-0.6686264642864085,231,-0.7365643331815058,-0.741019538126451,-4.617061508347102,0.990118209,4.84123802,2.61135747
1694e71,0.08374522963463263,767,0.04296454904405812,0.04088129321181496,-3.8433287251817885,0.978577826,9.27993774,7.35280081
1694e91,0.29704871764949786,1427,0.30725213046511357,0.30762736073519814,-3.5438535472636894,0.971098262,11.570735,9.38713543
1cc2d91,0.4394483009493068,959,0.3508907681328917,0.3611106790437079,-3.7034565049480612,0.975361783,10.3806467,8.89496613
471b7xxx91,0.02813917624968245,1201,0.10675221226947429,0.1241373166655554,-3.717362018507254,0.975702019,10.2609367,8.26080029
2b4cf71,-0.24234997715331358,275,-0.2105205199501893,-0.21424725415217344,-4.056255508384513,0.982686271,7.76185083,5.77977401
1ee2551,-0.5205415713790641,212,-0.48754576437806946,-0.48102166303796373,-4.445731455436207,0.988271476,5.53170872,3.32335604
13fe891,0.5519334372860216,1347,0.5464863842015287,0.5518780775060068,-3.6698329949938056,0.974519275,10.6208353,9.45457693
43222xxxxx31,-0.0005098787154099568,890,-0.020727030293756464,-0.032704827740079816,-4.0099545730693125,0.981865781,8.05439568,6.8678671
4344cxxxx91,0.45026918063027016,1077,0.2274544723103435,0.22247677485839581,-3.7699833980328448,0.976947554,9.84530354,8.21139644
9b3191,0.3521174198448501,557,0.4191522024854441,0.4125740244209419,-3.8107992092081306,0.977869515,9.55214977,8.0707151
45365xxx91,0.11103771721114031,818,0.04629322886974065,0.0427334403965992,-3.8116714637610354,0.97788881,9.54452324,7.65124394
8d8931,-0.49141354370856843,224,-0.5266129554495884,-0.5246182660037348,-4.41209367164482,0.987870244,5.70860147,3.59488942
3e05cxxx91,0.4029843911550571,750,0.38842071862213495,0.3841726690350366,-3.7136508678090348,0.975611678,10.2924528,9.74879397
124d251,-0.18920371360801008,745,-0.2388172007118802,-0.23714838750723619,-4.0107861097207955,0.981880854,8.0488224,5.95290375
1b68051,-0.12798672896205118,634,-0.13279254563415632,-0.135344001073664,-4.033676534288903,0.982290898,7.90012074,6.23863162
16b3351,-0.122352324387739,678,-0.24863769546281553,-0.24960414413169862,-3.944921370808332,0.980647262,8.53196335,6.15356797
14b3411,-0.28705765329054744,333,-0.34746425065897196,-0.34451614181256496,-4.157982688836511,0.984360925,7.07176971,4.91139368
14c5151,-0.1846352914067867,461,-0.17804638638691075,-0.1787619031478778,-3.900529262288329,0.979768799,8.85560799,6.80116448
1a45991,0.6079612472125177,2000,0.6623469628761723,0.657130301108279,-3.489032304945688,0.969469598,11.9653931,10.9927192
1671151,-0.12346905508048377,581,-0.1765163318654808,-0.17419504847149397,-4.078296681053314,0.983063711,7.60466242,6.0964602
d8f551,0.0354403110806567,809,0.05916950869030834,0.052953289877932054,-3.806456376013219,0.977773197,9.58786011,7.67779893
43fb6xxx71,-0.08707261119516874,509,-0.021401299119859673,-0.013553756489282632,-3.9991378786824217,0.981668564,8.12803078,6.39619387
1aaeex91,0.3722932562270295,2276,0.317410556398402,0.3276867583627451,-3.6634309516705397,0.974355623,10.6677284,9.67218781
35ba6xxxxxx51,0.33012739046566686,619,0.29185699472949644,0.2884211547632706,-3.7050356250205256,0.975400659,10.366827,9.07580801
caa891,0.4053619371021231,858,0.30971812810723237,0.3012754151239924,-3.762112215530181,0.976765388,9.90397739,8.50831193
1925971,0.13792078355333506,1157,0.14152412186162414,0.139061014542388,-3.8717682597631087,0.979178481,9.0609684,7.64426539
36fb2xxxx71,0.10472719220415315,1404,0.16686164364029749,0.17806603895271542,-3.819394554610437,0.978058919,9.47780704,8.1689952
195a591,0.19296375493905954,1957,0.24831663429378809,0.2562058007994091,-3.7846041438156184,0.977282146,9.73932648,8.3838589
35ac0x71,0.0586049651924536,536,0.029518295245261547,0.03330996944062478,-3.9353840624322713,0.980461806,8.60965919,7.23748016
35340xxx91,0.3469298389577255,1414,0.2777520968152385,0.28901414734825975,-3.664764452210941,0.974389797,10.6579018,8.78607002
38670xxxx91,0.18580786880228467,1016,0.033900074350366904,0.02487989173443247,-3.850968264361553,0.978740858,9.2194643,7.80117328
ca6291,0.10950172919834354,1723,0.04629452477120861,0.04147361796812507,-3.9049217292797294,0.979857469,8.82556248,7.15471121
1d3f5x91,0.30520639417342277,2272,0.3232495110733915,0.3150984407180698,-3.7075666165724055,0.975462841,10.344799,10.0668781
3712dxxx91,0.734574072176849,1407,0.7214742968265365,0.7205407897427664,-3.5078176905263168,0.97003777,11.8428059,11.4307051
6aa7xxxxx91,0.33436605751872844,916,0.5472221896484215,0.557265530889297,-3.528905522377381,0.970662993,11.6877022,10.9224771
44178xxxx91,0.4624959063879456,946,0.6026022787302601,0.6093363084257714,-3.5248324646946108,0.970543258,11.720295,11.4944552
1dc9471,0.3375817251155489,1716,0.3688875624124194,0.37121441241325887,-3.608022419632954,0.972894603,11.1054716,9.8469297
1f9f6x71,0.2969684310405461,1336,0.2351717789800506,0.24702056644989034,-3.7200863637386465,0.975768125,10.2379971,8.72758308
397e3xxx91,0.7604684636413582,1088,0.6639171772641639,0.6450660206220332,-3.5427041388417373,0.971065023,11.5795841,11.3531999
1b4f911,-0.22695531019225,411,-0.3190480172522121,-0.31878658621749667,-4.106428904659134,0.983533527,7.40263271,5.4102302
732e71,0.21033801292721835,859,0.13398903894280187,0.137636823842886,-3.9009926144855624,0.979778171,8.85242271,7.63355431
17a7051,-0.03194254658921185,906,-0.02319577408876993,-0.03026974858440449,-3.9194539969833113,0.980148069,8.72850895,6.98412382
d0eb71,-0.27576696002958656,463,-0.2366247419583209,-0.23416462986886416,-4.1437826312365535,0.984137265,7.15825558,5.30080238
20ec9xxxxx91,0.5359764704321699,2113,0.44627133293250826,0.4366539973776352,-3.623889334962098,0.973321288,10.9739609,9.6697329
3806axx91,0.44689601910840043,1168,0.41249605781031845,0.3973394561230618,-3.5423670258848006,0.971055267,11.5821848,11.4815733
34f5axxx71,-0.35525486806674045,324,-0.2688902709480096,-0.2773746357433965,-4.249994735728287,0.985735691,6.53405333,4.50304207
33698xx91,0.23785743069915338,1204,0.4063752516632365,0.407575318674267,-3.711469662306058,0.975558424,10.311121,10.4128512
28437xxxx91,0.4407464333133528,1650,0.5383729307254213,0.5487407430732661,-3.597289786840983,0.972602124,11.1840248,10.5454548
3d2c571,0.13836529251406962,850,0.08445591365053207,0.08891818891024658,-3.9092764307200443,0.979944993,8.79610443,8.11163037
e4d91,0.630104519889336,775,0.5984517491217903,0.6086908669983977,-3.6313181925391445,0.973518746,10.9141493,10.7950334
ccac31,-0.7882835307075021,232,-0.6531763643846098,-0.6457808912172659,-4.723282100719267,0.991114034,4.39015605,2.40021618
4c356xxxx51,-0.2045143043009831,357,0.015537319183042225,0.030658124358829825,-3.834648022200088,0.978391057,9.35019779,7.62703353
48c01xx51,-0.24321833866549555,335,-0.11525273710771172,-0.1037341426475411,-3.9904727741695067,0.98150903,8.18858814,6.47630545
4936axxxxxxxxxxx11,0.018640804440482755,549,-0.08908433989422856,-0.08299465835897545,-3.9742909329821474,0.981207378,8.30559349,6.40111248
47dd6x71,-0.308525454753683,203,-0.2549647085553031,-0.252610451217483,-4.1898841943486,0.984851961,6.8890357,4.96839377
f58391,1.002230832446743,1698,1.0849263990464566,1.0826026245322267,-3.4057174618502666,0.966816996,12.5151138,13.2764998
1232e91,0.610334566809978,1230,0.542737861478868,0.5428622903618224,-3.5779383668520324,0.972066773,11.3186884,10.5601947
1728b91,0.40905718295826,496,0.25716459143500836,0.24676655720289697,-3.773120040564214,0.977019748,9.82224178,9.24872648
28489xx91,0.8576256253522819,870,0.6320338350054706,0.6290985642927233,-3.5802205481311526,0.972130449,11.3025017,10.773623
1cdc691,0.39836615047424473,1298,0.47600273559883916,0.48021155970700424,-3.6353488483749734,0.973625268,10.8821526,10.6120054
277b791,0.3363302280713062,1765,0.41239391148940013,0.4100648492841532,-3.7779335560462632,0.977130098,9.78720093,10.239421
1b4f951,0.17313791924275068,878,0.06645725406434011,0.06861076568664586,-3.920195761603718,0.980162789,8.72364902,7.42299417
1af2fx91,0.1529268339631011,1451,0.1494652434251069,0.14276499097448792,-3.7734219975462975,0.977026686,9.82003117,8.45202578
1ee2971,0.17982416520199285,608,0.09742143749912739,0.09860073638464666,-3.796850217951811,0.977558654,9.65345287,8.04746012
1f334xxx91,0.0711957122086348,1171,0.16156403005110845,0.16468674694739976,-3.865446193678913,0.979046429,9.10821724,8.2257262
244ebxxxxx91,0.1822746146012937,1546,0.22042041903963802,0.2139502330802914,-3.7760954047546025,0.977088021,9.80053329,8.40534738
3c326xxx91,0.11310305841662457,1040,0.20183177067110983,0.1924880628372605,-3.718219453094659,0.975722844,10.2536993,8.76599473
42ecexx51,-0.12930386409035002,422,-0.09812261285174356,-0.11632511339445413,-3.9461423049471005,0.980670876,8.52217102,6.10280844
1a56891,0.44565981896152124,2065,0.3716222594677881,0.3735779477684865,-3.652424870865231,0.97407182,10.7500381,9.52558782
1330471,0.342406841204106,576,0.330239201579115,0.3292432703534663,-3.5722056556559485,0.97190618,11.3597193,9.86222018
1a209xxxxxx71,0.32096775419908563,2362,0.32351935571277796,0.30861296317921283,-3.675118215783953,0.974653591,10.582655,9.86540809
2b4f2xxxxxxx51,0.3355556472856394,1308,0.403672920431058,0.4148840652525985,-3.6749930382327647,0.974650418,10.5835533,9.71469468
17b8891,0.667859053467545,1369,0.6205067399826277,0.6300914061934443,-3.5614470525817685,0.971602298,11.438179,11.0071376
1acdc71,0.07733633212484393,739,0.16836973318277149,0.16758424626867252,-3.7802677704882157,0.977183419,9.77035904,9.05817531
801791,0.43794589973384584,1433,0.45452664746698546,0.46890046504435023,-3.511540958841055,0.97014912,11.8190756,10.2442815
a46071,0.11872268828871535,559,0.18985206091595977,0.18831084939496595,-3.8111122653533793,0.977876442,9.54940987,8.60909154
1fb3a71,0.30162636988410774,720,0.3474892981750388,0.35249528075890696,-3.780475185032916,0.977188151,9.76886654,9.20892803
100e751,0.3027704144423238,1219,0.28600068620148766,0.28285091749361013,-3.7190103855902046,0.975742038,10.2470369,9.51939744
12c0c71,0.08948921016856652,646,0.065553997281785,0.07223658071898133,-3.7792839266013183,0.97716096,9.77744579,8.30081764
1305171,0.46046907245969115,861,0.41720864228966514,0.415138177120159,-3.687967310243672,0.974977186,10.4917898,9.52674161
1703f71,0.2610526269187918,1390,0.296097626765718,0.29192139295316766,-3.6641727538179185,0.974374639,10.6622581,9.12156266
1c600x91,0.44856887221584185,962,0.3654716536646601,0.3640860857618522,-3.7432370175294127,0.976322665,10.0495319,8.61341799
1c600x71,0.12104615590469557,532,0.2097000143730021,0.20682253900609543,-3.841995436092351,0.978549245,9.2906208,7.73401231
a2de71,0.20386474866230878,755,0.14940779359172424,0.14606675563863614,-3.8044968813937876,0.977729601,9.60111618,7.53115199
e68d91,-0.11187478419644681,1007,-0.08009085134097356,-0.08165227339694342,-3.962912381401725,0.980992324,8.39107132,6.41270916
195a671,-0.03196715712993776,971,0.01068698932879291,0.014632082554475992,-3.7841201923293846,0.977271149,9.74277306,7.87397414
416b4xxx71,0.25724242370394856,636,0.2366443693084378,0.23730093099667107,-3.696534035816951,0.975190634,10.4327021,9.0086218
40127xxx51,0.23213333398461794,870,0.35379054426074813,0.3568618228350372,-3.660931696480953,0.974291451,10.6862297,9.56609051
3be60xxx91,0.30076740795906476,1235,0.19519278652323743,0.1873618967127791,-3.746969266276553,0.97641087,10.0201921,8.57342295
2326b91,0.28825456729243143,1322,0.20945264184039453,0.20508848888390327,-3.79877186777074,0.977601737,9.6402092,9.05339285
284d0x91,0.720071850509469,920,0.5285205602007678,0.5328664387104188,-3.5961367492726786,0.972570515,11.1918859,10.8117676
27e37xx91,0.6206165427998925,985,0.5453269780100735,0.5493511624075016,-3.576248011824363,0.972019516,11.3307323,10.6568111
27767xxx91,0.15351343838594847,962,0.07836376633412515,0.07988795989720926,-3.77117048403748,0.976974903,9.83655453,7.78848384
41d08x91,0.6722919684709097,895,0.742213083509141,0.7550615421468534,-3.5207085809835275,0.970421531,11.7536163,11.0812284
3ee0cxxxx91,0.6028321714361535,679,0.6183249416420459,0.6189751720365024,-3.5765872343232195,0.972029006,11.328311,10.8437406
27e38x11,-0.46035730757618687,305,-0.6629056406208362,-0.6594754680775832,-4.510935766424564,0.989011827,5.17438854,2.6928752
7b6171,-0.09500427328550481,446,-0.07501321995769303,-0.07772158386984146,-4.014088345035652,0.981940589,8.02681255,6.64958367
38419x31,-0.6218827508081674,212,-0.6124896465878822,-0.6172471364918143,-4.420977131538875,0.987977521,5.66020775,3.64164558
b63971,-0.18140682865302557,413,-0.18237122584860094,-0.18604783937610112,-4.013152373916174,0.981923678,8.03303146,5.88438357
9b3151,-0.37676435934466707,208,-0.407242821960268,-0.3993865786773908,-4.30523790467876,0.986502326,6.21509171,4.04432267
212091,0.5564193419083436,587,0.26749856243640036,0.26846789247601327,-3.8229648744691964,0.978137116,9.44745064,7.67642857
b00271,-0.05438618272424046,487,-0.011878063728770427,-0.010294499703689446,-3.9222874551114675,0.980204239,8.70999432,6.79975246
1a55e31,-0.4064445032280276,335,-0.4221123963751656,-0.4138305642847757,-4.301424231351487,0.986450752,6.235569,4.09290167
41a76xxxxxx91,0.3559309344843228,1790,0.4313691640824613,0.4395929538979168,-3.6822261564667036,0.974833113,10.532052,9.78373836
14b3491,0.4439286382031095,959,0.44131149231051514,0.4458275190939362,-3.690254639247718,0.975034356,10.4758987,9.1502175
3f72dxxxx91,0.02391978124980044,1271,0.19522530796545817,0.20043287904438656,-3.7111457585719316,0.975550506,10.3139029,9.05086165
3c3cexxxxxxxxx71,0.2747162081089384,575,0.2918897477135859,0.29810938295963263,-3.7263897716281438,0.975920388,10.1855488,9.63608903
42148xx71,0.4834051792498957,1416,0.5132336373801221,0.5198175140815703,-3.6041057889349197,0.972788233,11.1379576,11.0764477
d27e11,-0.583212635875285,169,-0.5770049816996384,-0.5764100312965262,-4.428606842596487,0.9880689,5.61962748,3.36060861
12af071,0.5896502774672028,544,0.3867833078692192,0.38544630447876566,-3.672837064127742,0.974595706,10.5990753,8.61072247
1375791,0.3696973220875357,1368,0.3882474480352306,0.38469854701972095,-3.7450078292142135,0.976364556,10.0355759,9.58410938
41c67xxxx71,0.4136292513879218,1084,0.4372847342109273,0.4429509275523279,-3.6404596061221253,0.973759719,10.8420343,10.1395135
401ebxxxx91,0.6044064902145498,914,0.7222361169430604,0.7344600777792022,-3.4784680051139425,0.969145356,12.0364943,12.1122237
452f4xxxx91,0.4968189937378934,1527,0.5008688832211226,0.503349562611916,-3.595614564490321,0.972556188,11.1954536,10.8306439
3712dxxx71,0.7279294857883003,949,0.6336431048223268,0.6326000528132258,-3.5781259746621807,0.972072013,11.3173542,10.4643226
401ebxxxx71,0.1763013118083351,1106,0.2291141337865959,0.23349548338166368,-3.8187624701653666,0.978045046,9.48321342,9.01687857
35ba6xxxxxx71,0.570063823337443,369,0.5381130184297708,0.5276079895319253,-3.610184324785607,0.972953139,11.0872431,9.8039228
32604xxx71,0.14233654353121616,977,0.2602596809178886,0.2659913143931074,-3.760078056437565,0.976718077,9.9193306,9.13136409
cbcf91,0.04861982376531026,1246,0.08712129334010833,0.09051134450990368,-3.794096468957385,0.977496771,9.67253971,8.10663018
1a74051,-0.05648449509380024,452,-0.14727582494817876,-0.14454898628530985,-3.940221368486867,0.98055609,8.56998348,6.70811345
7ced91,0.5054234981457882,783,0.4968924415747074,0.4947492051111579,-3.649649625617585,0.973999763,10.7711391,10.0729781
168de71,-0.16061162012047508,971,-0.12219400511233805,-0.12257806167074865,-3.99590870879275,0.981609273,8.15043163,6.77444869
42ecexx71,0.10817730834232561,694,0.02158082751765408,0.011588745305035767,-3.946940383225349,0.980686296,8.51578808,6.44775978
1375751,-0.3083425025821629,597,-0.23478533064870508,-0.22834145017954297,-4.23911279518406,0.98557962,6.60303974,5.32814906
298c691,-0.23050062893690626,480,-0.20131587451671426,-0.1983669263690636,-4.129286627458105,0.983905644,7.25007725,5.05643991
264e291,-0.16865095256470916,571,-0.16955331371039065,-0.15697278687445432,-4.1010886122914645,0.983445356,7.43972635,5.3576848
27c9a71,-0.3109671708544604,388,-0.3608681303533283,-0.3620643953814567,-4.235947919962366,0.985533909,6.62352228,4.29208902
12bdc71,0.24208450145494328,1049,0.15459551155070175,0.14229023663221785,-3.881891794228339,0.979388205,8.98692703,7.02123613
33bd7xxxx11,-1.1619738108028492,341,-0.9730415266225333,-0.9521485557724715,-5.072470432667552,0.993733081,3.3757877,1.50211232
996f91,0.30579034964905116,821,0.24988715958158056,0.2555213588943631,-3.665742509484316,0.974414833,10.6507149,8.61015085
6b9b91,0.43727931425430516,568,0.4131052832792593,0.4089966975876932,-3.615927289648656,0.973108023,11.0393,9.77203545
d77f11,-0.6650974833242819,234,-0.5578601861696074,-0.5550382093715732,-4.4839052192954405,0.98871076,5.35019875,3.17776225
3c3dfx11,-0.8004305775037455,169,-0.7946398570787405,-0.7997833073088687,-4.817744662267239,0.991914999,4.14685345,2.17125262
3f72dxxxx11,-0.948166647187039,205,-0.8271475599902639,-0.8245430282958657,-4.8555121586858,0.992214655,4.04705238,2.06933359
44d9exxxx91,-0.012452646667646972,650,0.01984388658940906,0.014266510685592643,-3.8939178474299063,0.979634599,8.90147209,7.01654874
3ff31xxxxx91,0.5814726322590908,1183,0.7183704670839305,0.6979087134309688,-3.507459570371643,0.970027038,11.8450985,11.7231199
3ba9bxx91,0.6564230304156109,745,0.6071092892551074,0.5963430873705438,-3.5843649282045456,0.972245712,11.2733183,10.8104084
e17091,0.5672149424486486,1104,0.584933594199992,0.5805950396088829,-3.524004915243708,0.970518871,11.7269554,11.3333423
5c8591,0.5008380290793333,527,0.48844144490273084,0.47639046625474,-3.635636020484598,0.973632841,10.8798857,9.82817195
33ce6xx71,0.42216932079133124,829,0.3755162894495113,0.3679736372680318,-3.7191251586188327,0.975744822,10.2460718,9.43168758
21c09x71,0.08378215254916001,630,0.0829558205992387,0.0802971688376211,-3.82382212784161,0.97815585,9.44020748,7.72696803
46e4fxxx71,-0.04305106264404426,369,-0.04574002767876684,-0.03904039212367842,-3.9909098397141154,0.98151711,8.18549919,6.33249664
45265xxx31,-0.6412498902159554,256,-0.6891503615056146,-0.7056480653240693,-4.49992038645907,0.988890119,5.27946806,3.27124904
1aeb91,0.7585834537183657,416,0.6422350462286032,0.6390528475408859,-3.7519511049653,0.976528095,9.98146343,9.84807528
1ef691,0.4791137343455887,876,0.525634066339033,0.5229841117785298,-3.7828221134008246,0.977241626,9.75203896,9.27687601
1a2f691,0.2637289874162952,2169,0.33332821294402615,0.34497112749631503,-3.681156274789901,0.974806173,10.5396147,9.05180242
3232c91,0.4098435628827656,614,0.3325279744105422,0.3543218713963065,-3.6906341526974464,0.975043829,10.4732695,9.10171509
22a1691,-0.14546162375046673,830,-0.11363012408263902,-0.09872434759958108,-3.9797836186001865,0.981310317,8.26529121,6.10584024
2035991,0.5229260249447849,1698,0.4512881169040666,0.44209204970272403,-3.6857400272754544,0.974921391,10.5073452,9.54354272
1905971,0.14361541655466287,833,0.17114666298839837,0.17629875869402095,-3.7820207955494385,0.977223382,9.7577734,8.04460848
3832ex91,0.41973674523816096,886,0.4967124195258533,0.4873449615730809,-3.6764992461216286,0.974688571,10.5727568,9.29426105
1215191,0.5476053483555565,705,0.5145171074278537,0.5161898549895019,-3.562316373882493,0.971626974,11.4317675,10.2073881
13d0191,0.35224387442757105,1387,0.32700030367292415,0.33229887572741607,-3.688118104014492,0.974980959,10.4907398,9.47980675
1743491,0.48976307185181883,1885,0.4357682169067092,0.4339452374139971,-3.6631075412508762,0.974347328,10.6701164,9.53783123
1fc8591,0.3778139047249948,1839,0.41560663490832517,0.4338217913815917,-3.6338674666442468,0.973586168,10.8938751,9.9297145
2cfef91,0.41354156425618227,443,0.42779889831357715,0.41845263948514905,-3.660403645865733,0.974277872,10.6901522,10.2079339
30f6axxx91,0.26443681464253044,748,0.2415657561450972,0.24011579784205295,-3.6894809549793175,0.975015033,10.4812641,10.6879402
3b952xxxxxx91,0.3040817650350525,1180,0.27255873379323065,0.27276860327516106,-3.740802378255655,0.976264949,10.0688229,8.9466811
1f2e571,0.12965693243051293,756,0.22885229318089348,0.22674585276579842,-3.634415511547962,0.97360064,10.889533,8.98271003
da1991,0.7850618165381543,880,0.7903464249602611,0.7816401450866916,-3.4043787568740123,0.966772544,12.5231142,11.5851511
127ec91,0.6504144268729428,1336,0.6935914144759684,0.6919024132173,-3.4839427908452807,0.969313817,11.9994478,12.4965738
17a7091,0.49416461587982724,974,0.4823103825618268,0.4778912019381848,-3.6242373508411787,0.973330571,10.9711332,11.2794013
1ad6691,0.734637469055645,827,0.7411585102951972,0.736643634385913,-3.4974825366003106,0.9697265,11.9096518,11.4987406
1fa2191,0.5478346953395408,2317,0.5377357630086594,0.5381325417293275,-3.6483501360192467,0.973965954,10.7810678,10.1313195
3bd5cx91,0.8760506138522547,462,0.7856138292267896,0.7874888216939864,-3.5267826116823766,0.970600647,11.7046499,11.0386423
327f691,0.5683324710269755,1133,0.5857989122427483,0.5746202883642418,-3.565536755398798,0.971718199,11.4081278,10.598999
3b838xxxxxx91,0.6390603547482239,407,0.5560302053803807,0.5544854876131444,-3.552278956015512,0.971340748,11.5065823,10.5019543
44b4dxxxxxxxxxxx91,0.6109096902706521,1152,0.6260541192084694,0.6288519948031465,-3.556664737927521,0.971466166,11.4736795,12.0008921
9afa91,0.41153200408295,1196,0.415473659804049,0.41803672252921814,-3.556282072541968,0.971455245,11.4765377,10.134491
3c7d9xxxx91,0.47700983605286246,1105,0.5466833028273522,0.5593710223469439,-3.628742706582927,0.973450456,10.934761,10.8504298
1090851,0.0638128410470241,761,-0.025271661357215834,-0.028438997173648773,-3.799284404901213,0.977613214,9.63668728,7.8428644
1215151,0.02774385593115932,456,-0.01712217152708119,-0.00840721347867174,-4.032620516758094,0.982272187,7.90678644,6.23095234
23f7bxx71,0.3139252096974989,1941,0.3302193406919794,0.32305515544806507,-3.812184729306874,0.977900156,9.54004383,9.22852795
3dfd6x91,0.8084678723526894,738,0.7677505674933885,0.7721732710539837,-3.49307542897713,0.969592787,11.9385986,11.3532926
3b35bxxxxxx91,0.13109181186580376,1714,0.29644327333075915,0.2808267049965846,-3.6619131356699834,0.97431667,10.6789513,9.52486889
3965b71,0.28884609646398834,195,0.2763101134451695,0.25470733047886046,-3.7592290455292927,0.976698302,9.92576122,8.43412135
f98871,0.557433809685943,675,0.603046309261218,0.610240421697528,-3.4521434521283814,0.968322336,12.2208223,11.2982471
3ce7axxxxxxxxxxx71,0.5594290466325422,1400,0.545567906127121,0.5496135132051697,-3.5486492735533,0.971236535,11.5340662,10.760464
37e81xxxx91,0.4477078522146554,642,0.3439595356838848,0.34919033379212727,-3.8183298595915556,0.978035546,9.4869194,8.41354311
3705exxx91,0.5758291771089704,1166,0.6347603821817914,0.625586544572256,-3.547837392310952,0.971213173,11.5402451,11.1685791
1a6a091,0.43705855895800233,1953,0.462976107644485,0.4630624017633166,-3.596255752389831,0.972573779,11.1910734,10.1612525
28c591,0.7257979412304763,1310,0.6253377043789173,0.62615418533935,-3.6139504762205377,0.97305481,11.0557241,10.5460322
1c4a891,0.30676993714965417,1516,0.32956921493875563,0.33263665673166226,-3.7166674283972205,0.975685136,10.2668123,10.2225131
1feabxxx91,0.5470150169426171,782,0.39992387856165157,0.39325922691923226,-3.592618381097349,0.972473838,11.2160015,10.1857135
40e10xxxxxxx71,0.628910423418732,998,0.7286262924355167,0.7397423050271978,-3.589276356626148,0.972381691,11.2390833,10.9037734
2c7b1xxxxxx51,0.2157645635603999,969,0.20749333754933894,0.19153877876983758,-3.8785008056973176,0.979318192,9.0115099,8.24075611
43222xxxxx51,0.11431526891207025,656,0.18850242844531373,0.18203517086848953,-3.81969485837624,0.978065507,9.47524261,8.99483197
3db71x91,0.991708184734706,803,1.0651265716718266,1.0542737973637868,-3.39163800841107,0.966346493,12.6003189,12.6590095
117f391,0.5595052133929327,1002,0.5683600160760668,0.5671416762587309,-3.55804373655889,0.971505487,11.4634037,11.1966658
176e391,0.5595730712937511,1895,0.5588322129699022,0.5670871425009417,-3.525135089768243,0.970552171,11.7178621,11.1504892
2576dxxxxx91,0.7492439943306606,1988,0.6028751729764567,0.6120421888480604,-3.5980262464156754,0.972622294,11.1790133,10.5318932
22845xxxxxxxxxxxxx91,0.514278984764329,1061,0.4879047168725486,0.4776871500693785,-3.5545967388030033,0.971407097,11.4891529,10.8096419
3b5a9xxxx91,0.8999073082230967,667,0.7399639780246108,0.7472199232581378,-3.5578111574211952,0.971498859,11.4651337,11.846844
3af6axxx91,0.569712371462138,1442,0.468755812071774,0.46942127765264463,-3.6976589210958135,0.975218526,10.4250298,9.75377009
3aa79xxxxxxxxx71,0.720373870393857,712,0.6887092472340531,0.6885041650967424,-3.436085516402623,0.967809552,12.3385496,12.524211
39660xxxx91,0.2429977401866643,1192,0.10646230830875604,0.10660456842343514,-3.8986765173578553,0.979731281,8.86838245,7.53470788
cd6191,0.5796365332680814,552,0.5184776420553608,0.5237719758458864,-3.6155830826475435,0.973098765,11.0421543,10.342345
127ec71,0.4153084941888965,1362,0.4240512586046951,0.42601893684039327,-3.6409783707740475,0.973773328,10.8379908,9.89125296
33aa2xxx91,0.671599789677355,862,0.5913829815047917,0.5806443231918952,-3.486345223385464,0.96938745,11.9833269,10.8930828
4936axxxxxxxxxxx71,0.7391736999597084,500,0.7736303003981368,0.7670202351337897,-3.413432465977877,0.967072018,12.4694109,12.4305854
e2ba91,0.519341863581068,1936,0.5470299487272262,0.5465783538820167,-3.569649075253115,0.971834264,11.37819,10.4149604
3bcf5xxxxxxxx71,0.29804111690750684,1407,0.41839005494590215,0.4207214195409381,-3.721051633051523,0.975791504,10.2299089,10.5008827
43239xx51,-0.38759600270184835,307,-0.3378482884104563,-0.3426530086297752,-4.036439267367229,0.982339756,7.88276768,5.07618889
352b0xx91,-0.13770554274586475,869,-0.14209845693121867,-0.14916896800184443,-4.1337408859940235,0.983977173,7.22147036,5.44595572
48c01xx31,-0.46704928313222027,165,-0.3599953017354664,-0.35528561604964404,-4.293478831924358,0.986342669,6.27892351,4.40507008
120a871,0.08430976081904959,678,0.1078386311244094,0.11071218711091926,-3.891683757432727,0.97958905,8.91714668,7.19028649
1d0cbx11,-0.6495619498119064,460,-0.667795808803088,-0.66638425506794,-4.6436426511487365,0.990377418,4.74759054,2.68817373
1047311,-0.608950850863556,259,-0.5744818991931119,-0.57516625630247,-4.598393797656799,0.989932006,4.90294409,3.09459862
1d49011,-0.8220219131287368,468,-0.8402812731057732,-0.8356396258915822,-4.879649137839461,0.99240032,3.13690513,1.36466833
43fb6xxx91,0.44010008555463626,635,0.5528106807136333,0.6033920178105839,-3.8201047535308557,0.978074496,9.47174454,9.41277724
49389xxx91,0.4779773719355851,645,0.4321594622576794,0.4479717225484448,-3.771636258284144,0.976985625,9.83312893,10.6115171
45431xxx91,0.5112690384473497,547,0.5854412570165952,0.5917581068469144,-3.579262326695717,0.972103731,11.309288,10.3193559
443daxxx91,0.6526981919194511,175,0.6201404382868718,0.6182954439367674,-3.5190017350457614,0.970371002,11.7675028,11.5121519
3fd2bxx91,0.5738674069110961,512,0.5099161496041754,0.5111653915455846,-3.6402061729655366,0.973753068,10.8440123,9.26273111
4e47axx91,0.6481044658635421,182,0.5688578249319499,0.5488967467024303,-3.6530939422063144,0.974089162,10.7449722,9.91840656
4d641x71,0.4747470665494318,356,0.46524762758954746,0.46092716365835756,-3.6489507993028045,0.973981587,10.776475,10.2865354
455eexxxxxx91,0.32295029056877234,493,0.28191688766946016,0.2915208706458212,-3.730289079588781,0.976014099,10.1535358,9.15902299
194971,0.5170110733046834,775,0.6264774432868238,0.6311687582171097,-3.7659587038364255,0.976854588,9.87516022,9.70618145
801671,0.2446827967579719,624,0.15169831182578628,0.15501885140317437,-3.889312697769997,0.979540597,8.93388176,7.43092698
a06671,0.34234045277224256,1117,0.4163397649349205,0.4217133396246858,-3.6623523885763665,0.974327949,10.6756992,9.05911372
168d071,-0.13715380329686588,447,-0.14318383422047984,-0.14725137169586863,-3.98661110821075,0.981437486,8.21603966,6.21063467
2ee3dx51,-0.5540023200370925,87,-0.6673232017152831,-0.6674288187767157,-4.456976844487108,0.988402629,5.47624016,2.99947827
3af82xxxx11,-0.7719501138490096,135,-0.7908888605073408,-0.7966071208891763,-4.71197329724232,0.991012974,4.47936678,2.42500555
3a73fxxx11,-0.7845158799627934,140,-0.7895567593324561,-0.797989590107978,-4.668756520599171,0.990616069,4.64318895,2.55849515
d73531,-0.44368017187001746,298,-0.4544426835779576,-0.45329821785453694,-4.40423944252317,0.987774599,5.74933004,3.5679377
42461xx91,0.49557995689588935,868,0.4210749563811316,0.42807191454724197,-3.6697054949764136,0.974516026,10.6217623,9.28770564
3c5f9x91,0.5286402649859802,937,0.30470369138108605,0.3033605319551691,-3.665804578623183,0.974416421,10.6502581,9.46534846
37d4bx91,0.573974527867513,1053,0.4587670236888795,0.4455424606692327,-3.651385037846378,0.974044845,10.7579279,9.59228868
3fa76xxxx91,0.6187911694010888,836,0.5994167246919702,0.600321626785094,-3.506132954287729,0.969987249,11.8536053,10.6470325
3d395xxx91,0.4810612664466966,920,0.4368611161431679,0.44338187983721694,-3.616849476639308,0.973132811,11.0316658,10.267496
8c0a31,-0.5881191346667844,251,-0.55375900297922,-0.5644424399370671,-4.365756199012539,0.987294956,5.91648436,3.59717648
c64311,-0.617835678341735,207,-0.6167338314169007,-0.6193424518480759,-4.495445308029684,0.98884029,5.29892969,2.98131737
21c09x51,-0.2991629954244468,338,-0.3204273891170715,-0.32309324675425566,-4.0856023469854215,0.983186991,7.55059004,5.28575721
a06651,0.013581160532391166,991,0.05851321096189292,0.05763148072104419,-3.878380320588927,0.9793157,9.01238728,7.11724384
caa851,-0.2981256959707211,417,-0.21780373387066285,-0.22860678276332816,-4.1654054276782055,0.98447658,7.02786255,5.06839048
11cc891,0.4458370491388432,990,0.4323281142614767,0.4267605045607536,-3.6863915914123635,0.974937726,10.5027866,9.23856647
1433891,0.4176093233345719,876,0.3803633311009622,0.3877235647536388,-3.567384241564351,0.971770401,11.3946428,9.96853168
1a01291,0.33564443972422603,979,0.3177108277803558,0.31596018140972776,-3.686480613633804,0.974939957,10.5021639,9.1649657
13b1791,0.5339332109898223,1255,0.4230283020019154,0.42484539675209554,-3.593135477503961,0.972488068,11.2124453,9.4169828
27bac91,0.47029805539603137,464,0.32975099182104567,0.29963955936241565,-3.7976728776854167,0.977577108,9.64777565,8.88115927
270b71,0.6800225237472479,772,0.4534270518753241,0.4324032113583603,-3.7286296065954896,0.975974262,10.16712,9.32655334
2b3db71,0.18289486750956163,406,0.1850356411692566,0.19682270780354327,-3.737561550122943,0.976187903,10.0946903,8.75558706
29ad5x91,0.23166887554508062,1228,0.2772586053534402,0.2877821937521275,-3.7181189933253465,0.975720405,10.2545452,9.29892965
1edb171,0.273897069333747,1230,0.2413220132185986,0.2504616197240264,-3.745053482032489,0.976365635,10.0352163,8.69428194
26d82x91,0.3994097772431456,1263,0.23471110002436307,0.2351409580524973,-3.770420714056263,0.976957633,9.84207726,8.42539861
43c96xxxx71,0.4799465510213902,245,0.4310523961613727,0.43381536031245277,-3.7057841365115705,0.975419065,10.3602972,9.15528576
b33691,0.3832070282367001,1060,0.4316684396897877,0.4372887543426566,-3.66609949875509,0.974423965,10.6480951,9.37090419
48acexx91,0.4095375254863327,574,0.29980268302821506,0.29350858222342147,-3.730078394669421,0.976009045,10.1552572,8.77678446
3ff08xxxx51,0.23165622286800192,708,0.22746593739843085,0.247793080627091,-3.7900076055409606,0.97740457,9.70111752,8.9943566
12cf351,0.14855014293090982,798,0.07386406134915938,0.06436221160122642,-3.882745553441486,0.979405795,8.98077202,7.38678155
1527a51,-0.4099939065930822,272,-0.44135316018610404,-0.43979314751611887,-4.233963244859429,0.98550517,6.63646412,4.82653251
1af5731,0.0010060024123047554,282,0.09871999254786464,0.09153026798090774,-3.941778027919622,0.980586334,8.55733395,7.36451721
1aacd51,0.20144539015884474,631,0.08268184061760794,0.07734959256752584,-3.868642973477202,0.979113306,9.08422756,7.48255099
29c091,0.4152234022000232,792,0.24560092905777947,0.23833249243938195,-3.8904292870152988,0.979563429,8.9259882,7.72882608
2433e71,-0.22036958204294974,603,-0.2205650453753946,-0.21756432675066034,-4.128994207443099,0.983900937,7.25196743,5.48208031
2d1e571,-0.0070211233430545646,576,0.0029955680134263456,0.005548599240871156,-3.859076348597862,0.978912532,9.15663242,7.63864957
2971bxx71,-0.1793622249083925,206,-0.3296695319288455,-0.3241008094219073,-4.098404874143394,0.983400868,7.4585824,5.33547387
a2de51,0.16499375307286374,579,0.11260941440862347,0.11287118943290891,-3.833465045601229,0.978365479,9.35990238,7.65090297
1530091,0.7142715268009526,606,0.6277169691589607,0.6240673231740674,-3.4676877904937107,0.968810937,12.1107178,11.4836297
1ad2b91,0.6076349142221313,1449,0.5420143122008856,0.5338421084131241,-3.570476024275159,0.971857546,11.3722038,11.075639
2e44c71,0.168370450403179,360,0.14692474973618377,0.1464313587190394,-3.867544456259556,0.979090349,9.09244823,7.73872904
d27e71,0.3624421580396952,604,0.25216034310799856,0.25359339228482497,-3.7111134066874736,0.975549715,10.3141804,8.52053422
e1ff91,0.5176204409591585,596,0.4114156602131984,0.41484061196560057,-3.5746683368360004,0.971975281,11.3420286,9.23402933
1583691,0.25190020993101925,1370,0.27243936830331,0.27248277559493056,-3.596775755033291,0.972588037,11.1875267,9.62036192
1c68091,0.2527233440140524,3472,0.3287136007790941,0.3415074699258206,-3.6220214251158,0.973271408,10.9891729,9.83674328
243e5xx71,0.29863246839013635,1086,0.24358818668874208,0.2435140467396457,-3.6897351801430425,0.975021384,10.4794998,9.47201773
2ceacxxxxx51,0.2631723059264335,862,0.2192244168465117,0.20841387717561624,-3.853350169460044,0.978791435,9.20086384,8.02998117
1099091,0.30218469907321976,1025,0.21329745805912903,0.20677134126798832,-3.811520736965227,0.977885477,9.54583931,7.57198334
1895f71,0.2285999844915909,837,0.186298110665216,0.18492117317186682,-3.7558155564870686,0.976618626,9.95175838,8.95531581
45234xxx51,0.18792519997209023,785,0.10420201929320316,0.10984023371327972,-3.995299076458257,0.981598058,8.15468311,7.49266404
45431xxx71,-0.13458837720893985,609,-0.0046065899835711546,-0.0021982503111326545,-3.9529515160377056,0.980802045,8.46818352,6.84695024
197ba91,0.6314410171585799,1499,0.5967597507791059,0.590723910055942,-3.5368679750316185,0.97089566,11.6248865,10.7304582
1ace891,0.4864396165111447,1880,0.5408139537403428,0.5454702417922916,-3.533672943301004,0.970802522,11.649951,11.0755545
3928exxxx91,0.7339309853848398,712,0.7555509498433233,0.7572220973034026,-3.4957124886206783,0.969672867,11.9212465,11.8426842
78a891,0.839705662538479,849,0.769219961885859,0.7671449913227494,-3.4627424037920376,0.968656313,12.1453457,11.7351039
2c7d691,0.47989701201495594,1348,0.4728470691426739,0.4716017368604867,-3.6720787791516476,0.974576435,10.6045542,9.53366734
268391,0.4112781638005056,958,0.28673758954743694,0.27493422897686626,-3.821706637609064,0.97810959,9.45811462,8.31785877
24f9dxxxx91,0.32103565522311095,549,0.1450051540232759,0.14713290609665788,-3.73755084133763,0.976187648,10.0947762,9.19314634
32d411,-0.6787122959787807,330,-0.7135054227905507,-0.7115517305102099,-4.688467885404164,0.990799228,4.56612587,2.29625863
29d68xxxx71,0.03846605095862479,667,0.08279818864893823,0.08347032037418167,-3.7501614594595813,0.976486051,9.99531937,8.13362708
3f0fdxx11,-0.9697193510026639,144,-1.0155476521461426,-1.02522983240883,-4.9749306589530145,0.993091002,3.74068308,1.7187076
3d2a8xxxx31,-0.7233835585357198,197,-0.7583108210569519,-0.7532066713646481,-4.640842856894022,0.990350439,4.75968933,2.38695673
3cf75xxxxxxx91,0.9054085667285876,963,0.6877849589674764,0.5994602546993324,-3.677433094355413,0.974712197,10.566082,10.1037809
2812fxx31,-0.7630968089817093,111,-0.7224156623004829,-0.7445620954862106,-4.729680562040781,0.991170709,4.41742659,2.41290855
dda31,-0.3244226698460094,223,-0.2288283236269365,-0.21971692148717964,-4.376100230549716,0.9874257,5.8699646,4.1221337
f0ea11,-0.6514199403394654,159,-0.5769265117852831,-0.5627905377939559,-4.421156145586214,0.987979673,5.65924501,3.14265002
e1ff31,-0.5615246210556986,144,-0.4929892453151765,-0.488481188455546,-4.3565048634915025,0.987176872,5.95913792,3.90228829
1af5711,-0.3116820171462384,192,-0.22511952229691373,-0.226211139435621,-4.152396773026633,0.984273322,7.10539389,5.33288633
2fa03xxxx91,0.5639773511133771,2068,0.5198354268496235,0.5256760425738192,-3.587927292988315,0.972344407,11.2484493,10.5134712
20d0bx51,0.5420680591279459,1179,0.5462496608912085,0.5496303207771881,-3.661840172715628,0.974314796,10.679491,10.0777717
1a7a391,0.4892135359777511,996,0.4557183395955944,0.466292233716043,-3.5951377400728326,0.972543099,11.1987143,10.2124305
37d44x31,-0.9251725054804417,247,-0.9430348169317176,-0.948663499719375,-4.9267982248949815,0.992750322,3.88012266,2.12781789
1ee2951,-0.132950109090051,382,-0.2839112366337282,-0.2900835876090274,-4.0328541317967215,0.982276328,7.90531015,5.8181616
2a77f91,-0.1404159593340384,431,-0.12291486193252021,-0.1264768114062445,-4.040742678678314,0.982415592,7.85598373,6.07502747
402f2xx11,-0.9076948001495025,228,-0.7730512592604811,-0.7759961807997762,-4.737750602362476,0.991241675,4.39011526,2.29954133
1915691,0.561469530608651,908,0.6106361148769947,0.6147985285006946,-3.5221830026246606,0.97046511,11.7416649,11.3800683
1c775x71,0.20322512471071094,1600,0.1521702971103064,0.1392540673096383,-3.7430346081390713,0.976317872,10.0511312,8.66511301
2777cx71,0.13958218702434003,979,0.18400453604044179,0.1813830730123178,-3.8924874235893503,0.979605447,8.91149807,7.57275684
1f1ffxx91,0.3014923905778385,1271,0.34369638879411657,0.34564870930741987,-3.7029081984003382,0.97534827,10.385458,9.72827266
243e5xx91,0.34316151123430966,1562,0.35163671674383423,0.3658444813647344,-3.6000579530544874,0.972677861,11.1652317,10.1475396
1a52b91,0.2544589681276141,1463,0.30698602258250474,0.30526032740347075,-3.6974946989911404,0.975214456,10.4261494,9.7251358
455eexxxxxx71,-0.1183680774638625,392,-0.07925211657135002,-0.07558978629037935,-3.903412234751557,0.979827041,8.83584976,7.55212578
4200fxxx91,0.18221841131369207,813,0.24798458546792232,0.23850024352029636,-3.778433989463879,0.97714154,9.78358173,8.21785443
4d77bxx71,-0.07427902047312537,83,0.14370288687270988,0.1577173596811806,-3.802198443467945,0.977678355,9.61674595,8.37994913
258d171,-0.4281067021914024,322,-0.36086980734639146,-0.35558655872563766,-4.2131933030405575,0.985200965,6.76479435,4.79716198
27e37xx31,-0.04080581425487822,405,-0.07791351096203422,-0.07265294051668285,-3.954025331682583,0.980822649,8.45976543,6.81198237
298c671,-0.384230163881087,245,-0.4165692341366307,-0.4194384201317122,-4.290969047975894,0.986308349,6.29281712,4.15347466
3898fx91,-0.23109140004990922,359,-0.21338708730846903,-0.20327743082985292,-4.081087013179581,0.983110903,7.58387232,4.62024806
3c3cexxxxxxxxx51,-0.35571579995290564,527,-0.2314152331555026,-0.23679860716506468,-4.077644035586409,0.983052654,7.60954905,5.87763038
3aeb1xx71,0.18700742701111445,575,0.04494350887215228,0.02609558718895285,-3.852908417256516,0.978782064,9.2043047,8.20241312
20d7671,0.20238648661250422,1727,0.1823487479789504,0.17956735349942582,-3.8377600917070613,0.978458201,9.3248167,8.71819599
106a391,0.4114774582215128,772,0.36911888633432466,0.36503420318263313,-3.5624649767584295,0.97163119,11.4306726,9.828098
e29891,0.321157141005029,750,0.26254078444847256,0.26414186069034445,-3.729121908266823,0.975986087,10.163084,8.86070545
bd6a91,0.4081529785871594,1907,0.4165359016464546,0.4127469671371277,-3.6758948797518487,0.974673269,10.5770845,9.14893458
a3d891,0.5105835916787761,765,0.4808806388652914,0.48189637130535107,-3.634692298983382,0.973607946,10.8873434,10.1017796
98bd91,0.5989810825038591,629,0.49355777312770865,0.501256130467726,-3.6192013880930527,0.973195926,11.0122747,10.5627042
79b691,0.4794186836318057,262,0.4289802447825462,0.4325966125653545,-3.635014682808956,0.973616453,10.8847942,9.71467121
27e37xx71,0.27562186115959764,713,0.27823430231194185,0.28665239092481243,-3.6658802550270067,0.974418357,10.649704,9.3266402
1a8d491,0.4491445657838534,1136,0.29934264718821463,0.3077037155786197,-3.688150479880228,0.974981769,10.4905138,8.75310692
1a02791,0.3360024471831534,1346,0.3318166423990801,0.33312633456835866,-3.6235518943492333,0.973312284,10.9767036,10.2066627
948491,0.5177477217878002,1344,0.51012835111101,0.5272785852375583,-3.536617116082322,0.970888358,11.6268482,10.5532004
2946411,-0.6968529650076721,261,-0.7743599098881724,-0.7762989798756045,-4.900044594725605,0.992553749,3.48449587,1.66018882
47f84xxxxx71,-0.4830105828582119,162,-0.4956578778867521,-0.502904658646069,-4.344051389101146,0.987016181,6.01817989,3.9247997
3c252x31,-0.6408006704909666,117,-0.6607727252465492,-0.6588289266601601,-4.547638058654394,0.989407807,5.08541965,2.98934643
e3a071,0.10960945574589608,795,0.08831649668025866,0.09482462179922156,-3.871842512626124,0.979180027,9.06041813,7.78422136
3ca7dxxxxx91,0.49253297226647713,572,0.428647936112011,0.42603267768033204,-3.649334139803158,0.973991559,10.7735462,9.88910499
9b3171,-0.19068868868053018,359,-0.1095093632028526,-0.1131353281863684,-4.101912043517581,0.983458982,7.4339695,5.77992366
f98831,0.008235470731798242,462,-0.030459440869015694,-0.032560647900869134,-3.851930619341668,0.978761307,9.21193504,7.43768839
ff8351,-0.004914234105535253,773,0.015605189684782297,0.02258619484633756,-3.7436359173013063,0.976332108,10.046382,7.82067812
31516xxxxxx91,0.4816213652564936,966,0.5445449418400466,0.5548533537975299,-3.6369726279754855,0.97366806,10.8693523,10.543322
3d2c591,0.32917236288467044,1079,0.3570574465330316,0.3649409674365316,-3.734955267468892,0.976125761,10.1156511,9.25037501
36870xxxx71,-0.1102657261398768,728,-0.12674809966746586,-0.13820763191205523,-3.994776387829774,0.981588437,8.15833378,6.69692582
3a8dbx91,0.454470731041068,334,0.35764778734857605,0.35912315068864054,-3.6530089620741317,0.97408696,10.745615,9.9963778
a49b71,0.4519611212222776,688,0.3185240223527641,0.31584675805596824,-3.8084457287963547,0.97781737,9.57282257,8.95612335
483791,0.563446078610976,533,0.5686623799935558,0.5660765773151201,-3.5913396163907256,0.972438616,11.2248125,10.2073939
1527a71,0.09317528815752937,505,0.10024554544014952,0.10522356820382295,-3.8469349478134065,0.97865494,9.25123501,8.00574728
38670xxxx31,-0.7082522579561602,115,-0.76652722274976,-0.8102311311295345,-4.780071580404286,0.991604602,4.25555801,2.64484288
12dc371,0.19566714296996107,935,0.15641884115099675,0.15319715890594277,-3.8211868190232687,0.978098208,9.46253109,8.15903414
5d9f71,-0.027021121286934492,380,-0.04703042173405971,-0.04917132125253373,-4.053845128518995,0.982644488,7.77623415,6.09770203
3d124x31,-0.6402940182194665,123,-0.614389626534676,-0.612179304296715,-4.373230553869491,0.987389564,5.88274908,3.48712305
1d69d91,-0.2025265448748258,820,-0.1932626278929591,-0.19213481686112124,-4.08743641848764,0.983217799,7.53719759,5.31896738
37e08xx91,0.07005134809370207,712,0.10535662859287771,0.09813975479692791,-3.84738236450498,0.978664488,9.24769402,7.34809934
1eb8251,0.14791776630482456,889,0.1601062667940241,0.15524329229700803,-3.8467549692014287,0.978651098,9.25266075,7.9263828
79b671,-0.4774261750792559,392,-0.473409235591909,-0.46825404390973874,-4.22529136634632,0.985378926,6.69392204,4.38552123
1040591,0.4457184535659367,1122,0.23204374470328784,0.22343458726161786,-3.6734136289291426,0.974610349,10.5949163,8.79692312
3be75xx91,0.3087038954389714,1562,0.26608635265772085,0.2607866032614509,-3.6968148159812952,0.975197599,10.4307852,10.1335449
1c775x91,0.5118469093466494,1537,0.44182599756990654,0.42893166494721713,-3.5907131750287657,0.972421345,11.2291384,10.3971957
3b3bdxxx91,0.6773857485917841,520,0.6080104345000202,0.6110981080622258,-3.5478476748447614,0.971213469,11.5401669,11.0082292
2522f91,0.47831816567264174,937,0.46513775140905317,0.44249134985616895,-3.74122188812974,0.976274904,10.0654898,8.96394876
12fa291,0.701808343138515,1060,0.7280553517632109,0.7241575727997362,-3.5597159116737904,0.971553095,11.450985,11.2763097
338afxx71,0.5207832145080888,872,0.582387409500732,0.6049634715236302,-3.5444908400056954,0.971116675,11.5658388,12.0992232
41f391,0.941684101885485,995,0.6867390785536106,0.6778012804963067,-3.669378911656475,0.974507702,10.6241379,9.80326491
23a2c71,0.2570695274648387,570,0.23709288649599475,0.2317010602771554,-3.7826695658073954,0.977238154,9.75312901,8.74761317
cddb71,0.0838294121474405,537,0.07296142266103767,0.06811269838366468,-3.8927077517811726,0.97960994,8.90995121,7.52418225
1a74031,-0.23994860303029966,259,-0.2923292617413768,-0.29562211840607494,-4.091188428057477,0.983280648,7.51002169,5.50205407
1386591,0.5784180532445425,852,0.5913983287855561,0.5923288762537543,-3.626289442588838,0.973385243,10.9545164,9.90714909
39017xxxxxxxx71,0.31105066251895575,242,0.18927958114473536,0.186800989427205,-3.7709507479778175,0.976969843,9.83817196,8.70005681
3e1e0xxxxxx91,0.4932180183798956,784,0.4006173737085928,0.40091993625357303,-3.666506798837345,0.97443438,10.6451092,9.61925331
2f625xxx91,0.3244092751739398,789,0.34690143391138584,0.3553517965277618,-3.667132169869749,0.974450363,10.6405306,9.57474107
3cf75xxxxxxx71,0.5718023070599625,1476,0.5770768294673669,0.5622378228990794,-3.565736409007876,0.971723845,11.4066668,10.3965243
1374b51,0.024112724975699128,467,0.017029191517256133,0.015679291485085785,-3.977822321033142,0.981273625,8.27961159,6.76200104
90e671,0.03279429968524554,1647,0.019032661690225883,0.01624212645554912,-3.7287351656360155,0.975976798,10.166254,8.16488589
132dc31,0.05866036575979261,262,-0.16264240047716882,-0.16528348788772507,-3.9328309979346088,0.98041186,8.630826,6.14261158
1b341xxxxxxxxxxxxxxx51,0.3419591785556269,387,0.16433835204610717,0.17557143420772878,-3.8931764232327732,0.979619494,8.90666389,8.21115464
32b80xxx91,0.5840621220081867,515,0.5149054504608942,0.5064862643980457,-3.6509798440023444,0.974034326,10.7610073,10.9085846
23596xxx71,0.37666160502753354,1949,0.39686943940786046,0.39367514165116385,-3.6937941112811057,0.975122565,10.4514732,9.72769928
13de691,0.6337143127958522,1195,0.6385331873160321,0.6444184079030131,-3.513196517611743,0.970198499,11.8085833,11.0341104
2767cx91,0.093127354214282,302,-0.007140795556791014,-0.008391422781799874,-3.799407520816879,0.97761597,9.63584232,7.88944831
b34291,0.4499603848675924,1196,0.3998922070689132,0.3919774604884685,-3.5677646239432175,0.971781137,11.3918734,9.79696949
167ef71,0.25362252596804635,1233,0.3346975694801456,0.3431898968100385,-3.733461968868828,0.976090083,10.1277256,9.59780708
1956691,0.3312229753347306,2043,0.3881472807520576,0.38944452004590296,-3.6281178440337616,0.973433861,10.9397812,9.63673636
181a251,0.37908301217994056,786,0.3581106497195137,0.3531802540980113,-3.6371364348677706,0.973672373,10.868063,9.83627848
1b7bf71,0.26963594139313557,1874,0.2690223311387254,0.2596872374971618,-3.773323714423534,0.977024428,9.82075119,9.21807979
14c5131,-0.3477261435306223,216,-0.41429699976813444,-0.4191488188929941,-4.055235509148725,0.982668602,7.76792717,5.27320627
1b4f931,-0.005835852145274641,483,-0.1427001393376049,-0.1400408881799988,-3.9951298695043294,0.981594944,8.15586472,6.42824378
2f167xx71,0.25945849796189374,610,0.2598644915609976,0.25076332868324724,-3.832460536127524,0.978343736,9.36816788,8.60715309
1aee891,0.019531824524115823,1247,0.11378142870962064,0.11203187603285455,-3.9229166765869,0.980216691,8.70590115,7.18224628
fbe291,0.5188748416166123,467,0.4832534016054544,0.4965863780143182,-3.521264579030809,0.970437972,11.7491045,10.8541999
10cf191,0.6179100887368493,1343,0.626127672840082,0.6324842355779108,-3.5912459752601475,0.972436035,11.2254591,9.95177636
12ac891,0.6895288870357373,575,0.5958033716046928,0.5968934910963795,-3.5521603626044036,0.971337349,11.5074778,10.1776616
1330491,0.5351305203939561,934,0.4640983144133161,0.44633865235908016,-3.534622482792963,0.970830233,11.6424828,10.3015759
1820a91,0.40979101169607857,1407,0.3901881010877095,0.3864765047290205,-3.513790724599642,0.970216202,11.8048258,10.6845198
158ce91,0.5255920777699414,547,0.4806561530174784,0.476588506608068,-3.6037703285912728,0.972779103,11.1402082,10.705746
19cf191,0.42012821343001644,1371,0.40152990873192074,0.4056264057915499,-3.642517912853624,0.973813674,10.8260183,9.46615131
18d3e91,0.6963537238654787,1855,0.531006962183122,0.5253932560612511,-3.5956341683731,0.972556726,11.1953192,10.0829515
202d9xxx91,0.5652087433745338,1749,0.5232791189194195,0.5250778249033972,-3.6753711830157463,0.974660002,10.5808401,9.66360415
1fc8c91,0.4937249952434433,1381,0.5001351073603738,0.5011161352542156,-3.5718274589358736,0.971895553,11.3624449,10.5785487
1f273xxxx91,0.5086981396565639,2142,0.46290146979252444,0.46366824291931696,-3.5702616736206507,0.971851513,11.3737535,10.6227229
3a751x91,0.406228647267146,888,0.49658703193367065,0.507170294932782,-3.704220691426849,0.975380604,10.373951,10.3419542
220f2xxx91,0.5494894452978936,1998,0.3837559034593876,0.3767999226340872,-3.5640867680058896,0.971677161,11.4187489,10.134167
b78591,0.4146652109369792,1262,0.42953009505221135,0.43134196053233015,-3.6225439609980485,0.973285371,10.984911,10.3662708
1e94171,0.39924732634235016,1567,0.4028932975679559,0.4003543548228793,-3.6518866054241452,0.97405786,10.7541199,9.87034137
1547b91,0.28318660068785,1021,0.34035123437936116,0.3379754140688606,-3.7181147922756277,0.975720303,10.2545815,9.96765489
32eb5xxxx91,0.2498782305928349,1410,0.17494138392109745,0.16683901797725595,-3.713012528275138,0.975596105,10.297905,8.36324662
8bc31,-0.7679654231213752,207,-0.6996625700530948,-0.7176454673115664,-4.606864821071358,0.990016932,4.87460613,2.46638489
44d9exxxx51,-0.23096513608684963,291,-0.24373149394242566,-0.24751115827357079,-4.097760831028898,0.983390174,7.46313,5.59284034
1374b71,0.3872416517872116,1018,0.37755585576002215,0.36170013039748716,-3.618388521281414,0.973174129,11.0189638,9.75323193
a40591,0.5441310996450561,637,0.39673477826103765,0.4029803984066715,-3.669636238161072,0.974514261,10.6222658,10.0202754
2c9e4x91,0.040351867274907735,1406,0.25290174656156916,0.25137817242342636,-3.7713968279161256,0.976980114,9.83488941,8.48512268
12ab391,0.6584604405357386,735,0.5158958507642113,0.5075973556646788,-3.493340598591523,0.969600849,11.9368496,10.9160637
120a891,0.5332786266963447,1159,0.5441990687947025,0.54801310948514,-3.619774786209772,0.973211291,11.0075645,9.92362624
1ace571,0.3923006592094763,1990,0.39859294163448483,0.397287811802753,-3.652716333713767,0.974079376,10.7478304,9.98005442
d88851,-0.5005240015892238,319,-0.49474453088355663,-0.49757125223013854,-4.223979601215125,0.985359734,6.70274401,4.21456146
4e1071,0.22588644346882242,405,0.2509663729840345,0.2560930908245538,-3.8474541722499906,0.97866602,9.24712563,7.61344088
d73571,0.23919835549544075,809,0.23466898326260074,0.2378064296850235,-3.7719832755525493,0.97699361,9.8305788,8.18617894
3b2bcxxxx51,0.3403037622581925,1759,0.37689786207677534,0.378021448035553,-3.679097573091207,0.974754253,10.5542212,10.8304432
4b51fxxx71,-0.013085756875605242,479,0.1579403415417132,0.16723413820980493,-3.769634038444878,0.976939499,9.84788322,8.62174284
23596xxx91,0.7930054769904274,1215,0.7532158660063855,0.7475093546797749,-3.477608083062982,0.969118812,12.0423527,11.7801279
3a5afxxx91,0.9026833143029908,565,0.7835705136964316,0.7872659806691515,-3.479078310164964,0.969164181,12.0323429,12.7093283
188ed31,0.14970871025710794,821,0.12225255915547327,0.12043795925851862,-3.9190919315180333,0.98014088,8.7308836,7.75693981
1090811,-0.4595941957004576,190,-0.4822132362217626,-0.48364668285665524,-4.41959833379845,0.987960933,5.66763687,3.58158493
128ea11,-0.5830505286073699,277,-0.541860529550855,-0.537332649358836,-4.537211582505282,0.98929679,5.12582207,3.25213388
17a7011,-0.4029910619314548,254,-0.5633988717886727,-0.5603446053593889,-4.308499482592061,0.986546278,6.19774628,3.91924931
a40571,0.3728144259980834,470,0.25724662422272887,0.260397609816233,-3.7760164971810344,0.977086213,9.80110645,8.60944073
10d0851,0.47419306728943594,689,0.35413704149008624,0.3539444352623417,-3.813939901008028,0.977938911,9.52477646,8.96754573
124d291,0.4375614273635387,976,0.4192792439609974,0.41950565985716487,-3.6945899681066092,0.975142356,10.4460087,9.10860678
1551271,0.16028292419279777,1071,0.43223527862914474,0.47587260215641763,-3.674550880185909,0.974639207,10.586731,8.57602809
1695b71,0.3065029837177237,1107,0.3191099492981732,0.3175338217611514,-3.797755296855807,0.977578956,9.64720726,9.07350159
e8c871,0.24638313203852433,1057,0.21160284100308602,0.2102356178633874,-3.756394774859663,0.976632165,9.94733143,8.49154428
1044e91,0.5577353522307456,1049,0.3721600872419869,0.37210489516125994,-3.7862030194192497,0.97731844,9.72796822,8.49039811
10a9371,0.3580440402598708,1264,0.30639434020262063,0.3071856224829456,-3.7076195173313247,0.975464139,10.3443403,9.84511977
1aaf171,0.2436171488622804,1468,0.24427143548599908,0.23253338304631066,-3.7430836758794612,0.976319034,10.0507431,8.67486161
1fb3a91,0.3188022994521516,1050,0.3322366928467533,0.33681675913326253,-3.798959131966421,0.977605931,9.63892174,9.36888592
244991,0.6271563647992086,485,0.6154156366882532,0.621304529447478,-3.733579751203277,0.976092899,10.1267719,10.0474631
1374b31,-0.30756495805547984,261,-0.33814897178220304,-0.3419744364775568,-4.0991989055044185,0.983414043,7.45298862,5.26372469
33bd7xxxx71,0.026069592499088745,585,0.013988225207849514,0.01725927597989348,-3.9931098580313193,0.981557728,8.17000675,6.47234873
ad9b91,0.19702439660047055,345,0.17979280661236616,0.1773821650648816,-3.8155283909799156,0.977973927,9.51102352,8.00320317
2e09fxx91,0.2880218860633444,692,0.2739385601390129,0.2663253495255329,-3.617226326913722,0.973142934,11.0285511,9.53224417
382fax91,0.13955282518836987,802,0.10393637158838595,0.1050463289482689,-3.8849584276848312,0.979451317,8.96488285,7.53648787
355e0xx91,0.7626309834290246,418,0.421680185404427,0.420258206848913,-3.669874909907244,0.974520343,10.6205301,9.55122728
2847d71,-0.14620757089432174,245,-0.2020515976312722,-0.1992548273481361,-4.104834267311403,0.983507248,7.41365004,5.88037344
37a4ax91,0.08022554459458643,1143,0.053538287888824816,0.054672528299912516,-3.8526988052641333,0.978777616,9.20593834,6.95989814
2847d91,0.07325500545141773,730,0.047315399515551596,0.050238056678720354,-3.897917556669927,0.979715892,8.87363243,7.41593522
1c4e391,0.43511614410622385,776,0.5380536555757739,0.5282159509348022,-3.575526554814382,0.971999322,11.335886,11.2506972
2fd7cxx91,0.24495466259547613,628,0.3620315139784681,0.36555894557375895,-3.6701055518523886,0.974526219,10.6188545,10.6409607
36afcxx91,0.32094370977615166,546,0.39338886248829585,0.38319317151908094,-3.696523314117173,0.975190368,10.4327755,10.5431671
1ea1exxxx91,0.577970993362248,1174,0.5537851163164389,0.5574897283910035,-3.602904971179858,0.972755537,11.1460238,11.1500585
3ad60xxxxxx91,0.8261936999238857,468,0.7509587494559615,0.7495976149046666,-3.437356420925879,0.967850437,12.3290796,13.7776536
3ad60xxxxxx51,0.5002269762139417,832,0.5175021388932652,0.5209275628299268,-3.6313516884927552,0.973519633,10.9138813,10.3037649
49cacxxx91,0.6023230086236377,603,0.6203664710333352,0.6306102543154879,-3.483126893231178,0.96928877,12.0049419,12.436561
48c01xx91,0.4717634008081268,613,0.6404310466402267,0.6530200611201668,-3.4909641476154287,0.969528521,11.9525623,11.0571899
46f3dxx91,0.6644561682946987,454,0.795759028118926,0.8066639984464724,-3.481011827889317,0.969223745,12.019227,11.3254676
503f091,-0.03623212254751809,328,0.06976375922939981,0.06399609172870345,-3.999059109996227,0.98166712,8.12857437,6.93263362
4c356xxxx91,0.49006435749771926,424,0.6794675895366342,0.7174479480988849,-3.4101231985090714,0.96696287,12.4889297,12.1202381
4c05fxx91,0.43641602398097984,669,0.6336451802321408,0.6487560532542593,-3.5345177908309684,0.970827179,11.6433058,11.5647888
130c071,0.134496938255512,838,0.09617455952255469,0.09659543407208782,-3.8675518213067814,0.979090503,9.09239292,8.5574734
484bbxxxxxx91,0.40100904380096775,592,0.40626938516000344,0.392251572169111,-3.6333670586637257,0.973572947,10.8978453,9.8464602
8d8911,-0.7456552033304472,229,-0.7234313643869741,-0.7208618773003075,-4.67022638776583,0.990629852,4.63730001,2.38582391
39be5xxx71,0.43452033358767245,921,0.5115418924128705,0.5336637552035957,-3.659808926398807,0.97426257,10.6945772,9.6990556
24f9dxxxx51,-0.3760942298584534,233,-0.4639525254489162,-0.4774640583279043,-4.228551703113065,0.985426518,6.67214489,4.64445994
1a1e591,0.4600585379264143,1788,0.49133168707838437,0.4873666666969715,-3.5532113059783113,0.971367456,11.4995604,11.0337724
31d13xxxxxxx71,0.4258621334563033,1370,0.44690208772634205,0.4490469460936007,-3.6831749159750804,0.974856979,10.5253611,10.1929169
2c7b1xxxxxx71,0.501802416730698,541,0.3332286707341684,0.31822602594418753,-3.670304913941475,0.974531297,10.6174068,10.3292401
2c7b1xxxxxx31,-0.03350864288571051,549,-0.04087704436733167,-0.03971042168625569,-3.970381356552027,0.981133763,8.33465672,6.80972114
1ac4791,0.4372144427011192,1719,0.4465599134938067,0.45603140276349274,-3.64745459495309,0.973942629,10.7879286,9.59324294
a06991,0.5476273339056067,959,0.5795063512278429,0.5880858999276763,-3.5371909343451606,0.970905058,11.6223631,10.8358741
1047391,0.4441207592905228,1139,0.42255690189745937,0.4207407793462924,-3.723615174301107,0.975853484,10.2085285,8.81622256
12af091,0.38007744110957575,1480,0.4320880359339185,0.4337406805259231,-3.628281185585924,0.9734382,10.938468,9.57271811
12f3391,0.44494524423714826,2211,0.46093620696887605,0.47124030548150914,-3.58530266434969,0.972271726,11.2667522,10.115394
1bdd91,0.7455655860513568,538,0.7385890650741973,0.7260575806611727,-3.6440475898778524,0.9738537,10.814167,11.8717557
21f471,0.8263922083362021,565,0.6973442821261617,0.6954440711539243,-3.7009502944590347,0.975299957,10.4026966,9.88931274
6b3591,0.5545120017141433,761,0.7314429857571243,0.7460580236323212,-3.5663654759238113,0.971741627,11.402072,10.9029881
513091,0.6493906901390646,602,0.48241242329434036,0.47871868340153334,-3.6958206888413283,0.97517293,10.4375782,9.30168915
a54471,0.6445922254794887,865,0.565401017412801,0.5516280562426146,-3.586413555821637,0.972302512,11.2589922,10.5505453
9e6891,0.6194878513632514,843,0.41037890069661564,0.40111593314036215,-3.640359002504142,0.973757079,10.8428192,9.93063707
6b3571,0.3654457514262261,528,0.642298595400567,0.6684250618878312,-3.630683039183566,0.973501921,10.9192209,10.6617502
9c2291,0.7632241557802998,337,0.7159643496276468,0.7077516416910583,-3.4448127427506123,0.968089263,12.2740526,12.4468536
17dd091,0.40295941875393576,1420,0.42544869709342203,0.4211339488085812,-3.5503800127056704,0.971286274,11.5209322,10.8623939
23c7bxxx91,0.7509809180282437,589,0.7157076204389949,0.7150207885556856,-3.5728455383874347,0.971924151,11.355113,10.9893177
3d06axxxxxxxxxxxx91,0.7416591068597217,932,0.7498749393702252,0.7574834414222403,-3.5164123937654144,0.970294183,11.7883024,11.7800645
3cbc3xxxxx91,0.7636354512073266,1054,0.8635424490983646,0.8720534471754884,-3.4608889164397314,0.968598164,12.1584206,11.7728823
25ec1xx91,0.37265477297817917,1079,0.4426739537819074,0.442442396171062,-3.6042555515412595,0.972792308,11.1369534,11.0163339
1013a31,0.29392508127718286,851,0.26414538727446024,0.26551224676943475,-3.6739914721622546,0.974625016,10.5907545,9.07689432
23f7bxx91,0.4919359015036855,2218,0.4816410518510509,0.47715465694493,-3.6524278406114403,0.974071897,10.7500153,10.7413483
221e691,0.5517229147001951,678,0.4693466762030751,0.46342030660007855,-3.594219267327494,0.972517869,11.2050056,10.4350785
41c67xxxx91,0.8076337682068607,785,0.8859270594129257,0.8920748203892764,-3.414849560005746,0.967118647,12.4610901,12.297476
409cexx91,0.7584447174475525,988,0.7954383985165062,0.800184362358935,-3.5093489553679613,0.970083615,11.833025,13.2047424
369a0xxx71,0.20890650615914338,589,0.12790342868301283,0.10911963863796971,-3.733280428883582,0.976085742,10.1291971,8.88894771
1694e11,-0.5810955911235106,202,-0.5464429548858581,-0.5432514780447516,-4.532661542078256,0.989247979,5.14378929,3.08388285
18a9231,-0.41539445029588185,252,-0.46089863901783695,-0.46066294403003294,-4.320254812320161,0.986703505,6.13648367,4.27451383
1cb5531,-0.2827010263095241,526,-0.3597937468647415,-0.35602300337851855,-4.139018152122067,0.984061507,7.18803072,4.9100644
18a9211,-0.5364755674407556,206,-0.5891347965890773,-0.5873825960821163,-4.429163777835658,0.988075543,5.61670017,3.54002116
2804391,0.40004415686579103,568,0.3516613594435928,0.34873945280729485,-3.688968418071113,0.975002224,10.4848242,8.78919044
9ae391,0.5219057976111526,796,0.5396820144730499,0.5482582271967765,-3.5969451479825247,0.97259268,11.1863728,9.54169171
1a59d91,0.5809109139695046,608,0.545699215787137,0.5368899849664756,-3.6051715576124606,0.972817219,11.1296616,10.6935225
1bb8d91,0.5099104539419349,1945,0.5824813889179619,0.5799214024392368,-3.6100079797587497,0.972948369,11.088726,11.1545927
1b7bf91,0.6916455884733411,998,0.6380794274967132,0.6408886573789032,-3.5685770702376143,0.971804054,11.3859663,11.408709
29d32xxxxx91,0.45021919423151896,909,0.4575412124299304,0.4737362878960421,-3.6458629157674474,0.973901121,10.8001595,10.8954562
2538591,0.4098158637267127,1409,0.42663217213373966,0.4232858936953824,-3.598034282183315,0.972622514,11.1789589,10.9265759
4c5e3xx51,0.21138225931245702,544,0.28876368426514504,0.28591868474004023,-3.700154458760147,0.975280292,10.4080811,9.40256911
3b3bdxxx71,0.3813015463594859,524,0.3133682981984602,0.31731084695145717,-3.7650218512305362,0.976832894,9.88215256,9.11997927
165ed91,0.18040104178451016,940,0.21191638840224386,0.20702140835183416,-3.6953359323844985,0.975160892,10.4408951,9.46681448
1897d91,0.5820286775000114,1366,0.5257110490348184,0.5239795073194877,-3.5049951856568082,0.969953082,11.860919,10.6598687
36b8fxx91,0.6746627469339712,1050,0.6600867769047001,0.6646796360370949,-3.494418775499587,0.969633607,11.9297476,11.086718
29b0cxx91,0.31994449305534534,1722,0.3738555125067299,0.3768651029235356,-3.675785752001087,0.974670505,10.5778666,10.7866727
1af5751,0.388822992031481,416,0.42587037299493713,0.4240593218632651,-3.820745673908588,0.978088544,9.4662838,9.28200355
6b3551,0.2722997359226549,567,0.5002089527119761,0.536132495747399,-3.725202957036826,0.975891793,10.1953573,9.98612037
2ee85xx71,-0.2796614518750206,261,-0.30272499826855515,-0.2911621875450852,-4.128223590013515,0.983888526,7.25695705,5.47405712
3a111xxxxxxxxxxxxxxxxx31,-0.05330725843008731,499,-0.1343934926721803,-0.1249152715026381,-4.015956095897773,0.981974288,8.01444817,6.10399393
59751,-0.02823233012814281,300,-0.2655761692402242,-0.27001097460558426,-4.29285189277983,0.986334104,6.28238535,4.72611677
ffb591,0.6536349244011792,306,0.6307355612043636,0.6361866237744573,-3.5034863526799547,0.969907712,11.8706446,11.7012106
117ac91,0.5582609341998539,1656,0.4584199260055142,0.4740340708746153,-3.552299891882254,0.971341348,11.506424,10.4079883
16c5691,0.6275573492452234,1192,0.6258303757217867,0.6293393346296564,-3.579643238692692,0.972114355,11.3065882,11.0910398
1ace591,0.7614643870996778,1824,0.8775292935252311,0.8746562051091522,-3.438424564019051,0.967884759,12.3211422,12.22737
1acdc91,0.6016329439715383,426,0.577798911958626,0.5617584806914186,-3.456134020766611,0.968448496,12.1922007,12.1965931
2ee3bxxxxxx71,0.5014345970638704,1053,0.6080149573758007,0.6086138832928465,-3.5575827365167796,0.971492348,11.466836,12.1202005
790471,0.6578198789712191,242,0.6122907071917795,0.6095632878715203,-3.6452992573332015,0.973886406,10.8045025,10.5843588
31fbd91,0.6507341960581913,977,0.5846292970576753,0.5904588205365688,-3.5376381911096564,0.970918068,11.6188726,11.0034485
2ee2dxx71,0.3565085601485813,851,0.3766337398435122,0.37111612852807013,-3.711406370518151,0.975556877,10.3116646,8.8879195
2e16b91,0.5583089701193672,650,0.40667980952631994,0.4054740500752813,-3.695513450488217,0.975165301,10.4396811,9.55378488
2bee0xxxx91,0.6139004464259539,459,0.638415410577003,0.6455031970295803,-3.5219929404130776,0.970459496,11.7432032,12.0535912
d39a91,0.6000650961504664,630,0.5336911841807993,0.5244850035299384,-3.5884823437984283,0.972359753,11.2445927,10.7396322
d88891,0.3300553695549106,912,0.42781947378541363,0.4403380841985819,-3.6912903981051457,0.975060201,10.46873,9.12236375
b31391,0.6452785852629377,835,0.634211179537996,0.6287723539554271,-3.578913523677537,0.972093999,11.3117609,10.88518
a49b91,0.7290174787822915,963,0.6566849113441559,0.6561305601145407,-3.4834322353329616,0.969298146,12.0028849,11.8612859
349aexxxx11,-0.775020843525285,129,-0.8912013909702367,-0.8819294014048095,-4.8617934813995864,0.992263404,4.03126907,1.9766875
7b6191,0.3550054695010103,738,0.2997034383703369,0.2977271565846118,-3.6830373922373036,0.974853521,10.52633,9.13269395
1b49e91,0.8711212002854576,959,0.6593222648970783,0.6645497983408742,-3.5726251953305326,0.971917964,11.356699,10.1938465
1a55291,0.559687758150219,1519,0.5091864287668105,0.5087791169549541,-3.6275963009415855,0.973420002,10.9439774,10.0900186
259b91,0.6034252508234655,524,0.5226328652129487,0.5057735026469266,-3.863896871201614,0.97901394,9.11991787,8.72912832
46ba71,-0.2356556363034951,325,-0.30954786884855223,-0.32170157260862636,-4.1219957982255515,0.983787874,7.29767418,5.37408799
360b91,0.7953582090582669,642,0.677158242012757,0.6803614900040019,-3.6858841445359527,0.974925005,10.5063362,9.89274715
278991,0.7695903530527929,645,0.6495224164397605,0.6537582660402377,-3.650313262805661,0.974017012,10.7660799,10.1821172
449a91,0.5899083697387569,598,0.4333263827597965,0.42800187721420346,-3.6555023199210694,0.97415149,10.7268047,9.25693923
f0cc91,0.45819204401811375,1304,0.2929470094476901,0.29713515468518714,-3.744473182125227,0.976351916,10.0397825,8.53645031
bc7f51,0.4576290270695553,719,0.42021702031045793,0.41170098351795087,-3.6794972053809447,0.97476434,10.5513802,9.26125218
2abeax91,0.2849292114415339,829,0.2317368760586396,0.22431946601202193,-3.788005533210183,0.977359287,9.71521568,8.31545903
4e1091,0.47604325200495184,911,0.49756319813313943,0.4931189297814663,-3.6681838530884785,0.974477219,10.6328468,9.29216003
19de91,0.47300529747231146,900,0.5264959251075446,0.5341954442354492,-3.8165259794442927,0.977995889,9.50241852,9.9415248
1a55271,0.42526621658598074,1241,0.39309354109620304,0.39249278745306576,-3.6961373288822594,0.97518079,10.4354124,9.09825193
360cexx71,0.2975239509314075,551,0.24913856336041618,0.23910416500802534,-3.8421930244151623,0.978553483,9.28903484,7.82461724
eb2811,-0.8484786495217166,1104,-0.6783950650182984,-0.6830823573804214,-4.690240611479719,0.990815524,4.55939293,2.58656957
40e10xxxxxxx51,0.8267104223567535,586,0.7399777426383294,0.7368816605681173,-3.526893096407345,0.970603895,11.7037659,11.0519691
3e2491,0.5016227356251822,869,0.45030339689841314,0.4562596982966912,-3.763131042733855,0.976789048,9.89631653,9.19543809
3e122xxxx91,0.3825222687292269,1391,0.47432532269982797,0.4681473088399149,-3.6555343532282842,0.974152318,10.7265625,9.795784
1a68591,0.30260737735945453,2777,0.35211688764297716,0.3571205075246722,-3.694478620229176,0.975139588,10.4467726,9.10819244
303691,0.7465378097317181,1253,0.6948707473864585,0.6980230631098161,-3.586860121998478,0.972314878,11.2558784,11.4530358
78ca71,0.43001551285035755,597,0.41342824364447706,0.41800940245203916,-3.649412925022023,0.973993608,10.7729454,9.88897822
745771,0.5861332551713869,805,0.5559808695039841,0.5514788928723171,-3.5917857747817368,0.97245091,11.221736,9.98857234
630e91,0.519768255579567,952,0.4905901860202097,0.4909856978293082,-3.6199399440506816,0.973215715,11.0062094,10.0935751
29d68xxxx51,-0.194105208043927,445,-0.2155882442819703,-0.21945465189322524,-4.001922111533302,0.981719532,8.10887146,6.2797429
3db1fxxxx71,-0.054400125191033294,383,0.02328324946402169,0.02504659742140954,-3.8063239770722066,0.977770254,9.5887537,7.81679652
28ceaxxxx71,-0.2240784707022152,169,-0.37963858598959005,-0.38253942158398413,-4.0924769273383745,0.983302177,7.50075817,5.09136083
194911,-0.9627374604160451,230,-0.8086142455054128,-0.7827138137369399,-5.013703094989056,0.993353754,2.64939641,1.0892824
ccac11,-0.8535341170311077,239,-0.7941386758824878,-0.7910490549356674,-5.065479358697861,0.993689115,2.68958266,1.11685591
27ada91,0.1399924779558429,502,-0.026869495765259408,-0.02092402068501658,-3.8103016484831747,0.977858501,9.55650806,7.43684915
ba4091,0.734474427323639,1498,0.7282609133049381,0.7253233888571101,-3.38887492592912,0.966253377,12.6173201,12.3612812
47a42xxxx91,0.1617024800769635,369,0.18632076168269646,0.18687679073309527,-3.7726665800465007,0.977009325,9.82556534,8.91544635
1b6fc91,0.2734710119530193,1705,0.2530498945117764,0.2518271780788009,-3.77935021880028,0.977162474,9.77696705,8.47033046
bcf391,0.30339744648756595,640,0.3396749321034444,0.34298825004420297,-3.764854170628157,0.976829009,9.88340664,8.4034459
46f03xx51,-0.0591393817030229,308,0.16621356737008738,0.1789067310574787,-3.712422509698224,0.975581702,10.3029528,8.92317024
e0aa91,0.2859481184989571,756,0.25657471262240594,0.24893685668460147,-3.5917245042175123,0.972449222,11.2221584,9.75579188
1661c91,0.5181809623751747,617,0.4884885627847778,0.49918541964889146,-3.550229712613631,0.971281958,11.5220709,10.6003324
1c54591,0.41760342019736507,1192,0.36635486363449815,0.35767989950207474,-3.686844286473227,0.974949069,10.4996233,9.39776494
3ff08xxxx71,0.6322396868543956,559,0.7015079738773746,0.7222077708574057,-3.5509940191040434,0.971303899,11.5162859,11.3677709
801691,0.6253980253290753,607,0.5367308579262968,0.5409302092589939,-3.5689961544457938,0.971815868,11.3829241,9.90284612
1a02771,0.03252631937632143,828,0.024006145025373564,0.02262984327581531,-3.7723727214604668,0.977002568,9.82772064,8.0555238
8b3c91,0.43632081651162846,770,0.4311251941980457,0.4247992372220951,-3.6436545713471173,0.973843422,10.8172083,9.76571597
46395xx91,0.4828527545992621,530,0.5442875138702923,0.5390191617889096,-3.5081103684465695,0.970046538,11.8409348,10.2720478
119f091,0.306054961542235,1548,0.28700499998532586,0.31229956261020136,-3.6668180073234256,0.974442335,10.6428299,9.87989925
12c0c91,0.5163858603504268,653,0.47279230662988814,0.4661859341416626,-3.5534652800353093,0.971374727,11.4976492,10.0977924
138ba51,0.4671772169845862,1149,0.5270165327856556,0.5186874285765053,-3.599854146444774,0.972672292,11.1666107,10.6632197
18f6291,0.41399164344939754,1656,0.450971055689414,0.44930483846559055,-3.5166367520986612,0.970300847,11.7868385,10.5826991
16d0791,0.43504830795302446,1660,0.5175037249563924,0.5234349246641797,-3.548768737784877,0.971239971,11.5331573,10.7452663
18f4e71,0.5629544554448466,981,0.5616379253399416,0.5594425010523476,-3.563272562572076,0.971654091,11.4247303,10.4977182
1337791,0.559177033797278,1207,0.4551136844120227,0.4535202903987185,-3.6461926011236434,0.973909724,10.7976227,10.497068
37af0x91,0.7837698624591657,418,0.6546712273401195,0.6549737751641151,-3.525115190366849,0.970551585,11.7180223,12.7976497
12b5371,0.38063220627560923,1079,0.4477529831700198,0.45052129314451517,-3.755865127086571,0.976619785,9.95137978,9.43529334
1a86291,0.4838820083985184,1011,0.49358638687051754,0.4915565629981155,-3.595448493481868,0.97255163,11.1965895,10.3781527
b2f291,0.5211390913875731,1381,0.4307358871331394,0.42176937579220597,-3.654794869856407,0.974133197,10.7321301,9.89258986
23a2c91,0.258697809932064,1325,0.35945102660786876,0.3605435690900081,-3.6795033078751875,0.974764494,10.5513363,9.58882141
1bfaa91,0.6312346445287893,1607,0.5927704555454708,0.5942846422960535,-3.6208786212012396,0.973240845,10.9985151,10.425847
3c908xxxxxx71,0.3581581307533479,797,0.26211270017690746,0.2635196372430131,-3.7110998282058354,0.975549383,10.3142977,9.00815289
2dcabxx91,0.4736904781465743,835,0.5404117523474645,0.5540593909149326,-3.558548030934828,0.971519853,11.4596529,10.4229607
362c5xx91,0.336265214088037,986,0.5420632392660909,0.5505342575783071,-3.619963353573797,0.973216342,11.0060167,10.5377432
491b6xx91,0.496373910375197,681,0.558098770586592,0.5647555798474894,-3.60202206231275,0.972731472,11.151967,10.7064725
1373551,0.3472655510162089,1081,0.3863176331518242,0.3874037324646897,-3.682542852844103,0.974841082,10.5298166,9.91712013
1b4f971,0.2240975620081788,1090,0.2186475060691013,0.22076722708645002,-3.8440071777597593,0.978592355,9.27451611,9.06426239
188ed51,0.28308670290931054,989,0.23916549637721168,0.23673047800117472,-3.7449690746111446,0.97636364,10.035881,9.71968431
17e5571,0.14645665721866613,1345,0.15947271378148944,0.1630895920430396,-3.777017225247331,0.977109132,9.79383945,8.77320392
1ee2991,0.3808690488593391,773,0.31559743744313584,0.31607360480991287,-3.7344558579476548,0.976113835,10.1196833,9.18459261
100e791,0.7774015294497756,902,0.6736914067335183,0.675026325148011,-3.5113851296812184,0.970144468,11.8200655,11.3659163
72ef91,0.09657851360527302,305,0.12607184529019477,0.11946965943449017,-3.870515821703635,0.979152387,9.07026577,8.08403015
2767cx51,-0.45904923947261767,84,-0.5271570698074911,-0.523147949742116,-4.280400226124313,0.986162877,6.3523941,4.23700685
16d2f71,0.48032053886420967,479,0.5118523345070443,0.51082538873576,-3.665112108475428,0.974398699,10.655345,9.65404393
1f7cc91,0.2900494427247493,459,0.20981378038988535,0.20739033058262202,-3.845010967831254,0.978613833,9.26651287,8.02026661
28440x91,0.11486716586107568,366,0.19951812259615126,0.20437961626199738,-3.84299832778035,0.978570747,9.28258133,8.48549124
2b57171,-0.022001975764659162,895,0.04178659873770292,0.03834086708074081,-3.89736141377557,0.979704608,8.87748623,7.73637273
138da31,-0.5795857364975758,261,-0.6078821934273311,-0.6069270434986862,-4.580287445131777,0.989748051,4.96546841,2.83931527
1a80e91,0.598082883511445,1170,0.79330143769233,0.7857007350824557,-3.425828379400762,0.967477671,12.3973961,12.6376589
35208xxxx91,0.38900594175262015,419,0.6118564591203891,0.6197487134749915,-3.574373604793583,0.97196702,11.3441401,11.7975793
e2c391,0.3698506348309011,769,0.3684102428183303,0.37117014820444016,-3.6912019891115304,0.975057996,10.4693413,9.16495397
1090871,0.41617381807346127,661,0.3522867116944356,0.34617031247281504,-3.621186301562495,0.973249077,10.9959974,9.94838773
ce4091,0.24090482376751518,663,0.2225171876946124,0.21194145243630147,-3.599941900061654,0.97267469,11.1660175,9.38764015
126bd91,0.6723157135146364,1050,0.5750923804318807,0.5758601976657242,-3.560766172982405,0.971582956,11.4432096,10.4034929
138ba71,0.4596557191707586,1221,0.46064078940109826,0.45789710958986496,-3.635222826599426,0.973621944,10.8831482,10.1511371
12fae71,0.42460951863669044,1443,0.48450693452677634,0.4912164592919309,-3.6402472452759334,0.973754146,10.8436918,10.2042072
17a7071,0.25225125391293907,1129,0.19430176498741583,0.19272139106136424,-3.8274942367285316,0.978235917,9.40937328,8.22553371
2e409x91,0.30762217802004455,1206,0.3715067343891177,0.371636164535949,-3.64679565120882,0.973925453,10.7929869,10.7949782
2767cx71,-0.4049610888703269,173,-0.4360228194973284,-0.4341130082051193,-4.171112826740836,0.984564926,6.99468851,4.6779031
d97d91,0.46939000401720293,424,0.5281741688801934,0.5236307257387266,-3.591943650897088,0.972455259,11.2206469,9.95394663
ff8311,-0.6549481416716738,246,-0.675668407986413,-0.6816454282312168,-4.580553186012376,0.989750775,4.96453094,2.76194763
e68d51,-0.5818693997988161,182,-0.5463182176504234,-0.5454788061416188,-4.4169270298552785,0.98792873,5.68211508,3.4234537
fbe271,0.18739098944916893,554,0.13795616193970955,0.1403772417448625,-3.761189836746391,0.976743947,9.91092968,8.29667488
1935791,0.5641796548390821,1225,0.508627824043899,0.5173468488701558,-3.5592711467350915,0.97154044,11.4542837,10.6040825
3e0571,0.09786357216922387,1164,0.1821377948117868,0.18101489189745157,-3.9700777914778898,0.981128035,8.33692646,7.08371265
b00291,0.26302253054116986,709,0.26056549567528475,0.26099059606097236,-3.733053477076166,0.976080314,10.1310368,9.18658389
3fa33xx91,0.458556193815798,1743,0.46425328218560946,0.4498896160186295,-3.5305703354481235,0.970711793,11.6744719,10.4921664
2e409x51,-0.01795828036261767,585,-0.07218368868331931,-0.07327853343770227,-3.918324166109178,0.980125627,8.73592758,7.3618569
3acab71,0.20722404120036614,419,0.025235653864172203,0.022013495052384247,-3.9269650335984876,0.980296619,8.67971516,7.14191906
1305111,-0.19523481176168803,254,-0.25337489478465675,-0.25610913980680233,-4.060022385021739,0.982751367,7.73954868,5.61097013
10f6b11,-0.5297192117836024,451,-0.7258779469485839,-0.7257575591165619,-4.563723586574092,0.989576825,4.39976987,2.20221842
132dc51,0.28153551686583816,473,0.24013910749963996,0.24685971472872054,-3.771375542198858,0.976979624,9.83504581,8.12649067
1215171,0.20702421740217042,590,0.1788896469241876,0.18072728887579037,-3.849515075796761,0.978709942,9.2308712,8.02375441
1b68071,0.19498537390249074,952,0.168538806214886,0.1645581990381101,-3.7653466316207855,0.976840417,9.87972641,8.49498984
44794xxx51,0.005840429039478088,101,0.030462849736873607,0.0371076808640535,-3.903653775341446,0.979831913,8.83420181,7.6428205
220091,0.8449845394973033,672,0.8531997439759493,0.8606285753505747,-3.619267163839752,0.973197689,11.011734,10.909587
6c6291,0.36658807541202004,580,0.3913637092286444,0.3897075300290755,-3.7129283239511426,0.97559405,10.298624,9.47914886
1989b91,0.3542235383431495,2089,0.42739695414319606,0.4165827919612409,-3.7346930945286534,0.976119501,10.1177673,9.19978978
fcfd91,0.8421047764371984,533,0.6998041147094904,0.7000179865694476,-3.418906089338954,0.967251761,12.4373989,12.0487812
1895f91,0.5947590300700121,921,0.6545295261628886,0.6505782314312506,-3.512053671459346,0.970164421,11.8158226,11.3569113
41e55xxxx71,-0.5023879013275843,318,-0.38104736245654686,-0.3728311004069392,-4.200956193532158,0.985018755,6.82909489,4.64415477
188ed91,0.5362741240117264,1475,0.6300601227310612,0.6364469390463974,-3.5371531965389775,0.97090396,11.6226587,11.4449287
181a291,0.4223350406104503,1798,0.5133849685354646,0.5211849990849835,-3.5845441237790503,0.972250685,11.2720623,10.4731527
1a59391,0.5442908522060792,2160,0.5154883590068287,0.5292346594431633,-3.5862119333139213,0.972296927,11.2603989,10.3045267
1a46691,0.42003348584820716,1520,0.47367785929766276,0.4691322790217088,-3.628524045002579,0.97344465,10.9365168,10.4879913
1ac1791,0.37892599446113495,774,0.4556751836813132,0.4688887361010691,-3.613129998503068,0.973032693,11.0625668,10.5170394
22971x91,0.6951621758087058,541,0.605048825271427,0.6072039263140643,-3.526104663351448,0.970580709,11.7100811,10.8751502
1a7c091,0.3371353679686382,755,0.21565739252610408,0.2184304224554295,-3.711593843678369,0.975561459,10.3100548,8.41682728
39984xx11,-0.836990523341246,172,-0.8525844404932228,-0.8647233841516971,-4.776444983523273,0.9915741,4.26654863,2.11052968
3bbebxxxxx91,0.49754994910261874,1454,0.5422038542873063,0.542080174733746,-3.604340898695638,0.97279463,11.1363802,10.7504249
119f051,0.35714983944166534,630,0.23597197101385825,0.23153261097725758,-3.741593673326662,0.976283723,10.0625391,8.42350182
e4dc91,0.49045911061769704,649,0.502433875600318,0.5042405601508014,-3.61038359141924,0.972958528,11.0855675,10.3413955
224f3xx51,-0.3751720298198118,202,-0.4307275464927113,-0.43929799638042694,-4.3077891509071495,0.986536718,6.20151091,4.23006439
3cafbxx31,-0.9120797606164713,84,-0.8876966277887054,-0.8816165740897004,-4.824631151353128,0.991970485,4.12800407,1.94845654
43d05xxx51,-0.20231538022251336,504,-0.16235151245686924,-0.16754132226351234,-3.930296096062143,0.980362143,8.65199947,6.77587128
3a5e9xxxxx51,-0.7767795135063164,228,-0.706538100074724,-0.710921797395235,-4.612655632166988,0.990074575,4.85555792,2.73973377
45365xxx11,-0.8273955735178523,126,-0.7630751251705639,-0.7652878193049176,-4.629079550397423,0.990236258,4.80291605,2.68996253
2171ex91,0.14420157845035395,848,0.1622470678095642,0.1625432614610215,-3.7539624647923704,0.976575258,9.96596622,8.37276693
119f071,0.1891007969985846,844,0.11470529471875057,0.1410719227413314,-3.8006541411020316,0.977643857,9.62729645,8.28072827
2b386x91,0.20371435111874567,470,0.16924333806062733,0.1665433888853524,-3.8476242909380676,0.978669649,9.24578094,8.35867486
24ae3x91,0.8556191282355258,757,0.7147676965712187,0.7061679494051921,-3.5108240176178906,0.970127711,11.8236313,12.3892787
23b63xxxxxxx91,0.4845333554458325,1375,0.5127793974095034,0.515176298156078,-3.556283263654667,0.971455279,11.4765291,10.6875704
115af91,0.6934608357692621,828,0.6728520441155734,0.6610768121384805,-3.547944426159754,0.971216254,11.5394297,11.3984199
7d6c91,0.8259377843580404,872,0.8520663764230333,0.8534723977989793,-3.4540192753414853,0.968381702,12.2073374,11.7061099
42e891,0.880236305505257,454,0.8399729272805586,0.8311792600825888,-3.5431350251594247,0.971077488,11.5762644,11.6568557
3864bxxxxxxxxxxxxx91,0.42572026300274907,709,0.288287063493944,0.27686274588458937,-3.8080637911346265,0.977808896,9.57618999,9.14802551
f3e291,0.394086502625341,1267,0.3960518869378362,0.4080440917705631,-3.585065065094132,0.972265137,11.2684155,10.7442204
169b151,-0.022058110414002553,1344,0.05592845027306201,0.062406262149122156,-3.659815220753364,0.974262732,10.6945295,8.65347349
b63991,0.5511700827522759,483,0.4284757225692559,0.41427411207842885,-3.6528732095257372,0.974083442,10.7466421,9.21087999
1719291,0.5194851932063262,507,0.41873552079140103,0.41968859566707856,-3.564812134884906,0.971697698,11.4134312,10.1546725
16d2f91,0.39599609384509243,828,0.39045249671608756,0.3835579319899642,-3.589952404892943,0.972400356,11.2343998,9.92755479
1967391,0.7284107280195029,620,0.6409533675840758,0.6289457948569979,-3.574589195552426,0.971973063,11.3425951,10.3937519
21f691,0.6801945847635886,679,0.7237847328533396,0.7243286097048884,-3.493892838835025,0.969617632,11.9332104,11.3614643
192c911,-0.27127213897743147,362,-0.3345469758449052,-0.3375209931416629,-4.035976583534078,0.982331583,7.88566542,5.57324101
36ae7x11,-0.7859526786489944,137,-0.7912602047504119,-0.7872158248434874,-4.656808908450098,0.990503281,4.69195175,2.38362371
2812fxx11,-0.8046221581546116,136,-0.8417242133354006,-0.8580944031641843,-4.840759363817809,0.992098948,4.08501387,2.03188529
e1ff11,-0.8732312780803088,141,-0.6961165954787674,-0.6885701701983921,-4.74405772576465,0.991296741,4.36915398,2.46146481
16a3591,0.350534405230273,734,0.32899320208636396,0.33571472416422227,-3.620432854472951,0.973228914,11.0021658,9.5927482
43ab4xxx91,0.6160853158578835,806,0.4933257769158239,0.4930594334999855,-3.645873874152559,0.973901407,10.8000755,9.69418687
1694f11,-0.7360615330870134,171,-0.8333310742292742,-0.8404627706478252,-4.663349238149234,0.99056519,4.66506004,2.7252881
1c54511,-0.7693187940357548,289,-0.7448738435297888,-0.7527794867887923,-4.601632351511102,0.989964559,4.89204264,2.75566424
1c4af11,-0.6830240750572636,381,-0.754289431912686,-0.7577959907329748,-4.677432861748929,0.990697135,4.60876226,2.58002912
1499b91,0.6034405973158682,558,0.4827027148898181,0.4820586555548852,-3.5417778694542275,0.971038209,11.5867329,10.6051671
1eb8271,0.505764734988321,1166,0.5175249098002227,0.5208583088365659,-3.6564588478300792,0.974176203,10.7196169,9.69434005
202d9xxx71,0.5232026300837026,1083,0.5009265267887685,0.4936053244730553,-3.700648032978611,0.97529249,10.4047403,9.56456228
999e71,0.37247494633265754,464,0.39578999945482524,0.4042989106264134,-3.6172789773865732,0.973144348,11.0281153,9.84013425
999e91,0.6589508773792646,809,0.5499976076015676,0.5541104255955606,-3.4989662204930054,0.969771383,11.8999662,10.8349668
4225bxxxxxxx51,-0.10462349471961521,177,-0.17363738036884901,-0.17108872339323364,-4.041296504332964,0.982425328,7.85255861,5.73441549
2a636x91,0.2980143490790737,728,0.2713280992269479,0.2823527758274132,-3.6808581906361657,0.974798662,10.5417252,9.71287184
1374b11,-0.43423468082097655,198,-0.4885865961155743,-0.4882650947348832,-4.287962103094549,0.986267117,6.30958986,3.94158818
57c31,-0.533413273626989,169,-0.3506603022860704,-0.3498516157536825,-4.354057211330934,0.987145447,5.97059345,3.70728918
88131,-0.40576879031654645,210,-0.4094333025206565,-0.41766381783705275,-4.287820263842601,0.986265169,6.31038427,4.16653061
29c8b31,-0.04349063240022196,608,-0.04674321573044481,-0.03635901979250365,-3.994727832566106,0.981587543,8.15867329,6.90455745
1b9b691,0.518424725916898,581,0.44010923335991314,0.4547259920281285,-3.7270306434118137,0.975935815,10.1802654,9.28358988
285e8x11,-0.6763711420756893,183,-0.5866304244255325,-0.5990145804618334,-4.561872985319593,0.989557518,5.03193331,2.90660066
2a45a71,0.24414352038477344,351,0.19416901062777137,0.20036589930340462,-3.7972940063753815,0.977568611,9.65038872,9.04109427
d73591,0.6567759438532753,868,0.5698213883951089,0.5718081451704432,-3.5554465763418426,0.971431386,11.4827852,10.9446259
17e491,0.6644831444346412,415,0.75308509015384,0.7667755907635357,-3.623802040704891,0.973318959,10.9746704,10.886376
4a5391,0.9235509175800722,488,0.8962811379326417,0.887072698129963,-3.596171566427476,0.97257147,11.1916485,11.419801
1f74791,0.6270614383397698,1031,0.6750364082458692,0.6733269510415788,-3.6976464925338135,0.975218218,10.4251156,10.2504883
440c1xxx51,0.2829547773796038,615,0.16455870171783593,0.1685779760391559,-3.8061355086492648,0.977766064,9.59002686,7.92564157
882291,0.4584365907541452,465,0.3957014883740082,0.3964642762329886,-3.709826846804059,0.975518238,10.3252535,9.20069474
2e44c91,0.4209421386941198,436,0.3676023939560118,0.36334980241997367,-3.716025352550642,0.975669519,10.2722521,8.91291222
1adc091,0.2924118530706433,1289,0.2766698677361149,0.2776533637081633,-3.7570541461153097,0.976647568,9.94229984,9.03692979
16a0191,0.4930480585731678,787,0.5122500716331858,0.523604588356276,-3.534153751072792,0.970816557,11.6461668,10.3995737
1cb5591,0.3877728459774235,1490,0.4000980941000255,0.40422856302937404,-3.7411972309992514,0.976274319,10.0656853,9.73230626
1402d91,0.57388624872886,990,0.5327515837801707,0.523551371934273,-3.5287519056899783,0.970658486,11.6889267,10.4991314
194f091,0.45105871406855547,1065,0.4105120590450932,0.40832866615615987,-3.6318900434431094,0.973533885,10.9095907,10.6730499
187b191,0.6320134138717841,555,0.6432874625407733,0.6481895466972198,-3.5453185456526484,0.971140572,11.5594902,10.7182911
42fd0xxxxxx91,0.7635687547097074,770,0.8254207064396195,0.8193183574392897,-3.429117218142151,0.967584456,12.3785772,11.8027426
bb3c91,0.5716756273358897,532,0.4930043108794005,0.4919125849639786,-3.6156418920857987,0.973100347,11.041667,10.9622462
aed791,0.4560380006116474,662,0.48810727505184526,0.4840545047246932,-3.6372104283222693,0.973674321,10.8674822,9.75597382
852991,0.5969027714565327,619,0.5449970019747491,0.5380254048871599,-3.5478427767327,0.971213328,11.540204,10.0324097
e8c891,0.6110444127503726,1095,0.5655635325329291,0.5628528539456024,-3.4772606826875503,0.969108082,12.0447216,10.5742798
d79091,0.6255621466391731,951,0.6030521287816648,0.5989867840293405,-3.547129784230863,0.971192796,11.5456409,10.6923323
13e2f91,0.5415943101865879,603,0.45254212559537815,0.45794302027832157,-3.5608089299269725,0.971584171,11.442893,11.2291999
142f491,0.4339563538707068,1069,0.4769395005867584,0.48356640745266505,-3.6901491798746204,0.975031723,10.4766293,9.70381223
19ad771,0.3162778835671479,645,0.2002989746452461,0.19731254883765362,-3.706312775234037,0.975432056,10.3556929,9.33166269
a54c71,0.6089373837620641,577,0.3756376266747178,0.36955756747941465,-3.741349482686932,0.976277931,10.064477,9.35591595
add091,0.5397171033306952,424,0.49615931877411196,0.5021940167762677,-3.6440699642308014,0.973854285,10.8139944,10.3714729
1c54571,0.13203084096430628,999,0.12844668800410095,0.1250048462313324,-3.9074772530338397,0.979908878,8.80823612,8.00064087
d0eb11,-0.7687460264863306,139,-0.8480617195349995,-0.8404915893270541,-4.74126142365059,0.99127237,4.26164855,2.25373033
4634dxxxx91,0.4125939800504836,409,0.32881362264941677,0.31979350080468233,-3.741866181550193,0.976290185,10.060379,9.0906196
3377e91,0.5136415001035431,355,0.5426838813308941,0.5481579935138099,-3.6243744460379235,0.973334227,10.9700212,9.43998542
33606x91,0.4288457531525488,647,0.41638968416803296,0.41687008170236967,-3.547805468496248,0.971212254,11.5404882,10.7671873
32db1xx91,0.41906349756893313,446,0.29654601020931665,0.2881671902749312,-3.8145021346391594,0.977951311,9.51990128,9.17345018
2da0fxx91,0.5465899931455775,581,0.5249900137986525,0.521136230842472,-3.5758189118969375,0.972007507,11.3337955,10.5232063
1428391,0.2706975890061133,825,0.2607519213255664,0.2603859140907701,-3.7359607472355734,0.976149754,10.1075487,8.54831109
13fe191,0.34248950110178866,1738,0.3719863078540819,0.38248225512637624,-3.6283678551549317,0.973440502,10.9377718,10.4865523
dd8791,0.49949443487693196,778,0.49852934768154283,0.4973654509607847,-3.6004861590797073,0.972689558,11.1623344,10.0057303
9ab291,0.5421514231670224,420,0.4982501358391253,0.49908071261754255,-3.6179753861270663,0.973163044,11.0223694,9.84630174
e62d91,0.4631334648375425,492,0.45932527499461273,0.4590747585805937,-3.673439466561758,0.974611005,10.5947313,9.93414189
933291,0.42006412423350276,724,0.4422978158660602,0.4478969845918008,-3.5466404083810934,0.971178695,11.5493765,9.92006977
11c7491,0.8648556256124232,785,0.7106797706628365,0.7162439631417663,-3.563031110669294,0.971647246,11.426506,10.1106849
19fca91,0.4064629529737137,1972,0.44378168794275663,0.443268950761227,-3.5850088197782988,0.972263577,11.2688084,11.2250613
1b51191,0.23248712879640435,1153,0.2252968146014744,0.22572916273619628,-3.701309143638194,0.975308819,10.3995323,9.74022675
293ddx91,0.44287294365108504,1461,0.44990760997781143,0.4309738471316477,-3.7096883859647476,0.975514848,10.3264475,10.1346224
4225bxxxxxxx91,0.4252460950765548,528,0.2536674084878342,0.261316856436707,-3.731472307346004,0.976042463,10.1438856,8.94091327
138ba91,0.5531342238999503,1911,0.6020647572161211,0.6010256856348923,-3.5843677385850397,0.97224579,11.2732983,10.9459405
ffa591,0.8891451304410011,981,0.9241504116773843,0.9228962140151218,-3.4205123810681433,0.967304322,12.4280691,12.2341743
2522f51,-0.1797533754920018,251,-0.24418642742996002,-0.27433811805018,-4.196544544298758,0.984952517,6.85277319,4.82189237
19be111,-0.8728879970515808,209,-0.8924902198813581,-0.9097639173852302,-4.8229977671427955,0.991957359,4.13244772,2.26131835
108c691,0.5222063641071002,575,0.5710674821640381,0.5747484989926048,-3.441799494108247,0.967992963,12.2961817,12.2345264
1496b91,0.5955099039271567,533,0.5717907395580429,0.5682685108280056,-3.4850897623272257,0.969348993,11.9917421,12.0352232
1373591,0.5821734548416441,1147,0.5705984506830495,0.5677728012497206,-3.6309006635416865,0.973507687,10.9174824,10.650069
492e7xxx91,0.5426988265186707,545,0.6251462682109327,0.6174687368005716,-3.5887653769780896,0.972367575,11.2426271,10.9788337
2943271,-0.02020766534354372,738,0.015728184691351253,0.022457860954298893,-3.891572107912363,0.979586771,8.91793251,7.57073857
14af831,-0.6930828456217201,208,-0.6441563564172963,-0.6468462058741115,-4.568694004850426,0.989628504,5.00696421,2.74821736
2c9e4x71,0.15447819681752226,648,0.22177586536928964,0.22090547409513825,-3.6686072508113203,0.974488023,10.6297579,8.8773029
11cc871,0.22619710598922435,625,0.20040516781889856,0.19577846501632465,-3.783626228660813,0.977259919,9.74629498,8.90874657
397bdxx91,0.10042782316595716,506,0.08757356825047417,0.0828720117529935,-3.922838735130901,0.980215149,8.70640755,6.60764371
29c8b71,0.7688366977054967,795,0.7609422873459842,0.7635455243415583,-3.5184655124048283,0.97035511,11.7718773,11.6949463
12ac871,0.21377256911072615,586,0.1801700635469358,0.18359116193490235,-3.8042211273222915,0.977723459,9.60298729,8.15251805
1967371,0.29893549510057726,581,0.1994666011708659,0.20351621319561025,-3.703437063795162,0.975361304,10.3808165,8.58419858
3442cxxx71,0.5934372556671764,820,0.6600891844811334,0.653316481512991,-3.4848866574910278,0.969342767,11.9931049,12.0480253
bbe291,0.7863030063650419,390,0.7014893963102669,0.7015005864699521,-3.503862433349185,0.969919027,11.8682175,11.6537722
1551291,0.6418346821035206,874,0.7801547272914754,0.8066555033058646,-3.532376275012831,0.970764638,11.6601772,10.2072014
1aacd91,0.3907922115894716,948,0.555057729234275,0.5681521853791967,-3.713511835518243,0.975608287,10.2936392,10.4863422
26c4791,0.6818370805825578,445,0.7363283041682848,0.7273613033733302,-3.6213852677614056,0.973254399,10.9943705,11.6747836
2639991,0.5302014389428698,401,0.5625603355218026,0.5540725244854516,-3.623756653700751,0.973317748,10.9750385,11.3607483
2ad9f91,0.8989017955115015,378,0.7871190246408966,0.7812044632943982,-3.516904303934132,0.970308792,11.784646,11.9233082
b87591,0.32479143042783143,871,0.25043851265877537,0.24339727606944214,-3.6441264186694644,0.973855761,10.8135576,9.16429138
aed771,-0.004063862378634052,420,0.031830141548473675,0.021089446243479887,-3.978971788915739,0.981295138,8.27120972,7.0610017
fd8291,0.2011861952457634,878,0.28012930215772974,0.29001139117779035,-3.6462058245284497,0.973910069,10.7975206,9.19248199
2bf61xx31,-0.3976843317487788,156,-0.4882325405292783,-0.4998940244567065,-4.3733059704420025,0.987390515,5.88241148,3.62201104
2bf61xx11,-0.5138845682494733,161,-0.610640816654584,-0.6133960663982561,-4.513258501806321,0.98903732,5.22280121,3.10962384
1821891,0.5245529522130091,1068,0.5418139789115244,0.5398839065024358,-3.5757693284036276,0.972006119,11.3341503,10.5955118
18aba91,0.3947868604255468,935,0.45115915816143115,0.4501904318598927,-3.6161243194895345,0.973113321,11.0376673,11.1123986
745791,0.7693710387798602,676,0.7062046050522838,0.7162319613238434,-3.475735944968481,0.969060944,12.0551434,11.9940796
16f2491,0.46559257881861377,966,0.45617905248316304,0.45403193341152676,-3.5916628744632884,0.972447524,11.2225828,10.8875885
33514xxx91,0.5995164238421165,468,0.5024436097531925,0.49842239964895146,-3.6454290066047883,0.973889794,10.8035021,9.65556688
1079291,0.31956837495408724,607,0.24630155379215238,0.25278533028644357,-3.824234405554486,0.978164854,9.43672943,8.55103889
13bd351,0.18384057580743401,658,0.13987399673183734,0.13563501695639793,-3.813825724586481,0.977936392,9.52576733,8.20533342
3a111xxxxxxxxxxxxxxxxx91,0.9334255970187332,781,0.9346892663350703,0.9447747214296661,-3.504006554764095,0.969923362,11.8672886,11.5103419
992c91,0.42027021521698765,546,0.4990812249271322,0.5123495133511131,-3.561975122027562,0.97161729,11.4342823,10.5861546
1a1e571,0.0951192006065214,1297,0.07015020000980628,0.06943055215694524,-3.8550127192252215,0.978826666,9.18795109,8.57417708
1b91531,0.14640067520876524,1176,0.21384825611465472,0.21472120829818525,-3.8365382386341405,0.978431864,9.3347559,9.25857133
1f74771,0.3018294260208027,1134,0.26820777181444216,0.27583836213139085,-3.8367500086078534,0.978436431,9.3330307,8.24856391
200dcxx71,-0.021046592343441518,863,0.037550532922814545,0.04881731464916077,-3.958742040866168,0.98091289,8.42309189,8.38823172
1e0ef91,0.26908101559707,788,0.3403421608270246,0.34238619903153683,-3.7240984249293905,0.97586515,10.2045135,9.88147794
3acab91,0.6925332488101593,415,0.5454504234039373,0.5401974598127353,-3.6385781275638376,0.973710302,10.8567457,10.3583527
f98891,0.5775553915846647,1040,0.6290164376788517,0.6390058019734391,-3.4234217945150967,0.967399309,12.4112425,12.19258
1329271,0.36235731922139786,668,0.31978493412520087,0.3150691227277447,-3.7227154493178016,0.975831749,10.2160158,9.8505472
1492f71,0.1895341336097159,807,0.10228121559149424,0.09270979219090633,-3.6035587488379726,0.972773343,11.1416292,9.48554347
362f1xx91,0.3156669524093687,594,0.2367177210284812,0.23210427893828514,-3.7987805291941825,0.977601931,9.64014912,9.21099032
1cc2d11,-0.7598068174843492,123,-0.6613465161793552,-0.6613932793830662,-4.583589141014502,0.989781844,4.95386314,2.69353221
1edfc51,0.3073469927556961,860,0.14761057495879162,0.13691615908973517,-3.8027135471178943,0.97768985,9.61323547,8.32942082
3f6d391,0.47675077721584913,631,0.3734368422041365,0.3717052663415069,-3.6716815494978032,0.974566334,10.6074276,9.92146888
11bde11,-0.5383720411431087,161,-0.49676767799528787,-0.4973390900279527,-4.442100852990116,0.988228817,5.54999399,3.35872298
1542111,-0.6525374420875051,222,-0.6786431115035408,-0.6776994119330428,-4.635865710053155,0.990302292,4.78143454,2.7419639
1f75d11,-0.6585906537615467,250,-0.6453632155416578,-0.6536697165779186,-4.5812152112392885,0.989757558,4.96219826,2.57858922
1cc2d31,-0.5950626596026244,150,-0.567905585064285,-0.5645136094625902,-4.426234019834577,0.988040556,5.63215208,3.40826475
2b411,-0.20057321017975097,264,-0.4669899933593526,-0.469941522843395,-4.262472084631653,0.985912566,5.26652504,3.01959434
d4b851,0.5105021428789714,532,0.38328783288255114,0.38356241403482866,-3.652090310215127,0.974063144,10.7525749,9.37434505
107ab91,0.6310637193677309,534,0.5120209891375731,0.5159225456088322,-3.5808307548614247,0.97214745,11.2981882,10.3540039
e7ca11,-0.6348908903070763,160,-0.6172800036034778,-0.6275841914593037,-4.537639022275629,0.989301364,5.12414455,2.79651613
e68d31,-0.7146472460386762,156,-0.6536842859253117,-0.6501281220296724,-4.4750044884663005,0.988609829,5.39084101,3.00813117
b00231,-0.521439583279425,150,-0.5013733278299569,-0.49676919316951934,-4.487152600062999,0.988747361,5.33561182,3.24555588
1c30e71,0.3931063201248855,834,0.449295767795148,0.436020385645538,-3.6723646965307886,0.974583703,10.6024866,10.4618366
f62191,0.6055339957038613,658,0.5352292749891335,0.5425001535039694,-3.5457823144801215,0.971153953,11.5559378,11.173996
1791471,0.41303127941454065,1249,0.376258720308437,0.3650624529557988,-3.7278325294854024,0.975955104,10.173666,9.77780327
1e94191,0.8360564513642751,1357,0.8172888932011559,0.8105133136579814,-3.4267103163747348,0.967506341,12.3923378,12.4967487
3731fx91,0.7550073879440212,258,0.6771355246723374,0.6814244545558296,-3.5956382495271417,0.972556838,11.1952915,11.8515883
36bce91,1.0137293070657476,1383,0.9384444292790451,0.9328525716442196,-3.3876244421684536,0.966211151,12.6250439,13.732335
2c803x91,1.1445666155853569,849,1.0938235011925073,1.106211927557217,-3.333786969603927,0.964342186,12.9766731,13.4146881
2c2f991,0.7777953345363905,245,0.7682350611329006,0.7714452863503836,-3.4841852420433876,0.969321256,11.997818,11.8867152
3e7d8xx91,1.2762734036206143,684,1.0372167973478312,1.0182129571462681,-3.487612532793388,0.969426221,11.9748564,12.5426847
1305191,0.5238747792453684,586,0.5194675584193761,0.5209730234351604,-3.5910813898440708,0.972431498,11.2265949,11.0933462
17e0271,0.5040097759761484,570,0.5093154548006751,0.5058458820071319,-3.5877470563622653,0.972339422,11.2497025,11.3608035
201e491,0.6785940206859762,1338,0.6780579542685004,0.666880422088742,-3.473412686042045,0.968988981,12.0710869,12.509302
1af5771,0.4968763399138277,240,0.52904710110238,0.5230344893856382,-3.597005644599931,0.972594338,11.1859598,11.0339332
30a33xxx91,0.8833818738950191,387,0.7819054431505563,0.7871262825734517,-3.462505669625043,0.968648892,12.1470127,12.2507747
1e07d91,0.7454579302080456,1464,0.8155773511153958,0.8269436218118684,-3.5004431637995963,0.969815996,11.8903551,11.8901801
1a52371,0.5913732019294794,598,0.5796246978433223,0.5634247710794535,-3.5855687098027587,0.972279102,11.2648926,10.9243821
3bed8xxxx71,0.6725490582054479,242,0.8240696505719036,0.8193032053218728,-3.524531933508405,0.970534404,11.7227125,12.6536372
3b531xxxxx91,0.9702656447914767,584,0.9454472481366027,0.9365189647975013,-3.442352900545479,0.968010671,12.2921066,12.9038297
20d0bx91,0.8254743490561184,874,0.7799310766514604,0.7788575302062765,-3.5758099452473897,0.972007256,11.3338604,11.1964827
42148xx91,1.0189295038851311,401,0.968748839842153,0.9629756539096982,-3.3871049974040406,0.966193595,12.6282578,13.2133249
33ce6xx91,0.8480579687581025,459,0.8211644711729166,0.8176819544203943,-3.4711235099263447,0.96891791,12.086875,12.6712776
2ee3bxxxxxx91,1.0605679285207845,782,0.9932993665840947,0.9962568425886152,-3.3644075919643845,0.965417503,12.772007,13.93015
2e453xx91,0.9116122260884757,485,0.8670961028260527,0.8615732690080362,-3.483399436548698,0.969297139,12.0031052,12.461981
3d3d0xxx91,0.4497905325156607,401,0.4529140512098703,0.4433212838948448,-3.6233872628642976,0.97330789,10.9780426,11.2650816
3c0b8xxx91,0.8486809212101084,579,0.7293810166032701,0.735576145378519,-3.417690610264017,0.967211932,12.444478,12.3835203
1935731,-0.3452857151612296,249,-0.44278423286719054,-0.4439600118990084,-4.270130689534787,0.986020044,6.41199875,4.36647943
f2f131,-0.7494013471459398,229,-0.7556227396431019,-0.7552415479523645,-4.764579836660003,0.99147353,4.30319118,2.24756505
447b5xxxxx91,0.8448766004149167,405,0.8419408203514988,0.8630768600049066,-3.4692887988668493,0.968860831,12.0995865,11.9373521
3b2bcxxxx71,0.7019548512937167,1068,0.6777520294794083,0.6712214555736196,-3.509934591941796,0.97010113,11.8292923,12.6913863
46a9exxx91,0.681496550996826,507,0.9334728210630163,0.9587067402217935,-3.416607327326431,0.967176394,12.4508009,12.5304988
4324exxxx91,0.8092197898500411,304,1.0285889400298254,1.0439833788333217,-3.4872520273742347,0.969415197,11.9772635,13.317891
15fd791,0.5190142028370263,1196,0.5720444325107876,0.5796241447554459,-3.568668151308271,0.971806622,11.3853054,11.3477748
18f4991,0.4982598765187591,1018,0.3706878487299618,0.3771094793427511,-3.5896983759130014,0.972393344,11.2361584,10.0364638
12bd291,0.5655798573696896,1235,0.5959226525007956,0.599918638733582,-3.5730436998465693,0.971929714,11.3536882,11.2883817
13b2b91,0.5666100703453117,1144,0.6086024785186671,0.6122200194687328,-3.460823731293115,0.968596117,12.1588812,12.8299467
1a2af91,0.5332440285520018,424,0.583330736782407,0.5870954776864373,-3.5456026179608546,0.971148769,11.5573139,11.9320456
1fdfaxx91,0.798998795279844,1139,0.7526633492829456,0.7598787912926391,-3.4569371892587424,0.968473827,12.18647,11.9030844
338f8xx91,0.5549543285385717,411,0.7647627111688761,0.7779989856063528,-3.551449306521233,0.971316961,11.5128441,11.8207996
c32d91,0.865068511691696,1218,0.8261990512352728,0.8183707817876008,-3.4153891602510553,0.967136385,12.4579277,12.8265181
997871,0.6892683391364309,894,0.7489441435007943,0.7548724480926982,-3.52635823661878,0.970588168,11.7080488,11.3331123
3fe0axxxx91,0.5657989662032423,416,0.48182932995368927,0.4817674695176579,-3.6681676715971863,0.974476806,10.6329651,10.5526522
3b34191,0.7633714747585042,320,0.543161463094923,0.5340708196086181,-3.6847626995880605,0.974896869,10.5141964,12.1747026
44196xxx91,-0.3998333349167131,357,-0.23200661355618837,-0.23483774922280903,-4.093990125042382,0.983327425,7.48992348,5.71110535
313aaxxxxx91,0.2989445033866179,630,0.36813381432537584,0.37617654537401884,-3.704980218567124,0.975399296,10.3673105,10.1217006
d77f91,0.5066482930815873,1022,0.5064624417683877,0.5103115648213038,-3.668778988822956,0.974492404,10.6285067,9.65024332
1b15591,0.31266712242252304,1035,0.3171456875991691,0.31207440477867243,-3.652582318142994,0.974075902,10.7488461,9.52410595
1a2cd71,0.3921990297272153,1168,0.4260428878446217,0.42258936359123006,-3.6472254346224737,0.973936657,10.7896872,10.8291368
3ee10xx91,1.0332581249387054,578,0.9586799217012123,0.951410536854987,-3.420793222140202,0.967313503,12.4264402,13.3813148
179eb91,0.5245856346597899,407,0.5003049283690774,0.5213850842456317,-3.537956652570705,0.970927328,11.6163883,12.0368511
16bb191,0.4703024676369082,1054,0.46988893348880334,0.4691217617887025,-3.5873523847313247,0.972328503,11.252449,11.4485345
1ab8d91,0.44818305554530913,1090,0.5215067091639177,0.5253297695070529,-3.563039540221052,0.971647485,11.4264441,11.4950984
205d2x91,0.4891082159671245,287,0.4454727696942477,0.4420885627213057,-3.581357667685273,0.972162122,11.2944679,12.4106093
200dcxx91,0.43962867460882266,603,0.4999867093092457,0.5147821425448679,-3.6837333580091634,0.974871016,10.5214291,11.0277698
1fdfaxx71,0.893095204683328,791,0.7819791190366684,0.7856066603742552,-3.412599084746638,0.967044565,12.4743147,12.0735262
3b34171,0.6498036511588579,546,0.786987789252861,0.7925868514951101,-3.562958633564226,0.971645191,11.4270391,11.3927906
25368x91,0.37894877592722725,759,0.5307531342355046,0.5361356881327409,-3.644170674140121,0.973856918,10.8132153,10.4646736
226e7xx91,0.3529479117234968,1234,0.34661774078077534,0.35192563083056966,-3.6848967555970202,0.974900234,10.5132561,10.4081679
2d64axx91,0.7430114189570088,504,0.6891922027395069,0.6836842720676705,-3.5159816618335435,0.970281385,11.7910118,12.553745
6b5f51,0.5263563699827045,713,0.3078233601086794,0.3036935546052213,-3.7343151587788816,0.976110474,10.120821,9.54433324
22845xxxxxxxxxxxxx71,0.40828244323353463,502,0.41426003010551204,0.4104803067493782,-3.661940118516431,0.974317363,10.678751,10.127506
43c96xxxx91,0.8337218356390044,141,0.8182034563891705,0.8167980975176469,-3.512607895037783,0.970180952,11.8123102,11.1627491
28636xxx91,0.45783136732264534,1074,0.4513127024480314,0.4460749251026221,-3.699736175615031,0.97526995,10.4109144,10.4979119
1027a91,0.5959805943098806,1166,0.5146321418971703,0.5083885017707295,-3.537968897822176,0.970927684,11.616293,10.8563197
196b991,0.3166332625081242,1198,0.29278713308840787,0.28738730015099734,-3.685677745058841,0.974919829,10.507781,9.10568648
12cf371,0.4857019974296531,977,0.5776609595127229,0.5834110892098036,-3.6435492114328127,0.973840666,10.8180237,9.74666126
3ca7dxxxxx71,0.49777799700917075,314,0.2987229290354641,0.2975084156898128,-3.727005918176186,0.97593522,10.1804686,9.30062397
12ad971,0.6205063950122551,693,0.6219588370509872,0.625180990054376,-3.489543827641732,0.969485211,11.9619904,11.0086259
12ad991,0.7542521289312376,806,0.6945226094858689,0.6889123298608355,-3.389776400072833,0.966283785,12.611762,11.6677094
1527a91,0.45026953706157885,542,0.3979088737449194,0.40382525657118645,-3.6071075592697204,0.972869794,11.1132145,10.2219473
17d0991,0.6582317912134353,744,0.6609467957645955,0.6570543748365096,-3.5700384538550733,0.971845229,11.37537,11.0785675
41fbdxxxx91,0.4533139430240473,562,0.29389297776095574,0.2862265394520531,-3.8477076029296877,0.978671426,9.24512196,9.18126972
41d0cxxxxx91,1.025720286042043,241,0.9212423910401331,0.9142126807483741,-3.5145815677092975,0.970239747,11.7998323,12.8131514
47df0xxxxxx91,0.537816033519307,520,0.6164334982554939,0.6251021689708998,-3.6160168370931145,0.973110431,11.038559,10.5068066
e71891,0.6916367437882358,526,0.7144539929698203,0.7058704938183978,-3.451284382861345,0.968295111,12.2270164,12.0258918
c1b291,0.8537040336568317,453,0.831559237365909,0.8223775110521376,-3.4124049929612448,0.967038168,12.4754572,12.1758587
13e0d91,0.4822953081988765,1011,0.4730912074357247,0.4731320716120469,-3.5790897737038825,0.972098917,11.3105116,10.403771
a46091,0.520293436024073,742,0.4980160976196863,0.49403905872183196,-3.697469563687658,0.975213833,10.426321,9.8955935
2a25bx91,0.7504416322148505,1263,0.7433486483831068,0.7392365679574634,-3.5947738176625785,0.972533105,11.2012053,12.0159302
39be5xxx91,0.8887070615400402,504,0.9132876627381523,0.9574276089598169,-3.4745182590408703,0.969023247,12.0634909,12.2076334
40e0cxxx91,0.668085449724292,740,0.5848163115312233,0.5769439406912853,-3.6424374924342655,0.973811568,10.826642,10.3498852
4d6f5x91,0.6907050552514776,658,0.8531515583933866,0.8759991840450085,-3.4938595305969695,0.96961662,11.9334297,13.2253782
3db1fxxxx91,0.3421433587178389,405,0.3513838494659935,0.3563677461107896,-3.6546630879975237,0.974129788,10.7331228,10.4968215
43c6ax71,0.4745768526118598,296,0.5420418087414254,0.552697156401582,-3.600699543459113,0.972695385,11.1608925,9.82812852
1a8d411,-0.5035014137925061,174,-0.6113005553467261,-0.6067900548949541,-4.413969829321005,0.98789298,5.69827604,3.61872482
25651,-0.33047427102027244,201,-0.419996641953362,-0.4286185607970109,-4.448159856003503,0.988299923,5.51958227,3.79199365
99531,-0.45535939224379324,217,-0.480573347508722,-0.4812538056008409,-4.627412625206281,0.990219969,4.69063494,2.69539701
79351,-0.6349852394056794,264,-0.6870941020789594,-0.6845313008443512,-4.6212537356349594,0.990159549,4.08749356,2.27310049
108f591,0.4225801787735148,778,0.33215956981198697,0.33441616397158086,-3.7523056341323375,0.976536415,9.97872639,8.63440939
2951cx91,0.3949587260274091,939,0.5035584341666819,0.5028763013810191,-3.646534472727162,0.973918642,10.7949944,9.88503089
29d10x91,0.3843774871991074,945,0.2724614695929683,0.28214565175828465,-3.6880534353613807,0.974979341,10.491189,9.21736791
35a61xxxxxxxxx51,-0.010309421166814657,366,0.09771113007554595,0.09927826051207482,-3.892090876713717,0.979597358,8.91428375,7.87547244
3eedfxxx91,0.5853202551227477,725,0.5242922600212356,0.5187137520162536,-3.601634547727753,0.972720903,11.1545792,10.8924279
2d7f5xx91,0.5350501140508876,900,0.5132326809554522,0.5073253880731795,-3.5654009882553632,0.971714359,11.4091206,10.67684
3b77fxxxxxxxx91,0.4473057929685027,1082,0.42656614116387614,0.41153244389472315,-3.77326926677177,0.977023177,9.82114983,9.4116745
3cc81x91,0.6269674115891346,727,0.5757005682476487,0.5859149827004867,-3.5995702258744746,0.972664532,11.1685343,10.955341
12cac91,0.6294788570588197,1360,0.6468490737412459,0.643486303865623,-3.5294488405583926,0.970678928,11.6833792,11.7102673
1b8d391,0.6265295634228751,1048,0.6026248444943518,0.6007244784748162,-3.529840444519987,0.970690408,11.6802664,11.7776912
1a52391,0.6886243572043976,578,0.7193631464019346,0.7103716160190513,-3.4830072047648724,0.969285094,12.0057487,11.9772714
19b9791,0.5368775019428889,1382,0.5385199901201319,0.5347655766953607,-3.6287951382364683,0.973451848,10.9343395,10.3063824
3e0dexxx71,0.35630357582702626,473,0.3738146972794964,0.3708480290750964,-3.71177529486604,0.975565893,10.3084984,9.19894879
1dc9591,0.581379371703377,1106,0.6530850463214692,0.6549736575276139,-3.555215965214509,0.971424797,11.4845123,11.2205881
1c39f91,0.6086140030554722,695,0.651916732043325,0.6506801862208044,-3.4534096244692853,0.96836242,12.2117138,11.3470882
28328x91,0.5237584276894307,773,0.663530631952267,0.6476304406146306,-3.5654227663267064,0.971714975,11.4089613,10.6352152
1f6b1xxxxxxxx91,0.701260931583989,570,0.8692200362844573,0.8911996599087365,-3.4782509462784486,0.969138658,12.0379725,12.3046769
20ad7x91,0.48585114928235806,792,0.4215117969210043,0.4223878458412249,-3.5278061510306875,0.970630723,11.6964693,11.4746446
31d13xxxxxxx91,0.9304188266151023,672,0.8016799364991558,0.8033847980261383,-3.443432718229914,0.968045195,12.2841692,12.7110396
2ceacxxxxx91,1.0744071719490698,116,0.6812172101699014,0.641174108450473,-3.5631736466642407,0.971651287,11.425458,12.1202463
1381091,0.5352418162106953,916,0.5110085532414185,0.4982148054840932,-3.5051287856533606,0.969957096,11.8600597,10.5899952
27aa391,0.3521147241092889,613,0.26915595069011655,0.27252537699194584,-3.6648319666452056,0.974391526,10.6574049,9.10786907
9b9151,0.085830707533503,467,0.03209456546497057,0.027794427708959693,-3.91822690990877,0.980123694,8.73656654,7.17938761
2990axx91,0.48763423674970824,564,0.3511330947746689,0.33187591365410696,-3.7284288836885406,0.975969439,10.168767,8.45101342
1a47791,0.565063060418572,795,0.5508414342205462,0.5469024382454495,-3.5186930648582138,0.970361855,11.7700205,11.7265308
1ed171,0.3191663209393422,311,0.3745255694078733,0.3765003435274324,-3.7552722800792098,0.97660592,9.95591736,9.50125768
20db5xxxx91,0.6718126632117505,818,0.7663272367670875,0.7639381300733434,-3.480921210183054,0.969220956,12.0198402,12.8206775
2ceacxxxxx71,0.5603299708932653,163,0.5130323634743775,0.510028614724495,-3.6230345991021267,0.973298475,10.9809122,11.063986
90e691,0.8209665668094053,814,0.6547933019866552,0.6342735741568243,-3.524861660474451,0.970544118,11.7200603,12.0406036
12ac811,-0.6536438416085266,210,-0.5394319763165351,-0.5306434769188699,-4.442094906281795,0.988228747,5.55002356,3.03185566
17e471,0.3383306815624552,358,0.49640083784076644,0.5097963192069265,-3.7335544452347715,0.976092294,10.126976,9.70579998
44196xxx71,-0.6578058637669193,111,-0.5190620724469988,-0.5202853874845385,-4.3463057310231505,0.987045418,6.00735092,4.0858122
44196xxx51,-0.7822073405047069,55,-0.7018729091987806,-0.6973051351482266,-4.5655278309690015,0.989595614,5.01850224,2.92944776
42ecexx91,0.48565252739296466,523,0.29299773810742474,0.28037886961894737,-3.7007787710071107,0.97529572,10.4038563,8.35776931
d75191,0.46070081167020355,688,0.4753525266973051,0.4842979545072728,-3.685059439668598,0.974904317,10.5121145,9.04176917
4bbe5xx71,0.11352089796835622,193,0.08065658878591374,0.08561821458362254,-3.9210557279126745,0.980179841,8.71802616,7.07859333
11b4911,-0.5577524429103767,194,-0.800584428124775,-0.8139443621121614,-4.472928537225732,0.988586159,5.40046215,2.88240257
3697axxxx91,1.1498817739080136,803,0.95610062743942,0.9384643400512526,-3.387137358659304,0.966194689,12.6280584,13.150981
1135491,0.4349898605661589,523,0.34935661609830027,0.3517207710968777,-3.637613918111647,0.973684941,10.8643103,10.2509953
12d9691,0.6671910261929176,783,0.5557895223369427,0.5634897746417763,-3.6151394467938287,0.973086828,11.0458364,10.0313756
138f291,0.31726118381278134,1350,0.31946484954112975,0.3175292041386354,-3.7872175293704973,0.977341439,9.72078323,9.1814405
20d7691,0.6117614020868886,1603,0.5207265785703479,0.5120028929574384,-3.601576666255247,0.972719324,11.1549702,10.9745941
b96f91,0.5083321939252559,421,0.4197865529909234,0.41180732742553394,-3.6656457002626404,0.974412356,10.6514244,10.0949684
765d91,0.4542194565398906,779,0.35881076386621974,0.3589184832556198,-3.65341814482618,0.974097561,10.7425203,10.2174107
2ba9771,0.20525574400108354,614,0.05833444836392785,0.060851756178377646,-3.8825723643756174,0.979402228,8.98202038,7.52262937
28ce9xx71,0.07641444305877768,99,-0.07551890170547365,-0.07682546407564625,-3.8756633523606268,0.979259425,9.03224754,7.24694766
12d2411,-0.9953803234615007,184,-0.7919267871527765,-0.785411837101739,-4.905506655319793,0.99259431,3.92730212,1.89001582
166cf31,-0.5869329504463233,168,-0.6093529673212258,-0.605921155165601,-4.57520525263672,0.989695816,4.98351479,2.76390809
397bdxx31,-0.7284086164972354,69,-0.6679943853872439,-0.6765929031308766,-4.443255694125944,0.988242403,5.54415751,3.09423124
38670xxxx11,-1.0052564114181664,137,-1.01612444144902,-1.0415923663375728,-4.99599065224762,0.993234984,3.19919102,1.53712449
1329291,0.6570964777274506,532,0.640468894211645,0.6444979124223984,-3.5203262475418957,0.97041022,11.7567215,12.0988054
46472xxxxx91,0.46170504950479624,326,0.5761485014138177,0.5672619698348471,-3.5773855581467666,0.972051327,11.3226223,11.012227
4225bxxxxxxx31,-0.37047046791275334,201,-0.33990439976158915,-0.3391734091999068,-4.171506164269222,0.984570996,6.9924202,4.86550316
1784291,0.5670962587608805,825,0.5266347058065698,0.5312665152047559,-3.571279439649355,0.971880147,11.3663979,10.2411546
166cf11,-0.8177036448293131,184,-0.7126264864307011,-0.7140686763514209,-4.703562149613785,0.990937064,4.50979805,2.28936034
e3a091,0.4563403358092777,968,0.4591044697671257,0.46598370986567844,-3.548918401127828,0.971244275,11.5320206,10.1915225
455eexxxxxx31,-0.5582119235236574,179,-0.4092168424610387,-0.39741702066646956,-4.221137111938596,0.98531806,6.72198105,4.79402395
d0eb31,-0.8080378109762103,177,-0.8169182241126255,-0.8089975552387078,-4.590052240187323,0.989847672,4.93141174,2.95451326
397bdxx11,-0.9165284310931724,87,-0.8186987905214373,-0.8241582538509957,-4.789962632918375,0.991687232,4.22606707,2.02843534
43c96xxxx11,-0.7451593049717476,82,-0.7947572094327279,-0.7970668161289677,-4.792630644347434,0.991709381,4.18073629,2.09674351
cca831,-0.7234871040508934,205,-0.603842746278177,-0.591541801568444,-4.515550255900033,0.989062415,5.16692197,3.05445686
9b9191,0.6519513174911281,463,0.5944025360816536,0.5875990264886854,-3.5074478265228666,0.970026686,11.8451738,10.9358204
35b17xxxx91,0.6354779661774407,838,0.4656376983303073,0.46485060490266916,-3.753795817291486,0.976571354,9.96724796,9.69947815
13fe151,0.4713465930449685,748,0.36936665892815185,0.36893837025210513,-3.612513515942382,0.973016063,11.0677156,9.3410891
1e24c91,0.23552132832094508,451,0.35029799338215967,0.33614453110439346,-3.720477743095408,0.975777607,10.2347155,9.06835468
1f273xxxx71,0.556769135510652,1014,0.5151967830119754,0.511520986048264,-3.5463947869376637,0.971171615,11.5512533,11.0785358
43c96xxxx31,-0.47606533649613303,132,-0.5696979591814652,-0.5724454182612836,-4.419789147518193,0.98796323,5.6666069,3.48035284
12ed791,0.6119281199500048,1001,0.45068615111066573,0.45682523481274906,-3.5441573813756455,0.971107042,11.5683994,10.2570977
3cf22xx91,0.7120712731382285,567,0.6019515869996312,0.592162514258997,-3.545391349468487,0.971142673,11.5589323,11.1479105
192c971,0.3124998028716301,550,0.34729799464206124,0.3587304209107299,-3.6760206836074585,0.974676455,10.5761833,9.38340466
130c091,0.4724937727647923,579,0.43029298735591925,0.4260223288914609,-3.603190207420174,0.972763307,11.144105,10.6355755
17e5591,0.44315559424016426,1286,0.506771898979492,0.5156233691978956,-3.602389586419978,0.972741492,11.1494913,10.7889216
1d25f71,-0.01616498358679895,768,0.005006610611711146,-0.0012348905673844673,-3.918678554540716,0.980132669,8.73359776,8.21630096
1ff94xxxxx91,0.6514358953983094,1305,0.6826941387734091,0.6806392050839846,-3.566071588531729,0.971733321,11.4042177,11.5682843
1ff94xxxxx71,0.4720773516885953,1007,0.4745462093496537,0.47402199125322564,-3.703584079134421,0.975364926,10.379528,9.92873676
16a6c91,0.5670752772156443,586,0.55774806372202,0.5570454622266636,-3.529613684407079,0.970683761,11.6820679,10.521144
2f8aaxxxxx91,0.6310046541693196,352,0.5564987147858079,0.5509772318228937,-3.551026776703973,0.971304839,11.5160379,11.1142907
2a7e791,0.47792482104379513,337,0.44554506202237637,0.44684009003302005,-3.5870021939529027,0.972318811,11.2548885,10.6941
2a75e91,0.3633943758265106,1043,0.37279036860256987,0.3664075130515691,-3.658376631580377,0.97422568,10.7052574,9.81496723
45234xxx71,0.34292986690529376,407,0.3431438979533311,0.35559150625169483,-3.7722703239654325,0.977000213,9.82847118,9.43475283
11c9c91,0.4841252735621496,1027,0.32088040148716385,0.31234341381098363,-3.6536524745393506,0.97410363,10.7407494,8.84388029
1b68091,0.5307123325482545,764,0.47870196525298936,0.48671996065997736,-3.544522450439407,0.971117588,11.5655956,10.196113
1aa7591,0.5906987260274484,413,0.5838559458475846,0.5851324966996404,-3.549972520632992,0.971274571,11.5240192,10.6346072
1d2efx91,0.5747364265203784,501,0.5906580121605323,0.5930206849345137,-3.599111915496337,0.972652001,11.1716413,11.1873075
1b91591,0.5969549190743145,1112,0.6972581725041651,0.6980664068084912,-3.49808770423476,0.969744815,11.9056978,11.8722757
1fec11,-0.7430013774675694,235,-0.7489283863243744,-0.7283701980329798,-4.704978035160406,0.990949887,3.43352807,1.54870165
4d77bxx51,-0.15802782656490588,46,-0.10842911673816372,-0.09787165135957625,-3.9760557878064575,0.981240515,8.29257774,6.77979044
3c8d6xxxxx91,0.4028715982867635,646,0.4511620364212235,0.4499144865078661,-3.690470919823954,0.975039755,10.4743996,9.65159313
3bebdxx91,0.7399976579716634,417,0.9405728124630695,0.9430864872129926,-3.4543960585596536,0.968393613,12.2046356,12.1869941
1a3e191,0.44441744426099744,1196,0.5100262583274596,0.5146881363077905,-3.6796960707551705,0.974769358,10.5499678,10.3020454
29d091,0.7728835077316453,717,0.7703383086502577,0.772215253732125,-3.580721650516618,0.972144411,11.2989588,11.190614
d4b871,0.4069445450129356,604,0.3805311563500616,0.37772925861146034,-3.4440017460297767,0.968063373,12.279994,10.3873502
2f167xx91,0.7345532908545657,327,0.6093114036089372,0.6023817540850204,-3.5486093626075497,0.971235387,11.5343695,11.4957639
e2bc91,0.8224466999817749,538,0.7432216788152473,0.7383776972617366,-3.4152242193904687,0.967130964,12.4588938,11.9803842
fa9591,0.6982030395951432,771,0.7364992558641006,0.7427398758644946,-3.45632379200852,0.968454483,12.1908464,11.6858321
128ea91,0.6247375174298554,756,0.5633578089908527,0.5596555751079972,-3.588006195150471,0.972346589,11.247901,10.3268738
12b3f91,0.5773611240932829,646,0.5139968461293489,0.5140872855290697,-3.516913128134077,0.970309054,11.7845726,10.798915
2b3db91,0.30722935581603344,603,0.31365897574776036,0.32084949016268166,-3.6809071178067723,0.974799895,10.541379,9.45355342
a54491,0.8618169262134006,1029,0.7602808125090814,0.7484950198399067,-3.357369021192126,0.965173233,12.8179312,11.9182164
4cf6axx91,0.2860027742647805,260,0.320859115655891,0.3154788822811748,-3.888528183072904,0.97952454,8.93944168,9.02258594
2f46291,0.4681420445056574,1250,0.4418784805085679,0.45345735913681456,-3.626571619107736,0.973392752,10.9522381,10.3591003
a20391,0.8754710571325436,893,0.8891558415320362,0.8915861858288616,-3.4135863590982707,0.967077085,12.4685059,11.9410459
19ad791,0.6095216843278569,698,0.5809243845901717,0.5844816713384108,-3.520982635420096,0.970429636,11.7513914,12.2436829
2d5bdxxxxxxx71,0.4383009449460376,235,0.3021653688252615,0.3034551354071309,-3.7244039634525308,0.975872523,10.2019777,9.39616042
2d5bdxxxxxxx91,0.48562074693759344,325,0.5782774563840015,0.5670842712093178,-3.5435288790179,0.971088877,11.5732327,10.8953411
2d5bdxxxxxxx51,0.24998279263278805,146,0.14732101961630054,0.14772113066639617,-3.84110034385112,0.978530036,9.29781437,8.37273935
b4f091,0.6255759818443103,510,0.566615875798515,0.5721196698532203,-3.5003363910884997,0.969812773,11.8910494,11.3915898
12cca91,0.6890913186339734,725,0.6496577941422241,0.6649020391848313,-3.48388986940412,0.969312193,11.9998045,11.1092506
1451391,0.5773240548290244,592,0.5387654143020967,0.5309193662692117,-3.644574036163997,0.973867461,10.8100986,10.6716579
12bdb91,0.6168526028411272,378,0.545849326330193,0.5441605003167929,-3.5204280446255165,0.970413232,11.7558947,10.8982767
1695b91,0.5125662024713304,1151,0.5037789184481776,0.5005098251070934,-3.584249277088453,0.972242502,11.2741289,10.7492335
1d0ed91,0.2513481997587583,904,0.22229715094259164,0.21731871807210845,-3.634429754418914,0.973601016,10.8894215,10.8340008
ce4291,0.7382205065211981,821,0.7064424829573969,0.7030500190297786,-3.4888383531684632,0.969463676,11.9666843,11.5748643
f1e391,0.7047786899536767,899,0.6893668304391711,0.6849453871849387,-3.4593658984255136,0.968550302,12.1692019,11.8657274
1b91571,0.5614219515828746,772,0.669383853847584,0.6729941405868625,-3.5085991125163036,0.970061174,11.8378105,11.6688385
17e0251,0.6464011632708115,499,0.574713614575532,0.5674547487396703,-3.5692060108489336,0.971821782,11.381402,11.3984492
1aaf191,0.677354998655703,687,0.63081581564092,0.6299214424905748,-3.4832568867049853,0.969292762,12.0040665,11.6861338
1fb9471,0.4573293482082438,937,0.4299410868546821,0.41789696999603204,-3.643794966538402,0.973847094,10.8161211,10.3565392
37fa9xxx71,0.6647312622721062,542,0.6605717095521042,0.6640085444106514,-3.5621296999052685,0.971621677,11.4331436,11.7341097
35651xxxx91,0.5298801007811292,320,0.593948868388933,0.6021339215746888,-3.5909046457694123,0.972426625,11.2278156,10.9515252
2b846x91,0.6337800182394311,442,0.579775465271952,0.5791191977481821,-3.6259511161257474,0.973376237,10.9572506,11.1068385
1fb9491,0.6736490679705986,830,0.6273405552358969,0.6204243063093929,-3.5062262523202636,0.969990049,11.8530064,11.8141303
3a97cxx91,0.5343769219194868,297,0.48360566702725405,0.4774631253690769,-3.5315059275266547,0.970739182,11.667058,12.1437718
16dbc91,0.5523695440943275,601,0.5148002182232098,0.5087076473551757,-3.578967061982556,0.972095493,11.3113813,10.9312239
2b4f2xxxxxxx71,0.6233340775045251,915,0.6766293697337927,0.6854028987017705,-3.553235614277965,0.971368152,11.4993773,11.0830982
39aa2xx91,0.698125559133557,741,0.6505477266333781,0.6585913892411609,-3.588436976202593,0.972358499,11.2449074,10.7996568
343efxxx91,0.5617268274297349,390,0.5719044636035017,0.569354069752709,-3.497550420054519,0.969728555,11.9092083,11.5250491
dc9291,0.7735420512696782,871,0.777174390538733,0.7806156198854176,-3.4575913042705957,0.968494442,12.1818113,11.9345292
b2f391,0.5861806743499353,449,0.5763570903092918,0.5745614734525404,-3.494598233393965,0.969639056,11.928566,10.8121655
f27971,0.49736024924772343,699,0.4089099933868199,0.4027791853126631,-3.703357639044605,0.975359347,10.3815136,9.07429387
1f9d291,0.5175671155355056,584,0.5241433410806476,0.5272208927515762,-3.6011261191099093,0.97270703,11.1580105,11.0230173
1966a91,0.5494319633618583,1026,0.5955421485180964,0.5879234804524007,-3.5700918387722917,0.971846732,11.3749838,10.7608995
1695f91,0.690019081544215,556,0.6655103825056029,0.6639330585033618,-3.5261956282123195,0.970583385,11.7093525,10.9500498
17ca691,0.38991379143206945,741,0.31182802256798114,0.3108763518237958,-3.5671372972422755,0.971763429,11.3964424,9.84582637
1a57d91,0.5405654210806341,921,0.6252807526621472,0.6302415277038275,-3.5456160316899084,0.971149156,11.5572109,10.8332332
a06691,0.7341021582184395,691,0.7044137894179776,0.7000564920432112,-3.5010031535145,0.969832894,11.8867188,11.7759399
da1971,0.9159071255989664,359,0.9303881769631163,0.9087023238536274,-3.3726417620517357,0.965701092,12.7191019,12.4907919
2acd5xxxxxx91,0.5700541887823035,521,0.5818602331159377,0.5769556237060312,-3.5540647203240683,0.971391881,11.493145,11.1124279
40127xxx71,0.34620090266859704,427,0.39653096483734757,0.41332311449235143,-3.7045238317262137,0.975388066,10.3712997,11.4121857
3f19dxxxxx91,0.5644020316923832,573,0.6236977304130749,0.6227752720547229,-3.7404465965207487,0.976256503,10.0716515,10.6712283
1ed191,0.6996091100932819,443,0.713735840008543,0.7089623693562601,-3.6150218533005045,0.973083663,11.046813,10.9054307
1a01271,0.11494014547663937,643,-0.0091744559102758,-0.008964654166572009,-3.858627367514234,0.978903062,9.16007519,7.67810939
1a50451,0.28575516931301026,723,0.2883864579966524,0.28104141938171906,-3.696451812186852,0.975188594,10.4332638,9.61240446
29d68xxxx91,0.4492629771924918,445,0.4610826335552865,0.4557961946230172,-3.6303046682470277,0.973491893,10.922245,10.6355239
3ba66xxxxxxxxxxxxxxxx91,0.5846436199113318,486,0.6344464007795242,0.6221992619501344,-3.6106185544563583,0.972964881,11.0835943,10.5711576
1940a91,0.40584490771233034,673,0.3368338620221088,0.3422023942368862,-3.7003362330905096,0.975284785,10.4068499,8.8598891
13b2b71,0.5460555184861136,644,0.5344918329143127,0.5344374997887791,-3.4964341161636523,0.969694744,11.9165144,12.2854908
2d64axx71,0.6232652202995165,298,0.5763495430602089,0.5735232182210813,-3.5856064798552576,0.972280149,11.2646284,11.8214745
1b4f991,0.4899184045840986,871,0.48106128343976184,0.4759853761773521,-3.5967496718711587,0.972587322,11.1877041,11.1194798
3aeb1xx91,0.6406475237713073,313,0.437468198485598,0.41411447206306373,-3.665398463045438,0.974406029,10.6532412,10.171591
3a954xxxxxxx91,0.59955753167502,459,0.4816355461359265,0.48214316748410624,-3.679916699862959,0.974774924,10.5484009,10.5585468
1edb191,0.5414679274929686,968,0.6074112683769357,0.6150034017865088,-3.528354425115248,0.970646821,11.6920948,10.7402449
2971bxx91,0.2974132893017533,226,0.14813215335671212,0.15368053205984575,-3.73164237267588,0.976046537,10.1425009,8.49578329
281c5xx91,0.29572270847058285,396,0.19011557751852848,0.19478912057144782,-3.7244776580835666,0.975874301,10.2013674,8.79625761
e2bc71,0.4786002286234003,614,0.5102134404752963,0.5030721792700005,-3.652302926046535,0.974068658,10.7509632,9.75287452
124ea91,0.5610678718404902,724,0.4579058368955541,0.45189029931532526,-3.639451816983099,0.973733261,10.849906,10.7716804
12b5391,0.7212189005672535,743,0.7485226011995284,0.7380691355886109,-3.5269019411556473,0.970604155,11.7036953,11.371629
1b341xxxxxxxxxxxxxxx91,0.575424398358895,318,0.5922103446908642,0.6021401871976436,-3.5338236868590482,0.970806923,11.6487646,11.8487478
2ae17x91,0.5202822167789606,542,0.5775709821440521,0.5978035310497178,-3.533512942281479,0.97079785,11.6512108,11.5548319
23bb791,0.5025038234032343,532,0.5412990905974017,0.5467598487441392,-3.4808207897540475,0.969217865,12.0205212,11.3833712
20db5xxxx71,0.3517352625525707,636,0.48689743154441967,0.48968862932873514,-3.7152184602667058,0.975649879,10.2791023,10.6027738
2909291,0.538129134577817,276,0.49911551895492123,0.4945293801053645,-3.656218091154462,0.974169985,10.7214251,10.9179359
1b13d91,0.4465875374772121,979,0.5017604382514333,0.5136077443029006,-3.577914703557445,0.972066112,11.3188572,10.5376129
b57991,0.5315550857560829,599,0.45980602709078405,0.4561937536117068,-3.5355791357415174,0.970858125,11.6349745,10.0609647
13bd371,0.5088043941413664,542,0.4534059189061991,0.4529262800986058,-3.6152814691244193,0.97309065,11.0446568,9.82303913
5b2e71,0.4203678924167414,663,0.3845190575178415,0.3909461780624235,-3.6820753347243276,0.974829317,10.5331163,9.31244835
ca3071,0.3454819441125061,359,0.21788734287267764,0.2148124474650892,-3.72133264826938,0.975798306,10.2275581,8.69091738
3fbe5xxxx71,0.6452569040240543,384,0.5894767770825112,0.5870812958617614,-3.5721184160748094,0.971903729,11.3603477,10.7284992
10d0891,0.6797969655760816,882,0.6794846346606771,0.686168061054655,-3.490991353753896,0.96952935,11.9523821,11.3598621
3dc0cxxxxxx91,0.611739742839852,396,0.7670353152838271,0.7948961839959114,-3.505798219281758,0.969977201,11.8557549,12.6184188
188ed71,0.48340472868602774,824,0.510294103393925,0.5098506226580642,-3.6283542254721337,0.97344014,10.9378805,10.6290788
b68c91,0.5606947046900341,393,0.5228154105954663,0.5234752104334071,-3.6207782120103493,0.973238158,10.9993382,10.1583898
12a6b91,0.6228945235334908,931,0.5747424182385862,0.5778542656239049,-3.5590980037424402,0.971535512,11.4555683,11.639598
13fe171,0.618094778667546,557,0.5463712970155662,0.5433341161843437,-3.5632868857291697,0.971654497,11.4246244,11.454868
19b2791,0.45307239322575454,767,0.5255966242180747,0.5185440224591628,-3.606780560302292,0.972860921,11.1159868,10.9128782
1601071,0.5558929334681129,499,0.5167801885084218,0.5329526054948323,-3.5603355734754523,0.971570717,11.4463949,10.730808
1b91551,0.481884094918377,1013,0.5529845886646645,0.5583239673924677,-3.55763924925664,0.971493959,11.4664135,11.1328102
1b341xxxxxxxxxxxxxxx71,0.3764119598669183,298,0.38515547575428605,0.38979633045241424,-3.675137035194955,0.974654068,10.5825205,10.3459191
4c006xx91,0.2317916614131258,218,0.39004949770053327,0.4021108717086541,-3.6632806766052797,0.974351769,10.6688375,10.3744354
4cb5cxxx51,-0.2794483628934238,74,-0.2553485353763829,-0.2585137000003504,-4.167269769502659,0.984505494,7.01697063,5.28294079
132dc91,0.7295287473606114,406,0.6897570931864717,0.6911014415306512,-3.4734482224293113,0.968990083,12.0708427,11.9291088
35a61xxxxxxxxx91,0.6901979070160204,239,0.7269007778942221,0.7261411882968334,-3.519636247328033,0.970389796,11.7623339,11.4179817
d8f591,0.722996510237906,877,0.7202808019798602,0.7200728653905127,-3.452348570357726,0.968328833,12.2193451,11.5027301
d0f691,0.8196734401567458,1013,0.7980577238471444,0.8013612928625379,-3.4868877297765994,0.969404053,11.9796982,10.6892947
41c18xxxxxxxx91,0.6783635021796928,670,0.813369714686294,0.8059557659548596,-3.512451731890538,0.970176295,11.8132992,12.2425584
992491,0.7454960076824506,507,0.6524993461597657,0.6616012194053672,-3.487585941733422,0.969425408,11.9750328,11.1570974
340c0xxxxx71,0.5428665192349099,459,0.5568971602757486,0.5631004620986001,-3.5188039416412886,0.970365141,11.7691154,11.9687606
32604xxx91,0.6574337135098162,691,0.7330885034289939,0.7378273023409405,-3.5292323303055286,0.970672579,11.6851015,11.5292664
fb8a71,0.473942460532592,931,0.39380274129692244,0.39011720407538064,-3.6028814437401926,0.972754896,11.1461811,9.62868441
3dfc4xx71,0.46734496212129756,441,0.42658752664977095,0.431810877639662,-3.632134499069632,0.973540354,10.9076433,10.5009003
42affxxxx91,0.3928151977406261,279,0.43730388176509744,0.44554010576105885,-3.6550888032541877,0.974140799,10.7299156,11.5017958
9b3691,0.5865433393252981,376,0.513153230533395,0.5120100086782428,-3.6682395695723082,0.974478641,10.6324396,9.34774428
1b0cb91,0.43152965919446407,548,0.5455345415612112,0.5460240403612205,-3.613903196172303,0.973053536,11.056119,10.0866687
12d5691,0.5895590143942905,639,0.5715965150138568,0.5690357404878996,-3.5335160584952465,0.970797941,11.6511869,11.0519973
2d1e591,0.5185178686549204,545,0.4051800470224937,0.41265812785694445,-3.61742454393311,0.973148257,11.0269136,10.1618558
36a10x91,0.5208327027551599,637,0.5823661727562783,0.573526843317034,-3.57514067433574,0.971988515,11.3386459,11.8636498
36c8cxxxx91,0.508197026603311,264,0.21983810768855414,0.22013534623729492,-3.8439822804221535,0.978591822,9.27471447,8.9437831
4e6afxxx91,0.7067051825569592,194,0.6268023890600347,0.6377798537203214,-3.5724269031599216,0.971912395,11.3581257,10.2064103
4cb5cxxx91,0.669676790660097,155,0.9525460710699241,0.9571025032983833,-3.4255015497068775,0.96746704,12.3992729,12.954483
1a209xxxxxx91,0.7212121747118692,1498,0.7146679247303689,0.7065578641731426,-3.4301429929437086,0.96761769,12.3727312,11.9914645
2a9e771,0.7409101116816991,376,0.681342912393444,0.6798611489755133,-3.5239665185368665,0.970517739,11.7272654,12.2050593
343a2xxx91,0.8388164847451802,576,0.8736357276573633,0.8847854447820857,-3.5545460631760513,0.971405648,11.4895325,12.6048478
2ecc3xxxx91,0.566118781433168,469,0.5727590462203808,0.5697798080204944,-3.6354781850669444,0.973628679,10.8811312,11.1131193
27db491,0.46525918992154625,774,0.4752399200674663,0.4669673116216362,-3.6739633346093465,0.974624302,10.5909576,10.5622852
1a74091,0.4829094636124807,542,0.47450186061562627,0.4776417981749533,-3.6290426437159113,0.973458418,10.932354,11.0029062
3f571xxxxx91,0.23683901296523105,272,0.17482756232474517,0.18900445887919362,-3.875781292400548,0.979261871,9.03138256,8.58255122
181a271,0.4773443602560296,595,0.449209281070143,0.44891652243482927,-3.5661662981639024,0.971735998,11.4035263,10.3781011
4685exx91,0.5858351263041474,555,0.7058358608311857,0.7216509019287303,-3.5955070050432187,0.972553236,11.1961889,11.0854715
2943291,0.5870369407628462,615,0.5984498201314442,0.5980347479520403,-3.512567351305754,0.970179743,11.8125668,10.804083
44794xxx71,0.25977516088380725,78,0.38601967711162904,0.39011797731783876,-3.6703919657437734,0.974533514,10.6167746,9.75125005
9b9171,0.6088799385592718,189,0.5150595737993122,0.5075162950418226,-3.604734170448672,0.972805327,11.1333876,10.0544962
b68c71,0.567514851703608,307,0.5914792882601951,0.5977179312061104,-3.601732173026353,0.972723566,11.1539211,10.6861784
12ae191,0.5432114583638692,834,0.585007444434974,0.5779692464832756,-3.517018384614154,0.970312179,11.7837114,11.9474135
1699191,0.5432121902739234,770,0.6266819685438794,0.6332171419821525,-3.5456688218335883,0.971150679,11.5568066,11.6385698
1a50491,0.5117286173984626,582,0.5550693933158318,0.5585064286842751,-3.5159043395505933,0.970279087,11.7914982,11.9331595
28d74xxxxxx71,0.46468541467931357,1251,0.5174944620365471,0.503614312646522,-3.574073325050376,0.971958601,11.3462934,11.2529039
10d0871,0.753851020197793,536,0.7776577136142235,0.7860622670968838,-3.459416234038941,0.968551885,12.1688461,11.7933502
3bcf5xxxxxxxx91,1.043162138619844,568,0.9390013957957312,0.9230196387592775,-3.4142030803013257,0.967097383,12.4648829,13.3956757
4bf13xxxxxx71,0.2736407246628994,175,0.3691534016465784,0.38543199324672794,-3.8229900315764755,0.978137666,9.44723797,10.0502073
37fa9xxx51,0.4540488936280009,667,0.45356434377185495,0.45558895689304607,-3.654967577158228,0.974137664,10.7308292,10.670085
449dexxx91,0.36802387550991233,102,0.6039247136716098,0.6167178934611853,-3.599298198758894,0.972657095,11.1703777,12.3685596
26daf91,0.6448716995233061,668,0.7494955624404945,0.7723300396912827,-3.543137479997619,0.971077559,11.5762453,10.5910457
36ac4x91,0.3565909790956581,570,0.3234140990204342,0.32444264144757023,-3.752615353438587,0.976543681,9.97633648,9.47453073
43239xx91,0.6040509246588526,294,0.4453924389258083,0.4444726048792538,-3.5652707186255026,0.971710674,11.4100733,10.1064195
1ae1291,0.47303006800457764,857,0.5818798933447803,0.5923046413323756,-3.523901837665631,0.970515832,11.7277851,12.0543154
3dfc4xx91,0.5301640452306263,330,0.544904162690196,0.552869564374247,-3.6777648112361394,0.974720584,10.563714,10.7885449
10a9391,0.6654828209651978,777,0.7586115893286856,0.7505560203122843,-3.5046560736003847,0.969942891,11.8631029,12.3814862
3fbe5xxxx91,0.44445180290434894,391,0.5981013220564081,0.6057105191973444,-3.6567126382226953,0.974182756,10.7177134,11.4320585
f27991,0.6816909511352996,1021,0.6449864061038543,0.6410341977791917,-3.5389554426494056,0.970956351,11.6086121,10.7864697
3a1a0xxxxx91,0.27843298836623614,150,0.511181221373639,0.5210510073211783,-3.7379325648507873,0.976196736,10.0917187,10.3880404
39017xxxxxxxx91,0.505198362748312,302,0.430706626662602,0.44492274329235676,-3.674842159553513,0.974646593,10.5846376,9.99221802
997891,0.9715541011673156,407,1.089615683826329,1.0906772150974922,-3.3532365327081144,0.965029014,12.8451996,12.786445
4c5e3xx71,0.6263038512095896,106,0.5859013755287095,0.593795813246588,-3.6540026621397046,0.974112697,10.7381048,13.0194726
1a18d91,0.5095082821996217,1058,0.49721530795848373,0.501815690301831,-3.5382940365736424,0.970937135,11.613759,11.028075
1a58391,0.48247160952712975,552,0.5622874803012806,0.56318127536131,-3.536374768191704,0.970881302,11.6287432,13.2355605
290c991,0.9348634055114331,332,0.9465129599198258,0.935156484423619,-3.352419103277644,0.965000416,12.8506203,13.9079073
2df01xxx91,0.4692134586827423,83,0.49837574820718133,0.5011499287263622,-3.63423658382451,0.973595916,10.8909512,12.0640494
2b43ax91,1.0047965938463626,367,0.7637706542261559,0.7289868947213017,-3.5673330554664417,0.971768956,11.3950157,12.779237
3ce7axxxxxxxxxxx91,1.1982107246534712,247,1.0756954122900404,1.066265909954058,-3.419330232611117,0.967265648,12.4349318,15.7647153
4c5e3xx91,0.7052683037987625,223,0.7026767910912616,0.68626139772481,-3.539540595408877,0.970973341,11.604064,14.0175535
27c61xx91,0.5894789970468263,354,0.5614081176023127,0.5666617222164523,-3.5355008322467407,0.970855843,11.6355886,12.2238887
2a9e791,1.1484764953744115,385,1.2015008985247062,1.2133600862386085,-3.802655189733043,0.977688548,9.61363316,11.1477896
ccbc91,0.46714738179569415,535,0.46527013899348,0.47224713222167564,-3.6187478658777295,0.973183767,11.0160046,9.87529931
624e91,0.4706779948351561,384,0.4184218922529222,0.421646654820297,-3.625083058283241,0.973353116,10.9642744,10.4717947
1013a91,0.6480644752309127,612,0.5785017004543651,0.5760977838267897,-3.5656628514997513,0.971721765,11.4072046,11.0795417
1013a71,0.6207714221096989,368,0.6183677459285448,0.6135438318563236,-3.5220459876313255,0.970461063,11.742774,11.6239706
12ccf91,0.6205944970431954,869,0.6435400672661098,0.6573923370415679,-3.455544428746688,0.968429888,12.196414,12.3537515
132cb91,0.6706539860062167,612,0.6311557705046633,0.600644397851686,-3.5410064261466014,0.971015858,11.5926991,11.6572019
12fae91,0.5425188896839414,805,0.6836874094338875,0.6888861582763294,-3.486009208527623,0.969377162,11.9855776,12.9816613
14c5191,0.530063212705483,1079,0.5042531362759377,0.49071515377545266,-3.5807498678732657,0.972145197,11.2987595,11.5422152
1a01791,0.6711470027003529,770,0.693112194176345,0.7094215030641783,-3.4506049078603125,0.968273561,12.2319231,12.9405342
1703f91,0.5272948405821071,987,0.5837708644411551,0.5833705617967332,-3.569415094896706,0.971827673,11.3798857,11.5677162
1791491,0.5735046025792757,628,0.7850322868059777,0.8031623244760936,-3.5437487493693065,0.971095233,11.5715408,11.9059378
16a2f91,0.5892960157087744,887,0.6401481270335959,0.643682984518043,-3.5288847638290046,0.970662384,11.6878691,12.0101295
d79051,0.7281125779117149,326,0.6679383537292943,0.6713697062790799,-3.4977847276961724,0.969735647,11.9076767,11.0164196
169b491,0.6550373311148044,686,0.6054250993373373,0.603632062680657,-3.470855192029116,0.968909569,12.0887318,10.8431338
3e2c2xxxxx91,1.15745109476755,543,1.0521023303986978,1.045315847625387,-3.336665373045789,0.964444676,12.9568844,15.3066653
2cc5d91,0.9477939193562438,530,0.7865987509973001,0.7971137263938239,-3.4421170684541464,0.968003126,12.2938423,12.970959
6b5f91,0.947013944824622,926,0.7537166280862462,0.7450510771015085,-3.4653958966083835,0.968739373,12.1267204,11.6905905
3c010xxxxxx91,0.8467780899733779,267,0.7904992273706186,0.7916918610220819,-3.5113100040479654,0.970142225,11.8205423,13.4725694
3f829xxxxxx91,1.1292601807824003,142,0.7923478936809196,0.77169210729886,-3.5493191320627893,0.971255796,11.5289764,14.1654734
3e87191,0.9065021569578857,283,0.9606323632274157,0.9547322555741061,-3.5112356543191967,0.970140005,11.8210154,12.3710773
13bd391,0.755210182821625,566,0.7126434313167932,0.7111541027666203,-3.545025374226924,0.97113211,11.5617371,10.8489333
36f55xx91,0.5966996646953988,521,0.48072995531063545,0.46569957509285276,-3.576053430834612,0.972014071,11.3321218,10.724404
36cbb91,0.7774899870528486,491,0.7015302115352327,0.7161232347752322,-3.56284243427805,0.971641896,11.4278936,10.8395632
ba2491,0.7289894537433877,722,0.7197325985003952,0.717020964942904,-3.4564179778135973,0.968457454,12.1901741,11.7191244
18f4e91,0.7339813825307977,1242,0.7218118207552753,0.7245954237940252,-3.520836181935023,0.970425305,11.7525797,11.3494427
1c30e91,0.686319129845734,432,0.6198515770254849,0.6266467184975035,-3.48372910185898,0.969307259,12.000886,11.6954569
1acf591,0.4438850721625729,772,0.43941853974868106,0.43520920106078054,-3.6426450101598453,0.973817002,10.8250313,10.8834146
d7f791,0.9170467709229726,466,0.7886684176077094,0.7774055479960257,-3.4207701241838646,0.967312748,12.4265747,12.0191193
bc7f91,0.6650214983578148,518,0.5398274730681613,0.5436232105453939,-3.472724715759263,0.968967639,12.0758238,12.0139794
9e5c91,0.6954951043589118,924,0.6507040469530945,0.6489137908367971,-3.4785963894916945,0.969149317,12.0356207,12.0782612
9b0e91,0.8117652577043469,577,0.725326453049692,0.7256724349255266,-3.5058473165090023,0.969978675,11.8554401,12.1293229
d23f91,0.7075448338980803,456,0.6478022893119306,0.6364485209688096,-3.516337798363801,0.970291967,11.7887716,11.3192808
169b191,0.5062316405810766,874,0.5651034505503213,0.5760326497988479,-3.5656482113721246,0.971721351,11.4073114,11.814486
2cde3xxx71,0.5219166980096955,190,0.5235089703467516,0.5307149536440198,-3.698881185088068,0.975248797,10.4167166,11.9062876
2c7ffxxx91,0.9197869909391624,384,0.7689801509362405,0.7651271484370378,-3.5237596019498785,0.970511638,11.7289324,11.5837531
2b0aax91,0.5504000046587354,191,0.645081909380934,0.6608816182676156,-3.490757385461932,0.96952222,11.9539337,11.7310216
78a871,0.6099383836686395,509,0.6682963784380065,0.6737821225949864,-3.6097560488694196,0.972941553,11.0908461,10.9305103
1a2cd91,0.5099836284094051,948,0.5704807586174225,0.5678485190710684,-3.5381753354323546,0.970933685,11.6146851,11.7668657
20d0bx71,0.621163686799053,901,0.721743804818915,0.7280871559774348,-3.6023895130483914,0.97274149,11.1494923,10.5791814
41effxxxx91,0.6144585835299884,316,0.6658156643024898,0.6794124932249929,-3.452947369792103,0.968347792,12.2150354,11.3728779
4525491,0.7862273637763427,457,0.7319448260166826,0.7439303838239631,-3.5751610947397343,0.971989087,11.3385,11.8723203
11c9c11,-0.7771256392737871,187,-0.7188345082086708,-0.7184569122348395,-4.656723724762587,0.990502472,4.69230556,2.52077983
194d891,0.4563091519738019,857,0.48754874704510787,0.48431128716524413,-3.630614659205965,0.973500109,10.9197674,10.5018651
b52891,0.5847554504402266,571,0.6336395065968186,0.6410611362713458,-3.564560985443893,0.971690589,11.4152718,10.805454
16b0591,0.561179248831403,504,0.5015189719228434,0.49394211835521135,-3.4846908990366345,0.969336765,11.9944191,10.4801072
193a691,0.5167010822114688,478,0.6296053536062883,0.6356900089656496,-3.518711790901846,0.97036241,11.7698679,11.9210463
1b8d371,0.6330510543463816,559,0.6233761052423636,0.6218561727035028,-3.491109901080612,0.969532962,11.9515963,12.1232851
132d671,0.5534155611441793,635,0.5195079731962094,0.5172013104023859,-3.646027457442999,0.973905415,10.798893,10.6376871
d64491,0.8033748516485085,396,0.6492495789807419,0.6409372271941206,-3.5782588967631836,0.972075725,11.3164101,11.6660004
b36691,0.5059716226354821,402,0.32776902607085184,0.3189473307512532,-3.7247470751690597,0.9758808,10.1991329,9.06629181
11dcb91,0.6962216869094421,394,0.513863202887001,0.5091430050198291,-3.582984545269588,0.972207374,11.2830086,10.3884125
2cf6391,0.1691068726386232,551,0.27432037854960806,0.2590760821126948,-3.872131075283708,0.979186034,9.05828094,10.1777109
833911,-0.8162536459439778,204,-0.708468789900772,-0.7126725035154455,-4.7496408520226,0.991345197,4.35087395,2.1506958
2c973xxxxx91,0.786478578920035,625,0.6095050165054894,0.6024548534380855,-3.5809669096535477,0.972151242,11.297226,10.373102
e5cd91,0.770236783198578,465,0.7508510974911529,0.7406787968650147,-3.457178478223911,0.968481433,12.1847506,11.7739399
497a7xxxxxx71,0.25711770108017284,420,0.5046105141231517,0.49984906513509053,-3.6870213814006827,0.974953505,10.4983864,10.6063033
2a10691,0.506786585614673,318,0.47610567667356285,0.4746363155986589,-3.5919148980903777,0.972454467,11.2208462,10.7482405
e6a491,0.6803595869439516,471,0.6966865293731014,0.695900083273436,-3.4968107224151175,0.969706155,11.9140482,10.9947733
e91591,0.76479325582191,832,0.7103932356366844,0.7057273637874029,-3.496183497980724,0.969687148,11.9181557,11.2854802
3442cxxx91,1.0679843876245683,365,1.0375454051346107,1.0355175237033698,-3.347992547930614,0.964845145,12.8801346,13.3434577
340c0xxxxx91,0.9228507241685682,228,0.8968146021894864,0.906866710041405,-3.3777556779614475,0.965876046,12.6866827,13.6772484
3aa79xxxxxxxxx91,1.1884060368120566,597,1.0782882812783843,1.0709731179823339,-3.3464794216419573,0.964791911,12.8902845,14.1000261
44758xxx91,0.8082024392308346,209,0.698716654388882,0.6953957489531016,-3.4969143792055974,0.969709295,11.9133692,12.0530419
28d74xxxxxx91,1.1055817006130577,561,1.0563682491947701,1.0455849524287997,-3.3742987845336554,0.965757879,12.7085609,13.4290736
37fa9xxx91,0.9310558110472287,601,0.8378926532662427,0.8434662765078597,-3.4635632567054726,0.968682031,12.1395731,12.977302
790491,0.9037173525045665,388,0.9937272755934361,1.0041986185129315,-3.452832787194629,0.968344165,12.2158594,12.5548014
1090891,0.5433007470627781,529,0.5078414858012846,0.5028310057503528,-3.601129892982607,0.972707133,11.1579857,10.8496563
1336691,0.5605048040814254,305,0.5404467870104123,0.5465727248736402,-3.5251570271098966,0.970552817,11.7176857,11.1076449
124ea71,0.4608052598472097,448,0.46735514367257025,0.4710661246131716,-3.653917450249821,0.974110491,10.7387476,10.766929
36870xxxx91,0.651766931444602,361,0.5110395209436921,0.5078737480620505,-3.578901483329037,0.972093663,11.3118467,11.1242723
2928891,0.3453613627968842,309,0.4281840499253527,0.4224545184109421,-3.629009639445699,0.973457542,10.9326181,11.0622171
3d3d0xxx71,0.2792121355945061,253,0.23318901368031575,0.23331238889300618,-3.667184383324942,0.974451697,10.6401482,9.91269743
2557bx91,0.4705764253821474,624,0.4598768325690133,0.45101427923468806,-3.6411112977308804,0.973776814,10.8369541,10.7607457
1492f91,0.5169758116118588,542,0.489425194664846,0.4915462425440304,-3.3709086905145327,0.965641598,12.7301655,11.2807253
19686x91,0.41551017066691365,519,0.5224801599517719,0.5332322234415156,-3.5953387297820907,0.972548617,11.1973391,11.1104149
21c09x91,0.4066450979142114,395,0.37320686917134466,0.3731441690423939,-3.6376431033476413,0.973685709,10.8640814,10.7850389
26be991,0.4894196365067922,545,0.4348825820910337,0.42749633812876425,-3.722174927423256,0.975818682,10.2205229,10.4453219
ec0091,0.6747378965953654,535,0.6291078410042511,0.6376379266346649,-3.5101374629943565,0.970107195,11.8279991,11.2861058
b86a91,0.6479629079714984,551,0.667558612863573,0.6616310348590602,-3.5107644658698067,0.970125932,11.8240099,11.3313669
1373571,0.6203643987316276,617,0.5855755955290806,0.5941366473687557,-3.5435161504338883,0.971088509,11.5733299,11.1884472
e72b91,0.5062875307512821,869,0.5231949986796384,0.5185255063555098,-3.636085733928365,0.973644696,10.8763371,10.8630512
167ef91,0.7178211813805148,405,0.6857172703029918,0.6755087074760019,-3.5498131623432156,0.971269993,11.5252275,10.7682108
43bdaxx71,0.5847678840872613,588,0.5319358705028345,0.5247205094726392,-3.640157558941444,0.973751792,10.8443918,10.9547096
40370xxxxxxxx91,1.040044462029064,476,0.851795632259298,0.8724322326930637,-3.520663921116165,0.97042021,11.7539778,11.7402907
41293xxx91,0.7846758916143461,263,0.8555390464988141,0.8591576338151543,-3.382574420486765,0.966040085,12.6564341,12.4634294
2ee85xx91,0.6106796917973899,255,0.5520932063256846,0.5535402966534425,-3.548266187261794,0.971225514,11.5369797,11.3210062
4bbe5xx91,0.7245408381954239,127,0.6816493610822908,0.683897727769773,-3.6082479721097225,0.972900716,11.1035652,10.5433667
4aafexxxxxx91,1.010815583053375,191,0.9978871196607612,0.9933937891397706,-3.382902684839526,0.966051231,12.6543846,12.1872946
27a2091,0.623399085672988,283,0.5471812260659735,0.5320261846357621,-3.6054615626331037,0.972825101,11.1271925,10.9675586
37c1dxx91,0.5992203832218226,330,0.5841967886596753,0.5790579101006323,-3.555556948304745,0.971434539,11.4819603,11.2538018
32d62x91,0.9914927722194545,290,0.8768258421235676,0.8765361927485339,-3.562572777009111,0.971634248,11.4298792,12.0348452
1ff88xx91,0.8680890698144497,398,0.7958516234184586,0.8051805818358393,-3.445696378075762,0.968117448,12.2675905,12.6124256
369a0xxx91,0.5110423142497162,223,0.5323532725395064,0.5378378266947627,-3.5823361662070616,0.972189348,11.28757,11.6734185
3c0bexxxxx91,0.8874255461307838,475,0.9041453549997306,0.9126323109132353,-3.36250358615175,0.965351595,12.7843647,12.4238622
2c220xx91,0.7296042396305645,287,0.7337728901507331,0.7238292191014949,-3.5728746029353458,0.971924967,11.3549042,12.3961945
2b9a8xx91,0.44159874310014885,499,0.5251763143686311,0.508800379295535,-3.6475831656888205,0.973945979,10.7869425,11.0002664
2abf7x91,0.6182119685873129,315,0.5799169064089698,0.5700947421086037,-3.5470817765587914,0.971191413,11.5460062,11.4887484
36fb2xxxx91,0.8570782972071078,581,0.8595174816175103,0.8620970197187411,-3.517407171768566,0.970323719,11.7805271,11.5611983
192c991,0.36686031155063886,767,0.4044774181282516,0.42117767603045697,-3.6659594555784025,0.974420383,10.6491222,9.52186115
2b1d6xxx91,0.38647978631826174,310,0.3711472364719853,0.35660984848234695,-3.640002474665439,0.973747721,10.845602,10.0108936
1a46291,0.34625912123701585,323,0.3325007997021073,0.32910396301753647,-3.6651555837735867,0.974399812,10.6550255,10.2327799
e5cd71,0.5761516963061776,180,0.5793035565163398,0.5714635210187983,-3.5915033008123887,0.972443127,11.2236834,11.0521792
44794xxx91,0.6266439950206044,110,0.8137383550424294,0.8236874452905429,-3.4679826167724928,0.968820131,12.1086645,11.9191718
107ab71,0.5537817012514816,512,0.49943981094645734,0.508679785408495,-3.622514239896522,0.973284577,10.9851532,10.2386815
132cb71,0.45065049843821714,349,0.2445206676736555,0.22686616451729355,-3.67890302459144,0.974749341,10.5556049,9.26965978
17e0291,0.641339289794834,531,0.6500394116913168,0.6502586594571844,-3.5206182152777177,0.970418858,11.7543488,12.1987727
130bc91,0.7944601223476396,217,0.725045396411221,0.7249197098233964,-3.4513558885856757,0.968297378,12.2265005,11.6505444
5b2e31,-0.1677025567106885,254,-0.07092356071155635,-0.05897892397608363,-4.098589659912775,0.983403935,7.45727921,6.25473961
28dabxxx91,0.6307629333507226,240,0.6393300218281676,0.6465465017286344,-3.565134810872762,0.971706829,11.411068,11.4575618
3e0dexxx91,0.7273405991726221,536,0.6702806890437156,0.6857199319683461,-3.5289899926391257,0.970665471,11.6870298,11.484287
3d6abxxxxx91,0.563858181343471,210,0.6337415036718611,0.6417703803699664,-3.6312983296287222,0.97351822,10.9143076,12.2385066
3b2bcxxxx91,1.1937303917320539,429,1.135182693281299,1.121566405187164,-3.3209204829519416,0.963880431,13.0665884,14.506438
23f6fxxxxx91,0.321477280416286,160,0.2777648927340866,0.27983036967174757,-3.70228365029893,0.975332869,10.3909483,10.5308932
3dc0cxxxxxx71,0.6753272312360088,198,0.7160164884478721,0.7121726547625363,-3.5212472258387697,0.970437459,11.7492447,12.1301528
ce4271,0.6874123389946682,469,0.6791704102994911,0.6793781429673159,-3.520281604745849,0.970408899,11.7570839,11.3665513
449a71,0.7255680605125776,261,0.5778644050716212,0.5799435759020198,-3.6535805751549026,0.974101768,10.741293,10.1320026
b31371,0.42689362704141254,399,0.38780626013116776,0.37751428669639064,-3.7377479433506946,0.976192341,10.0931969,9.55531076
9c0191,0.5359147646861232,105,0.5741972523109712,0.5798334353139913,-3.546742282656182,0.971181631,11.5485983,11.4570559
132dc71,0.5626193451491996,395,0.4635176068530875,0.46741088918495816,-3.6730444915211717,0.974600975,10.597579,9.65156144
3639dxxx91,0.5948872044275773,447,0.5248808445863811,0.5182183087752006,-3.6695574913380473,0.974512254,10.622838,10.2893031
35a61xxxxxxxxx71,0.2393920359854379,304,0.2549958269779679,0.2616892515900561,-3.773514369853078,0.977028808,9.81935596,8.96912032
3ff08xxxx91,0.894029691361876,260,0.9440939232419623,0.949428621158057,-3.3719124130261147,0.965676067,12.723753,13.0466626
ca3051,0.3766394788964418,266,0.28871127278045317,0.2795041185910684,-3.7351793834933975,0.976131111,10.1138439,8.56083621
40d3axxxxx91,0.8161437032089444,425,0.899730491187473,0.908073598719979,-3.4698118783133216,0.968877115,12.0959568,12.9497516
4277axxxx91,0.9949786675875129,231,0.9513825273426616,0.9664716633791838,-3.431728818559467,0.967669002,12.363718,13.867319
2a0b9xxx91,0.6547266787875087,561,0.7000839675800309,0.7144011092621311,-3.602389366305238,0.972741486,11.1494932,11.6163271
24d9bx91,0.6901776277155274,381,0.6722010582012862,0.6681980691240604,-3.4940057725517595,0.969621063,11.9324656,13.3113673
4b51fxxx91,0.3549270185821144,110,0.5269424814012651,0.5423646075125778,-3.5873862468626196,0.97232944,11.2522135,12.3416114
360cexx91,0.6495840701684605,395,0.5116575091529986,0.5050971030116463,-3.6943488641049447,0.975136362,10.4476633,10.4389132
43d09xxx91,0.9493081084338738,219,1.0583155281932315,1.0521958884043114,-3.3789054141694104,0.965915257,12.6794386,13.1883521
2c00e91,0.6225607449069415,501,0.6355141757068287,0.6415484077189424,-3.609867332696644,0.972944564,11.0899096,11.3640348
387a0xxxx91,1.1199647131387205,337,1.0337947981155815,1.0190351366504438,-3.3308837747303586,0.964238514,12.9967537,14.0501815
3e209x91,0.5250963267697886,385,0.5533641459020205,0.551523601655866,-3.535632771340345,0.970859688,11.6345539,10.9163325
24c2291,0.6612001655985076,434,0.6414832707435582,0.6491699277756154,-3.596164894564654,0.972571287,11.1916943,11.93879
45234xxx91,0.664698030173274,296,0.69410045431675,0.7090369809154188,-3.5068322349471095,0.970008229,11.8491182,11.7036544
4936axxxxxxxxxxx91,1.0534877686483455,285,1.1182845459773327,1.111864398164228,-3.257842666249648,0.961528696,13.4756975,13.7813169
471f8xxx91,0.7472732441416063,120,0.5621354183219001,0.5608266892597927,-3.5838631136776056,0.972231781,11.2768373,12.1528555
6b5f71,1.25794547389408,202,0.8905893232081522,0.8835934202870898,-3.509904156472096,0.97010022,11.8294859,12.3403485
326d4xxx91,0.4583692737572878,383,0.3574366883755173,0.3575183319379322,-3.7264847112192645,0.975922674,10.1847658,10.0984567
1af5791,0.9426831136916317,135,0.7517324979645817,0.7596929920911408,-3.6121363996981484,0.973005885,11.0708694,11.9050939
43bdaxx91,0.7010479496148571,435,0.8524743154809503,0.8794153148134638,-3.4589188716467865,0.96853624,12.1723738,13.166748
169b171,0.35383045170411076,518,0.5168985641218637,0.519176268237992,-3.6211262306732226,0.97324747,10.9964895,11.2582761
1ae1271,0.38026801173421393,574,0.43820536577399943,0.454745277968134,-3.570350456756178,0.971854012,11.3731127,11.3283304
2cde2xxx91,0.5847122859826647,297,0.6119046282889102,0.619637644999975,-3.5336383861188394,0.970801513,11.6502237,12.6917971
1499b71,0.5731919296268376,227,0.5264852152282861,0.5215546053837675,-3.5478928011334983,0.971214768,11.5398235,10.1506148
d27e91,0.5153185617499173,637,0.4347014445778996,0.43032772506900374,-3.6466908034937044,0.973922719,10.7937918,10.3182408
7dac91,0.76971490779662,408,0.7664020351662322,0.7701513387758334,-3.478892472146598,0.96915845,12.0336056,11.4345644
16e93x91,0.7877330337862278,450,0.7578966980400057,0.7714923825179169,-3.5182068840725362,0.970347442,11.7739887,12.7037623
447991,0.9280893914223108,163,0.8678999815280004,0.8671975087086807,-3.5304404281152295,0.970707988,11.6755018,11.0629977
3a111xxxxxxxxxxxxxxxxx71,0.4338086186401237,353,0.47371615497305475,0.48143380793342927,-3.6713678020397595,0.974558353,10.6096992,10.0381411
2b4f2xxxxxxx91,0.9939534024950256,631,1.0475381084986781,1.0452782109123828,-3.3076654547399826,0.963398478,13.1617727,13.6559683
4d641x91,0.7301830040719326,240,0.7737978883304458,0.7648319894795573,-3.4678533429947764,0.9688161,12.1095648,12.0394815
78ca91,0.9475118223517821,583,0.8970166923780247,0.91034117000909,-3.4671712043523693,0.968794821,12.1143169,11.6788248
43222xxxxx71,0.24692672951687278,539,0.38280588987794834,0.37783655382361037,-3.708388932382493,0.97548301,10.3376741,10.3378002
d79071,0.6831754806438077,276,0.5881498484372841,0.5859883433011527,-3.59168054998196,0.972448011,11.2224607,10.2167441
1f94c91,0.4850941779284904,410,0.5695251130156226,0.5554670298286244,-3.5726112363261335,0.971917572,11.3567991,11.2891552
2a1b391,0.27083992951834707,332,0.43252968619340343,0.4234706228526556,-3.7766522117893846,0.977100775,9.79648781,9.98081266
44289x91,0.3435743644012542,98,0.517806045154534,0.5208222000354193,-3.634769939001216,0.973609995,10.8867283,11.0731635
33424x91,0.5970742952718342,303,0.6160373714923678,0.6092580345077996,-3.669912901721187,0.974521311,10.6202545,10.703449
6c4fxx91,0.5480316403949614,287,0.5641883752299628,0.5774424292172443,-3.5506887280616124,0.971295137,11.5185957,11.2543112
3cafbxx11,-1.0575572502236605,123,-0.9127703034793364,-0.9199576138464206,-4.975188616742303,0.993092784,3.4573711,1.55926602
275bf91,0.6667865954642239,116,0.4854338115996997,0.4744387983789521,-3.6206339124750513,0.973234296,11.0005198,9.88177021
2c794xxxx91,0.34692153352308536,147,0.2728511976863249,0.2923240548151651,-3.7279896229774603,0.975958881,10.1723747,9.60824526
3598fxx91,0.5579590379893652,245,0.6242563359071286,0.6396525961928076,-3.6126758479073824,0.973020443,11.0663595,12.0602077
3c3cexxxxxxxxx91,0.7866727347260354,218,0.7916534092471305,0.7833948802533237,-3.4603512580550615,0.968581276,12.1622219,12.5506639
bc7f71,0.724447761847101,216,0.5550675929203099,0.5552101635424397,-3.471256553588268,0.968922045,12.0859566,11.8160623
15c08x91,0.9186932847398203,212,0.9181432325213162,0.9153834300922999,-3.3974289112746696,0.966540814,12.5649891,12.7332529
2c9bfxx91,0.5740439586233888,524,0.5920597323474405,0.5907774310493877,-3.615238473841095,0.973089493,11.0450144,11.7221304
1a50471,0.43083520677601567,573,0.4021569292176923,0.3969788168889124,-3.57262939731389,0.971918082,11.3566685,11.0689134
41a23xxxxx91,1.3281947917481025,375,1.3095735357919354,1.317833383699102,-3.256425990163886,0.961474156,13.4841375,15.1390111
40127xxx91,0.5435077378355789,408,0.6027613580117656,0.6120283762776326,-3.5978894291181627,0.972618548,11.1799431,12.9772621
345b9xx91,0.6510041633031128,440,0.6438100291671638,0.6575577930683322,-3.6089232732606615,0.97291901,11.0978632,11.6913793
43222xxxxx91,0.5213688682457459,339,0.6287397243144002,0.6182534664979442,-3.541341216949129,0.97102556,11.5901089,11.2469576
20f6391,0.5474277145957459,415,0.5549464051363252,0.557018967651776,-3.6475440170278777,0.973944959,10.7872438,12.1137883
25737xx91,1.069147953111552,261,0.7049119148721759,0.6934575860861072,-3.5489040388735575,0.971243862,11.5321293,12.5895409
2cde3xxx91,0.7859900616171486,185,0.7221776587029323,0.7318180144227154,-3.606293558470756,0.972847701,11.12012,13.333583
3f1aaxxxxx91,0.42839478156257627,153,0.5568929974295268,0.5583228545501294,-3.6196842297683736,0.973208865,11.0083075,12.2514613
3ad60xxxxxx71,0.47619279247935825,184,0.5012550577590047,0.4933516271194735,-3.7154711808806065,0.975656032,10.2769547,11.3633364
3d124x11,-0.8193715664614325,129,-0.7325331277713228,-0.739115281317989,-4.470915380090064,0.988563158,5.40984392,2.86125183
ffef91,0.5843314658967531,225,0.5416663899900949,0.546348945237395,-3.4968799798055805,0.969708253,11.9135933,11.8728908
4d77bxx91,0.45313975047339256,71,0.5626930475027715,0.5565575213829446,-3.617551955324686,0.973151678,11.0258617,11.6463189
100e771,0.6961033756471334,426,0.5842671830329746,0.5799939165644872,-3.549042384126144,0.97124784,11.5310783,10.9291264
1905991,0.39707796804814416,534,0.42722752400851766,0.4411697809382561,-3.7133301919583626,0.975603856,10.2951899,10.6234295
1adae91,0.4366270267039248,344,0.5716402551598251,0.568327035627287,-3.6221145132890755,0.973273896,10.9884138,11.3242293
3755ex91,0.4814969286985286,118,0.3701433577007604,0.3608080371576505,-3.6554432466941007,0.974149963,10.7272482,9.85539715
416b4xxx91,0.8999322206627673,205,0.8769405322906008,0.8635909188236447,-3.3853338849166055,0.966133667,12.6392431,12.0191169
1013a51,0.538408838653426,442,0.5129042696602729,0.5094077479371428,-3.5846116952974483,0.97225256,11.2715893,11.1093914
1d25f91,0.25995274072937613,643,0.3299923592846133,0.3282793119068565,-3.7370995807856193,0.9761769,10.0983953,9.82108952
2a45a91,0.4801592938155672,245,0.4531821675696409,0.45076643244564996,-3.589976282297581,0.972401015,11.2342348,12.3074329
132d691,0.6294976815048886,441,0.6219554707444908,0.6169050281543647,-3.5326930991086445,0.970773899,11.6576757,11.7200658
2c89dx91,0.4687336030487353,200,0.5376796204413677,0.5496202880696461,-3.5809813807806217,0.972151645,11.297123,12.3712675
21705xxxxx91,0.6219218402936644,609,0.6862923179249112,0.6924358514118639,-3.522422781712099,0.970472191,11.7397251,11.4554655
2574791,0.48266474291122985,225,0.6082643560284879,0.5954732213776102,-3.6480413573233226,0.973957914,10.783432,10.86357
1b7fb11,-0.735348693000304,178,-0.6398617297340315,-0.6431670076561486,-4.638370879873702,0.990326556,4.77045107,2.75127117
25987xxx11,-0.7738668930335575,89,-0.7816688240273786,-0.7861139821322103,-4.801965788220592,0.991786415,4.19120407,2.04906229
cd5c91,0.5788655488628475,259,0.6990648328890093,0.6883946755471233,-3.5543919886727178,0.971401242,11.4906893,11.7361168
43785xx91,0.698827062993703,126,0.6685307382807837,0.667123997606293,-3.4334049000572815,0.967723146,12.3542204,11.42811
4b9fcxx91,0.48215585317999093,72,0.5923644492293949,0.5942563479956303,-3.697498733609129,0.975214556,10.4261217,11.2121359
2d6ccx91,0.7284783901949653,232,0.6660163765657338,0.6643646252129858,-3.5124196438368918,0.970175338,11.8135023,12.3724353
26070x91,0.5146524612748269,258,0.5453279938630513,0.543941689041134,-3.626135667549397,0.97338115,10.9557581,11.8321392
39cb9xxx91,0.3893357298028104,173,0.5504994035094898,0.5407103212456051,-3.723799317196179,0.97585793,10.2069979,10.5537943
2e3fcxxxx91,0.7025518935263726,134,0.6636444467699599,0.6656730853111311,-3.608367797952395,0.972903963,11.1025524,11.6120899
46f03xx71,0.21156319234000479,53,0.5329159851150014,0.534954986478245,-3.667671461864679,0.974464138,10.6365881,12.1481241
46f03xx91,0.6179011336163895,43,0.8342876335241255,0.834460524313167,-3.5103060461954763,0.970112234,11.8269272,14.0700566
338afxx91,1.0801134083129653,216,1.0704159900557486,1.0848832325063917,-3.404169132944169,0.966765578,12.5243683,14.0947183
334e3x91,0.586286605302025,167,0.595107996115252,0.5918465951747199,-3.6056609576770042,0.972830519,11.1254959,11.1082975
3c908xxxxxx91,0.753371045196498,156,0.6069802919695445,0.6121369299014107,-3.667097649427184,0.974449481,10.6407833,11.7593595
dead91,0.6751619929106341,142,0.7304264752526524,0.731115888935345,-3.493066812637606,0.969592525,11.9386559,11.1962362
2c888xxxxx91,0.7193472752788529,297,0.7145900446798177,0.7195317177381974,-3.5299509264016007,0.970693646,11.679388,13.9918448
4bf13xxxxxx91,0.613961366272305,66,0.7860813958865797,0.8050316109523693,-3.6115643645492406,0.972990439,11.0756598,11.6329897
33705xxxxxx91,1.0653381240473467,81,0.9845407174737454,0.9888537046557896,-3.516264453888515,0.970289788,11.7892323,14.4688955
38606xxx91,0.8093017045274216,100,0.697052934746906,0.6980602148338217,-3.537324780998137,0.970908952,11.6213188,13.3395268
2b2b891,0.7340795328607757,141,0.646161488523565,0.6434299929678812,-3.4473301094455278,0.968169493,12.2556763,12.5928227
47dcdxxxxxxxxxx91,0.9798703898816592,113,0.9423524599333981,0.930235776673152,-3.414306937615874,0.9671008,12.4642735,14.7055218
497a7xxxxxx91,0.9244013015384525,163,0.9746034538209575,0.9736989393317204,-3.339365206878425,0.96454054,12.9384289,13.7956191
2ae0291,0.5826140000097156,91,0.6029198707809723,0.5874968388598727,-3.580935490433553,0.972150367,11.2974482,11.5711107
517e7xxxxxxxxxx91,0.28071844845264493,92,0.4840542320955003,0.5038355625916626,-3.7301660565477346,0.976011148,10.154541,10.3367685
47c48xxxx91,0.9224709790285284,68,0.9605400431820228,0.9658537877073952,-3.4598994958063125,0.968567079,12.1654215,14.0238131
2dd30xxxxxx91,0.7049803935705358,73,0.7998393679190257,0.8121989223305309,-3.5745394232464456,0.971971668,11.3429518,12.4451681
44794xxx31,-0.4468020676365338,46,-0.3959156450928907,-0.39545987637338853,-4.224329109488692,0.98536485,6.70038986,4.60271366
