lb_id,Name,DifficultyName,ModeName,b,classic,v2,res_classic,res_v2
100991,G1ll35 d3 R415,ExpertPlus,Standard,1.868991712385649,8.91701201,10.8222538,-0.10914192708548409,-1.3083527001597526
100e711,256*256,Easy,Standard,-2.86150247027377,3.70705016,3.10820678,-0.895128975289722,-0.31799322941172736
100e731,256*256,Normal,Standard,-2.6699507192203096,3.90134202,4.18459214,-0.8587387071387322,-0.9585820137144361
100e751,256*256,Hard,Standard,0.6363356300605498,8.24429834,7.45620044,-0.8681512981426698,-0.17164560321330757
100e771,256*256,Expert,Standard,3.1417941720888534,9.02195711,10.8778815,1.090757895133573,-0.07269774194852774
100e791,256*256,ExpertPlus,Standard,2.7831409936233475,9.16443164,10.4229166,0.6335513586181949,-0.12569266996243522
1013a11,Ultrasonic Anthem,Easy,Standard,-2.276836392697205,4.36119333,4.13483056,-0.8330276094554399,-0.5264025248210547
1013a31,Ultrasonic Anthem,Normal,Standard,0.3079739122109023,6.51060441,5.8545824,0.07610392508792774,0.7128062525830806
1013a51,Ultrasonic Anthem,Hard,Standard,3.092118257556215,10.8284761,10.8130103,-0.1740091259643881,-0.07904743260035829
1013a71,Ultrasonic Anthem,Expert,Standard,2.5872826660669963,10.6234691,11.0653804,-0.5446133115982721,-0.7519627207615538
1013a91,Ultrasonic Anthem,ExpertPlus,Standard,2.938626215722303,10.2516523,10.7301725,0.05251110439298223,-0.17709055038486365
101a031,Haachama Channel,Normal,Standard,-3.6617869764909945,1.97370276,1.78054065,-0.39048909760384554,-0.23662440974515686
101a051,Haachama Channel,Hard,Standard,-3.8274649210315976,2.91251326,2.60653192,-1.2347284418013613,-0.917997993254108
101a071,Haachama Channel,Expert,Standard,-2.7707144976187896,3.36083836,3.46745523,-0.5290607766797288,-0.5005446432155498
101a091,Haachama Channel,ExpertPlus,Standard,-1.3090527427905563,4.57821834,5.05436393,-0.038176035489923654,-0.2811012728202418
1021791,[BLEED BLOOD],ExpertPlus,Standard,0.4339085303594015,6.3374519,6.57044207,0.33328179402514163,0.29026520519547644
1027a91,Dance with Silence,ExpertPlus,Standard,1.9020546821890068,8.70431563,9.93590869,0.07248712272128532,-0.6748815536146262
102e211,Tool,Easy,Standard,-3.4782677136058413,0.66106952,0.669903231,0.14188766830793087,0.056583963034272156
102e231,Tool,Normal,Standard,-4.4073236954055215,1.18122193,1.11573104,-0.7470916757191781,-0.7632697011158296
102e251,Tool,Hard,Standard,-3.4265601123409684,2.44095645,2.2929673,-0.4785971138618783,-0.30391932973753377
102e271,Tool,Expert,Standard,0.09834018742568326,5.37819617,6.62116639,0.7376820733914125,-0.08379047078906335
102e291,Tool,ExpertPlus,Standard,-1.59222109806612,5.50343866,5.23010682,-1.0506671246574713,-0.7018368821017709
103fb31,ENERGY SYNERGY MATRIX,Normal,Standard,-3.552030161574168,2.07911322,1.57036284,-0.3500467812779582,-0.02879150454300161
103fb51,ENERGY SYNERGY MATRIX,Hard,Standard,-2.963687214471523,3.39948641,2.92524142,-0.7526416772177749,-0.2840473284975542
103fb71,ENERGY SYNERGY MATRIX,Expert,Standard,-1.5416108087260856,4.85369718,5.01135879,-0.48941056590384946,-0.47994859271912027
103fb91,ENERGY SYNERGY MATRIX,ExpertPlus,Standard,0.7679414635017838,8.58719054,6.71804987,-0.9793481846675858,0.5124456441749763
1040571,Splatter Party,Expert,Standard,-1.4808038788379496,3.66888313,3.84844437,0.5160118835925207,0.49385713302370426
1040591,Splatter Party,ExpertPlus,Standard,0.532572377972128,5.016331,5.24353128,1.456219790837122,1.4124622496961194
1044e31,Dream of Winds,Normal,Standard,-3.6716466324945207,2.07222025,1.48933273,-0.46505416586063175,-0.11638601546658256
1044e51,Dream of Winds,Hard,Standard,-3.180216857180439,3.2870863,2.69255693,-0.8802696064150353,-0.33169459448518923
1044e71,Dream of Winds,Expert,Standard,-2.895081679442267,3.68108899,3.56662298,-0.9079995874118476,-0.7014010620759361
1044e91,Dream of Winds,ExpertPlus,Standard,1.367452512481729,6.65362385,6.67228231,1.0277390250240004,1.146590307646982
1047331,PARALLEL*PRISM,Normal,Standard,-3.24888078642648,2.23646356,1.96439372,-0.15467667472174007,0.07628450731270453
1047351,PARALLEL*PRISM,Hard,Standard,-2.5991675205151203,3.30004856,2.75775531,-0.30945380572339065,0.20258955482258267
1047371,PARALLEL*PRISM,Expert,Standard,-0.9893316622806991,5.15854663,4.52296626,-0.1777174041522378,0.456030277707145
1047391,PARALLEL*PRISM,ExpertPlus,Standard,0.6782195036412798,6.10160476,6.72379284,0.757534944078191,0.41838085604838604
106a391,I Can't Breathe,ExpertPlus,Standard,0.6850850545466705,5.95932343,6.49785887,0.8736013931678912,0.5966048090215288
1079251,Mischievous Princess,Hard,Standard,-3.1265517067344666,2.46584629,1.73844541,-0.19678232390880757,0.31979007114853797
1079271,Mischievous Princess,Expert,Standard,-1.3885058174091107,4.13724713,3.73505215,0.23414868736330496,0.674528463691441
1079291,Mischievous Princess,ExpertPlus,Standard,1.2650536229576876,8.14164127,5.79981057,-0.1661780292816717,1.712233891820408
1079351,Planetes,Hard,Standard,-2.134663342700493,1.69115923,1.69734538,1.307426269038921,1.331659501090618
1079371,Planetes,Expert,Standard,-2.3431323054389304,2.60985125,2.84147783,0.4799766115849766,0.3979153951567338
107ab71,Hanavision,Expert,Standard,1.6088494786421517,8.33955042,8.89128294,0.03662447149579795,-0.23923340728666687
107ab91,Hanavision,ExpertPlus,Standard,2.2682239458359206,8.24114456,8.89888371,0.7659836457062084,0.41475278026095586
108c631,OniiChan High Tech,Normal,Standard,-2.4342842675669356,3.54362155,3.12418333,-0.33769533013222564,0.09722348559449756
108c651,OniiChan High Tech,Hard,Standard,-1.8554158436041772,4.56453802,4.67224056,-0.5736532257766191,-0.5274436879596605
108c671,OniiChan High Tech,Expert,Standard,-1.247952952648255,5.27640551,6.02202098,-0.5288951693227875,-0.9722589924670937
108c691,OniiChan High Tech,ExpertPlus,Standard,2.837319976893793,10.3979871,10.1504459,-0.14588792408200746,0.11356836998584985
108f551,Tonchiki ranchiki chindon kikou,Hard,Standard,-3.2139646909907356,2.22053851,2.24450372,-0.10864450658963642,-0.05989784062057657
108f571,Tonchiki ranchiki chindon kikou,Expert,Standard,-1.5519522875014093,4.50090878,3.87153261,-0.21952919186211428,0.40468085256121444
108f591,Tonchiki ranchiki chindon kikou,ExpertPlus,Standard,0.5035387692916744,6.48583472,7.07146339,0.29039793733265795,-0.017926160604382124
1090831,Liquid Answers,Normal,Standard,-3.3752615282244713,2.67947787,2.54490873,-0.6044839954027412,-0.42271908484317455
1090851,Liquid Answers,Hard,Standard,-1.0899439604542358,5.17130978,4.78537559,-0.2883657627470424,0.14910570911785093
1090871,Liquid Answers,Expert,Standard,0.7518262615171639,7.73561414,7.08355875,-0.3870961904951361,0.2213053662087342
1090891,Liquid Answers,ExpertPlus,Standard,3.100532732640256,10.3670747,9.10657912,0.1377958200814069,1.1003108423832417
1099091,Icarian Beam,ExpertPlus,Standard,-0.3750074728041986,3.9102455,5.09773813,1.429089117637934,0.6189617681315087
109e891,Bonfire,ExpertPlus,Standard,-0.4480908432194678,4.75238242,4.74871514,0.6844079490700786,0.8197669683065828
10a3471,Better Not,Expert,Standard,-2.9601100304558963,3.74898413,3.72867446,-1.0272009146641983,-0.8921142414881342
10a9351,You are eating my rotten dick,Hard,Standard,-1.907218805024436,5.60192387,5.25699019,-1.4423256230163932,-1.0378480721471093
10a9371,You are eating my rotten dick,Expert,Standard,1.505076032486813,9.7541405,8.11440346,-1.047365152777219,0.21441967112274218
10a9391,You are eating my rotten dick,ExpertPlus,Standard,4.3293963991002995,12.8126624,13.5146262,-0.19135647455873528,-0.5780432957794366
10c5791,Kyogen NEUROSE,ExpertPlus,Standard,-0.23790168855456673,5.61591458,6.52568011,0.21611830387310105,-0.3475385096467153
10cf131,Very Noise,Normal,Standard,-3.5904589074946003,2.00059333,1.60564172,-0.33659712128132124,-0.08225476494668182
10cf151,Very Noise,Hard,Standard,-3.5420189054621694,3.04273208,3.26334263,-1.0503227451724517,-1.115713033230398
10cf171,Very Noise,Expert,Standard,-1.3468358146368176,5.90558917,5.89978023,-1.1169542167400506,-0.9769107575693137
10cf191,Very Noise,ExpertPlus,Standard,0.9556874655896301,6.27864704,7.84174197,0.8998001660955048,-0.13617616073096128
10cf671,Miracle Sugar Land,Expert,Standard,-1.9088565511125573,3.51928266,2.68336956,0.20708947950368795,0.9462170332232749
10cf691,Miracle Sugar Land,ExpertPlus,Standard,-0.2329222590524768,5.05982732,5.05868469,0.6564209434897464,0.7916432206242744
10d0811,VVelcome!!,Easy,Standard,-3.78764453731746,2.32987937,1.40766415,-0.7594820883860156,-0.2040196919538655
10d0831,VVelcome!!,Normal,Standard,-1.5883112687441756,3.93431077,3.27731496,0.19655177866815277,0.8273707617467896
10d0851,VVelcome!!,Hard,Standard,1.9138658188984752,8.77031967,7.74187276,0.03807838313851608,0.8952249498776537
10d0871,VVelcome!!,Expert,Standard,2.7288581802338876,9.72455222,10.999391,0.1964380091132485,-0.5665607340434855
10d0891,VVelcome!!,ExpertPlus,Standard,2.681954421287869,9.46714705,10.4944111,0.3245582860909684,-0.27519022988790987
10de71,Mirror Night,Expert,Standard,-2.2212615851312774,3.18982682,3.67490187,0.15529047340131186,-0.11147599633997185
10e0871,Unity,Expert,Standard,-2.65868383181533,4.49906676,3.31392363,-1.3247934809942818,-0.2708853583657125
10e0891,Unity,ExpertPlus,Standard,-0.39525307013371713,5.16495958,5.74064373,0.4113180996526402,0.09772923227925356
10f6b11,Say So,Easy,Standard,-2.949959215541106,0.466060556,0.360548483,0.5070420691867437,0.24738307088064238
10f6b31,Say So,Normal,Standard,-2.849692203777632,0.780858248,0.635879606,0.819527051728425,0.6612012204968702
10f6b51,Say So,Hard,Standard,-2.769569669803922,1.01201795,1.03845339,0.9197481569339052,0.8767776506129206
10f6b71,Say So,Expert,Standard,-3.2306969748038483,2.40823622,2.01540148,-0.2589359730526475,0.06482122247522781
10f6b91,Say So,ExpertPlus,Standard,-1.3498028296827334,2.87093093,3.36528863,1.2749878936734744,0.9987607076615157
10f8751,=El=Dorado=,Hard,Standard,-1.0124295044779796,5.06532753,4.75277462,-0.12742173198448659,0.25223799236931366
10f8771,=El=Dorado=,Expert,Standard,0.47130549824092216,6.30080508,6.06332816,0.398550180627671,0.7152173301922626
10f8791,=El=Dorado=,ExpertPlus,Standard,1.4216892436244821,7.16278452,7.58472081,0.7022064209284813,0.5187137721528852
110de91,Mine All Day,ExpertPlus,Standard,-1.0288817952179385,5.34628845,4.58131197,-0.36457449067620673,0.3705919595211544
1135491,See you Never,ExpertPlus,Standard,2.0874758064583094,9.56394966,8.7780472,-0.3359213321389771,0.3198166229095638
115af91,Monolith,ExpertPlus,Standard,2.2180168106641602,8.61291074,9.70100564,0.4526306838237599,-0.19705737399682244
117ac51,Fresh!,Hard,Standard,-2.004763151810623,4.27416209,3.57272349,-0.49148610489757694,0.1842006503111917
117ac71,Fresh!,Expert,Standard,0.7061547659257692,7.12473885,6.16257188,0.01482331944939741,0.8738349005315684
117ac91,Fresh!,ExpertPlus,Standard,1.8532648490762988,7.64046677,8.55588374,0.7834386413030643,0.24420957553092126
117f391,Come To Life,ExpertPlus,Standard,1.7127504666275022,9.57220593,8.62193582,-0.7162658331742948,0.05642703094338586
119f031,THE LAUNCH OF THE MEGANTO METEOR,Normal,Standard,-2.8024840229028274,3.21895265,2.94027751,-0.4488372795765989,-0.13393256096598583
119f051,THE LAUNCH OF THE MEGANTO METEOR,Hard,Standard,-1.003161957244925,5.1022207,5.92504074,-0.14722024688327018,-0.6527308283766948
119f071,THE LAUNCH OF THE MEGANTO METEOR,Expert,Standard,-0.09876409481176938,6.81508292,5.43048994,-0.5596115771789856,0.6352067191306976
119f091,THE LAUNCH OF THE MEGANTO METEOR,ExpertPlus,Standard,1.1385279849030117,8.89356656,7.84174197,-0.823282672612603,0.04666435858242024
11b4911,Purple People Eater,Easy,Standard,-0.9114549944187194,0.574401731,0.549435333,2.650853577950813,2.5248322488127513
11b4931,Purple People Eater,Normal,Standard,-4.053286853478898,1.53739575,1.37086571,-0.5303288009613412,-0.4583010150428479
11b4951,Purple People Eater,Hard,Standard,-3.432239908333883,1.96886853,2.14328963,-0.15782634042969468,-0.21413877447336116
11b4971,Purple People Eater,Expert,Standard,-2.2150125173956092,4.30880424,3.98225681,-0.729393388643095,-0.34496948065761623
11b4991,Purple People Eater,ExpertPlus,Standard,-0.5875702732131758,5.33466898,5.89474107,0.08583357624965049,-0.21375509745424526
11b6251,Bustin,Hard,Standard,-2.9429808647787117,2.05650058,2.10517274,0.2740843577283325,0.29862748126645355
11b6271,Bustin,Expert,Standard,-1.1849892231319312,3.41743865,4.20969706,1.0118256965929568,0.5066629580495834
11b6291,Bustin,ExpertPlus,Standard,-0.32337716798576843,3.83795037,4.50753329,1.53848627045147,1.1341230233406836
11bde11,Phantom's Wonderland,Easy,Standard,-2.7127067602793002,1.41946256,1.53454729,0.8646207871724441,0.8251323096010248
11bde31,Phantom's Wonderland,Normal,Standard,-1.6083051193275002,2.33816092,2.62665454,1.413937505314087,1.2869876905539612
11bde51,Phantom's Wonderland,Hard,Standard,-1.6157075533621152,3.34128614,3.42037121,0.6414156633017263,0.6906459226343462
11bde71,Phantom's Wonderland,Expert,Standard,-1.4459787371973272,3.62418587,4.07520065,0.586465332274827,0.35123513085356506
11bde91,Phantom's Wonderland,ExpertPlus,Standard,-0.7451081377454494,4.04197738,4.92644311,0.9536934500064678,0.3831649576050027
11c7411,DONUT HOLE,Easy,Standard,-2.5789903953545883,1.2908382,1.36618813,1.0482194659399826,1.0173722892418708
11c7431,DONUT HOLE,Normal,Standard,-3.010917631333549,2.95003991,2.77904539,-0.44720093917014747,-0.22453108326953553
11c7451,DONUT HOLE,Hard,Standard,-2.3367275079300436,3.33782234,3.15368726,-0.07686489311774691,0.1725735497468488
11c7471,DONUT HOLE,Expert,Standard,-1.6052040515594523,3.76840977,4.61273682,0.31219744321544907,-0.23044349938144437
11c7491,DONUT HOLE,ExpertPlus,Standard,1.6092640819951358,4.8103966,6.98737224,2.695763683528523,1.1508454296042616
11c7731,CENSORED!!,Normal,Standard,-3.824672218057688,1.92480773,1.67286734,-0.5221363613283678,-0.3467937267539938
11c7751,CENSORED!!,Hard,Standard,-2.804071538262926,3.51498501,2.94027751,-0.6847086578337009,-0.13552007632608465
11c7771,CENSORED!!,Expert,Standard,-1.3107066314220466,6.02637793,5.47709188,-1.1737144303938971,-0.6130359447054967
11c7791,CENSORED!!,ExpertPlus,Standard,0.30979985799975224,6.31209419,6.57044207,0.22845520676276604,0.16615653283582715
11c9c71,Scratch,Expert,Standard,-3.0870544616228566,3.05313184,3.16178204,-0.603466750618213,-0.5838557254114014
11c9c91,Scratch,ExpertPlus,Standard,0.5378739956365138,4.13983187,5.11956461,2.158462875676762,1.5147500238731935
11cc851,Ghost Family Living In Graveyard,Hard,Standard,-1.6069345849105223,3.65323184,3.07124516,0.4023597967164767,0.9642740977189856
11cc871,Ghost Family Living In Graveyard,Expert,Standard,0.46880507564501667,7.65609465,6.00660344,-0.6123857625881417,0.7563693025532809
11cc891,Ghost Family Living In Graveyard,ExpertPlus,Standard,1.008451055731227,7.19374255,7.12605564,0.2660882445057211,0.44613691481892714
11dcb91,chrono diver -fragment-,ExpertPlus,Standard,1.9322995528392068,6.98434168,7.68256278,1.345169383750648,0.9572477472240801
11e3d71,Himitsu CULT,Expert,Standard,-2.533599417103035,3.35609422,2.70177575,-0.28819121075000487,0.3083392940814407
11e3d91,Himitsu CULT,ExpertPlus,Standard,-0.7625593877749504,5.87036639,5.7948568,-0.5055263386785454,-0.311546537131298
120a871,Welcome To Chaos,Expert,Standard,-1.3209509921532954,4.29699297,4.94753618,0.17409720927162997,-0.20922958935762948
120a891,Welcome To Chaos,ExpertPlus,Standard,0.16317011390435512,6.08781866,7.64980935,0.25304532163172966,-0.7877769000175492
1215151,Chirality,Hard,Standard,-1.6599377970913038,4.23517741,4.2277213,-0.11552667570771735,0.01755583201927835
1215171,Chirality,Expert,Standard,-0.17176938980458764,6.08860175,5.58579965,-0.08249412885025328,0.4413453216295492
1215191,Chirality,ExpertPlus,Standard,0.79704522550378,6.89931811,7.82166559,0.2732603525961098,-0.2801162958483271
1216291,Fresh!,ExpertPlus,Standard,0.8405531588962676,8.42289546,8.47584022,-0.7907589476507924,-0.7110928407286452
122b791,JDM,ExpertPlus,Standard,0.8136887479050123,6.20089708,6.54243,0.8170838348198204,0.6913220026077773
122f71,"Nice To Meet You, Mr. Earthling ft. Hatsune Miku",Expert,Standard,-1.1546806379839492,4.3401541,4.31163192,0.30591645498976794,0.4568715877260172
1232e11,Chariot,Easy,Standard,-3.7944450328028143,1.17553886,1.04111886,-0.13277491829317478,-0.14806018656571762
1232e31,Chariot,Normal,Standard,-3.5082018330608666,2.45820831,2.05891826,-0.57284120736395,-0.2385521218189277
1232e51,Chariot,Hard,Standard,-1.8877618189430094,4.11942523,4.1031539,-0.25086418060405014,-0.11247267152701057
1232e71,Chariot,Expert,Standard,-1.0802307600690804,5.54449941,5.41196038,-0.5706640014553228,-0.3318181979088557
1232e91,Chariot,ExpertPlus,Standard,1.9663699789220142,8.33727316,8.97524979,0.3957618238531617,0.058831893202516694
123b951,Vitality,Hard,Standard,-3.54612065250624,2.57531591,2.52325533,-0.6972290150972804,-0.578566049097053
123b971,Vitality,Expert,Standard,-1.2897158650377845,5.71954663,5.26148417,-0.9161005624065222,-0.42385703067890135
123b991,Vitality,ExpertPlus,Standard,0.34765679061718846,6.16342943,6.78729051,0.37967230225519544,0.0398466683749118
1245e51,Radiclaw,Hard,Standard,-3.2593709479388355,1.7340675,2.07481326,0.15844722000741562,0.0007042892844886239
1245e71,Radiclaw,Expert,Standard,-2.83356516302339,3.01484148,3.23557642,-0.3201502134711087,-0.38617861425455535
1245e91,Radiclaw,ExpertPlus,Standard,-1.148782514530665,3.42615216,4.3523498,1.0411224476570728,0.43075860823602197
124d251,ALONE,Hard,Standard,-2.618644779782733,3.21555498,2.7743001,-0.2623243999720031,0.17117176618153884
124d271,ALONE,Expert,Standard,-0.0981932704107503,5.99865842,5.60492441,0.060085506945393746,0.5000637748212357
124d291,ALONE,ExpertPlus,Standard,0.38783698859947324,6.44724491,7.57176971,0.2039053967692841,-0.5055821964633667
124ea31,"This Is the Dead, and I Reached the Deathless.",Normal,Standard,-2.287719001777459,2.75444501,2.56674796,0.42623340813962063,0.649616081178074
124ea51,"This Is the Dead, and I Reached the Deathless.",Hard,Standard,-1.4443899943933054,5.07554523,5.15027877,-0.5674346633651883,-0.491559107524812
124ea71,"This Is the Dead, and I Reached the Deathless.",Expert,Standard,2.9234632008793664,11.2127022,11.4599177,-0.5918358587342243,-0.6760192345473812
124ea91,"This Is the Dead, and I Reached the Deathless.",ExpertPlus,Standard,2.8600816439570576,11.0211993,10.9712304,-0.531416033435081,-0.416608180203458
1266651,UMMU,Hard,Standard,-3.2655114949181634,2.34415167,2.06067834,-0.24755745037641486,0.0030812642650599464
1266671,UMMU,Expert,Standard,-1.558790443445448,6.13343569,5.37968566,-1.5038392181483977,-0.7852122321749175
1266691,UMMU,ExpertPlus,Standard,1.6016560565733282,7.31506716,7.86859066,0.7698599271287903,0.4901447762631712
126bd11,XTREME,Easy,Standard,-2.929924933910273,2.96904127,2.4593943,-0.3809337466220635,0.0815044933315403
126bd31,XTREME,Normal,Standard,-2.897507304142457,4.27259002,3.56662298,-1.3829749447617754,-0.703826686776126
126bd51,XTREME,Hard,Standard,-1.6497531612918768,5.41913036,4.70831062,-1.0424084482930742,-0.3501375953118764
126bd71,XTREME,Expert,Standard,-0.13993400927146682,6.71168045,7.16268441,-0.5232793939391537,-0.7296202594785787
126bd91,XTREME,ExpertPlus,Standard,1.5088944701321954,7.37654559,9.10657912,0.631922060441737,-0.4913274201248188
126c51,iLLness LiLin,Hard,Standard,-2.873438291056186,6.24566422,4.66027872,-2.904194952041701,-1.5360612668087938
127ec11,Nibelungen,Easy,Standard,-2.8523128415415595,2.26428883,2.15246634,0.22236587206257763,0.3600772019737648
127ec31,Nibelungen,Normal,Standard,-2.620803806944462,4.17658828,3.34521942,-1.0295866767679804,-0.2568954338319367
127ec51,Nibelungen,Hard,Standard,-0.07934636628972952,6.68402684,7.14434655,-0.4419194485234114,-0.655332613579384
127ec71,Nibelungen,Expert,Standard,1.6523319172352071,7.75396782,8.74062334,0.5001071571039559,-0.08868594740227875
127ec91,Nibelungen,ExpertPlus,Standard,3.140179929405559,11.0826964,11.0087939,-0.29115767824199335,-0.16148915873026315
128ea11,Wolves Standing Towards Enemies,Easy,Standard,-3.278705485758907,1.95858415,1.71337465,0.002316895420243714,0.17990921090123013
128ea31,Wolves Standing Towards Enemies,Normal,Standard,-3.7894733173599833,2.53220476,2.25026484,-0.9085707552090017,-0.639117500843132
128ea51,Wolves Standing Towards Enemies,Hard,Standard,-1.4259320464852734,4.98350825,4.61273682,-0.47637621443528966,-0.05117149430726542
128ea71,Wolves Standing Towards Enemies,Expert,Standard,-1.2718098965677305,5.97078407,5.38428452,-1.0921073333723013,-0.5018184155151824
128ea91,Wolves Standing Towards Enemies,ExpertPlus,Standard,2.2355256548799987,7.78549243,8.18403749,1.0604723492998973,0.8943632256365319
1293a51,citrus,Hard,Standard,-3.48913420702444,2.16171605,1.75186635,-0.3431442636893749,-0.04946836934367438
1293a71,citrus,Expert,Standard,-3.5579766113458198,2.91119317,2.89787469,-0.9642208448634295,-0.8582047929420762
1293a91,citrus,ExpertPlus,Standard,-0.7318963171800901,6.60225419,6.01687741,-1.0329332242078144,-0.45224269474491274
12a6b51,Count down 321,Hard,Standard,-2.3505739654262277,4.34374015,3.89475937,-0.892838619306656,-0.41208720094549456
12a6b71,Count down 321,Expert,Standard,-0.8907628989076254,5.99107923,5.7948568,-0.7266606895757685,-0.439750048263973
12a6b91,Count down 321,ExpertPlus,Standard,3.9332026280971477,11.6889255,11.0843071,0.11332371719613565,0.5814031506618429
12ab331,Just the Way You Are,Normal,Standard,-1.844705040633198,1.63209233,1.49570946,1.6296398926356193,1.7081694557833438
12ab351,Just the Way You Are,Hard,Standard,-2.7126972331642856,2.63826769,2.60430561,0.08910877997338984,0.19833469195654496
12ab371,Just the Way You Are,Expert,Standard,-1.7661848842079362,4.12608406,3.80593088,-0.13460904417100572,0.24164318867019485
12ab391,Just the Way You Are,ExpertPlus,Standard,1.7892112007624348,6.89044089,6.69512698,1.2720506409601253,1.5510564085372087
12ac831,Rocket Cider,Normal,Standard,-3.6258597323778,1.89214033,1.84245098,-0.30280685544145935,-0.23307293381018201
12ac851,Rocket Cider,Hard,Standard,-2.7273951308511566,3.90829653,3.72230765,-0.9217409531991221,-0.6544473324404612
12ac871,Rocket Cider,Expert,Standard,0.0381747740247497,5.77490554,5.88467565,0.36893780046959834,0.41976153750308665
12ac891,Rocket Cider,ExpertPlus,Standard,1.5574809828121803,6.1997411,8.05912306,1.5617585814353008,0.30699608003738255
12ad911,Apocalypse Simulator,Easy,Standard,-2.384947873660447,2.4393777,2.25411379,0.5641665307135022,0.7629248523602619
12ad931,Apocalypse Simulator,Normal,Standard,-2.0856564239415283,3.59000271,3.5031931,-0.025983489232354273,0.15699023422490965
12ad951,Apocalypse Simulator,Hard,Standard,-0.7956763359945923,6.2755377,5.52881604,-0.8491956630574936,-0.1382596865281437
12ad971,Apocalypse Simulator,Expert,Standard,1.9647226706117966,8.24792446,9.0522712,0.4576529419216404,0.002782357501778021
12ad991,Apocalypse Simulator,ExpertPlus,Standard,2.1422464245182415,8.00692436,9.16121286,0.8075446573900731,0.1035778577443125
12ae191,Magical Sanctuary,ExpertPlus,Standard,2.956216070851092,11.7167378,11.4599177,-0.8813082790351592,-0.6432663645756556
12af011,PYRO,Easy,Standard,-2.5458002298470936,2.29124867,1.98125123,0.5098399599191978,0.7696503737948084
12af031,PYRO,Normal,Standard,-2.16794461145497,2.90083862,3.06600094,0.43380250229666784,0.407186492320498
12af051,PYRO,Hard,Standard,-2.3217243803510565,3.75735817,4.28591911,-0.3954999232177634,-0.68996143540065
12af071,PYRO,Expert,Standard,0.86716819190332,5.07623337,5.9301058,1.7435812766112968,1.213691869112545
12af091,PYRO,ExpertPlus,Standard,0.37073683717784167,6.89260888,7.39907898,-0.1480416919607488,-0.3949081251444908
12b2711,Villain Virus,Easy,Standard,-3.461739844945672,0.219802448,0.276644657,-0.39312073622865107,-0.39439727183734963
12b2731,Villain Virus,Normal,Standard,-4.2146040395518245,0.455880421,0.613463382,-0.7696448915611414,-0.7211065979879505
12b2751,Villain Virus,Hard,Standard,-3.428675947116781,1.90688212,2.06596761,-0.11484554412732662,-0.16326434991216177
12b3f91,Clinpf Eepfwoof,ExpertPlus,Standard,1.1389648969875925,8.13306905,8.92935186,-0.2861378683107765,-0.7360928603435959
12b5351,VVelcome!!,Hard,Standard,-2.181914047097222,5.2605555,4.26400163,-1.4504248038540823,-0.5329263579617156
12b5371,VVelcome!!,Expert,Standard,0.42346148076725226,8.48984262,8.14218569,-1.2551890103975087,-0.887358361886704
12b5391,VVelcome!!,ExpertPlus,Standard,2.8211770074449265,9.70833617,10.8964875,0.29973798804923835,-0.40572590866506
12b6211,Climax,Easy,Standard,-3.045655377638687,2.40591346,1.9982534,-0.07221029690916003,0.2599131788364013
12b6231,Climax,Normal,Standard,-3.054372448239711,2.77045797,2.72030819,-0.3526173022856369,-0.2256977863047931
12b6251,Climax,Hard,Standard,-2.1246898291854315,4.09478134,3.6374123,-0.46809556986201084,0.014183458297660323
12b6271,Climax,Expert,Standard,-0.5380613267996583,5.74986995,5.49584444,-0.18792733396147376,0.14501084960340815
12b6291,Climax,ExpertPlus,Standard,1.1137407441928755,6.46016408,7.86859066,0.9200263286368713,0.0022294638827184965
12bd251,666,Hard,Standard,-2.0414137406324793,3.77709498,3.2689244,-0.13094671931764212,0.3806492862631705
12bd271,666,Expert,Standard,0.2656926078306298,6.70571998,5.86960974,-0.11317712419305043,0.6589151236042206
12bd291,666,ExpertPlus,Standard,4.0637019042126346,11.069832,10.2550631,0.6406917222146666,1.268705035701998
12bdb91,Qyoh,ExpertPlus,Standard,2.044617638443085,8.49690573,9.43933756,0.36097921955606704,-0.18877211745188127
12bdc51,Monochrome Butterfly,Hard,Standard,-2.980391666602197,1.2651614,1.32706766,0.6554075496302474,0.6268661517255758
12bdc71,Monochrome Butterfly,Expert,Standard,-1.076896527999683,3.22255076,3.62809982,1.2739183951178539,1.0691957659769453
12bdc91,Monochrome Butterfly,ExpertPlus,Standard,0.19629222071727295,4.91021974,6.92200274,1.2037645470984062,-0.21301298739030025
12c0c51,Superpower,Hard,Standard,-2.9458092019279856,2.96917256,2.71334368,-0.39691983209398396,-0.11214535624006494
12c0c71,Superpower,Expert,Standard,0.5827414801173152,6.04018008,5.00280177,0.7091414195142383,1.651113352851508
12c0c91,Superpower,ExpertPlus,Standard,1.4803440636490857,6.50101816,7.07146339,1.2557207441028573,0.9588791337530291
12cab51,YELL!,Hard,Standard,-2.043258197142124,4.03948231,3.75746011,-0.3424621686756715,0.0023358221024505355
12cab71,YELL!,Expert,Standard,-1.2327097673697036,5.13583925,5.15908804,-0.403232372058941,-0.28677352690586844
12cab91,YELL!,ExpertPlus,Standard,0.3956635545987675,6.74694755,6.75258144,-0.01414531056598961,0.11406524742143659
12cac91,///Under Construxion///,ExpertPlus,Standard,2.98073562348061,11.3553602,11.0748397,-0.6262916790057709,-0.3647850107179389
12cca91,Anemone,ExpertPlus,Standard,1.8056245387374017,7.98062759,8.80057839,0.4898181454047137,0.02194062636334948
12ccf91,Architecture,ExpertPlus,Standard,3.440802744016955,11.7431045,12.4928845,-0.413435533666048,-0.8258813104374112
12cf311,I'm A Fucking Car,Easy,Standard,-2.5432857992807283,1.47908573,1.60153096,1.007481992455769,0.9667024569962175
12cf331,I'm A Fucking Car,Normal,Standard,-2.455423422706172,2.78285111,3.06862193,0.23687810074557492,0.1177475502666292
12cf351,I'm A Fucking Car,Hard,Standard,-0.026367448485115574,5.60163264,5.81966806,0.4387521150930384,0.4054537866194147
12cf371,I'm A Fucking Car,Expert,Standard,1.2782392475457969,7.6704027,8.49033768,0.18664895085024025,-0.28381515784996747
12d2291,SECRET BOSS,ExpertPlus,Standard,1.0615751893978171,7.41080942,8.16308477,0.15946607200731644,-0.26440133307245817
12d2471,Half Of It,Expert,Standard,-1.8920552895837381,3.95321845,2.97566296,-0.12230475047955203,0.750327088178327
12d2491,Half Of It,ExpertPlus,Standard,-1.0636834641943476,5.02484949,4.85539706,-0.14675697465057747,0.12036374780406822
12d5691,BUCK WILD,ExpertPlus,Standard,2.852318991542734,9.6817641,10.5844692,0.34888702910416214,-0.16553184341725036
12d9611,Mane Mane Psychotropic,Easy,Standard,-3.369526309619121,1.25057407,1.14177163,0.2709293579310885,0.2722663244183301
12d9631,Mane Mane Psychotropic,Normal,Standard,-3.6852053182429456,2.60483603,2.00338245,-0.8583448060894332,-0.38263415547522817
12d9651,Mane Mane Psychotropic,Hard,Standard,-2.7551783904120715,2.87168126,2.91526011,-0.1309650791353274,-0.06818837571164327
12d9671,Mane Mane Psychotropic,Expert,Standard,-0.48744241589357507,5.82278299,5.10209597,-0.193684118207319,0.5031136339970306
12d9691,Mane Mane Psychotropic,ExpertPlus,Standard,1.3103290753802617,6.92075302,7.42441207,0.7705573344910277,0.5258994183119412
12dc351,RELOADED,Hard,Standard,-1.9272261172323242,5.0196531,4.60879696,-1.0061999293257549,-0.5493672821081959
12dc371,RELOADED,Expert,Standard,-0.24760300885808278,5.74596297,6.16784,0.10555524371007746,-0.08396436301291949
12dc391,RELOADED,ExpertPlus,Standard,0.7445137174484493,6.01032724,7.55238452,0.8938294698981959,-0.13459477176955903
12df451,KORO DISCO!,Hard,Standard,-3.5637304531788585,1.93383563,1.90488557,-0.26691555960421676,-0.20496332116844407
12df471,KORO DISCO!,Expert,Standard,-0.21678437276219015,3.05270052,2.78617855,2.2671397341690684,2.5644418012201426
12df491,KORO DISCO!,ExpertPlus,Standard,-1.9387230979923922,3.55070598,3.56357663,0.15222949019178755,0.2573124376310487
12dfd91,Snow Halation,ExpertPlus,Standard,-1.210260782288005,5.10423983,5.05868469,-0.3559091106836303,-0.18569530261125378
12e5291,Syzygia,ExpertPlus,Standard,0.24671223516712165,6.82304696,7.12605564,-0.22009331651469005,-0.31560190574517816
12ed791,NUCLEAR-STAR,ExpertPlus,Standard,1.7417516307050123,7.0511803,8.71079916,1.104952502916879,0.021986990203951118
12f3311,Cyaegha,Easy,Standard,-3.064564325560203,1.52425977,1.23304339,0.46480815810008336,0.5639999675106022
12f3331,Cyaegha,Normal,Standard,-2.8061621059179904,3.17185349,2.99607409,-0.41549147143763765,-0.17892039159668371
12f3351,Cyaegha,Hard,Standard,-1.5293115246066795,5.12603555,4.28225839,-0.6921188913883805,0.10532853304917755
12f3371,Cyaegha,Expert,Standard,-1.2309239266372918,6.1024711,5.94024892,-1.1522719266028074,-0.8922238359575061
12f3391,Cyaegha,ExpertPlus,Standard,0.6044823686707788,6.75470514,7.77502037,0.18885659871120009,-0.4384862086847665
12fa251,Monolith,Hard,Standard,-2.2813086622492436,4.42810475,3.70010933,-0.8908670106001284,-0.19110360141403282
12fa271,Monolith,Expert,Standard,-0.47178641857052384,6.81955336,6.64383605,-0.9359785292691236,-0.6711009051364427
12fa291,Monolith,ExpertPlus,Standard,2.240741331448184,8.83071102,10.6570718,0.3227565503058045,-0.8259290276559099
12fae11,Extra Credit on the Chromosome Test! VICTORY ROYALE​!​!​!,Easy,Standard,-3.5798632702396476,2.39853425,2.61099025,-0.601072777647913,-0.6735322728707751
12fae31,Extra Credit on the Chromosome Test! VICTORY ROYALE​!​!​!,Normal,Standard,-1.1685218904305648,4.87140191,4.31531775,-0.13033745385330087,0.4401329448451332
12fae51,Extra Credit on the Chromosome Test! VICTORY ROYALE​!​!​!,Hard,Standard,-0.3476666573550185,6.75772872,6.77570104,-0.7655592018094624,-0.6467273466001051
12fae71,Extra Credit on the Chromosome Test! VICTORY ROYALE​!​!​!,Expert,Standard,1.3785451542277025,8.95629118,9.6431528,-0.6269055497871387,-0.9964856801625896
12fae91,Extra Credit on the Chromosome Test! VICTORY ROYALE​!​!​!,ExpertPlus,Standard,4.392665087651547,12.8653204,12.6973663,-0.1603387741012252,-0.0037442147107622503
1303c71,Guardian,Expert,Standard,-2.1659967687099995,4.13058903,3.59108771,-0.5380212695206796,0.008760651186954682
1305111,Xronier,Easy,Standard,-2.2926096057315206,2.8832086,2.67421355,0.3227282687938744,0.5689831188227634
1305131,Xronier,Normal,Standard,-1.5665283816312148,3.5524957,3.81569981,0.5230001731900635,0.4336818212995375
1305151,Xronier,Hard,Standard,-1.125314596732033,6.28014346,5.50995098,-1.1823414371539704,-0.45322078002745014
1305171,Xronier,Expert,Standard,0.6318354895647745,7.66114285,8.06601247,-0.45302509817515013,-0.6236595246299351
1305191,Xronier,ExpertPlus,Standard,4.1624824625554,10.6270963,9.80936903,1.0282036570036168,1.6725946658922415
1306911,Quon,Easy,Standard,-3.3341343129249466,1.53525684,1.21630009,0.18987393931048313,0.2974404594067357
1306931,Quon,Normal,Standard,-3.484758475720076,2.16983383,1.97449093,-0.34434347748249916,-0.1654019629461536
1306951,Quon,Hard,Standard,-3.1100301481730592,3.08461113,3.00376431,-0.6510179658966995,-0.4885013587252178
1306971,Quon,Expert,Standard,-1.8937898726900266,5.3686631,4.88452638,-1.2469912584749687,-0.732614752109128
1306991,Quon,ExpertPlus,Standard,1.3528196931402858,6.95813162,6.47568731,0.7851974389907634,1.2812108040123782
130bc91,Flowering Night Fever,ExpertPlus,Standard,4.773655832756348,9.95929505,11.2753641,2.0829446718530673,1.2955246803959652
130c051,Kick To The Sky,Hard,Standard,-1.8086848640823023,4.11061632,3.02178501,-0.16474687832842405,0.7994389529131787
130c071,Kick To The Sky,Expert,Standard,0.6213879460970867,8.87838277,6.26344,-1.329844549497075,0.7117768017881233
130c091,Kick To The Sky,ExpertPlus,Standard,2.975300485136757,10.189265,9.83454738,0.13072323043970968,0.46806523516074616
1313f51,Start of the Determination,Hard,Standard,-2.7622775267336266,3.00779212,2.96297668,-0.24337949968415362,-0.11050135500467917
1313f71,Start of the Determination,Expert,Standard,-1.7615865491406029,4.90220939,4.49599313,-0.747778563734536,-0.29500984090403715
1313f91,Start of the Determination,ExpertPlus,Standard,0.5619994053123621,6.9305822,7.50093295,0.014900605146216717,-0.27908623836521673
1329231,Shun no shifudo o ikashita Karefumi Paeria 808 shefu no Twerk to Trap shitate,Normal,Standard,-2.480390146480075,2.66486724,2.84633803,0.30140592695641333,0.2571120726639329
1329251,Shun no shifudo o ikashita Karefumi Paeria 808 shefu no Twerk to Trap shitate,Hard,Standard,-1.1981944778942366,4.98623322,5.02422177,-0.2507902970513438,-0.14661703803224757
1329271,Shun no shifudo o ikashita Karefumi Paeria 808 shefu no Twerk to Trap shitate,Expert,Standard,1.8482865858478534,9.13580219,7.93611523,-0.28153799161816884,0.6874315705198406
1329291,Shun no shifudo o ikashita Karefumi Paeria 808 shefu no Twerk to Trap shitate,ExpertPlus,Standard,3.4541560234365174,10.6035598,10.8593072,0.3353441948866589,0.25206089086529726
132cb51,Here We Go,Hard,Standard,-1.4734904246176945,5.49118006,5.14587978,-0.9223797169788492,-0.517216320554257
132cb71,Here We Go,Expert,Standard,1.95804410700589,7.33135033,7.33612379,1.1142732974391105,1.239141319965161
132cb91,Here We Go,ExpertPlus,Standard,2.647205133125918,10.093912,9.34304203,-0.133718041571806,0.48104533806546135
132d631,VANDALIZED AI,Normal,Standard,-2.7808179864399736,4.0241666,3.76710463,-1.0677792390413845,-0.742734124668702
132d651,VANDALIZED AI,Hard,Standard,-0.23840012221834794,5.33072291,5.67722725,0.4380936155160774,0.3037369628511296
132d671,VANDALIZED AI,Expert,Standard,1.2999793356201945,9.81609401,8.44691951,-1.2943181193502504,-0.23088930997669288
132d691,VANDALIZED AI,ExpertPlus,Standard,3.8740891557073085,11.3470063,11.4991544,0.2724217670985505,0.24889253151675916
132dc31,GLORY: ROAD,Normal,Standard,-0.8029013487937623,2.39450059,2.6971624,2.1788079958591897,2.042333172126447
132dc51,GLORY: ROAD,Hard,Standard,-0.4094502338537,4.81874577,5.39349405,0.6704335358096967,0.3533594208980931
132dc71,GLORY: ROAD,Expert,Standard,1.26705924991111,7.74831916,7.71545645,0.11892760227814869,0.2678231445920478
132dc91,GLORY: ROAD,ExpertPlus,Standard,2.680207753004288,10.4856117,11.2657335,-0.3609135448616012,-0.7915726115874806
132e911,More One Night,Easy,Standard,-3.8019709291531028,1.33238835,1.11668483,-0.18967307055916693,-0.15798711585831215
132e931,More One Night,Normal,Standard,-3.4943929132478884,3.06202796,2.71102613,-1.0177455012652157,-0.6590700458704339
132e951,More One Night,Hard,Standard,-1.4102194523257736,4.83895382,4.3934522,-0.34634395269208773,0.13700220466378998
132e971,More One Night,Expert,Standard,-1.4565049070969747,5.09810672,5.08034396,-0.5973232579931267,-0.44891013522874035
132e991,More One Night,ExpertPlus,Standard,0.596835107892577,6.02170519,7.34867183,0.7374143599400246,-0.13139105301901088
1330451,Fingerbang,Hard,Standard,-2.600652992362765,4.08476047,3.10555197,-0.9360491691235588,-0.05515111423914654
1330471,Fingerbang,Expert,Standard,0.7230090941939428,6.51672615,6.63249154,0.4865126065829447,0.5322925513016138
1330491,Fingerbang,ExpertPlus,Standard,1.1060878237173992,7.36286014,8.07980894,0.23916365103421455,-0.15943710040208892
1331e51,Dark Sky,Hard,Standard,-3.498749716157949,2.64322483,2.18209668,-0.7006678095019425,-0.30493239212948176
1331e71,Dark Sky,Expert,Standard,-1.2329845675751645,5.00421715,5.03281543,-0.2997773603396323,-0.1881438529867745
1331e91,Dark Sky,ExpertPlus,Standard,1.7484302366541038,7.91176575,8.48308585,0.48218586171669653,0.19158168151942956
1336691,Xeon,ExpertPlus,Standard,3.935827519038553,9.44268119,10.316587,1.5951469112403296,1.0990382044120737
1337751,Hardware Store,Hard,Standard,-2.4720158849793097,4.37987105,4.38595027,-1.0431080015331404,-0.9188949664750803
1337771,Hardware Store,Expert,Standard,-0.8557402716086077,5.21484991,5.58579965,-0.08837555966311783,-0.2426255601744708
1337791,Hardware Store,ExpertPlus,Standard,2.4460289120695373,10.0383226,11.3043053,-0.297691028991244,-1.0511762316240287
133d651,I CAN'T STOP ME,Hard,Standard,-2.2235206867462924,2.42376086,2.63790083,0.7369662194950148,0.6638281045163708
133d671,I CAN'T STOP ME,Expert,Standard,-0.5899721912857877,3.02728453,3.5031931,1.9137580912245946,1.6526744668806503
133d691,I CAN'T STOP ME,ExpertPlus,Standard,-0.6856321656447675,3.76030655,5.02422177,1.2382385745074849,0.36594527421722156
1373511,SAtAN,Easy,Standard,-3.3498616366893232,1.92650847,1.90977496,-0.048401878524535036,0.006186635259860296
1373531,SAtAN,Normal,Standard,-2.1245141073940106,4.54400492,4.49215298,-0.8264084346848195,-0.6549170645493958
1373551,SAtAN,Hard,Standard,1.1279866567467418,8.66581596,6.98737224,-0.674572462463896,0.6695680043558676
1373571,SAtAN,Expert,Standard,2.588879285062542,10.3914554,10.566396,-0.3900049051748451,-0.41680207580895035
1373591,SAtAN,ExpertPlus,Standard,2.794660836426402,10.5985007,10.334233,-0.32082484571216696,-0.0541007649339198
1374b11,Evacuate The Moshpit,Easy,Standard,-3.0281951652291355,1.51663413,1.4931555,0.5048619141484956,0.5256378552699839
1374b31,Evacuate The Moshpit,Normal,Standard,-2.8091920419495326,2.78005131,2.50392484,-0.11475377500832629,0.1717073996324765
1374b51,Evacuate The Moshpit,Hard,Standard,-0.1095004547246855,5.71757987,5.25699019,0.26563855474440123,0.7598702781526413
1374b71,Evacuate The Moshpit,Expert,Standard,0.5769399656103965,7.35459656,8.51213038,-0.2839145666911985,-1.0007517377230042
1375751,Flugel Arpeggio,Hard,Standard,-2.437774167786063,4.4968606,3.01662523,-1.1021264592086841,0.1741903451186677
1375771,Flugel Arpeggio,Expert,Standard,-1.517456334212368,5.81457851,5.01993044,-1.2173604803538651,-0.4625145909920432
1375791,Flugel Arpeggio,ExpertPlus,Standard,1.1163656822437615,8.57688544,8.18403749,-0.6236688773762129,-0.2247967469997052
1381091,Tera I/O,ExpertPlus,Standard,2.1055555495056595,7.49127075,8.19103367,1.1445347346261596,0.759324654768514
1381491,NULCTRL EX,ExpertPlus,Standard,-0.4475178015306827,6.95783524,6.12058858,-1.0149193636538332,-0.247611338570835
1386571,Old School Sound,Expert,Standard,-1.5980753120338282,4.30123464,4.4577389,-0.10641339689329055,-0.10141141358923633
1386591,Old School Sound,ExpertPlus,Standard,1.0233156741473715,5.30449483,6.72954072,1.7203547782617599,0.7591311658108442
138ba11,True Hero,Easy,Standard,-3.1832913887733003,3.33263196,2.90779648,-0.9193245285264924,-0.4908108590240161
138ba31,True Hero,Normal,Standard,-0.7310847459737507,4.93807524,4.76904725,0.25436399775191865,0.5207950367074333
138ba51,True Hero,Hard,Standard,1.9419384814689449,9.78915273,9.78425515,-0.6341679988927307,-0.5306329351133463
138ba71,True Hero,Expert,Standard,1.8364128967264577,9.39117966,9.35902279,-0.4690353260655269,-0.34091786732754636
138ba91,True Hero,ExpertPlus,Standard,1.9689267189731416,9.63934246,10.2375523,-0.5057238137454787,-0.8141609569318513
138da11,Hellcat,Easy,Standard,-2.902599092311331,0.80271468,0.753744305,0.7723031669801328,0.6796911679910944
138da31,Hellcat,Normal,Standard,-3.067152885978895,1.18378013,1.11192401,0.5924223968621591,0.5771714903410476
138da51,Hellcat,Hard,Standard,-2.5518967320923696,2.49250218,2.38897013,0.3583046049672385,0.5071765176530603
138da71,Hellcat,Expert,Standard,-1.7523976484232502,3.5023261,3.46449358,0.37702765198036325,0.5200508621133599
138da91,Hellcat,ExpertPlus,Standard,-0.019840381065422866,5.58186146,5.87964939,0.4606522471000989,0.3656278476665624
138f251,Quaerite Veritatis,Hard,Standard,-2.425959684335894,2.39879263,2.08904515,0.5526437638293404,0.8254876299059695
138f271,Quaerite Veritatis,Expert,Standard,-1.512155605971405,3.30556032,3.75746011,0.7732050608782468,0.5334384132731698
138f291,Quaerite Veritatis,ExpertPlus,Standard,1.7981422180086961,9.11774157,7.31109195,-0.31920376793297156,1.09784864031318
13a071,Greenlights Serenade,Expert,Standard,-0.7755160321173458,5.66425506,5.24801375,-0.35903161791938265,0.10087021714628763
13a091,Greenlights Serenade,ExpertPlus,Standard,-0.7444076639318262,6.35405665,5.60013709,-0.8576521754787145,-0.14243195995891478
13ae271,Miku,Expert,Standard,-1.5504363701884327,3.08919783,3.15638322,0.9049911341206394,0.956832767968093
13ae291,Miku,ExpertPlus,Standard,-1.9002454321404445,3.54039652,4.01300013,0.19890903648659441,-0.05427942836432664
13b1751,UNO,Hard,Standard,-2.615563568039792,2.7052017,2.71334368,0.13576869786423318,0.21810027764812867
13b1771,UNO,Expert,Standard,-1.497995248243944,4.21176823,4.59307112,0.0651151116514539,-0.10776937553028487
13b1791,UNO,ExpertPlus,Standard,1.4786435003187315,4.50945483,5.84458556,2.8042597474424973,1.891201326223303
13b2b11,Extra Credit on the Chromosome Test! VICTORY ROYALE!!!,Easy,Standard,-2.023234154910551,4.02347467,3.14292646,-0.3096423067422591,0.4941726619178066
13b2b31,Extra Credit on the Chromosome Test! VICTORY ROYALE!!!,Normal,Standard,-0.5569654166977499,5.93417446,5.87462742,-0.3490975200141401,-0.1676186032401169
13b2b51,Extra Credit on the Chromosome Test! VICTORY ROYALE!!!,Hard,Standard,0.963504048462747,9.37893356,7.22415123,-1.3335574606167397,0.3279493271609434
13b2b71,Extra Credit on the Chromosome Test! VICTORY ROYALE!!!,Expert,Standard,3.5396785191392284,11.763258,11.046486,-0.32732571604923955,0.2129728912692226
13b2b91,Extra Credit on the Chromosome Test! VICTORY ROYALE!!!,ExpertPlus,Standard,3.46741094210351,12.8027862,12.7517313,-1.0472873907135787,-0.9633606110762711
13bd331,Introduction - Xursed divinitiY,Normal,Standard,-1.9482664551195727,4.39255612,4.12072197,-0.5294768976303914,-0.1867609261314751
13bd351,Introduction - Xursed divinitiY,Hard,Standard,-0.2551278872870531,6.64060907,6.36595911,-0.5850486814344471,-0.2430964094073041
13bd371,Introduction - Xursed divinitiY,Expert,Standard,1.2362664000643901,7.12428439,7.80164061,0.5452714460782517,0.17377818158961267
13bd391,Introduction - Xursed divinitiY,ExpertPlus,Standard,2.2272762159585917,7.81556857,9.0522712,1.0304665158057196,0.2653359028485731
13d0191,(Sto) Czterdziesci i Cztery,ExpertPlus,Standard,0.8348273038319269,7.66421424,7.63022436,-0.2522656931364571,-0.10169495072004064
13de611,Ultimate Ascension,Easy,Standard,-2.9121085131489255,1.37557259,1.46159654,0.6834455838837359,0.6532498093602856
13de631,Ultimate Ascension,Normal,Standard,-2.9725633836863685,2.83603324,2.54708427,-0.3209591578744444,-0.021532880514750552
13de651,Ultimate Ascension,Hard,Standard,-1.3278586095403802,5.13674122,4.52683275,-0.4990909489933142,0.1144622931345689
13de671,Ultimate Ascension,Expert,Standard,-0.8911943175375185,6.57924256,5.56674016,-1.1748842759049674,-0.2632671649803835
13de691,Ultimate Ascension,ExpertPlus,Standard,1.6215795827313597,8.00278672,8.68107675,0.2898497467142991,-0.0769849559325455
13e0d91,BIG HEAD BANGING,ExpertPlus,Standard,1.58124440117334,8.26336431,8.65885151,0.06318086633086639,-0.10145487881709259
13e2f91,Melancholia,ExpertPlus,Standard,2.097314584636242,9.71935857,9.88509812,-0.4315892170515694,-0.4447088720233747
13fe111,Final Boss,Easy,Standard,-3.438678647120267,2.23333626,2.25604074,-0.3422881775362461,-0.2920501958900976
13fe131,Final Boss,Normal,Standard,-1.5180631788757923,5.29038277,5.28852882,-0.8099638748297637,-0.6733336999349591
13fe151,Final Boss,Hard,Standard,1.460766455591315,5.44042511,6.84553587,2.0514794465629707,1.109026479223398
13fe171,Final Boss,Expert,Standard,3.004954267476319,10.7640791,10.9337951,-0.2191054098221934,-0.2468135335156627
13fe191,Final Boss,ExpertPlus,Standard,1.9292751463891293,9.94847922,9.86821907,-0.7541701992907957,-0.6011384107506244
13fe811,0verf1ow,Easy,Standard,-2.1020582639887313,1.0124414,1.00957984,1.587226064381646,1.5433143988972584
13fe831,0verf1ow,Normal,Standard,-2.766133345063735,2.11288603,1.94601607,0.41312285327081266,0.5695259455525328
13fe851,0verf1ow,Hard,Standard,-1.9003554364571857,3.99511716,3.93154042,-0.16409578975882178,0.009375394372066026
13fe871,0verf1ow,Expert,Standard,-0.5950443675485035,5.75260928,5.88467565,-0.24703059001450645,-0.21345760407016656
13fe891,0verf1ow,ExpertPlus,Standard,0.8466386969813673,6.78413087,7.47533876,0.4089622332290328,0.024488758198977667
1402d91,Fly Wit Me,ExpertPlus,Standard,1.9337953543789328,6.64445551,7.87531718,1.600979948410055,0.8173641484215484
1410791,Nana,ExpertPlus,Standard,-0.7745280176819115,4.12616594,4.85539706,0.8569823838918503,0.4095191943165043
1428391,Echo,ExpertPlus,Standard,0.5618838036463595,5.45815185,6.72379284,1.1387590493902708,0.3020451560534657
142f431,Imprinting,Normal,Standard,-3.7561124829535473,2.00813364,2.06243992,-0.5071712382028286,-0.4885783903395158
142f451,Imprinting,Hard,Standard,-0.9108753950350535,5.37302856,5.39349405,-0.2674916580590537,-0.14806574028326047
142f471,Imprinting,Expert,Standard,1.1120791371350287,7.01432057,7.01129572,0.5026571859155675,0.6357088727520148
142f491,Imprinting,ExpertPlus,Standard,2.5419087343444517,9.33323827,9.19257917,0.2761725091398093,0.48119639231744316
1433891,No Heroes are Allowed to Enter,ExpertPlus,Standard,1.1191627393055714,7.27448292,7.36124133,0.31724150837032306,0.3816006832071308
1442731,Kingslayer,Normal,Standard,-2.1105975187875297,3.19954723,2.74834548,0.2583136854084689,0.6979377892505396
1442751,Kingslayer,Hard,Standard,-0.8976147258268559,5.06000772,4.3934522,-0.008413728633732909,0.6496069311627077
1442771,Kingslayer,Expert,Standard,0.7807034004768502,6.02686284,6.32259022,0.9173233876891603,0.825857814005383
1442791,Kingslayer,ExpertPlus,Standard,-0.22259398289691953,5.83202113,6.31179424,0.06403015949044391,-0.1691884898452066
144bc31,Move,Normal,Standard,-3.3792474625169104,1.25316763,1.16045999,0.2603923969670352,0.2604913539151994
144bc51,Move,Hard,Standard,-2.4513854986117214,2.82787875,2.90283134,0.20647212322654251,0.24474487628967134
144bc71,Move,Expert,Standard,-1.352154188363173,4.10717777,4.64041033,0.2945320444786257,0.0008451441604997445
144bc91,Move,ExpertPlus,Standard,0.07652952735539742,5.84521798,6.18367139,0.35296580925558985,0.22802609142088892
1451391,Dyscontrolled Galaxy,ExpertPlus,Standard,3.051990625749462,10.6996659,10.7853269,-0.12990185192306436,-0.10066009156330713
146091,Avalanche,ExpertPlus,Standard,0.4313282798744911,6.74301233,7.15045394,0.024470753173860438,-0.14922152865165267
1492f71,C18H27NO3,Expert,Standard,1.5483277529179642,7.01033454,6.50341362,0.9418684376510276,1.4556221787276649
1492f91,C18H27NO3,ExpertPlus,Standard,3.0177781257967617,7.66540665,8.59986199,1.9298185014491533,1.3772404898385524
1496b91,Invisible Frenzy,ExpertPlus,Standard,3.8466191812482218,11.3147706,11.52867,0.2656479067515152,0.2020988575608227
1499b51,Labyrinth,Hard,Standard,-1.5800630620244294,5.06866306,5.73084143,-0.6976841873075827,-1.0794871124305885
1499b71,Labyrinth,Expert,Standard,1.6318326088643735,5.79909713,7.53304895,1.943891272137188,0.7670063716417654
1499b91,Labyrinth,ExpertPlus,Standard,1.648257738277842,7.65588287,8.18403749,0.5672208658729794,0.3070953090343753
14af811,Spectral,Easy,Standard,-2.045759427336799,0.378759581,0.26918264,1.2948941190710683,1.010500916389125
14af851,Spectral,Hard,Standard,-3.632843153992123,1.74415665,1.63751004,-0.22082887491053071,-0.1387496172301219
14af871,Spectral,Expert,Standard,-3.0419887591015162,3.79974618,2.98840356,-1.14960969921495,-0.4090533214216574
14af891,Spectral,ExpertPlus,Standard,-1.071095921536584,4.22215143,4.2277213,0.4837199895136415,0.6063977075739981
14b3411,"Top of the ""M""",Easy,Standard,-2.6961765711064096,2.6677833,2.61769205,0.08342190117498749,0.20543567317245603
14b3431,"Top of the ""M""",Normal,Standard,-2.1549694347990647,3.91348839,3.62809982,-0.3534645400366754,-0.008877140822436402
14b3451,"Top of the ""M""",Hard,Standard,-0.8773474227304753,5.64695467,5.34760341,-0.4474354978540228,-0.07873998068658838
14b3471,"Top of the ""M""",Expert,Standard,0.3696421796771045,6.55087345,7.63674711,0.10735595371443946,-0.5716851523368875
14b3491,"Top of the ""M""",ExpertPlus,Standard,0.6214928239670631,6.77214248,7.4498319,0.19279745142424265,-0.18177180670995596
14bd31,We Built this City,Normal,Standard,-3.16625844063444,0.71124995,0.627245099,0.478387711465436,0.33808943064997576
14bd51,We Built this City,Hard,Standard,-3.362986227376191,1.78035068,1.69299985,0.027917074981786083,0.10540724880464358
14c5131,Melancholia,Normal,Standard,-2.4792562602553865,2.47845191,1.90325855,0.4412699262768047,0.8804139010837662
14c5151,Melancholia,Hard,Standard,-3.1742311016902,4.50993899,4.08566073,-1.8490004596588894,-1.3852204108362833
14c5171,Melancholia,Expert,Standard,-2.16874157018116,5.23302966,4.96871955,-1.415651503628872,-1.0736391255467765
14c5191,Melancholia,ExpertPlus,Standard,2.7728302630487978,11.9241465,11.7273863,-1.195795772761945,-1.0013512903834187
1527a51,Revolver Churros,Hard,Standard,-3.262465314798104,3.61308709,3.03213104,-1.2211785512410755,-0.6620485955950479
1527a71,Revolver Churros,Expert,Standard,-0.9909174108564849,7.00563973,6.56483008,-1.5938867719563383,-1.1302994129821289
1527a91,Revolver Churros,ExpertPlus,Standard,1.422996482778316,8.91210872,8.8458144,-0.5517245223787004,-0.3928268466421514
1530091,+ERABY+E CONNEC+10N,ExpertPlus,Standard,3.036819635986581,9.08490496,10.0812948,0.9421812187906409,0.3602855017970801
1542151,Oniyuri,Hard,Standard,-3.807277218015034,3.30654092,2.69025714,-1.5226911019226521,-0.9571141034069766
1542171,Oniyuri,Expert,Standard,-0.3279337409868642,5.7211978,4.66824987,0.04440241900359826,1.0031759988467197
1542191,Oniyuri,ExpertPlus,Standard,1.5899148531586615,8.18427526,6.08408789,0.12822822271812817,1.8178656346463151
1547b91,Newspapers For Magicians,ExpertPlus,Standard,2.2885704999058922,10.0068859,7.97690781,-0.43407970011891184,1.097954911289773
1551271,The Glock,Expert,Standard,-0.5067061143468377,4.18823114,5.25250005,1.0752084149403727,0.3661737573696633
1551291,The Glock,ExpertPlus,Standard,2.1807150862824307,5.30704897,7.23032684,2.875752833629274,1.5405564251387895
15531,Midnight City,Normal,Standard,-3.293900048070976,0.685264992,0.90266459,0.33882299218967926,0.3380105372499673
15551,Midnight City,Hard,Standard,-3.8818890512558544,0.886908175,1.04200887,-0.19310893738389678,-0.23549361167751037
15571,Midnight City,Expert,Standard,-3.193767170111236,3.5210157,3.69063633,-1.0791990927244992,-1.0962016746522996
15591,Midnight City,ExpertPlus,Standard,-1.3281752672816476,4.69655543,5.21671674,-0.15136513263348328,-0.4273214902763167
1583691,Feelin Sky,ExpertPlus,Standard,0.617106297207754,6.80720474,7.39907898,0.16215421803686547,-0.14853866511457847
158ce11,PROJECTION,Easy,Standard,-2.05830416391111,2.75221153,2.69025714,0.6573479130941839,0.7918589506969473
158ce31,PROJECTION,Normal,Standard,-1.9446675383395593,3.65629068,3.31109312,0.06218830014782406,0.4452892688722885
158ce51,PROJECTION,Hard,Standard,-0.9026270653614556,5.71350773,5.42585162,-0.524332972168136,-0.16504163208618472
158ce71,PROJECTION,Expert,Standard,0.18558284795674967,7.13554255,6.81635097,-0.5137463668527762,-0.14415410530932177
158ce91,PROJECTION,ExpertPlus,Standard,2.0669980800730117,9.10473055,8.52668992,-0.04135343053224627,0.47886503741389586
15aab71,Goodbye,Expert,Standard,2.1579750935116437,9.5158404,9.52848009,-0.23264782860431144,-0.13747335142574713
15ac051,Nine Circles,Hard,Standard,-3.5127764074247727,1.51048957,1.35572185,0.023228441634115082,0.08661054217551056
15ac071,Nine Circles,Expert,Standard,-3.411471064513663,1.9085027,2.13232921,-0.09865816173365527,-0.1865747266234421
15ac091,Nine Circles,ExpertPlus,Standard,-1.0185490813288727,4.1613969,4.31163192,0.5848067455465853,0.5930031443810937
15b191,Blood Hunter,ExpertPlus,Standard,-1.3891698788258557,4.76118428,5.03711777,-0.2636532645468732,-0.34770159097334985
15b6e51,Bassline Yatteru? w,Hard,Standard,-1.9655646995025429,4.36582272,3.83531296,-0.5254494694465792,0.019344876558988977
15b6e71,Bassline Yatteru? w,Expert,Standard,0.5429026304474294,7.6997622,5.99122537,-0.5700107827946683,0.8423109657270704
15b6e91,Bassline Yatteru? w,ExpertPlus,Standard,0.9556966405262485,8.23778675,7.01728938,-0.5441514183097006,0.4748307771256156
15c08x91,WE LUV LAMA,ExpertPlus,Standard,4.4890499873582534,9.84259674,11.0370509,1.8768738015599093,1.1686088638273664
15cb371,I'LL SHOW YOU,Expert,Standard,-2.0345683593766126,3.1573819,3.39416797,0.367460844616172,0.2918815853047563
15cb391,I'LL SHOW YOU,ExpertPlus,Standard,-1.5678033061285164,5.20074766,4.84296631,-0.7893611575026842,-0.37399384416033676
15f7411,Chapter 99: Afterword,Easy,Standard,-4.330212534800035,0.410110275,0.410554731,-0.9443341907186218,-1.059624584683446
15f7431,Chapter 99: Afterword,Normal,Standard,-4.7685195842437516,0.820791365,0.663069204,-1.0895952362103967,-1.2382501856287593
15f7451,Chapter 99: Afterword,Hard,Standard,-4.092111962224461,1.5594256,1.43683031,-0.5800982125165044,-0.5181350420838355
15f7471,Chapter 99: Afterword,Expert,Standard,-3.6124000862565704,2.913378,2.52110015,-1.0203313611245357,-0.6433549665222498
15f7491,Chapter 99: Afterword,ExpertPlus,Standard,-1.724107183706974,5.34412262,4.49983657,-1.0581045225187367,-0.260553400363839
15fd791,(The) Immortal Scream,ExpertPlus,Standard,2.675668272258423,10.7239216,10.4586027,-0.5221133218089782,-0.25729266015855456
1601071,Quicksand,Expert,Standard,1.7855795365875928,8.86129626,9.56110386,-0.15374259666070778,-0.5325382273374704
1601091,Quicksand,ExpertPlus,Standard,1.742877587771761,8.75602046,9.04453941,-0.12290564873348986,-0.21360738722831973
162e451,Up & Down,Hard,Standard,-3.010926593376022,2.06960267,2.01712436,0.19741348228656497,0.28357727492993723
162e471,Up & Down,Expert,Standard,-1.217393132039221,3.42666703,3.81244072,0.9721034732801541,0.7853587595693365
162e491,Up & Down,ExpertPlus,Standard,-0.4227436341919147,4.94652598,5.21671674,0.5560262122613757,0.4781101428134162
165ed71,Jungle Fury,Expert,Standard,-2.7067630116018915,4.22473481,3.93154042,-1.154010704638862,-0.7970321807726397
165ed91,Jungle Fury,ExpertPlus,Standard,0.8358341871827749,7.84087268,7.62370718,-0.3792623632966937,-0.0958861616147243
1661c91,Get Gamered Up,ExpertPlus,Standard,1.0750061930082644,8.05626316,8.58517752,-0.29510114133911514,-0.5550241144102139
166591,Two-Faced Lovers feat. Miku,ExpertPlus,Standard,0.36133040187305854,5.61413158,6.32259022,0.8167358525839612,0.4064848154015914
1667f91,Deep in the Night,ExpertPlus,Standard,0.19155138063392502,7.00817374,6.89249184,-0.41330174210993703,-0.19555218161847449
166851,Meltdown feat. Rin,Hard,Standard,-4.699552193709415,1.30670786,1.48678966,-1.0778935975476092,-1.1433466304474003
166871,Meltdown feat. Rin,Expert,Standard,-1.1251604285987438,4.05789996,4.58131197,0.5609135202785,0.2743133261403492
166891,Meltdown feat. Rin,ExpertPlus,Standard,-2.080962126591441,3.9606354,4.96447563,-0.31713999660736136,-0.9825305006594336
166c51,Just be Friends feat. Luka,Hard,Standard,-4.5204406653891755,1.93448485,1.67286734,-1.2240380134833146,-1.0425621740854814
166c71,Just be Friends feat. Luka,Expert,Standard,-3.6795538559022525,4.80022956,3.80593088,-2.584996511177952,-1.6717257830241214
166cf51,Wander Sound,Hard,Standard,-3.7789110082289037,1.47619293,1.35225094,-0.22680933778144663,-0.17853853741361103
166cf71,Wander Sound,Expert,Standard,-3.0139070568759796,2.67288429,2.67192943,-0.23815463632095568,-0.150689564959817
166cf91,Wander Sound,ExpertPlus,Standard,-1.8663452711522728,3.61856651,3.51518739,0.17057611100510317,0.3670532380420559
1671111,AttraqtiA,Easy,Standard,-3.2442055393407947,2.11980577,1.6138949,-0.06963488143614205,0.2603914820274613
1671131,AttraqtiA,Normal,Standard,-3.905249127493786,2.54926906,2.20835763,-1.0369933429515275,-0.7280567973558387
1671151,AttraqtiA,Hard,Standard,-1.934954154123609,4.5365356,3.7606722,-0.6309021618413897,0.1081388682758011
1671171,AttraqtiA,Expert,Standard,-1.460065670152472,5.88019625,4.99425936,-1.2106128599027497,-0.3849949530640484
1671191,AttraqtiA,ExpertPlus,Standard,0.7259804731286986,7.76598611,8.12134012,-0.4349502733977323,-0.5697118963383133
1677a11,Bang!,Easy,Standard,-2.995234003587604,0.742451555,0.742874281,0.6616990062090253,0.5817781485702711
1677a31,Bang!,Normal,Standard,-3.5414329278906753,1.24698965,1.27700768,0.10014152689156752,0.07806824269154511
1677a51,Bang!,Hard,Standard,-4.320043297870861,1.30992581,1.38973672,-0.6995323703759393,-0.7307677136054593
1677a71,Bang!,Expert,Standard,-3.960215347191971,1.46933441,1.55966455,-0.40496913271746227,-0.4325439306482797
1677a91,Bang!,ExpertPlus,Standard,-2.8294112431663847,2.18008177,2.28709686,0.30394834249133895,0.2970609635928074
167a511,Beyond Eternity,Easy,Standard,-3.4161426269720305,1.66956451,1.26830791,0.037900013996662985,0.20528136923309726
167a531,Beyond Eternity,Normal,Standard,-3.821793696818235,2.51820556,2.61769205,-0.9305399450222978,-0.9201814525393694
167a551,Beyond Eternity,Hard,Standard,-0.9295100272655111,5.29117989,4.64437722,-0.2220355652123257,0.4203700868761656
167a571,Beyond Eternity,Expert,Standard,-0.36354488209204566,5.76129675,6.61551107,-0.022253996710278334,-0.5413871217627841
167a591,Beyond Eternity,ExpertPlus,Standard,1.0857831838096381,6.49599554,7.64327544,0.8649575923969015,0.1396475978185021
167ef51,Memento Mori,Hard,Standard,-2.810222542883531,4.35611245,4.2277213,-1.362359783414981,-1.1327289137729488
167ef71,Memento Mori,Expert,Standard,0.11235824026009178,8.25322837,8.78555118,-1.3984887540879782,-1.6606391898619703
167ef91,Memento Mori,ExpertPlus,Standard,3.891870385031256,7.81443977,10.2375523,2.6958768233895753,1.1087827091262632
1685811,Falling,Easy,Standard,-2.30007560429148,1.59973684,1.68866544,1.19132926190245,1.1703750176826073
1685831,Falling,Normal,Standard,-3.2162302881736675,1.72391177,1.7251273,0.2073934444137464,0.2366636355341143
1685851,Falling,Hard,Standard,-2.5106759599125437,3.84724063,3.85502693,-0.6562344443652353,-0.5411537003661087
1685871,Falling,Expert,Standard,-1.610493768798067,4.1650353,4.28591911,-0.010045294184566345,0.021269176152339586
1685891,Falling,ExpertPlus,Standard,-1.578532328231185,4.26664338,4.76497387,-0.059251380225245676,-0.3234516388838671
1687f31,ADAM,Normal,Standard,-3.1536963466374175,1.64353149,1.52149057,0.3145114507959774,0.3892922198558435
1687f51,ADAM,Hard,Standard,-2.703622058699559,3.62415643,3.11618481,-0.6711545312929661,-0.16610376026173146
1687f71,ADAM,Expert,Standard,-0.8428905124202855,5.08824389,4.92644311,0.024059813633954263,0.2853825829301666
1687f91,ADAM,ExpertPlus,Standard,0.41087868953826234,6.6628524,6.84553587,0.06422393956451655,0.05913871317034536
1689411,Merry-Go-Round,Easy,Standard,-3.3735641721264913,0.810860616,0.729039561,0.30322495269943994,0.1963680465699178
1689431,Merry-Go-Round,Normal,Standard,-0.44272084520967164,1.08704511,0.995020315,3.2374027604760585,3.2017548393679895
1689451,Merry-Go-Round,Hard,Standard,-2.820386742667143,1.98491183,1.68002989,0.443664529813085,0.6541378023664604
1689471,Merry-Go-Round,Expert,Standard,-3.1466014497703716,2.67524621,2.66508877,-0.37263066355577434,-0.27852168922132625
1689491,Merry-Go-Round,ExpertPlus,Standard,-3.073018400902106,3.00350978,3.03213104,-0.5507907977848094,-0.4726016816990497
1689a11,Among Us,Easy,Standard,-2.84773931463671,1.41319617,1.36502123,0.732261793872742,0.7489644285157442
1689a31,Among Us,Normal,Standard,-3.1456671518549575,2.70812489,2.62216947,-0.3965482095743913,-0.2472106573744295
1689a51,Among Us,Hard,Standard,-1.8626503720076255,4.36415714,4.51910307,-0.4212062813448352,-0.41424998401706725
1689a71,Among Us,Expert,Standard,-0.0035958651711134604,5.5708543,7.04131529,0.4854590770039662,-0.502474921251667
1689a91,Among Us,ExpertPlus,Standard,-1.7191290982403267,5.19047199,5.86459635,-0.9326129045314313,-1.3220337644410018
168d071,Light Behind The Shadow,Expert,Standard,-2.5818246548781847,3.75684781,3.46449358,-0.6551927805196878,-0.30937614434157457
168d091,Light Behind The Shadow,ExpertPlus,Standard,-0.6506288295417432,5.75630675,5.33391251,-0.3054765884737717,0.15866374492923307
168de51,Der Herrgott hot glocht,Hard,Standard,-3.417587209360365,2.63774851,2.56017658,-0.6153912903011087,-0.47566936275591143
168de71,Der Herrgott hot glocht,Expert,Standard,-1.64670315094018,6.00281393,5.23457782,-1.4916166626028082,-0.7598142981694678
168de91,Der Herrgott hot glocht,ExpertPlus,Standard,0.2777064270759105,6.41880183,6.05297488,0.11532739666860975,0.5295812726872313
1694591,Trigger,ExpertPlus,Standard,0.7825563459963469,6.85313444,8.06601247,0.2932560905382571,-0.4729386681983627
1694e31,We Are LSM,Normal,Standard,-2.821969198482434,2.55494459,2.58214683,0.04207332382108353,0.10460408843262492
1694e51,We Are LSM,Hard,Standard,-2.2842963749270258,3.49647031,3.11352319,-0.15021743410095345,0.25522108309243485
1694e71,We Are LSM,Expert,Standard,-1.4077885867910627,3.95261964,4.41603507,0.36244058003551705,0.12167383843084223
1694e91,We Are LSM,ExpertPlus,Standard,-0.7017396714975888,4.10250005,5.19447606,0.9486852558173393,0.21650840194219856
1694f11,Ringed Genesis,Easy,Standard,-1.235852238155734,1.31951944,1.12915856,2.3811938249210005,2.4071245850075362
1694f31,Ringed Genesis,Normal,Standard,-3.4462073452232835,2.07239238,1.93110777,-0.23972985174131844,-0.10211094452859504
1694f51,Ringed Genesis,Hard,Standard,-2.519825187004216,4.2720478,3.83531296,-1.0048598562776472,-0.5349156109426842
1694f71,Ringed Genesis,Expert,Standard,-1.4827692835466266,5.30290139,4.57739895,-0.7844815353905574,-0.08021811586840077
1694f91,Ringed Genesis,ExpertPlus,Standard,-0.6126289510471034,5.73290059,6.34966102,-0.24935704608242049,-0.5881541109269058
1695b11,I,Easy,Standard,-3.800977492012206,1.89608688,1.60153096,-0.4803876558270428,-0.29098923573526037
1695b31,I,Normal,Standard,-4.572123305011737,2.43582485,2.21024546,-1.6204189078403868,-1.3961318997882657
1695b51,I,Hard,Standard,-2.2667081277948413,5.12693928,4.11017212,-1.43022678002714,-0.496924970475604
1695b71,I,Expert,Standard,0.5380301865771056,9.04915541,8.33222015,-1.5318571338887466,-0.9102541642847226
1695b91,I,ExpertPlus,Standard,1.7573185210902138,9.65584453,8.80057839,-0.728532941092018,-0.026365391283838413
1695f51,EgO,Hard,Standard,-3.0321165117476743,3.85307383,3.86822583,-1.1823353354315698,-1.0729007148629623
1695f71,EgO,Expert,Standard,-0.6284153495675706,6.68139876,5.83959354,-0.9890133263495982,-0.2119990934072431
1695f91,EgO,ExpertPlus,Standard,2.47536575675463,8.84173247,9.88509812,0.5496894252437325,-0.0666576999049866
1696071,Moonlight Sonata 3rd Movement,Expert,Standard,-0.8105785661794669,6.06752548,4.68823746,-0.705151089730252,0.5048169726912124
1696091,Moonlight Sonata 3rd Movement,ExpertPlus,Standard,2.162582685324896,8.90095305,7.01129572,0.19562804863988115,1.686212420941882
1699171,Knight Rider,Expert,Standard,0.5303421219681977,6.34036634,6.85724479,0.4275002444093,0.1697795778357819
1699191,Knight Rider,ExpertPlus,Standard,3.2895831103904616,11.5519654,11.150806,-0.4431740817553682,-0.10626884688564919
169b131,Succession,Normal,Standard,-3.3648849264106717,2.26094258,2.289052,-0.28785132478931263,-0.23968802561374813
169b151,Succession,Hard,Standard,-0.6865320692573333,5.53232741,5.9656827,-0.16748684863959085,-0.3674416210087541
169b171,Succession,Expert,Standard,3.812637276777187,12.1905011,11.6276037,-0.32310136199462525,0.103468353220042
169b191,Succession,ExpertPlus,Standard,3.167845020821793,12.4726427,12.0730966,-1.143406325448722,-0.8301159166455263
169b491,Saw-Saw.,ExpertPlus,Standard,2.0419761429528274,7.78663007,9.61846446,0.86609948163647,-0.31594476746514877
16a0191,Caffeine Kitty,ExpertPlus,Standard,0.8834978660371413,6.80528617,7.84174197,0.4299817280641278,-0.2083657602834501
16a2f51,Collapse Of Ego,Hard,Standard,-2.2434565466265797,4.50640686,3.53023802,-0.9154127110880403,-0.021670229902166493
16a2f71,Collapse Of Ego,Expert,Standard,-1.2549997253346046,5.88587095,6.06332816,-1.0099219057998718,-1.011087893383264
16a2f91,Collapse Of Ego,ExpertPlus,Standard,4.407125748749676,12.5849717,12.7299574,0.026421931839001545,-0.009889665298954853
16a3591,USAO ULTIMATE HYPER MEGA MIX,ExpertPlus,Standard,1.3329761668093638,6.98334624,7.86186988,0.746586578448521,0.2263816091930766
16a5e51,REANIMATE,Hard,Standard,-3.739734128423814,1.99691081,2.02749262,-0.4834741905550528,-0.45135183550028213
16a5e71,REANIMATE,Expert,Standard,-1.6799804060924037,4.55960881,4.54621484,-0.3942948976211169,-0.2529035952133625
16a5e91,REANIMATE,ExpertPlus,Standard,-0.8040507391933498,5.44562553,5.41196038,-0.2173979567809683,-0.055638177033125125
16a6c71,ENDYMION,Expert,Standard,-2.315691690890726,4.44823028,3.64674869,-0.9412936845777558,-0.18405855651214287
16a6c91,ENDYMION,ExpertPlus,Standard,1.9249869340798444,7.7928862,8.95992432,0.7445830405603304,0.028289031321029112
16aba91,Light It Up,ExpertPlus,Standard,0.2949418350368301,6.30789989,6.98140414,0.2167880587654692,-0.1589966070052506
16abf11,The Nights,Easy,Standard,-2.092706093868743,0.464970277,0.421935727,1.3630242052208277,1.1936383336859202
16abf31,The Nights,Normal,Standard,-2.904094710531197,0.900372079,0.807071745,0.7858193865688134,0.7006314893123697
16abf51,The Nights,Hard,Standard,-2.3092684375302723,1.9652916,2.04489162,0.9674467160042428,0.9687751891660699
16abf71,The Nights,Expert,Standard,-2.132133821967844,2.92471738,3.07387064,0.45117436511327424,0.4371104037782061
16abf91,The Nights,ExpertPlus,Standard,-2.601246326210881,3.32943978,3.79943216,-0.3347556659268478,-0.5883516728642322
16ac151,Envy Baby,Hard,Standard,-2.5055198570984247,2.56477764,2.54273506,0.35121492106364816,0.44853256635157823
16ac171,Envy Baby,Expert,Standard,-2.1219599349415166,3.56100554,3.89808883,-0.03920318670359135,-0.18607519891915225
16ac191,Envy Baby,ExpertPlus,Standard,-0.937718700454903,4.24422864,5.02851676,0.5994631000676967,0.1104917345865346
16b051,Little Kandi Raver 2012,Hard,Standard,-2.848125473895268,2.8278412,2.68566346,-0.19023906708199956,0.005313298213033502
16b0591,Nirvana,ExpertPlus,Standard,1.4191721626817866,6.80016972,8.45414042,0.9694858502689414,-0.11688588840673719
16b071,Little Kandi Raver 2012,Expert,Standard,-1.633424155805813,4.68180783,4.98999363,-0.44490117228284776,-0.5550080719800574
16b3331,Last Kingdom,Normal,Standard,-3.623319413889755,1.294489,1.24468792,0.002629517949297888,0.003005174801176569
16b3351,Last Kingdom,Hard,Standard,-2.684125349290989,2.7830363,2.34047653,0.008034820408306942,0.4072670110179506
16b3371,Last Kingdom,Expert,Standard,-1.277551512277768,4.37748918,4.44632622,0.1532564397624161,0.22808829123161312
16b3391,Last Kingdom,ExpertPlus,Standard,1.3576644808998135,5.10047511,6.03747809,2.2149808814403644,1.621461991359455
16bb151,Toymatic Parade,Hard,Standard,1.2990583531918252,4.891873,4.00957252,2.3210432977860616,3.1477094019761163
16bb171,Toymatic Parade,Expert,Standard,0.28501021936999343,7.12376592,6.34423761,-0.40560084129958623,0.31362690206628
16bb191,Toymatic Parade,ExpertPlus,Standard,3.103460819485445,11.8426689,10.5483536,-0.8137660739068742,0.10993483515890423
16c5611,Dyscontrolled Galaxy,Easy,Standard,-3.780225253572955,1.15385223,1.04022961,-0.11333649686673608,-0.13385195894957258
16c5631,Dyscontrolled Galaxy,Normal,Standard,-3.7116619392074437,2.90185519,2.64919527,-1.1106990883484684,-0.8323069607938143
16c5651,Dyscontrolled Galaxy,Hard,Standard,-2.6588542706223257,4.87613031,4.34863234,-1.6244121843972845,-1.0763903246456432
16c5671,Dyscontrolled Galaxy,Expert,Standard,-1.9474837096539876,5.27000017,5.39810472,-1.2234026984229218,-1.188269147640327
16c5691,Dyscontrolled Galaxy,ExpertPlus,Standard,2.623726714861026,10.147786,10.566396,-0.19318565136626153,-0.38195464601046636
16d0791,An artifice (that would have disrupted the far old monarchy in the course of time),ExpertPlus,Standard,1.756558370343783,9.18619866,9.2714656,-0.4080456917035604,-0.35950012951107424
16d2f11,HellFire,Easy,Standard,-3.569546988746464,3.12221725,2.74130918,-1.1399534683889199,-0.7559493995315707
16d2f31,HellFire,Normal,Standard,-2.0935076240522794,4.52661231,4.31163192,-0.7815547272403127,-0.48195539834231305
16d2f51,HellFire,Hard,Standard,-1.1892588734005591,5.76710126,6.01173823,-0.8524589146703141,-0.9056484947434469
16d2f71,HellFire,Expert,Standard,0.4805042102849576,6.28530078,7.59120467,0.41955042999809844,-0.4272541568120528
16d2f91,HellFire,ExpertPlus,Standard,1.0851557308820827,6.35081207,7.17493579,0.9743762103529647,0.4863206367661732
16dbc91,ULT!MATE END,ExpertPlus,Standard,3.0718949649973393,10.438333,10.2026204,0.062000520116261004,0.3125836542713558
16e93x91,Rainbow Freeze,ExpertPlus,Standard,4.599303252816962,13.5574938,13.503083,-0.3729115312106748,-0.3009997813429921
16e9711,LOVE SPICE LIKE U!!!,Easy,Standard,-2.70453427314987,2.31615332,2.36662042,0.3334173980456572,0.36948564232669856
16e9731,LOVE SPICE LIKE U!!!,Normal,Standard,-2.625759943654922,4.06719841,3.11618481,-0.947118543385689,-0.08824164521709443
16e9751,LOVE SPICE LIKE U!!!,Hard,Standard,-1.3648951730357284,5.5171089,5.06300915,-0.8339946433670697,-0.3437184043435917
16e9771,LOVE SPICE LIKE U!!!,Expert,Standard,-0.05697062884062819,6.49080174,6.69512698,-0.27386840156862924,-0.29512542106585427
16e9791,LOVE SPICE LIKE U!!!,ExpertPlus,Standard,0.7246418351259285,7.78609916,8.2613253,-0.4508505893518495,-0.6724527349363112
16f2491,!!!Chaos Time!!!,ExpertPlus,Standard,2.2458690674892514,9.90061018,9.6431528,-0.4053872487980992,-0.12916176690104075
1703f51,Party People,Hard,Standard,-2.3618184370744597,4.0564179,3.05815138,-0.6745598207623269,0.21918011948452332
1703f71,Party People,Expert,Standard,0.023177918880596324,6.19739369,6.74681387,0.0292477040327304,-0.25406238210525184
1703f91,Party People,ExpertPlus,Standard,3.6236712921343823,12.0870789,11.3236407,-0.4473448870673167,0.11373210188625604
1716431,Paws and Play,Normal,Standard,-3.143725045129714,1.82138168,1.76690005,0.22272115178000318,0.2883770600029161
1716451,Paws and Play,Hard,Standard,-3.3189053417341894,1.98623549,1.97280447,-0.055711848019768695,0.00142346703345142
1716471,Paws and Play,Expert,Standard,-3.0571341994602155,2.86984071,2.87076397,-0.4315045698998774,-0.3374840920560582
1716491,Paws and Play,ExpertPlus,Standard,-0.46247979570085457,5.68240978,5.49584444,-0.060078798887634066,0.22059238070221193
1719291,The Solace of Oblivion,ExpertPlus,Standard,2.3609281689624804,7.13436617,9.53662559,1.662469662276166,0.05981752032191601
1728b91,YURUSHITE,ExpertPlus,Standard,0.9274162983907043,8.51720421,8.49033768,-0.7705499975273845,-0.6346381070050601
1735b91,Pray,ExpertPlus,Standard,-1.2542488177994708,4.7597665,4.22050236,-0.12760760973071728,0.4289157754875246
1743411,Cthugha,Easy,Standard,-3.0194729439112002,1.3733745,1.27591696,0.576962659689829,0.6002727170507005
1743431,Cthugha,Normal,Standard,-3.6134517410672626,2.20940719,2.09978309,-0.5003877075944256,-0.3685481038798488
1743451,Cthugha,Hard,Standard,-1.9424424456198808,4.01691019,3.98225681,-0.2236032160937449,-0.07239940888188778
1743471,Cthugha,Expert,Standard,-0.24385113344009657,6.2008983,6.41510481,-0.24045697789481402,-0.26931029203458534
1743491,Cthugha,ExpertPlus,Standard,0.8842569481641901,7.08761194,8.12134012,0.22043230158476057,-0.41143542130282185
176e391,The Fastest Love Song,ExpertPlus,Standard,2.837056905674104,10.1078281,9.83454738,0.04683120997145851,0.3298216556980935
1770751,Trapped in the Past,Hard,Standard,-3.428853516368315,2.15275474,1.8408773,-0.2767238005743926,-0.03522652028906759
1770771,Trapped in the Past,Expert,Standard,-2.8734325155794087,2.97342223,2.58214683,-0.32783935464639935,0.05314077133565043
1770791,Trapped in the Past,ExpertPlus,Standard,0.14395946999787365,5.03492859,6.26344,1.0529354060533254,0.23434832568891026
1784251,Tenohira De Odoru,Hard,Standard,-2.540052889478281,2.93008566,2.99095822,0.03910516591895652,0.09098677134628153
1784271,Tenohira De Odoru,Expert,Standard,-0.5848275098914556,7.25046782,6.59293806,-1.3690511289024325,-0.7455462115868349
1784291,Tenohira De Odoru,ExpertPlus,Standard,1.2899341812263043,7.54463142,8.18403749,0.28993415320128957,-0.051228248017162414
1791411,Feast Ov Goreglutton,Easy,Standard,-3.0682060623240432,2.68071885,2.44263937,-0.29836528716269317,-0.045368660211029255
1791431,Feast Ov Goreglutton,Normal,Standard,-2.664996025858694,4.09388478,3.21903022,-1.0076851648368716,-0.2050676357109582
1791451,Feast Ov Goreglutton,Hard,Standard,-1.4439419012370307,5.63847416,5.44442874,-1.007445491885963,-0.7208317442721242
1791471,Feast Ov Goreglutton,Expert,Standard,2.410728633131033,10.0934943,8.41090736,-0.3699152538824624,0.9057577547745579
1791491,Feast Ov Goreglutton,ExpertPlus,Standard,5.197459271186371,12.4865279,12.7735425,0.877609770858724,0.7529165686802255
179eb91,kannabis kultivation,ExpertPlus,Standard,3.832583227721433,11.3195806,13.3653311,0.24852245349407287,-0.9823764898765179
17a7031,ListENiNg to spEEDcorE turNs you iNto A fuckiNg idiot,Normal,Standard,-3.7463746863304626,3.54416878,3.24665444,-1.6502210919670142,-1.3073937278187309
17a7051,ListENiNg to spEEDcorE turNs you iNto A fuckiNg idiot,Hard,Standard,-1.8087699611117458,5.23343854,5.23457782,-1.0560008708358588,-0.9218811083410337
17a7071,ListENiNg to spEEDcorE turNs you iNto A fuckiNg idiot,Expert,Standard,0.05658549759102867,7.54665373,7.52018608,-0.9448903871098533,-0.7987350322714171
17a7091,ListENiNg to spEEDcorE turNs you iNto A fuckiNg idiot,ExpertPlus,Standard,2.7143560499114505,11.759765,10.7301725,-1.1504361756459134,-0.401360716195716
17b8891,The Sauce,ExpertPlus,Standard,1.568994660446699,7.98858008,8.89888371,0.24747223751443892,-0.2844765051282656
17ca691,NOVAGROUND,ExpertPlus,Standard,1.2079387134167083,6.49758761,8.22610441,0.9859092505631053,-0.16368331929006574
17d0991,Iro wo ushinatta machi,ExpertPlus,Standard,1.2493560887200676,9.09076701,8.52668992,-0.84933800165092,-0.33877695393904816
17d51,Life Will Change,Hard,Standard,-3.8903447564086773,2.64161715,2.84633803,-1.0910548093375425,-1.1528425372646693
17d71,Life Will Change,Expert,Standard,-2.5931526477742644,4.24347812,4.26035963,-1.0553714159758596,-0.9413030141949525
17dc411,Opa,Easy,Standard,-3.218152507169104,1.08344403,1.04826026,0.46255549796285633,0.428290174366154
17dc431,Opa,Normal,Standard,-4.678218196523053,1.53850328,1.254297,-1.1558048106161634,-1.0538301469931386
17dc451,Opa,Hard,Standard,-2.81397676421027,2.78998402,2.39510206,-0.12712159290402303,0.24098065636570087
17dc471,Opa,Expert,Standard,-1.9074817390386265,3.70461369,3.47932716,0.060835581159249585,0.35355053047773044
17dc491,Opa,ExpertPlus,Standard,-1.3360010991291424,4.77468102,4.59699754,-0.22118871593871892,0.05113693093324634
17dd071,northern_limit,Expert,Standard,-2.445879426755798,4.53496137,4.49983657,-1.1405741099676487,-0.982325643412663
17dd091,northern_limit,ExpertPlus,Standard,1.5949757241290736,9.73440036,10.3430673,-0.9441104503322204,-1.2597772746187983
17e0251,We Could Get More Machinegun Psystyle! (and More Genre Switches),Hard,Standard,2.3918592089506334,9.77286919,9.86821907,-0.17324446335014,-0.13855434818912027
17e0271,We Could Get More Machinegun Psystyle! (and More Genre Switches),Expert,Standard,3.008237176348108,11.5303096,11.1222578,-0.7107097268487235,-0.3687136261508228
17e0291,We Could Get More Machinegun Psystyle! (and More Genre Switches),ExpertPlus,Standard,4.446328685876397,12.2459002,13.2176853,0.27600651322848613,-0.276792576689882
17e471,HONESTY,Expert,Standard,0.857395688541253,7.20660605,8.62193582,0.10553303945942871,-0.7989277471428633
17e491,HONESTY,ExpertPlus,Standard,1.9215119652020334,7.53816129,9.35902279,0.9262344501667557,-0.2558187988519707
17e5551,Yubi Breaker,Hard,Standard,-3.4559015889163205,3.48354281,2.83662594,-1.3115515014490025,-0.7113167128672351
17e5571,Yubi Breaker,Expert,Standard,-0.2712578824706339,7.98349006,5.74555116,-1.5891219217324701,0.2179233166929116
17e5591,Yubi Breaker,ExpertPlus,Standard,1.8418240541654607,9.72231692,8.49759571,-0.6890827790902423,0.2745605066100143
181a251,Haunted Bus,Hard,Standard,0.8562582804234984,7.80583739,7.48812492,-0.33351458828689506,0.024646792655932392
181a271,Haunted Bus,Expert,Standard,1.2776327487659878,7.27799605,8.31799267,0.47312378478793504,-0.16038750860649853
181a291,Haunted Bus,ExpertPlus,Standard,0.8928524332852831,7.88583018,7.88878748,-0.3546945766369528,-0.23342825151292967
1820a51,Endless Adventure,Hard,Standard,-1.8423188301123001,3.49766582,3.27171886,0.29081008512166373,0.5776194323960493
1820a71,Endless Adventure,Expert,Standard,-0.5592936728214081,7.31711422,6.15204913,-1.3925955829694292,-0.3835393612714112
1820a91,Endless Adventure,ExpertPlus,Standard,1.6297974145279528,8.26441789,8.59986199,0.11098390223000631,-0.010740221430256547
1821811,Endless Adventure,Easy,Standard,-3.2788796560367595,2.45482755,2.20082242,-0.34104649354938354,-0.09690155864195615
1821831,Endless Adventure,Normal,Standard,-2.8866432933769275,3.73371297,3.37969745,-0.9415454448500888,-0.5491082081347938
1821851,Endless Adventure,Hard,Standard,-0.9821774563914858,5.52907068,5.30210323,-0.4605956437133323,-0.148049971043003
1821871,Endless Adventure,Expert,Standard,-0.21156348484849516,7.15563643,6.98737224,-0.9257599652640601,-0.6699821372393694
1821891,Endless Adventure,ExpertPlus,Standard,1.991337328311923,8.40577055,9.84295452,0.37215191440929396,-0.5216873166692222
182bc31,Additional Memory,Normal,Standard,-2.762580920174723,1.78042674,1.7866369,0.6282775520635888,0.659457018814813
182bc51,Additional Memory,Hard,Standard,-2.4100685840787537,3.16682437,3.02178501,-0.015449703814920834,0.19805523291672733
182bc71,Additional Memory,Expert,Standard,-1.7503421688440925,4.73655166,4.51524318,-0.6052826040918682,-0.2989059234295748
182bc91,Additional Memory,ExpertPlus,Standard,-0.17470925357466946,5.83571041,6.3986809,0.10906639055489567,-0.18764475132077038
182c291,Internet Friends,ExpertPlus,Standard,-0.60812821292105,3.90657969,4.93908814,1.198898026747964,0.510221930234897
184df31,Payphone,Normal,Standard,-2.1107120943188913,0.906481131,0.784631614,1.579624749805879,1.4852551308583615
184df51,Payphone,Hard,Standard,-2.967641816076272,1.23910189,1.13496257,0.6763587699818028,0.6748106033009016
184df71,Payphone,Expert,Standard,-3.4535006832683544,2.02110747,1.7251273,-0.2130570894493009,-0.0006067595605725451
1860551,FLASHBACK,Hard,Standard,-2.24017379114259,3.41134767,3.35954232,-0.038529707329602036,0.11278528014688405
1860571,FLASHBACK,Expert,Standard,-2.4406789759657377,4.04196132,4.00957252,-0.7418645506238744,-0.5920279271814466
1860591,FLASHBACK,ExpertPlus,Standard,0.6780181978187587,7.78663827,5.9656827,-0.4978643980489059,0.997108646067338
186e591,Missing You,ExpertPlus,Standard,-0.16553772576002135,5.8945324,6.69512698,0.07286386829435776,-0.4036925179852474
1877411,It's Been So Long,Easy,Standard,-2.429898089310818,0.908078822,0.818181703,1.2605399998998394,1.1788123273748394
1877431,It's Been So Long,Normal,Standard,-1.9026701639418362,1.24676333,1.46534812,1.7389745909720506,1.6613494815450176
1877451,It's Been So Long,Hard,Standard,-2.8326208727271966,2.0274347,2.21970885,0.4036642732636877,0.33733895795685065
1877471,It's Been So Long,Expert,Standard,-2.242860736280337,3.30906228,3.24388138,0.03973368748009509,0.19822495462028167
1877491,It's Been So Long,ExpertPlus,Standard,-0.044825441656933473,4.74890699,5.66753324,1.090430587636277,0.5048312084004906
187b191,Get Gamered Up,ExpertPlus,Standard,1.7528233170005065,7.80087608,9.09102941,0.5666389951694057,-0.2364441473858907
1886491,Shoulda Known Better,ExpertPlus,Standard,-0.493856738565625,4.96126651,5.14148454,0.47326607651951375,0.46585785370497906
1887071,NEVER MET!,Expert,Standard,-3.2737589345144698,1.99340305,2.12323835,-0.01521768457942052,-0.043248202818141124
1887091,NEVER MET!,ExpertPlus,Standard,-0.8061286139419188,4.22346192,4.26764675,0.7476404732358133,0.8399945998462863
1887191,movinglikeazombie,ExpertPlus,Standard,-1.5554184800631343,4.73187826,4.70428912,-0.4066501575411754,-0.25264164825036795
188b111,Come Alive,Easy,Standard,-2.9406422165272526,1.04227274,0.954218839,0.7457416353569641,0.6997963421686264
188b131,Come Alive,Normal,Standard,-3.5084891712180593,1.84390148,1.6543873,-0.15569163208116388,-0.02206392828307724
188b151,Come Alive,Hard,Standard,-3.3421699825622073,3.18352894,2.64693252,-0.9606693240298294,-0.4612122522583997
188b171,Come Alive,Expert,Standard,-2.263852242642174,3.53900389,3.61881119,-0.163589985379752,-0.11056206405471158
188b191,Come Alive,ExpertPlus,Standard,-0.8281536570469437,5.4560429,4.47300138,-0.24963248256283532,0.6565063179888819
188ba31,Popular Monster,Normal,Standard,-2.003488247808399,2.31048499,2.19706446,1.0384977174644305,1.1808719881795304
188ba51,Popular Monster,Hard,Standard,-1.3550023610283863,3.96958867,3.39416797,0.40166324839010814,0.9714475836529826
188ba71,Popular Monster,Expert,Standard,-1.0807585036330363,4.94067403,4.21689751,-0.09736379712512933,0.6052378027567233
188ba91,Popular Monster,ExpertPlus,Standard,-0.4547734523161159,5.30660639,5.66269245,0.24061107964776796,0.09863871207399566
188ed11,The Everlasting Calamity That Shifts The Time - Space Continuum On A Nanosecondal Basis,Easy,Standard,-3.578212598349986,4.22174254,3.37392654,-2.023070062734781,-1.2362593418489194
188ed31,The Everlasting Calamity That Shifts The Time - Space Continuum On A Nanosecondal Basis,Normal,Standard,-0.003019003640677455,7.45060068,6.00147304,-0.9342826720965769,0.2884961616103429
188ed51,The Everlasting Calamity That Shifts The Time - Space Continuum On A Nanosecondal Basis,Hard,Standard,0.900026050603976,9.87560577,8.24721889,-1.7343956805753855,-0.4868697326661905
188ed71,The Everlasting Calamity That Shifts The Time - Space Continuum On A Nanosecondal Basis,Expert,Standard,2.2721601440438204,10.2388816,10.5935174,-0.6054591875296511,-0.7517807394852039
188ed91,The Everlasting Calamity That Shifts The Time - Space Continuum On A Nanosecondal Basis,ExpertPlus,Standard,1.9900929140931236,10.1570374,10.4496697,-0.8329931002777067,-0.9368308939395553
1895851,You & DIE,Hard,Standard,-2.1754536763448526,3.5464345,3.28853588,-0.08110260771388456,0.2316890940723657
1895871,You & DIE,Expert,Standard,-2.0015737508838516,5.25842073,4.26764675,-1.268409787103634,-0.35545053709564645
1895891,You & DIE,ExpertPlus,Standard,0.09627330569467273,6.49571005,6.61551107,-0.12433640084753962,-0.0815689339760657
1895f31,Wild Ride,Normal,Standard,-2.8082535925124894,2.5307019,2.07481326,0.07376124820203955,0.45182164471083475
1895f51,Wild Ride,Hard,Standard,-2.57236422213844,3.42708206,3.45267226,-0.38319679252202343,-0.2908240303689289
1895f71,Wild Ride,Expert,Standard,0.11676474927907887,7.38210911,7.22415123,-0.7642911986756229,-0.5187899720227247
1895f91,Wild Ride,ExpertPlus,Standard,1.395342678781236,8.51576731,9.49596764,-0.30160969882864075,-0.8774911635130089
1897d71,EZ Mode,Expert,Standard,-1.5691985097461698,4.59953867,4.18816937,-0.3152826217689486,0.1393610714561706
1897d91,EZ Mode,ExpertPlus,Standard,0.9565991089577013,6.36392391,7.86186988,0.8358597724964207,-0.14999544865858594
18a9211,Proof of a Hero,Easy,Standard,-3.600804124098479,1.72280016,1.48806065,-0.17654719067610047,-0.04507035563175954
18a9251,Proof of a Hero,Hard,Standard,-2.3777146809832232,3.96343748,3.65610903,-0.6161322938240581,-0.2533428554072308
18a9271,Proof of a Hero,Expert,Standard,-2.015507676209002,5.00542592,4.55010121,-1.0832545004441823,-0.5914874746784156
18a9291,Proof of a Hero,ExpertPlus,Standard,0.6923090617614263,8.72018318,7.5782425,-1.1483795075876657,-0.20588668889691708
18aba51,Cycle Hit,Hard,Standard,-2.2551689072392445,4.01981197,3.79943216,-0.5386492442766595,-0.2422742538925955
18aba71,Cycle Hit,Expert,Standard,-1.261146670910607,5.64389215,5.63855042,-0.8288571113290868,-0.6889995096494983
18aba91,Cycle Hit,ExpertPlus,Standard,3.447329464161355,11.0861125,9.50408534,0.013781118978483775,1.1688470954825076
18d2591,The Edge,ExpertPlus,Standard,-0.4242909114074568,4.63921692,4.64437722,0.7980751175177597,0.92558920273422
18d3e11,Heart of Witch,Easy,Standard,-3.5440989775954836,1.7474735,1.4703652,-0.13400057735057613,0.01811702881259114
18d3e31,Heart of Witch,Normal,Standard,-3.864596629661868,2.11309733,1.71483934,-0.6854833648552194,-0.4066917266329302
18d3e51,Heart of Witch,Hard,Standard,-2.0223215125529785,4.70279307,3.50618783,-0.8504645383326301,0.21801657173297873
18d3e71,Heart of Witch,Expert,Standard,-0.5682669216169152,5.57086936,5.62411464,-0.07922369620900316,0.015087189736443296
18d3e91,Heart of Witch,ExpertPlus,Standard,0.7337227532791896,5.92129828,7.65634885,0.9515043101171919,-0.22203886732697276
18e391,You're Everything,ExpertPlus,Standard,0.5327777518539805,6.75818661,6.91609046,0.11454194777115556,0.12791900453622218
18ea031,changes,Normal,Standard,-2.308317385681758,0.158805042,0.162591304,0.6899048604015463,0.6761350951942622
18ea051,changes,Hard,Standard,-3.3162252313070533,0.386772374,0.487903026,0.03635596788508133,0.05386238982613145
18f4991,Get Busy Spongebob,ExpertPlus,Standard,1.323605326042899,7.0765973,7.53304895,0.6679479650446338,0.45877908882029095
18f4e31,Ghost Family Living In Graveyard,Normal,Standard,-3.2015724825748513,3.75515259,2.74365261,-1.273587340665566,-0.3896602849591253
18f4e51,Ghost Family Living In Graveyard,Hard,Standard,-1.3738871053231856,5.61839429,4.78537559,-0.921793824640941,-0.13483743575109886
18f4e71,Ghost Family Living In Graveyard,Expert,Standard,1.353738185562697,7.81008076,7.90903614,0.1608965502362576,0.21265920947806638
18f4e91,Ghost Family Living In Graveyard,ExpertPlus,Standard,2.266495158524412,8.39968615,8.86094469,0.6516200355578197,0.4399319986147998
18f5d91,Centipede,ExpertPlus,Standard,-0.007823854615010076,6.47532427,6.59857408,-0.2130128086551904,-0.17281892208807786
18f6291,Powerful,ExpertPlus,Standard,1.4861903876088334,7.98785325,8.54857593,0.16519032444155468,-0.11762938239270038
18fdf11,Amogus,Easy,Standard,-3.461081756216932,0.671696781,0.636967244,0.16477279068502204,0.05062255996736509
18fdf31,Amogus,Normal,Standard,-2.880162289530078,2.0765445,2.13780239,0.3235398927281494,0.34134436155857983
18fdf51,Amogus,Hard,Standard,-3.460833130842322,3.55154193,3.24111069,-1.3705456793161455,-1.0176449303802757
18fdf71,Amogus,Expert,Standard,-0.5745488141211771,7.75157596,7.40540414,-1.725040490719528,-1.3448852421641604
18fdf91,Amogus,ExpertPlus,Standard,1.0305839367112308,8.74905847,8.51213038,-0.830326673049437,-0.5471077666221698
1905931,Puppet Theater of Twee-Box,Normal,Standard,-2.945484269835861,2.37260206,2.1709378,0.052032718287095214,0.2553510447910008
1905951,Puppet Theater of Twee-Box,Hard,Standard,-1.094061884827025,5.04703608,4.9222353,-0.19463413472843794,0.03751348611140504
1905971,Puppet Theater of Twee-Box,Expert,Standard,-0.36654947480836186,5.70322859,5.78496194,0.019710530104729895,0.09211994772640042
1905991,Puppet Theater of Twee-Box,ExpertPlus,Standard,3.6198367086097916,12.0464984,10.046896,-0.4257266977583205,0.9668277825217415
190cc51,WARNINGxWARNINGxWARNING,Hard,Standard,-3.2697360948017615,2.36829209,2.55144092,-0.2691157192169249,-0.32173532406451066
190cc71,WARNINGxWARNINGxWARNING,Expert,Standard,-1.724584451389438,4.87983598,4.59699754,-0.693075011458939,-0.33744642132704916
190cc91,WARNINGxWARNINGxWARNING,ExpertPlus,Standard,0.20476916962877229,5.93424662,7.50093295,0.4125815196359978,-0.6363164740488065
1915691,"Excuse My Rudeness, But Could You Please RIP",ExpertPlus,Standard,2.09181388616279,9.00164432,9.65964689,0.054867835561320355,-0.29464072837017596
1925951,Highscore,Hard,Standard,-2.973299818573517,3.22398832,3.18346983,-0.623616428880839,-0.4864705010377599
1925971,Highscore,Expert,Standard,-0.21408214285920135,5.63905711,6.04780487,0.22196159819123984,0.04176983733036621
1925991,Highscore,ExpertPlus,Standard,1.4508993741448128,7.44132445,9.42321966,0.5264287087203836,-0.7712513428275038
192c911,Le Virus,Easy,Standard,-2.580230602156221,3.07866818,2.65599513,-0.11657523254153368,0.2943041391494936
192c931,Le Virus,Normal,Standard,-2.3881239798757683,3.06794098,3.03472308,0.08390828239583925,0.21036059878672653
192c951,Le Virus,Hard,Standard,-0.2608351598815995,5.30567898,5.23010682,0.4352760591904305,0.6295490560827497
192c971,Le Virus,Expert,Standard,1.6378709107738942,5.6499368,5.01564278,2.065467813039805,2.6961742465442944
192c991,Le Virus,ExpertPlus,Standard,2.522005624622869,7.55902377,6.82800997,1.5115044825539221,2.1834766098665845
192f8x91,Leave Before You Love Me,ExpertPlus,Standard,-2.4347405307549,3.26996825,3.57883444,-0.12128701054723745,-0.2505028643205054
1935711,GIMME DA BLOOD,Easy,Standard,-3.3989145557878526,1.19144287,1.09121639,0.2586590228377035,0.24660356524701577
1935731,GIMME DA BLOOD,Normal,Standard,-2.825009545253226,2.42925008,2.27151572,0.13148355738789252,0.3115992062003685
1935751,GIMME DA BLOOD,Hard,Standard,-3.2194443117841693,2.81139993,2.71334368,-0.5489640546652925,-0.3857804660962487
1935771,GIMME DA BLOOD,Expert,Standard,-2.933754707528925,3.91021225,3.32811253,-1.1296315440877494,-0.5567816141030346
1935791,GIMME DA BLOOD,ExpertPlus,Standard,1.0403484560671517,7.02172507,8.80810163,0.4254241385841866,-0.748683693194433
193a691,Plaguebearer,ExpertPlus,Standard,4.355554589394988,12.0372668,12.1247888,0.3157859120171356,0.3243267384242152
1940a71,Trendy,Expert,Standard,-1.8312353136553805,3.63357575,3.59723007,0.19372624262531501,0.3387679769331393
1940a91,Trendy,ExpertPlus,Standard,0.35427745720708265,5.26520584,5.44442874,1.0821188351278037,1.0773876141719891
194251,Chrome Vox,Hard,Standard,-3.7666747517365176,2.03863666,1.98125123,-0.5377743903477352,-0.45122414809461553
194271,Chrome Vox,Expert,Standard,-1.0292407121535305,6.214179,4.73655751,-1.0359831427155037,0.24817216063298897
194291,Chrome Vox,ExpertPlus,Standard,1.9265438134622215,7.31884326,7.94289948,1.0919701349114297,0.7607367474217341
1944831,SCREW // owo // SCREW,Normal,Standard,-2.7870815574095253,2.08229694,1.76087115,0.4127695559570821,0.6480645431890766
1944851,SCREW // owo // SCREW,Hard,Standard,-3.1319060971619797,3.0968667,2.88552004,-0.6824742583185142,-0.42306732311722417
1944871,SCREW // owo // SCREW,Expert,Standard,-1.1065396621125014,6.15924817,5.39810472,-1.0713281094232197,-0.3473251000988409
1944891,SCREW // owo // SCREW,ExpertPlus,Standard,0.05184288538553237,6.8210658,6.89838393,-0.4134806668590041,-0.33969487735490644
194931,Black Emperor,Normal,Standard,-4.735228876178556,2.3155753,1.89029236,-1.6968655904265848,-1.368393065196003
194971,Black Emperor,Expert,Standard,0.026516102262529366,7.24293181,7.41173471,-0.7521509492259189,-0.7485149330325014
1949e11,Viyella's Scream,Easy,Standard,-3.8259615817898163,2.07509999,1.71630529,-0.6212934575820741,-0.3687679892716167
1949e31,Viyella's Scream,Normal,Standard,-3.3475458151874053,3.35392552,3.22729271,-1.1004215182788166,-0.8938783690432928
1949e51,Viyella's Scream,Hard,Standard,-1.7537392380629657,5.65689609,5.16349833,-1.331544052513319,-0.8112544315003452
1949e71,Viyella's Scream,Expert,Standard,0.4379285265408605,7.50399689,7.43711113,-0.5323950744004948,-0.3559123331474617
1949e91,Viyella's Scream,ExpertPlus,Standard,1.9090715019537974,8.04897864,9.23193813,0.5441877306240424,-0.1792716162843042
194b411,Big Daddy,Easy,Standard,-3.1777882442859444,1.72315984,1.44298225,0.24626385539744566,0.3940836865067818
194b431,Big Daddy,Normal,Standard,-3.3906392758689115,2.79604029,2.62889996,-0.7084113798528251,-0.49693129479017717
194b451,Big Daddy,Hard,Standard,-2.478746643345283,3.59866831,3.91477889,-0.42597471998948766,-0.5559084721694216
194b471,Big Daddy,Expert,Standard,-1.1789408079468122,6.01628249,5.62892246,-1.0341981459255616,-0.5993195153539796
194b491,Big Daddy,ExpertPlus,Standard,0.5007825720352389,6.53173892,7.36124133,0.2529441292199933,-0.2367794840632017
194d891,Galaxy Friends,ExpertPlus,Standard,3.0411455257238,10.1727288,10.1504459,0.20759268236127548,0.31739391881585677
194f091,Volatile Memory,ExpertPlus,Standard,1.9430311229613864,10.0644441,10.1764998,-0.8181792761694422,-0.7984846776709147
195551,Hitorigoto -TV MIX-,Hard,Standard,-3.6594362683705612,3.39561764,3.28853588,-1.4453250312822834,-1.2522934979533429
195571,Hitorigoto -TV MIX-,Expert,Standard,-2.3646181665713986,4.095997,4.12777024,-0.7089955562171069,-0.6086434911479184
1956651,Ill,Hard,Standard,-3.5677328160036,3.36620358,2.82211991,-1.3303258394877755,-0.8125861163922998
1956671,Ill,Expert,Standard,0.5128500508586701,6.77216928,7.11388772,0.08413459709931115,-0.0403648349163922
1956691,Ill,ExpertPlus,Standard,0.5520806024507098,7.35105214,7.81498489,-0.30617000722170007,-0.5201866174665529
1956b91,One Hollow Word,ExpertPlus,Standard,1.1197316455520576,6.99071487,7.86859066,0.5278605857578988,0.008220365241900618
1958051,Chemical Cookie,Hard,Standard,-3.892904290942201,1.83166376,1.68146608,-0.5326704806748421,-0.4190550040467218
1958071,Chemical Cookie,Expert,Standard,-3.63572429363771,2.38971973,2.40124972,-0.6505582498491171,-0.5848996563868187
1958091,Chemical Cookie,ExpertPlus,Standard,-0.82028023142792,5.72037512,5.65302326,-0.4473067582720148,-0.25936555262380623
195a551,Get Get Down,Hard,Standard,-3.743448498754699,1.48397193,1.51500393,-0.1949438632728091,-0.19793699549397958
195a571,Get Get Down,Expert,Standard,-2.947436239135324,3.30461219,2.85852491,-0.6613266967538167,-0.21883406156768626
195a591,Get Get Down,ExpertPlus,Standard,-0.48391526295320203,6.12701994,6.32799513,-0.42405521255757345,-0.4428908320729668
195a651,Westpoolchestershireshire,Hard,Standard,-2.7058527750297823,3.27589719,3.01404865,-0.3970761581539999,-0.09197112993403644
195a671,Westpoolchestershireshire,Expert,Standard,-1.895845552086534,5.15901421,4.29324994,-1.084599021189787,-0.2698444270515894
195a691,Westpoolchestershireshire,ExpertPlus,Standard,-0.8364113569609859,6.09586237,5.78990725,-0.7526979585837796,-0.3815687826528109
1963291,Funk Assembly,ExpertPlus,Standard,2.4041336852004527,7.59141237,7.36753414,1.3700198880350585,1.661898982874496
1966a51,XEVILIED,Hard,Standard,-3.7432714664783915,2.93001744,2.73662833,-1.1640606604000872,-0.926309201844258
1966a71,XEVILIED,Expert,Standard,-0.5559540524900616,7.1548532,6.66088922,-1.269571219721585,-0.7681881064459893
1966a91,XEVILIED,ExpertPlus,Standard,1.705672354888687,8.67069554,9.31912203,-0.10031189653741879,-0.44375646093004373
1967331,Trance Dance Anarchy,Normal,Standard,-2.5553769526544428,1.81445497,1.85508901,0.8152357655401161,0.8306308099049873
1967351,Trance Dance Anarchy,Hard,Standard,-1.9010141660749709,2.99680337,2.81730107,0.626425796398,0.8576365963949859
1967371,Trance Dance Anarchy,Expert,Standard,-0.23280469866928474,4.80591985,5.9861081,0.8572426930478537,0.07054586443378566
1967391,Trance Dance Anarchy,ExpertPlus,Standard,1.2677666456146301,6.45995096,7.59769407,1.0742135781382132,0.3552222180009186
19686x91,The Kingdom Sitteth Lonely Beneath Thine Hollowed Heavens,ExpertPlus,Standard,4.457710604382314,11.4528075,11.29465,0.7882664752520117,0.9668670587836572
196b931,Start of the Determination,Normal,Standard,-3.2170286910613948,2.459362,1.99143509,-0.28251214477729647,0.09251283000947153
196b951,Start of the Determination,Hard,Standard,-2.6319762631578985,4.57123105,3.77354805,-1.3555398035633606,-0.5989111042826503
196b971,Start of the Determination,Expert,Standard,-0.6823761999624997,5.83131352,5.63855042,-0.39520567507732285,-0.110229038701391
196b991,Start of the Determination,ExpertPlus,Standard,1.2551141727189696,6.87310114,7.23032684,0.7508985120646989,0.6149555115753285
197ba31,Spin Eternally,Normal,Standard,-3.80673863083626,3.40593888,3.10820678,-1.6008070085993555,-1.2632293899742173
197ba51,Spin Eternally,Hard,Standard,-1.2706481955596294,6.39546945,5.76029864,-1.4153323785512608,-0.7928874570903224
197ba71,Spin Eternally,Expert,Standard,-0.050690874165713024,7.22777596,6.82800997,-0.8181786345358217,-0.38921988892199755
197ba91,Spin Eternally,ExpertPlus,Standard,1.7615989710804152,7.75380542,8.74809533,0.6094918774905838,0.015259491051130114
1985431,astrid,Normal,Standard,-3.2024391519018343,1.77972198,1.80042987,0.18883463560613034,0.2124771096395297
1985451,astrid,Hard,Standard,-2.6291597014051384,2.02836074,2.08904515,0.6065160488995516,0.622287612836725
1985471,astrid,Expert,Standard,-2.7262643121153705,3.51607634,2.65145995,-0.6077690612928341,0.1514859208971342
1985491,astrid,ExpertPlus,Standard,-2.27029408434739,4.27693198,4.32639416,-0.7592287817745413,-0.6703466614256839
1989b11,Illuyanka,Easy,Standard,-2.85815372349958,0.909048861,0.859018534,0.8323439634459096,0.7632871283754694
1989b51,Illuyanka,Hard,Standard,-3.6137925392692365,3.23383531,2.91028223,-1.2718619079131592,-0.9231400790037503
1989b71,Illuyanka,Expert,Standard,-3.0340779392361004,3.14884349,2.99351507,-0.6253510287369055,-0.4049361912925189
1989b91,Illuyanka,ExpertPlus,Standard,0.09940635427759181,6.56483346,8.44691951,-0.17341482545547304,-1.4314622913192956
198db11,Felis,Easy,Standard,-2.705572106987672,3.23405565,3.18075074,-0.36381499368942993,-0.21668891804322943
198db31,Felis,Normal,Standard,-2.1337852382040445,4.35271736,4.59699754,-0.6832134583902882,-0.7466472081416557
198db51,Felis,Hard,Standard,2.3690068902393695,5.72242898,6.88072273,2.7403893090857805,1.9907625688328352
198db71,Felis,Expert,Standard,0.9158742153767808,5.60076032,7.70228212,1.381671869872017,-0.07367862530132341
198db91,Felis,ExpertPlus,Standard,1.9259484293471343,6.35319495,7.86186988,1.8133585483151826,0.8193538717308471
19ad771,Feral,Expert,Standard,1.9072878175418975,7.16665091,7.14434655,1.1849461590518042,1.331301570252243
19ad791,Feral,ExpertPlus,Standard,3.7066677827850945,11.4629431,12.6648586,0.03074278898778182,-0.6691690321787207
19b2711,Sparkling Software,Easy,Standard,-3.566974817457372,1.72775753,1.4931555,-0.14554517027887082,-0.013141796958252794
19b2731,Sparkling Software,Normal,Standard,-3.204536890582056,3.82211388,2.7179847,-1.3300229326066564,-0.37419714071880783
19b2751,Sparkling Software,Hard,Standard,-1.3224299899613916,4.64006104,4.66027872,-0.10073493766704189,0.014947034286000527
19b2771,Sparkling Software,Expert,Standard,-0.5258411451783601,6.15154076,5.57149893,-0.4847371551459688,0.09838713022639178
19b2791,Sparkling Software,ExpertPlus,Standard,3.6654865842073843,10.9307341,10.8407647,0.3327402663079684,0.47577391714004014
19b6f31,Rampage,Normal,Standard,-3.392465825786662,2.38841605,2.30278487,-0.4063577219695098,-0.27624748326371185
19b6f51,Rampage,Hard,Standard,-2.089712203828134,3.80597438,3.54838386,-0.20230727808105553,0.11806305279656604
19b6f71,Rampage,Expert,Standard,-1.688184251795416,5.3507428,4.63644683,-1.0273633981265056,-0.33206832203918046
19b6f91,Rampage,ExpertPlus,Standard,-0.5734405352312024,6.76299275,6.84553587,-0.9952789700473266,-0.9251805115991194
19b9751,Release The Kraken,Hard,Standard,-1.9920845408596428,3.80463447,3.78970488,-0.10360947732598791,0.028392004932344284
19b9771,Release The Kraken,Expert,Standard,-0.7433114346198965,6.43740182,6.11536082,-0.9197867463470205,-0.5393898659846222
19b9791,Release The Kraken,ExpertPlus,Standard,1.9949271261581887,7.82676577,8.07980894,0.7900234204662524,0.7294022020387005
19b9f91,LEADER,ExpertPlus,Standard,-0.35370516387131684,5.54959051,6.42058881,0.15189805375789406,-0.3833448348585639
19bdd31,Powerful,Normal,Standard,-2.862516669444155,2.9653718,2.04838929,-0.3106801442628595,0.4134387533390105
19bdd51,Powerful,Hard,Standard,-3.479109412854465,3.00977983,2.56236517,-0.9617571862772278,-0.5387171953041605
19be111,Uebok VIP,Easy,Standard,-1.7048881620128227,1.19140191,0.905755148,1.9526962532428946,1.9276474411125846
19be131,Uebok VIP,Normal,Standard,-3.5487070867609214,1.87693738,1.70752839,-0.216207137673198,-0.08726832719606303
19be151,Uebok VIP,Hard,Standard,-3.7299327325337686,2.64742391,2.53405891,-0.9350072322725858,-0.7698598751356918
19be171,Uebok VIP,Expert,Standard,-2.3238640260826413,3.91286183,4.08217106,-0.5218583862054893,-0.5321164683246171
19be191,Uebok VIP,ExpertPlus,Standard,-1.6888367594729718,4.73336525,5.41196038,-0.5412485294894465,-0.9404241973127472
19bfe11,Still in my heart,Easy,Standard,-3.0982811868961164,1.02047232,0.930863605,0.5903265892589822,0.538786680844002
19bfe31,Still in my heart,Normal,Standard,-2.638809949048858,1.5688481,1.3545639,0.8684529391102758,0.9609067556698436
19bfe51,Still in my heart,Hard,Standard,-3.249730748601529,2.96533392,2.53405891,-0.6978648549218089,-0.2896578912034524
19bfe71,Still in my heart,Expert,Standard,-2.7103736546845716,4.83986673,4.40472916,-1.6472211872351195,-1.1720200835970487
19bfe91,Still in my heart,ExpertPlus,Standard,0.4741533509907516,5.95277101,7.15656656,0.6677101979828162,-0.11096312597024327
19cf151,BATTLE NO.1,Hard,Standard,-2.8316035364356122,3.86923741,3.12952707,-0.9947368790477251,-0.3041137046115412
19cf171,BATTLE NO.1,Expert,Standard,-1.748031088378539,5.58681651,5.15027877,-1.271392059343191,-0.7952002015100457
19cf191,BATTLE NO.1,ExpertPlus,Standard,0.768810232475719,6.738676,7.53304895,0.3652053183823455,-0.0960160047468891
19de91,Made In Love,ExpertPlus,Standard,0.2907241465500933,8.7548855,7.84844554,-1.5742648228128502,-0.8060465850933509
19ef031,Nasty * Nasty * Spell,Normal,Standard,-2.301085108664628,2.35264169,2.44055305,0.7107822976775116,0.7231696988352483
19ef051,Nasty * Nasty * Spell,Hard,Standard,-2.491830213784565,3.30532038,3.27171886,-0.20628002897372832,-0.0718919512762155
19ef071,Nasty * Nasty * Spell,Expert,Standard,-2.3478455209363225,4.59611613,4.00957252,-1.091207298350461,-0.4991944721520314
19ef091,Nasty * Nasty * Spell,ExpertPlus,Standard,-0.7132598018480921,5.35347566,5.212261,-0.05457777607475778,0.19107832963422322
19fca91,300 Nuts Per Minute,ExpertPlus,Standard,1.4789878332705864,10.7476555,10.0812948,-1.7343288251824962,-1.1975463009189147
1a01251,Farewell,Hard,Standard,-1.6999122424476059,5.49229306,5.88467565,-1.1496693558049644,-1.3183254789692689
1a01271,Farewell,Expert,Standard,0.22131276677159478,6.88049243,6.78729051,-0.2884217477591054,-0.08649735547068188
1a01291,Farewell,ExpertPlus,Standard,0.9591131891441298,7.73113274,7.7816669,-0.17655996628509274,-0.08873050406410932
1a01611,Exitium,Easy,Standard,-2.7474180565219872,2.55982488,2.27151572,0.11299880375421711,0.3891906949316071
1a01631,Exitium,Normal,Standard,-3.290836104874671,3.35966006,3.26055532,-1.0482498264379747,-0.8624121528933912
1a01651,Exitium,Hard,Standard,-1.4492143305889165,5.78636448,5.15027877,-1.1273127507693725,-0.4963834437204231
1a01671,Exitium,Expert,Standard,1.1916478753790298,8.55952676,7.69570339,-0.5361598173078832,0.2069318942818663
1a01691,Exitium,ExpertPlus,Standard,2.093590541859239,9.36329587,9.20043751,-0.19275643357818018,0.02735881134563245
1a01791,Xronial Xero,ExpertPlus,Standard,4.0322408522374324,13.2062497,13.9606579,-0.7283310867908686,-1.1492227107910953
1a02771,Our Generation,Expert,Standard,-0.878762458261287,5.36467241,4.76904725,-0.22884178738440775,0.3731173244198971
1a02791,Our Generation,ExpertPlus,Standard,0.48744230758923984,8.00873757,8.15611245,-0.8485616943031455,-0.8334787371794794
1a18d91,PP BREAKER,ExpertPlus,Standard,2.1815469918145998,9.92765485,10.1504459,-0.4879015973236793,-0.5422046150933433
1a1e551,Night Raid With A Dragon,Hard,Standard,-2.7378334526096593,3.93189958,3.35954232,-0.9510432517926459,-0.38487438132018514
1a1e571,Night Raid With A Dragon,Expert,Standard,0.7596221718347713,8.66606601,7.21798088,-1.0431124794652866,0.12866828954395992
1a1e591,Night Raid With A Dragon,ExpertPlus,Standard,1.379388519202631,9.18616938,9.48785688,-0.7851953536482672,-0.887800217025543
1a209xxxxxx71,Fallen Symphony,Expert,Standard,1.3581664516441823,8.66901044,8.57051811,-0.44663503989496744,-0.26136973206007896
1a209xxxxxx91,Fallen Symphony,ExpertPlus,Standard,4.111898308175523,9.62823091,12.6216444,1.6447933723655086,-0.2365608062866853
1a2af51,Darkness Swallows Life,Hard,Standard,-3.145494054822055,2.62978092,2.7342909,-0.33731765292701876,-0.32685249973630226
1a2af71,Darkness Swallows Life,Expert,Standard,0.23089168484694925,6.92486379,6.70085036,-0.31194468254991203,-0.011593821365778773
1a2af91,Darkness Swallows Life,ExpertPlus,Standard,4.26518236607984,12.400038,12.3337802,-0.0010498699618484153,0.09996389020310303
1a2cd11,Fantasie-Celeritas,Easy,Standard,-3.0742828590085263,2.61091146,2.62665454,-0.2519673411769694,-0.17899004912706484
1a2cd31,Fantasie-Celeritas,Normal,Standard,-2.05439141556946,5.26841919,4.63248672,-1.329070434844975,-0.6951615110558405
1a2cd51,Fantasie-Celeritas,Hard,Standard,-0.8050535128446435,5.5627913,5.5146612,-0.3097248004343144,-0.1366247681994891
1a2cd71,Fantasie-Celeritas,Expert,Standard,2.329866971444605,11.0509871,10.530342,-1.0809381933445001,-0.6515177617443904
1a2cd91,Fantasie-Celeritas,ExpertPlus,Standard,3.6596793891738466,11.6932202,11.0748397,-0.16292529863822347,0.31415875497529777
1a2f651,Digital World,Hard,Standard,-3.2889583891575116,1.83624335,1.91631368,0.06849796797789853,0.06344187008122981
1a2f671,Digital World,Expert,Standard,-1.4411473187174628,3.81309396,4.31531775,0.4405712532502737,0.16750751655823515
1a2f691,Digital World,ExpertPlus,Standard,-0.2540084843253951,5.29200532,5.70640887,0.45281895765165375,0.26550162832550145
1a2f751,Meikaruza,Hard,Standard,-3.191731649702507,3.20412722,2.70177575,-0.8264218432801531,-0.34979293851803117
1a2f771,Meikaruza,Expert,Standard,-1.2588159582591274,4.55903501,5.41658684,0.02732622509170035,-0.514009649189707
1a2f791,Meikaruza,ExpertPlus,Standard,0.25369042321050633,5.65962008,6.56483008,0.673771574000805,0.11430842108486233
1a2ff91,what was the last thing u said,ExpertPlus,Standard,-1.5189748026759058,4.80145516,5.33391251,-0.42538887338345877,-0.7096822282049295
1a32271,Myths You Forgot,Expert,Standard,-3.0687085320759206,3.22859688,2.63564773,-0.7226531359766537,-0.17976695976653945
1a32291,Myths You Forgot,ExpertPlus,Standard,-1.8319164818025067,6.03751314,4.72846972,-1.7034701900881528,-0.5481467822069945
1a37b71,Hip To Be Scared,Expert,Standard,-2.6159133229498956,4.50161666,3.73186194,-1.2840540771481148,-0.5503970971533803
1a37b91,Hip To Be Scared,ExpertPlus,Standard,-2.1776082159618055,5.18519712,4.84296631,-1.38694653640444,-0.9837987539936259
1a39551,BUBBLE TEA,Hard,Standard,-2.773983949829552,1.46769276,1.22883608,0.7820111737741211,0.8553603237029401
1a39571,BUBBLE TEA,Expert,Standard,-3.3953043616315317,2.04776201,2.01540148,-0.17244079495650588,-0.09978616435245558
1a39591,BUBBLE TEA,ExpertPlus,Standard,-1.3178823186218138,4.73534561,4.84296631,-0.17186567612976722,-0.12407285665363421
1a3e171,Go Insane,Expert,Standard,-1.9314804561851355,5.54464713,4.56958293,-1.4220287089736146,-0.52278227235638
1a3e191,Go Insane,ExpertPlus,Standard,1.862341260418151,9.19038433,7.59769407,-0.3051487036134397,0.9497968328044395
1a45951,Freedom Dive,Hard,Standard,-1.4039642451250487,5.66374706,4.72846972,-0.9870856471421854,-0.12019454552953657
1a45971,Freedom Dive,Expert,Standard,-0.2434349576161236,7.38398627,6.68369488,-1.1258685358089802,-0.47293740180127725
1a45991,Freedom Dive,ExpertPlus,Standard,2.8707655800742895,8.01192546,9.49596764,1.5324722565660793,0.5979317377800446
1a46291,"Fusyoku Ressentiment, Fushiyoku No Sarugakuza.",ExpertPlus,Standard,2.6396221775343913,10.1178011,11.0370509,-0.1572675233026235,-0.6808189459964957
1a46651,KillerToy,Hard,Standard,-1.6840794848811207,5.40394626,5.04142378,-1.0648698250574893,-0.6459863285356566
1a46671,KillerToy,Expert,Standard,-0.38335317451666323,6.5561325,7.68256278,-0.6496087233482879,-1.35840498013179
1a46691,KillerToy,ExpertPlus,Standard,3.10461392351186,10.041354,9.63491632,0.3588634291144377,0.7352898290044187
1a46a71,dnd,Expert,Standard,-2.4383676461045214,1.99826119,1.77901984,0.8170132672161254,0.9875721883281074
1a46a91,dnd,ExpertPlus,Standard,-0.6742045355796935,4.66410955,5.49115029,0.5283786935229418,0.012521477272351866
1a47791,Spider Dance,ExpertPlus,Standard,3.101140453081265,11.1166374,11.1412818,-0.3521512973601344,-0.28840752560562377
1a50411,Quasar Dreams,Easy,Standard,-2.590048645910928,4.57175983,3.71277782,-1.3140329544364007,-0.5096906462235782
1a50431,Quasar Dreams,Normal,Standard,-2.079021864757154,4.66315837,4.54621484,-0.8756828596860595,-0.6519450538781126
1a50451,Quasar Dreams,Hard,Standard,0.5361294501371278,8.38691735,7.01728938,-1.069697083302649,0.055263586736494896
1a50471,Quasar Dreams,Expert,Standard,2.4649099012473132,10.5153079,9.52848009,-0.5958003211333533,0.16946145630992238
1a50491,Quasar Dreams,ExpertPlus,Standard,3.2595887626631947,11.2542063,11.3333208,-0.2824406604400136,-0.25672286864020366
1a52371,POWA OF DA WILDANES,Expert,Standard,2.7385721677669155,10.2073011,10.1331138,-0.11802251986088264,0.026645837956673635
1a52391,POWA OF DA WILDANES,ExpertPlus,Standard,3.420492659966935,10.4575497,11.7374116,0.3978999855046057,-0.3602102605774755
1a52b91,"Excuse My Rudeness, But Could You Please RIP",ExpertPlus,Standard,1.4995549854798003,9.06405962,8.65145575,-0.580654916790432,-0.17786250374097
1a53d51,Super Nuko World,Hard,Standard,-1.781931681228502,3.71676466,3.56662298,0.17669093339445263,0.41174893613782904
1a53d71,Super Nuko World,Expert,Standard,-2.0415209326938193,3.81147852,3.85502693,-0.15851209175901548,-0.07199867314738428
1a53d91,Super Nuko World,ExpertPlus,Standard,-1.1041796672008026,5.57017766,4.96447563,-0.6145982900874054,-0.005748041268795356
1a55271,Yotsuya-san ni Yoroshiku,Expert,Standard,-0.16129956642280724,5.92132223,7.69570339,0.05646354717451202,-1.1460155475199707
1a55291,Yotsuya-san ni Yoroshiku,ExpertPlus,Standard,1.248439114021569,7.26292151,8.76305847,0.45503609289889013,-0.5085535660001419
1a55e11,My Album Is Out On Dance Corps So Now I Am Allowed To Do A Dancecore Yay!,Easy,Standard,-2.9098577476316776,1.28228386,1.23199021,0.720268350527228,0.7189032584544992
1a55e31,My Album Is Out On Dance Corps So Now I Am Allowed To Do A Dancecore Yay!,Normal,Standard,-3.0274443197859466,1.89977107,1.6487423,0.2908422918432638,0.4615605136314347
1a55e51,My Album Is Out On Dance Corps So Now I Am Allowed To Do A Dancecore Yay!,Hard,Standard,-2.8212255791938783,3.65279642,3.56967193,-0.8115840852784273,-0.6299022040080775
1a55e71,My Album Is Out On Dance Corps So Now I Am Allowed To Do A Dancecore Yay!,Expert,Standard,-1.0298014692003543,7.19583553,6.37684774,-1.7737102542405523,-1.0260804227117986
1a55e91,My Album Is Out On Dance Corps So Now I Am Allowed To Do A Dancecore Yay!,ExpertPlus,Standard,0.9171806705368835,9.48355351,9.37503089,-1.451416861495101,-1.2713346652573385
1a56811,Forever,Easy,Standard,-3.581355277167933,0.855783166,0.831573587,0.10370017976410795,0.03185653109502207
1a56831,Forever,Normal,Standard,-3.060127136505826,2.62967367,2.7624723,-0.25187027383966143,-0.26177142130172815
1a56851,Forever,Hard,Standard,-1.7291963938984598,3.83778834,3.951749,0.13279648490794682,0.16472525900225832
1a56871,Forever,Expert,Standard,-0.03155905237630777,6.43177224,6.06851144,-0.20376880280650936,0.20836689671628425
1a56891,Forever,ExpertPlus,Standard,0.7676919140112443,7.06056821,7.58472081,0.12392549373019357,-0.1352835574603527
1a57d71,Outbreak,Expert,Standard,-0.5379136627091822,6.5247194,6.01687741,-0.780449644174371,-0.25826004027400484
1a57d91,Outbreak,ExpertPlus,Standard,0.7455658242072125,7.23799552,7.90228082,-0.02946074766607132,-0.39057717801309066
1a58391,MAXIMUS MACHINEGUN,ExpertPlus,Standard,3.9343577032241894,15.3427818,12.4502571,-2.0808591327083947,-0.3051871453949522
1a58451,Farewell,Hard,Standard,-3.6569605294696332,1.93646804,1.45536525,-0.3618178509465415,-0.08939777809325955
1a58471,Farewell,Expert,Standard,-1.9746398450868456,5.44108032,4.09264903,-1.3844384382282477,-0.19111032984276188
1a58491,Farewell,ExpertPlus,Standard,0.11857277335684724,7.63004018,7.37383233,-0.9436677755450479,-0.6283377092880574
1a58751,The Guinea Pig Is In Your Mind,Hard,Standard,-4.2728664402226295,0.883913839,0.835134054,-0.5843769375157715,-0.6585122944554223
1a58771,The Guinea Pig Is In Your Mind,Expert,Standard,-2.3518998179601858,1.93013162,1.97617884,0.9472649174117822,0.9664827242379923
1a58791,The Guinea Pig Is In Your Mind,ExpertPlus,Standard,-1.6318306183459192,4.62210674,3.86822583,-0.395862014317808,0.3273851785387927
1a59371,Barbecue,Expert,Standard,-1.9871428740378123,5.7185879,5.27498916,-1.612784825959857,-1.1318362849726453
1a59391,Barbecue,ExpertPlus,Standard,1.24447972872118,6.81517748,8.33934301,0.783561494640594,-0.20894157186494056
1a59d91,Beta,ExpertPlus,Standard,2.5261934983434875,9.86189912,10.3962319,-0.09899401076269454,-0.3645816320652462
1a5e471,MIRA,Expert,Standard,-3.5780402335763353,2.81184895,2.21024546,-0.9079036633552753,-0.4020488283528638
1a60591,Devil Town,ExpertPlus,Standard,-1.7005000697217216,4.72586402,4.95176561,-0.5469584541133847,-0.5920970675076798
1a68511,DUAL BREAKER XX,Easy,Standard,-3.299327504269469,1.93478771,1.54903914,-0.003117200390818642,0.23268658686052568
1a68531,DUAL BREAKER XX,Normal,Standard,-3.4319890874763335,2.30479667,2.22730873,-0.38595952410626744,-0.2668869115055168
1a68551,DUAL BREAKER XX,Hard,Standard,-3.2434907194047833,3.50677512,2.96804469,-1.117601539547442,-0.5954656964817402
1a68571,DUAL BREAKER XX,Expert,Standard,-1.9366565702903826,5.87110573,5.29757456,-1.6801937368177842,-1.098992320622536
1a68591,DUAL BREAKER XX,ExpertPlus,Standard,0.04602460265323045,6.62249081,7.11388772,-0.27025645530273185,-0.5071902831218318
1a6a051,Overcome Me!!!!!!!,Hard,Standard,-2.4484005198094825,3.28257405,2.88552004,-0.1448921526953253,0.260438254235273
1a6a071,Overcome Me!!!!!!!,Expert,Standard,-1.536502911023326,6.48145481,4.93065452,-1.74633037219009,-0.4115347798084319
1a6a091,Overcome Me!!!!!!!,ExpertPlus,Standard,1.3149211444789493,8.44628764,8.54127435,-0.33294407693340133,-0.2836664125030035
1a74031,No Way Out,Normal,Standard,-2.9199795450803996,3.56960026,2.81489474,-0.8440633833214051,-0.15957985167280375
1a74051,No Way Out,Hard,Standard,-1.9990549370850437,4.7528752,4.22411029,-0.8669470782154678,-0.3187245699310046
1a74071,No Way Out,Expert,Standard,0.5444600606093303,8.31215875,7.23032684,-1.0083084157526647,-0.0956986005343109
1a74091,No Way Out,ExpertPlus,Standard,3.057726248310441,11.333786,10.3696155,-0.5354559748216285,0.18497801455318275
1a77851,AIAIAI,Hard,Standard,-2.9747354190621085,2.12498024,1.79275401,0.19632517543386552,0.44415296024983864
1a77871,AIAIAI,Expert,Standard,-2.513511089666708,2.57808144,2.32254629,0.3333203803373759,0.5897241982749355
1a77891,AIAIAI,ExpertPlus,Standard,-1.1053000895723393,5.59929772,4.28958296,-0.638365457262448,0.5235832107868739
1a7a371,Tempestissimo,Expert,Standard,-1.868548632587114,4.91905755,4.73655751,-0.8680652024014632,-0.5911357598005944
1a7a391,Tempestissimo,ExpertPlus,Standard,1.2472984277357184,8.48742865,8.20504399,-0.42964705174517337,-0.1090791625643932
1a7c091,Wirepuller,ExpertPlus,Standard,-0.08652413064429691,4.44974515,5.43513224,1.2866664131594878,0.6438292578122359
1a7f951,Animosity,Hard,Standard,-3.409131628905427,3.37793048,2.85120653,-1.1810095629643023,-0.6751831871597203
1a7f971,Animosity,Expert,Standard,-1.949052600694945,6.08747035,4.60879696,-1.8589105383948232,-0.5711937655708166
1a7f991,Animosity,ExpertPlus,Standard,-0.057730988122646466,7.32143139,7.71545645,-0.8942081841759959,-1.0569670934417086
1a80e51,The X Is On Fire,Hard,Standard,-2.0382625652707387,3.37543604,2.81970946,0.19183480879700587,0.7186371991580915
1a80e71,The X Is On Fire,Expert,Standard,0.03339278882016553,8.32715326,6.12582081,-1.5300287030953175,0.22928121778414104
1a80e91,The X Is On Fire,ExpertPlus,Standard,3.8198295454228166,12.2652397,13.3425095,-0.3625515180807266,-0.9809594946438445
1a86291,You Are F**king Noob!!!!,ExpertPlus,Standard,1.6537795092814387,8.60881008,8.40372338,-0.10872251301948332,0.15397833407831363
1a8a11,Bitch Lasagna,Easy,Standard,-1.4579801147229743,4.14235942,4.24945229,0.16058886566500075,0.20244020252944694
1a8d411,Death From Above,Easy,Standard,-1.1465115122626848,1.74167779,1.30235337,2.266932087052634,2.467037275507975
1a8d431,Death From Above,Normal,Standard,-2.1343802138035075,2.03227899,2.11780244,1.098714892826984,1.0994781451621805
1a8d451,Death From Above,Hard,Standard,-2.1052347078396307,3.21171718,3.18891498,0.25410514054728983,0.377480267457897
1a8d471,Death From Above,Expert,Standard,-0.7727966094658452,4.7298314,5.02851676,0.3775961766793545,0.27541382557559246
1a8d491,Death From Above,ExpertPlus,Standard,0.8029934044512501,5.06820735,6.40415086,1.6857314350828916,0.7858863307641628
1a93851,Revenant,Hard,Standard,-3.062076528488979,2.81424311,2.56017658,-0.3937727318848667,-0.12015868188452528
1a93871,Revenant,Expert,Standard,0.13433270973878852,7.05747845,7.42441207,-0.5071408726383606,-0.6500969473295319
1a93891,Revenant,ExpertPlus,Standard,1.67067012198169,7.56254112,9.51220998,0.657603403947459,-0.6134641902241253
1aa7591,A Betrayal Unforetold,ExpertPlus,Standard,3.9802293221949987,9.11712842,10.3696155,1.8633071146421543,1.1074810884377406
1aacd31,Carry Me Away,Normal,Standard,-3.2696955915742216,2.56352874,2.23493462,-0.4120320865446754,-0.10947992330604794
1aacd51,Carry Me Away,Hard,Standard,0.20602194301209098,5.41664827,5.67722725,0.8153058471377844,0.7481590280815685
1aacd71,Carry Me Away,Expert,Standard,0.6166517595232206,6.08330102,6.74105124,0.7099883414737065,0.343766418484597
1aacd91,Carry Me Away,ExpertPlus,Standard,4.604813691663108,11.3028794,11.2368911,1.0314822769375023,1.1520640106981852
1aae291,King Dedede's Theme,ExpertPlus,Standard,-1.189320429867718,5.0016674,5.47241375,-0.2541007280083687,-0.48800713088023717
1aaeex11,eden,Easy,Standard,-3.1417725483934693,2.04532729,1.80505115,0.0827035135410994,0.2707416448887634
1aaeex31,eden,Normal,Standard,-3.0689868084322387,3.52404195,3.0269536,-0.9568250600101313,-0.4647122472894778
1aaeex51,eden,Hard,Standard,-1.8690586646553216,3.79788018,3.53023802,0.024810618324053957,0.3527276520690916
1aaeex71,eden,Expert,Standard,-0.6624919512626768,5.08335659,4.7406066,0.20830862611681766,0.6117385378206688
1aaeex91,eden,ExpertPlus,Standard,1.6600232269305326,8.66010906,8.37504875,-0.13852930448830647,0.18086808695749323
1aaf151,Bookmaker,Hard,Standard,-2.4894196628591887,3.76908968,3.67176303,-0.5725610021671268,-0.37719713505408903
1aaf171,Bookmaker,Expert,Standard,0.768478994420524,6.38958639,6.64951558,0.628258530884842,0.5648610079952906
1aaf191,Bookmaker,ExpertPlus,Standard,3.750951163693519,9.98631924,9.65139632,1.0420973392789077,1.3702101571970489
1ab2f71,Step!,Expert,Standard,-2.2242319490636495,3.24286957,2.76719736,0.11058279315621578,0.5707142321680405
1ab2f91,Step!,ExpertPlus,Standard,-1.8811243532498538,4.34823182,3.85832243,-0.4269733160975602,0.08582491094283151
1ab8d91,Everytime We Touch,ExpertPlus,Standard,4.114008415007742,11.8232277,11.1222578,0.2090652807185669,0.7370576125088113
1abd331,Rainbow Road,Normal,Standard,-2.9261390247595367,2.06136513,1.79735559,0.28769109698814876,0.4903707788577605
1abd351,Rainbow Road,Hard,Standard,-4.3478126762129055,2.22501879,2.04139991,-1.2456154289802437,-1.067687673181243
1abd371,Rainbow Road,Expert,Standard,-2.0011586873666425,5.33327109,4.52296626,-1.3266602853169136,-0.5557967473787984
1abd391,Rainbow Road,ExpertPlus,Standard,0.773173105719177,6.12255668,6.85724479,0.836448672875029,0.4126105615867611
1ac0c11,Viyella's Tears,Easy,Standard,-3.1070552586347313,2.50882889,2.25026484,-0.20888059676987814,0.04330055788211995
1ac0c31,Viyella's Tears,Normal,Standard,-3.5923549992400945,3.01422504,2.95286661,-1.0784604712392136,-0.9331019771852733
1ac0c51,Viyella's Tears,Hard,Standard,-1.259231050381038,5.84510055,4.93486953,-0.9827041311883808,-0.13757057038596998
1ac0c71,Viyella's Tears,Expert,Standard,0.0019042737398238738,7.18866162,7.00530718,-0.736705062271386,-0.46997347070485856
1ac0c91,Viyella's Tears,ExpertPlus,Standard,1.422486592047715,8.02497669,8.8458144,0.07482342116954266,-0.3933367373727523
1ac0f11,p.h.,Easy,Standard,-2.7999895054041164,0.344805643,0.314475976,0.4873814363413187,0.3258225219931661
1ac0f31,p.h.,Normal,Standard,-4.143334134187469,0.677157933,0.653506839,-0.5146606887705159,-0.6196684784957935
1ac0f51,p.h.,Hard,Standard,-3.7177296605859125,1.82046186,1.82833609,-0.35072931255445283,-0.3174382794752404
1ac0f71,p.h.,Expert,Standard,-2.8378591045688344,3.10244539,3.30826503,-0.39279046738437984,-0.44574620992969294
1ac0f91,p.h.,ExpertPlus,Standard,-0.6789379859498891,3.61437007,4.15963694,1.3613266830435293,1.0520245046345762
1ac1791,Carmina,ExpertPlus,Standard,2.933591748110576,8.11395668,9.73422011,1.522160337862346,0.4955599954596628
1ac1a51,Empty Bed,Hard,Standard,-3.6631270971791507,1.06823244,0.869356592,0.01989596700366958,-0.038922732821562
1ac1a71,Empty Bed,Expert,Standard,-4.750749853323348,1.32892065,1.20595118,-1.1371613240642793,-1.1174408295825504
1ac1a91,Empty Bed,ExpertPlus,Standard,-2.845097979600519,2.35178317,1.95267887,0.16738538606149866,0.48676853193642167
1ac4751,Memories of the winter storm,Hard,Standard,-1.7597218267181012,5.62861552,5.91998,-1.3155689148570902,-1.4053861328465722
1ac4771,Memories of the winter storm,Expert,Standard,-0.9792452478131332,5.82775173,6.9457024,-0.6893243045306451,-1.4063669183573428
1ac4791,Memories of the winter storm,ExpertPlus,Standard,0.425837623592987,6.4787259,7.8083099,0.2180748034734154,-0.6415384969337117
1ac5651,AREA 52,Hard,Standard,-1.9234900916880038,3.51400741,3.29697678,0.19664998144855805,0.4772247454483589
1ac5671,AREA 52,Expert,Standard,-1.5496528121471853,5.61982162,5.32480472,-1.0986684921901395,-0.733250689196508
1ac5691,AREA 52,ExpertPlus,Standard,0.48759159728035195,7.40056856,6.85724479,-0.4070077038287163,0.1270290531479361
1ac63x91,Full Flavor,ExpertPlus,Standard,-0.9175924337349035,4.47094559,4.51524318,0.43870221260322007,0.5338438116796143
1acdc71,"When you say ""Hai"" this song is gonna be go insanely fast",Expert,Standard,0.25257546693860883,8.30935848,6.13629869,-1.2982029123607686,0.4404190432078296
1acdc91,"When you say ""Hai"" this song is gonna be go insanely fast",ExpertPlus,Standard,3.4491605817918245,10.3017093,10.8685904,0.5297795920343087,0.24086882950508448
1ace511,Venomous Firefly,Easy,Standard,-3.42314786040831,2.37113866,2.23875736,-0.424576862331282,-0.2653862934674933
1ace531,Venomous Firefly,Normal,Standard,-2.024857265587778,3.90934311,3.81244072,-0.22003949721890725,-0.0221053739792203
1ace551,Venomous Firefly,Hard,Standard,-0.14262407265144073,4.49822665,5.48646015,1.1919354772451631,0.5477529692844503
1ace571,Venomous Firefly,Expert,Standard,0.9669871800114209,8.81336151,8.62930635,-0.9388839535729661,-0.6946048068262307
1ace591,Venomous Firefly,ExpertPlus,Standard,2.457468124621812,9.85759817,11.3333208,-0.16482093876723392,-1.0588435066815864
1ace891,Villain Virus,ExpertPlus,Standard,1.8614061087519276,9.72672201,11.046486,-0.6724829393335483,-1.4652995191180782
1ace911,Start menu,Easy,Standard,-3.8018026965571976,0.0733185243,0.126147964,-0.3776198724830464,-0.7200354815885763
1ace931,Start menu,Normal,Standard,-4.0265836212612465,0.337079314,0.562258873,-0.7519307829088144,-0.5779130580735168
1ace951,Start menu,Hard,Standard,-4.116580781706845,0.944175343,0.941261655,-0.4248546405430722,-0.47791381405096134
1ace971,Start menu,Expert,Standard,-4.0931710198427735,1.38808462,1.65015174,-0.5026925486649243,-0.6048088768857736
1acf571,SLIME INCIDENT,Expert,Standard,-0.8192252201093795,5.67276121,5.50995098,-0.4093403180223132,-0.14713140340479658
1acf591,SLIME INCIDENT,ExpertPlus,Standard,3.7151943583731493,11.2713422,9.66790451,0.16213912953628773,1.323022703095209
1ad2b11,Toxic Violet Cubes,Easy,Standard,-2.8051754438440355,3.2223318,2.85120653,-0.45418817928352295,-0.07122700209832855
1ad2b31,Toxic Violet Cubes,Normal,Standard,-2.0704723885692173,3.83441127,3.60338294,-0.2057817150880188,0.09476742308216402
1ad2b51,Toxic Violet Cubes,Hard,Standard,-1.4220186852622891,4.40054948,4.49983657,-0.009604355576086299,0.04153509808084577
1ad2b71,Toxic Violet Cubes,Expert,Standard,0.9139168354167087,8.64015919,7.68256278,-0.8706234684495535,-0.06113497019841807
1ad2b91,Toxic Violet Cubes,ExpertPlus,Standard,2.9101351192461227,9.71463158,10.2813855,0.3844322712838646,0.09724818226968646
1ad3b51,Megalovania,Hard,Standard,-1.7595978522858964,4.17330666,3.74144075,-0.16575861671602743,0.2984654060778733
1ad3b71,Megalovania,Expert,Standard,-0.26700106744459273,6.48176722,5.62892246,-0.4770648802798406,0.31262022514823984
1ad3b91,Megalovania,ExpertPlus,Standard,2.4172436544540465,8.71519581,8.80810163,0.580049900809025,0.6282115051924619
1ad6671,Thunderstrike,Expert,Standard,-0.11578791753880793,7.41837871,6.95758265,-1.023446036405092,-0.5518362308014175
1ad6691,Thunderstrike,ExpertPlus,Standard,2.3567351119164486,8.5380275,10.7485259,0.6440809624450683,-0.7712787613786292
1adae91,D E A T H W I S H,ExpertPlus,Standard,4.790968065875222,12.5242608,11.8078287,0.4477717164759847,0.9645135266229095
1adc051,THAT'S A JOKE,Hard,Standard,-2.682768651242349,3.80348936,3.63430549,-0.793379039364037,-0.5414866827278599
1adc071,THAT'S A JOKE,Expert,Standard,0.36408566780609175,6.42964063,6.89838393,0.19349125311375182,-0.027452094934347082
1adc091,THAT'S A JOKE,ExpertPlus,Standard,0.9009183266511216,8.2444,8.38220822,-0.6036410160220047,-0.5833934042022921
1add6xx91,Reality Check Through The Skull,ExpertPlus,Standard,0.5454012149648152,7.88866584,6.78729051,-0.7041908866713219,0.23759109272253853
1ae1231,Kill Kill Kill Kill Kill,Normal,Standard,-2.1879450754392065,5.27842106,4.39720798,-1.4704677680513925,-0.6436768907123032
1ae1251,Kill Kill Kill Kill Kill,Hard,Standard,-0.661823020214431,7.96246294,6.00660344,-1.9645672466951072,-0.3742587933061666
1ae1271,Kill Kill Kill Kill Kill,Expert,Standard,3.154513025323331,11.6104224,10.6479694,-0.6154756871743041,0.093957440570958
1ae1291,Kill Kill Kill Kill Kill,ExpertPlus,Standard,3.440721307424288,12.4226469,14.1286707,-0.8395405673190255,-1.8430949770319
1aeb91,Be Wild,ExpertPlus,Standard,1.3841717241005,7.67035077,7.92933678,0.29261916215174977,0.22826553921577708
1aee891,I Want You,ExpertPlus,Standard,-1.865786386180122,4.90398682,5.06300915,-0.8533843219249495,-0.8446096174879854
1af2fx71,Brain Power,Expert,Standard,-0.7081009616775551,5.84940256,5.37968566,-0.4348943025572034,0.0654772495929754
1af2fx91,Brain Power,ExpertPlus,Standard,0.4323877358085736,6.77110489,6.7123118,0.004469842396891743,0.1812317176121404
1af5711,The Unwritten Chapter,Easy,Standard,-3.0874566207449337,2.89427272,2.7624723,-0.48064562131319244,-0.289100905540836
1af5731,The Unwritten Chapter,Normal,Standard,-1.1524418218001393,4.85097037,4.72443101,-0.09808247860162767,0.13450232601892176
1af5751,The Unwritten Chapter,Hard,Standard,-0.5871087641143049,7.97220193,7.45620044,-1.896857304674484,-1.3950899973881623
1af5771,The Unwritten Chapter,Expert,Standard,2.0313884782611695,10.4023545,9.70929862,-0.954709935337636,-0.3894199384072907
1af5791,The Unwritten Chapter,ExpertPlus,Standard,4.3985515191555455,10.8870577,10.5033823,1.0942322529468949,1.4353521502811053
1af8931,Dear Future Husband,Normal,Standard,-2.7565504642709833,1.26045343,1.61665538,0.8807695891811904,0.7468326271676275
1af8951,Dear Future Husband,Hard,Standard,-3.592020019839489,1.73068911,1.8487592,-0.17226647464613531,-0.20260996832044498
1af8971,Dear Future Husband,Expert,Standard,-2.6867033729851673,2.30682878,2.25796933,0.35788221384623586,0.4586789901609287
1b01b11,Knight Rider,Easy,Standard,-3.5658022432027345,1.73420949,1.55966455,-0.14806550620954795,-0.038130826659043215
1b01b31,Knight Rider,Normal,Standard,-1.9667302663079582,2.93684844,2.72729058,0.6071971306056116,0.8569369749642932
1b01b51,Knight Rider,Hard,Standard,-3.4705990167666405,2.48272127,2.7837988,-0.5532077006092901,-0.6876506681998369
1b01b71,Knight Rider,Expert,Standard,-2.1315130018414656,5.23105302,5.24353128,-1.3768712002932801,-1.251623130117474
1b01b91,Knight Rider,ExpertPlus,Standard,0.6470789601519784,6.676807,7.8083099,0.2899322859604334,-0.4202971603747203
1b09491,Six Feet,ExpertPlus,Standard,-1.8878063463274235,3.52488175,3.54232491,0.22368760317298308,0.3246485368806713
1b0cb91,Destroyer,ExpertPlus,Standard,2.824967420559153,9.004237,9.91894288,0.7862223762177618,0.25968263256332724
1b13d91,Galaxy Collision,ExpertPlus,Standard,1.4840208584857508,8.55874744,8.34647196,-0.24323773516629532,0.02545933604309547
1b15551,Kabul,Hard,Standard,-2.4981941531575447,3.14228981,3.0425125,-0.08432844174480003,0.09448111622697786
1b15571,Kabul,Expert,Standard,-1.7110271915569397,3.59873254,4.11720235,0.34169357678041745,0.053240031738276405
1b15591,Kabul,ExpertPlus,Standard,0.3726673098215032,7.05363845,6.85138783,-0.2659563634082944,0.016517575066082424
1b1ba51,YoiYoi Kokon,Hard,Standard,-2.069894544185696,3.38625834,3.6374123,0.1516316390780652,0.06897874329739562
1b1ba71,YoiYoi Kokon,Expert,Standard,-1.5385243520931506,4.35020527,4.90963343,-0.0859480582728025,-0.39705826888801865
1b1ba91,YoiYoi Kokon,ExpertPlus,Standard,0.6305949838093863,6.78870699,6.76413136,0.1894912750979878,0.34027156467423225
1b26a11,Feel Alive,Easy,Standard,-4.249866990058757,0.676517242,0.598448398,-0.6215204359086952,-0.7687664574353499
1b26a51,Feel Alive,Hard,Standard,-4.240402548305732,2.11961653,1.87741451,-1.0657036225652816,-0.8665048569805283
1b26a71,Feel Alive,Expert,Standard,-3.0774570712862785,3.13869488,3.15908147,-0.6607733038753998,-0.5722220329248349
1b26a91,Feel Alive,ExpertPlus,Standard,-1.0842064066325712,5.61558839,5.67237817,-0.6299329575019739,-0.5383081143613837
1b341xxxxxxxxxxxxxxx11,Galaxy Collapse,Easy,Standard,-2.8695264534848612,3.77299527,3.16719009,-0.9557860534080345,-0.3704068887907428
1b341xxxxxxxxxxxxxxx31,Galaxy Collapse,Normal,Standard,-1.235685136011721,5.18302318,5.36132945,-0.44331481588027244,-0.4477878224135481
1b341xxxxxxxxxxxxxxx51,Galaxy Collapse,Hard,Standard,1.4477430184023565,8.21280477,6.71804987,-0.03429809865582545,1.192247199075549
1b341xxxxxxxxxxxxxxx71,Galaxy Collapse,Expert,Standard,3.07452527578403,10.1315829,10.1851992,0.2684301704358112,0.3270811514155736
1b341xxxxxxxxxxxxxxx91,Galaxy Collapse,ExpertPlus,Standard,4.390636955127839,11.2154965,11.4991544,0.87353712666429,0.7654403309372895
1b49e11,Darling Dance,Easy,Standard,-2.934143666273882,1.27486542,1.48425093,0.6984674674428368,0.6230014264953359
1b49e31,Darling Dance,Normal,Standard,-3.11256561672043,2.04720673,2.16353027,0.11066582399063529,0.09291283920326165
1b49e51,Darling Dance,Hard,Standard,-2.440174939415886,3.11214394,3.43795232,-0.002695045292113729,-0.14732169089402403
1b49e71,Darling Dance,Expert,Standard,-0.12246664249765517,4.34961591,5.35217485,1.330579936517454,0.6725735335950588
1b49e91,Darling Dance,ExpertPlus,Standard,1.6471280666501202,5.45278819,7.16880748,2.228189562028504,1.0528689482408382
1b4f911,Our Generation,Easy,Standard,-1.9030717698503237,3.91530177,3.47338612,-0.10301613058469239,0.3625338896727399
1b4f931,Our Generation,Normal,Standard,-0.8646942715425658,5.31168197,4.77720444,-0.17328648561469961,0.38077576166443716
1b4f951,Our Generation,Hard,Standard,-0.23276642546471585,6.96473917,6.23673678,-0.8053082531236001,-0.12193466210241524
1b4f971,Our Generation,Expert,Standard,1.2828019361197271,10.4656394,9.09102941,-1.7451339263399106,-0.7064655282666701
1b4f991,Our Generation,ExpertPlus,Standard,3.2064263649385105,11.3803881,10.999391,-0.4166503920476279,-0.08899254933886258
1b51171,Mosaic,Expert,Standard,-2.263211093598487,4.13927147,3.43501587,-0.6421743652776333,0.03189790453652064
1b51191,Mosaic,ExpertPlus,Standard,1.5173097716314203,9.16402432,8.41090736,-0.6319987958908888,0.012338893274945084
1b67711,Toilet,Easy,Standard,-3.9816810352344416,1.72669253,1.42582285,-0.5596432496018324,-0.40399799232051326
1b67731,Toilet,Normal,Standard,-3.9673444246004212,2.25967175,1.939376,-0.8894169697392433,-0.6279188106719849
1b67751,Toilet,Hard,Standard,-2.7349526780400852,3.83511822,3.29979523,-0.8708267508278831,-0.3363849672504271
1b67771,Toilet,Expert,Standard,-2.1241686994070292,4.03940271,3.76388704,-0.423309042408623,-0.08357906312445973
1b67791,Toilet,ExpertPlus,Standard,-1.2765312963703237,4.72228568,5.23010682,-0.1201494323668193,-0.38614708040597456
1b68051,Apocaliptix //-Another-//,Hard,Standard,-1.7586687381594637,5.06599256,4.83056737,-0.8741851251132668,-0.5551210196151783
1b68071,Apocaliptix //-Another-//,Expert,Standard,0.026803688506930226,6.87163129,7.0593887,-0.4763143155177421,-0.4856176409768809
1b68091,Apocaliptix //-Another-//,ExpertPlus,Standard,1.991505444205443,7.47254985,8.96758378,1.0441770008304199,0.08938912685341838
1b68111,Scare Me,Easy,Standard,-2.7587997929122605,1.07815118,1.05996967,0.9227420600713554,0.887604814280873
1b68131,Scare Me,Normal,Standard,-3.7413397412823266,1.61870872,1.49826779,-0.2598838417670657,-0.18942921375039434
1b68151,Scare Me,Hard,Standard,-2.740192336983397,2.86870299,2.54708427,-0.11368733456959479,0.21083816618822082
1b68171,Scare Me,Expert,Standard,-3.0387280830561663,3.39336383,3.03213104,-0.8228310508725998,-0.43831136385311
1b68191,Scare Me,ExpertPlus,Standard,-1.7696059551796754,3.66837376,4.28225839,0.22761597030370817,-0.13496589752381838
1b6fc51,Sjeng Oan de Geng,Hard,Standard,-3.8318542080854905,1.86198148,1.62913609,-0.49012544617239406,-0.3340055635180925
1b6fc71,Sjeng Oan de Geng,Expert,Standard,-1.2835888940068174,5.53808233,3.86822583,-0.7690254882320731,0.6756269028778945
1b6fc91,Sjeng Oan de Geng,ExpertPlus,Standard,0.6825963132298292,6.83320716,6.70657863,0.20819201124948594,0.4357770668103982
1b731,WALK ON WATER,Normal,Standard,-2.861162980690254,0.394893232,0.358704698,0.5032489156787072,0.33337069919787865
1b7bf11,Silentphobia,Easy,Standard,-3.475633693809947,1.97313172,1.53585911,-0.20396747277752825,0.06168279906759677
1b7bf31,Silentphobia,Normal,Standard,-3.56247476431165,3.14489949,2.54056324,-1.1506551129448228,-0.6069143071907224
1b7bf51,Silentphobia,Hard,Standard,-1.7604869282627384,6.57553204,5.17675181,-2.041378536547742,-0.8283728395265708
1b7bf71,Silentphobia,Expert,Standard,0.6471657671657213,9.42227194,8.76305847,-1.6795601986408788,-1.1098269128559894
1b7bf91,Silentphobia,ExpertPlus,Standard,3.1913705527462777,10.5804441,10.316587,0.08776085224933716,0.35458123811979814
1b7d611,You'll Be Gone,Easy,Standard,-2.503699978670108,0.827919807,0.835134054,1.176647224789436,1.110654167097099
1b7d631,You'll Be Gone,Normal,Standard,-2.9172231875495913,1.14413909,1.12723049,0.7518614726363664,0.7259200389131588
1b7d651,You'll Be Gone,Hard,Standard,-3.8741287326118226,1.45958252,1.56366784,-0.3144553170782336,-0.34810901737966704
1b7d671,You'll Be Gone,Expert,Standard,-2.385471291192509,3.13208205,3.23834237,0.036394832282613976,0.05981719541944219
1b7d691,You'll Be Gone,ExpertPlus,Standard,0.026451599958331684,3.61584249,5.16349833,2.0655432265641913,0.9689364065209523
1b7fb11,The Disaster of Passion,Easy,Standard,-3.4841921707734707,1.27840289,1.00785595,0.14723910888029978,0.1610887356348485
1b7fb31,The Disaster of Passion,Normal,Standard,-2.7996063255156605,2.35396348,1.73844541,0.2113125342272273,0.6467354523673441
1b7fb51,The Disaster of Passion,Hard,Standard,-2.5754455449670997,2.34521435,2.30672366,0.4417472166828387,0.5381909411879264
1b7fb71,The Disaster of Passion,Expert,Standard,-1.8793158672829144,5.04412936,3.78646799,-0.9775960642840156,0.14368318600017327
1b7fb91,The Disaster of Passion,ExpertPlus,Standard,-1.0035157560318715,5.37321185,5.54774569,-0.36027538891494615,-0.3608213053877338
1b8ad91,Thunder,ExpertPlus,Standard,-2.1350601850730797,3.50699448,3.65923449,-0.009345364469619533,-0.013113512184107279
1b8d371,Berserkerz' Warfare 345,Expert,Standard,3.1541533202748897,11.9495195,11.1032662,-0.8304520691738579,-0.21021461667421804
1b8d391,Berserkerz' Warfare 345,ExpertPlus,Standard,3.2716733243339373,11.7606052,11.6375436,-0.5936509964087926,-0.4439804392321487
1b91511,Attractor Dimension,Easy,Standard,-2.619551198223811,3.77712788,3.63120133,-0.7091104461710407,-0.47586289394223114
1b91531,Attractor Dimension,Normal,Standard,1.441112379812835,9.27660995,7.36124133,-0.7857357682237569,0.7035503237143943
1b91551,Attractor Dimension,Hard,Standard,2.8557162189931846,10.520065,10.7301725,-0.20813021023052825,-0.2600005471139819
1b91571,Attractor Dimension,Expert,Standard,2.808380022476236,10.8963131,11.898986,-0.5019665593917599,-1.077161400891037
1b91591,Attractor Dimension,ExpertPlus,Standard,3.582147259818435,11.4366832,12.1663018,-0.07698240173622972,-0.4757604473635295
1b98431,Crimson Night,Normal,Standard,-2.823165057464623,2.27458971,2.43430476,0.24425310498391317,0.20533054846285514
1b98451,Crimson Night,Hard,Standard,-2.1713902298055254,2.61795394,2.84147783,0.6456523122549052,0.5696574707901387
1b98471,Crimson Night,Expert,Standard,-1.4329374607282737,5.35579499,4.94753618,-0.7760705005266231,-0.32121605793260777
1b98491,Crimson Night,ExpertPlus,Standard,0.34632580885259406,7.03288224,7.72865332,-0.27688691294953344,-0.6626063054735787
1b9b631,Crisis,Normal,Standard,-2.895297620756786,1.71384235,1.9426932,0.5340454923411624,0.44224813389673256
1b9b651,Crisis,Hard,Standard,-2.6230747993211456,3.19624215,3.29416074,-0.2515651916250925,-0.2202150776575338
1b9b671,Crisis,Expert,Standard,0.23018531148582305,4.78601274,5.42121725,1.3360126269333703,0.9713825796300348
1b9b691,Crisis,ExpertPlus,Standard,1.1466222193133502,6.88987103,7.1321474,0.6298869652437491,0.579753808208576
1ba191,ACE FOR ACES,ExpertPlus,Standard,0.6163071105761803,7.91775144,8.59251662,-0.6542500542837274,-1.018975210161059
1badc11,The Things We Believe In,Easy,Standard,-2.9565657654692696,1.23562158,1.08378234,0.6884894931738952,0.6892646509065323
1badc31,The Things We Believe In,Normal,Standard,-3.3560458917369242,1.54543184,1.50083049,0.1629467021400064,0.19489521733358162
1badc51,The Things We Believe In,Hard,Standard,-2.5078428499652334,2.41629126,2.41565571,0.4580724634436453,0.5332725152497875
1badc71,The Things We Believe In,Expert,Standard,-2.104056226734658,3.71934847,3.68118759,-0.14749531157409224,0.000848411194987353
1badc91,The Things We Believe In,ExpertPlus,Standard,-0.6805949433649129,5.35582124,5.89978023,-0.02374852530667304,-0.310669886297409
1bb8d11,Metamorphose,Easy,Standard,-4.16776904122003,1.55268195,1.19262912,-0.6523805904113824,-0.5323730359668719
1bb8d31,Metamorphose,Normal,Standard,-2.918557608606244,4.5407495,3.33095759,-1.6178603772259956,-0.5437563366413474
1bb8d51,Metamorphose,Hard,Standard,-1.9062312379664288,6.01327155,4.7731241,-1.7591765527598149,-0.6575550025563843
1bb8d71,Metamorphose,Expert,Standard,-0.08393504339078572,10.3167909,7.12605564,-3.013327801778251,-0.6462491843030855
1bb8d91,Metamorphose,ExpertPlus,Standard,2.2192142840926503,10.8342819,9.55293746,-1.0507014166554756,-0.09323101680543644
1bdd91,osu!memories,ExpertPlus,Standard,1.5778257742954063,10.319,12.1767023,-1.35303305132792,-2.4867611618375394
1bf11,Lone Digger,Easy,Standard,-3.6406129346552865,0.944273363,0.861223432,0.051114164080642954,-0.018567528282007917
1bf7651,Labyrinth in Kowloon: Walled World,Hard,Standard,-3.3612941374542173,3.02215093,2.42807247,-0.8535673058408615,-0.3285748580366783
1bf7671,Labyrinth in Kowloon: Walled World,Expert,Standard,-2.098854915960911,5.44136552,4.23857287,-1.508876188762668,-0.4298866083563957
1bf7691,Labyrinth in Kowloon: Walled World,ExpertPlus,Standard,-0.7552859405591645,6.23533536,6.02202098,-0.778167282596935,-0.4795919803780033
1bfaa51,Lotus,Hard,Standard,-2.475184974044664,3.23331107,3.49721131,-0.1328415098452167,-0.22792808769552053
1bfaa71,Lotus,Expert,Standard,-2.03050403996606,4.18089295,4.21329575,-0.44272639246363754,-0.34167854247627494
1bfaa91,Lotus,ExpertPlus,Standard,0.7677570329418225,7.13839325,7.08961418,0.06631799216175682,0.23270352487762558
1bfe511,Teetee no Uta,Easy,Standard,-3.2222856798805464,1.3796313,1.55168869,0.37163271547782095,0.30865116033328865
1c26891,Pounce,ExpertPlus,Standard,-1.7236441984757762,2.81343825,3.91143518,0.9452757795283298,0.20180813622262583
1c30e71,M A X I M U M B L A S T E R,Expert,Standard,2.630176295868038,10.8397829,10.7393453,-0.6433281749745983,-0.4916872613961254
1c30e91,M A X I M U M B L A S T E R,ExpertPlus,Standard,4.394264359172183,10.9831604,11.2753641,1.0274494469282884,0.9161332068118004
1c39f91,+ERABY+E CONNEC+10N,ExpertPlus,Standard,3.44019519134935,8.29129801,9.65964689,1.9022566809352424,1.053740576816384
1c4a811,Lifelight,Easy,Standard,-3.8996008623854865,1.68840734,1.39807427,-0.45597804317720625,-0.3129262748463568
1c4a831,Lifelight,Normal,Standard,-3.159036838221271,1.60623751,1.60838808,0.32897659550129577,0.34797070024013577
1c4a851,Lifelight,Hard,Standard,-2.223732073716669,3.78759161,3.51518739,-0.3216465913414719,0.009666435477659885
1c4a871,Lifelight,Expert,Standard,1.2244137138028386,9.27394639,7.01728938,-1.000603446334883,0.7435478504022057
1c4a891,Lifelight,ExpertPlus,Standard,2.5648848725624505,10.5299323,9.70100564,-0.5054651868562168,0.1498106879014678
1c4af11,Back In Time,Easy,Standard,-2.9697763538328603,1.14831068,1.09588855,0.6983761127266974,0.6755137714549755
1c4af31,Back In Time,Normal,Standard,-3.0511727629502854,2.29616173,2.27734617,0.0009855148556781046,0.08164850175560723
1c4af51,Back In Time,Hard,Standard,-2.7985877854964563,3.39454627,3.40578898,-0.5836276376770946,-0.48104684303412704
1c4af71,Back In Time,Expert,Standard,-1.756902766427853,4.62434233,5.05436393,-0.5227116675577492,-0.7289512964575384
1c4af91,Back In Time,ExpertPlus,Standard,-0.10914746622798224,7.74177689,6.85138783,-1.2525374753787706,-0.465297200983403
1c4e391,Childchewer,ExpertPlus,Standard,4.079164077633215,11.5051968,10.2638297,0.37624400706535654,1.2782073806950751
1c52391,"Koyoi wa Hyouitsu na Egoist ~ Ego,Schizoid,Beat.",ExpertPlus,Standard,0.5895908795221497,6.80828187,7.27370425,0.13383266994930365,-0.08288262198646057
1c54551,MeteorGlow Aftermath,Hard,Standard,-2.9915155348712776,3.578814,3.16178204,-0.9229339867982103,-0.48831679865982247
1c54571,MeteorGlow Aftermath,Expert,Standard,0.599210909237589,8.61409239,7.11996908,-1.1670062278892726,0.041447944226108646
1c54591,MeteorGlow Aftermath,ExpertPlus,Standard,1.5780097623197191,8.48963403,8.08671602,-0.10049340522556482,0.30746503057492225
1c5fd71,THE WORLD REVOLVING,Expert,Standard,-1.6679632229377368,5.94840803,5.03711777,-1.4710495551511948,-0.6264949350852309
1c5fd91,THE WORLD REVOLVING,ExpertPlus,Standard,1.2155049351046272,7.32107029,8.36074814,0.37929331067158056,-0.25334684344458225
1c600x71,Spoiled little brat,Expert,Standard,0.15306423545697181,5.61896543,6.18367139,0.6047137648508607,0.3045607995224633
1c600x91,Spoiled little brat,ExpertPlus,Standard,0.31569998332746163,5.54464616,6.73529352,0.825152485757183,0.04716657643337818
1c68051,Chou*Chou*Kou*Soku*De*Mae*Sai*Soku!!! Speed*Star*Kanade,Hard,Standard,-3.8902503582671732,1.6311647,1.53585911,-0.41541012923050147,-0.35293386538962945
1c68071,Chou*Chou*Kou*Soku*De*Mae*Sai*Soku!!! Speed*Star*Kanade,Expert,Standard,-2.853696076829058,3.49255797,3.69063633,-0.7165083502725578,-0.7561305813701216
1c68091,Chou*Chou*Kou*Soku*De*Mae*Sai*Soku!!! Speed*Star*Kanade,ExpertPlus,Standard,0.7124992646842588,8.17442018,7.97690781,-0.742151535927316,-0.4781163239318603
1c6af51,Koyomi Oniichan,Hard,Standard,-3.7987807070456,2.16976383,2.23684517,-0.6583175829580616,-0.6397911830299772
1c6f011,Far Away,Easy,Standard,-3.0935123734463437,1.45232785,1.31128668,0.46942065646233466,0.5178169207159482
1c6f031,Far Away,Normal,Standard,-2.861065784590941,1.97625823,1.92616376,0.4085827278920715,0.48581334048760816
1c6f051,Far Away,Hard,Standard,-1.3881391175234594,4.99548525,4.72846972,-0.44803942901432303,-0.1043694179279473
1c6f071,Far Away,Expert,Standard,-2.2387703751355286,4.07032439,4.25308496,-0.5626276452728716,-0.5812044263609526
1c6f091,Far Away,ExpertPlus,Standard,-0.5382183861847522,4.99818342,5.66753324,0.39975137331461685,0.011438263872671883
1c775x11,TERABYTE,Easy,Standard,-2.83370328633817,2.02928765,1.56768141,0.4013622986221286,0.6906520316802198
1c775x31,TERABYTE,Normal,Standard,-3.1780487566702984,2.66767673,2.42185613,-0.39836995757184823,-0.14112289692539726
1c775x51,TERABYTE,Hard,Standard,-1.7679770452248007,5.16307765,4.49983657,-0.9599260229174151,-0.3044232618816658
1c775x71,TERABYTE,Expert,Standard,0.008517375296800085,6.81814358,6.3986809,-0.4546200410458129,-0.004418122449300836
1c775x91,TERABYTE,ExpertPlus,Standard,1.7731170010610344,8.28837336,8.05223955,0.23725849172943114,0.5276389649449564
1c7791,Belly Flopper,ExpertPlus,Standard,-0.13147372745974878,7.1604409,8.51213038,-0.8492234772952065,-1.7091654307931494
1cab711,Imprinting,Easy,Standard,-3.8464579575647244,1.06390834,0.944484362,-0.1628227996134144,-0.20732763211083505
1cab731,Imprinting,Normal,Standard,-4.6462365957324785,1.69109485,1.524093,-1.2041110818940948,-1.1042668592739933
1cab751,Imprinting,Hard,Standard,-2.6154543665252175,3.95041518,3.43208193,-0.8434631849201204,-0.31809190560410094
1cab771,Imprinting,Expert,Standard,-0.2435324936861038,5.75969496,6.80471189,0.09899782521383688,-0.5644895834552537
1cab791,Imprinting,ExpertPlus,Standard,0.5930834586795798,6.18178317,7.53304895,0.6110748583424762,-0.2717427785430283
1cb5531,Big Town Banky Blaine's Rockabilly BBQ,Normal,Standard,-2.2901257373842983,2.80390316,3.01662523,0.3860904973910526,0.3218387755204324
1cb5551,Big Town Banky Blaine's Rockabilly BBQ,Hard,Standard,-1.830946179017249,3.50164834,3.68748406,0.29901777702435206,0.26906805986204985
1cb5571,Big Town Banky Blaine's Rockabilly BBQ,Expert,Standard,-0.7216766289698442,4.62516398,4.86370195,0.5118611965976778,0.45584906558593374
1cb5591,Big Town Banky Blaine's Rockabilly BBQ,ExpertPlus,Standard,0.8173174745668734,8.65141447,7.88878748,-0.9751294101511068,-0.3089632102313393
1cb6851,Main theme - Definite Edition,Hard,Standard,-4.777739893612169,0.744326871,0.658551962,-1.120135991066043,-1.2505619830340562
1cb6871,Main theme - Definite Edition,Expert,Standard,-4.1315627382434394,0.884526826,0.99247287,-0.4430125926071842,-0.4872727144869913
1cc2d51,Higher Love,Hard,Standard,-3.6958322816542295,2.30091961,2.11961286,-0.647049519369097,-0.4630880483132227
1cc2d71,Higher Love,Expert,Standard,-1.8664698868023926,4.39856523,4.16675177,-0.4524730409577258,-0.14109311373670197
1cc2d91,Higher Love,ExpertPlus,Standard,-0.4460300496484158,5.31542661,6.19954342,0.24244412231218443,-0.30670202133438434
1ccb911,Pink Soldiers,Easy,Standard,-4.330689787697203,0.78716332,0.700939345,-0.6597367845789455,-0.7764283524703819
1ccb931,Pink Soldiers,Normal,Standard,-4.702265659242218,0.697619993,0.793396204,-1.0636756793155437,-1.1027623379664702
1ccb951,Pink Soldiers,Hard,Standard,-3.627082876633923,2.1769742,2.54926166,-0.49158176267871534,-0.6775662597604595
1ccb971,Pink Soldiers,Expert,Standard,-3.3114453833386084,3.1234476,3.29979523,-0.8828154046066752,-0.9128776725489502
1ccb991,Pink Soldiers,ExpertPlus,Standard,-3.315429423730369,3.65753385,3.68118759,-1.3095646886781207,-1.2105247858007235
1cce651,Spin Eternally,Hard,Standard,-3.0532453714884893,2.98987125,2.81249046,-0.5204201671284845,-0.2910988073065761
1cce671,Spin Eternally,Expert,Standard,0.004297243188394417,7.0423183,6.38775499,-0.625922858147309,-0.00030403092704978096
1cce691,Spin Eternally,ExpertPlus,Standard,1.1754949150402036,7.66548217,8.8231674,0.08748040498757881,-0.6242436989666516
1cd5911,PanicPop*FESTIVAL!!!,Easy,Standard,-3.473742042116808,2.31634552,2.00680912,-0.4359272498994362,-0.1731775649563323
1cd5931,PanicPop*FESTIVAL!!!,Normal,Standard,-3.128255512671345,3.06341119,3.03213104,-0.6526875701870627,-0.5278387934682889
1cd5951,PanicPop*FESTIVAL!!!,Hard,Standard,-0.9823764150031696,4.80734577,4.74465914,0.10654091273111,0.28866905582140745
1cd5971,PanicPop*FESTIVAL!!!,Expert,Standard,-0.20641959189952688,7.47754716,6.81052894,-1.1574039077257547,-0.5317650875387161
1cd5991,PanicPop*FESTIVAL!!!,ExpertPlus,Standard,0.5754206384588914,7.65359792,7.8083099,-0.5039549844457283,-0.49195548206780737
1cd7791,Deception,ExpertPlus,Standard,1.5560034857768867,9.14975324,7.93611523,-0.5834549730068717,0.3951484704488739
1cdc691,We Like To Party! (The Vengabus),ExpertPlus,Standard,3.493550571653182,11.012933,10.334233,0.1074141541280218,0.6447889702928604
1d05051,me & u,Hard,Standard,-2.689895977223715,2.33837339,2.64241282,0.33219463678404315,0.19426126836135404
1d0ca91,RISE,ExpertPlus,Standard,-2.3507495579304845,3.23618467,3.23281282,-0.010669138971371783,0.09873284358928958
1d0cbx11,ONIGIRI FREEWAY,Easy,Standard,-3.159438566355818,1.29826271,1.01563668,0.46519680200796865,0.4862260846974542
1d0cbx31,ONIGIRI FREEWAY,Normal,Standard,-3.3931591230675253,2.70141035,2.50392484,-0.6389572835477457,-0.41225968148551617
1d0cbx51,ONIGIRI FREEWAY,Hard,Standard,-1.5905894573135657,4.64952509,4.38595027,-0.3764165806922102,-0.037468538809336316
1d0cbx71,ONIGIRI FREEWAY,Expert,Standard,0.5131023277855533,6.80049215,6.44257173,0.06317464685558383,0.4667107906560628
1d0cbx91,ONIGIRI FREEWAY,ExpertPlus,Standard,1.1674484918478463,7.95412856,7.37383233,-0.12929974043264325,0.4205380092029416
1d0ed51,The Imperial March,Hard,Standard,-1.8950014461633367,4.94293719,3.82549382,-0.9133954082586597,0.09756926264407384
1d0ed71,The Imperial March,Expert,Standard,-1.1565825277408417,5.58822261,5.32935667,-0.6810369409154629,-0.3437337926992938
1d0ed91,The Imperial March,ExpertPlus,Standard,1.5411976795844273,10.4346026,7.68913028,-1.4662308123051333,0.5613153752499023
1d25f71,Oudenophobia,Expert,Standard,1.3119929364341252,9.49507952,7.77502037,-1.0644701581335447,0.2690243590785799
1d25f91,Oudenophobia,ExpertPlus,Standard,3.207559571483076,10.6315327,10.7301725,0.07036673457342202,0.09184280537590928
1d2efx51,Night of Nights,Hard,Standard,-1.6452068525486219,4.91457948,4.76090398,-0.6411823484902843,-0.3869279142435462
1d2efx71,Night of Nights,Expert,Standard,-0.010601470400532595,6.05496677,6.64951558,0.10445565717504703,-0.21421945682576604
1d2efx91,Night of Nights,ExpertPlus,Standard,4.382253653993441,11.2842274,10.7761148,0.8209116674757078,1.2357675177318765
1d331,Click Bait,Normal,Standard,-3.989254312844573,3.88066799,3.00890209,-2.161521293156852,-1.371544822257155
1d351,Click Bait,Hard,Standard,-3.412133030205303,4.66010538,3.57577766,-2.2063681393635695,-1.2255311312587982
1d371,Click Bait,Expert,Standard,-1.5064949899700426,5.20903528,4.8928811,-0.7345633036099961,-0.35187883275404297
1d3f151,GHOUL,Hard,Standard,-1.506683558947876,4.45320165,4.19174966,-0.13624801416763188,0.1990643906366416
1d3f171,GHOUL,Expert,Standard,-0.6248345873560901,6.18523642,5.5146612,-0.6094809109923467,0.04359415728906435
1d3f191,GHOUL,ExpertPlus,Standard,2.2685984000155885,7.90040794,8.36789539,1.0105399802827573,0.7945965784144788
1d3f5x11,Night Raid with a Dragon,Easy,Standard,-3.1536287158697003,1.44116987,1.19466905,0.41426042396592155,0.4814584696368742
1d3f5x31,Night Raid with a Dragon,Normal,Standard,-3.9679619877845687,1.96193314,1.78206276,-0.6890887564782671,-0.5435782435340641
1d3f5x51,Night Raid with a Dragon,Hard,Standard,-3.214812396393039,3.68543189,3.11884871,-1.2311940073353649,-0.6792954381378413
1d3f5x71,Night Raid with a Dragon,Expert,Standard,0.2586835352695469,7.21782866,5.38428452,-0.5014637210238542,1.028675016322095
1d3f5x91,Night Raid with a Dragon,ExpertPlus,Standard,2.0356514283461684,10.0565191,8.49759571,-0.7202541602460784,0.468387880790722
1d4251,Ai Kotoba III,Hard,Standard,-3.682157563928089,2.32087395,2.43014812,-0.6475693934933524,-0.6508442712669464
1d4271,Ai Kotoba III,Expert,Standard,-1.528079004743555,3.61296709,3.82222636,0.5133033563981726,0.46704060587845064
1d49071,The Spirit Tree,Expert,Standard,-4.2708778336839694,0.993247012,1.05454916,-0.5802978370658773,-0.6244352375315154
1d5d471,Kisaragi,Expert,Standard,-0.8073221663922955,7.36755098,6.72954072,-1.67769101677758,-1.0715066747288229
1d5d491,Kisaragi,ExpertPlus,Standard,1.1642944191657765,7.73092792,9.0059794,0.028769783161739726,-0.7649642670563608
1d60091,Dominate,ExpertPlus,Standard,0.27232097577976017,6.87364179,7.1321474,-0.23229841856039185,-0.294547435325014
1d69d91,Collapse Of Ego,ExpertPlus,Standard,-0.2235910833181783,2.9972684,3.63430549,2.303487526079271,1.917690885196311
1d70911,EASY LOVE,Easy,Standard,-3.3883687824252275,1.07469549,0.896515074,0.29370124228837735,0.2422534461995034
1d70931,EASY LOVE,Normal,Standard,-4.497868656701465,1.62765421,1.40766415,-1.0211573069735431,-0.9142438113378706
1d70951,EASY LOVE,Hard,Standard,-3.082771229983467,3.38375041,3.05032192,-0.8592585106587349,-0.4959246288993584
1d70971,EASY LOVE,Expert,Standard,-2.5665741268329767,4.58193735,3.85832243,-1.298656377720997,-0.5996248626402914
1d70991,EASY LOVE,ExpertPlus,Standard,-0.1324867451913424,6.08026631,7.01728938,-0.03682472266534054,-0.6133526085919753
1d74251,Enemy,Hard,Standard,-3.0916462215017306,1.71194812,1.6487423,0.33876865828011615,0.3973586119156507
1d74271,Enemy,Expert,Standard,-1.4382327121435592,4.02206061,4.09964928,0.2764894784398133,0.3398057094837468
1d74291,Enemy,ExpertPlus,Standard,-0.5286714269374759,4.42453232,4.93486953,0.8646184959759229,0.5929890530575921
1d7791,RED ZONE,ExpertPlus,Standard,0.6455200383008595,6.91300545,8.73315774,0.11152535730899449,-1.090179540304647
1d7c91,V for EXTREME,ExpertPlus,Standard,1.0388128622197954,5.66416828,6.33881882,1.455364613153909,1.0715684294341676
1d9bcxx51,Spring Thief,Hard,Standard,-2.178412791409226,2.13356227,2.02749262,0.9868144953704672,1.109969501514306
1d9bcxx71,Spring Thief,Expert,Standard,-1.9205423908180534,2.98844723,2.88798675,0.6133887456412135,0.7864871783347998
1d9bcxx91,Spring Thief,ExpertPlus,Standard,-2.1066122271451753,3.22984636,3.47041941,0.23845941091530465,0.16127667668138423
1dc6011,Inspiriting,Easy,Standard,-4.014320332850377,0.418981074,0.473122789,-0.6163507287946364,-0.6618449619532885
1dc9431,Mystery Circles Ultra / U.U.F.O.,Normal,Standard,-2.994461823081677,3.27319494,2.8342031,-0.6835534580030518,-0.2481114667061144
1dc9451,Mystery Circles Ultra / U.U.F.O.,Hard,Standard,-0.6741148317873591,6.48689124,5.44908295,-0.8880548425415211,0.04536951476854312
1dc9471,Mystery Circles Ultra / U.U.F.O.,Expert,Standard,0.91640664589423,7.75911037,7.22415123,-0.23954379438216422,0.28085192459242647
1dc9491,Mystery Circles Ultra / U.U.F.O.,ExpertPlus,Standard,0.5451253867728978,7.52622432,7.68913028,-0.4414366282921054,-0.43475691756162727
1dc9591,Meteoric Impact,ExpertPlus,Standard,3.5063146471072093,11.0854769,10.6297877,0.07317761349476681,0.4579781286968898
1de9851,Compute It With Some Devilish Alcoholic Steampunk Engines,Hard,Standard,-2.196161468853719,3.98855888,3.87815466,-0.45465946098000054,-0.24470090402401712
1de9871,Compute It With Some Devilish Alcoholic Steampunk Engines,Expert,Standard,-1.5404862494134433,4.92091098,4.94753618,-0.5414683381896048,-0.42876484661777736
1de9891,Compute It With Some Devilish Alcoholic Steampunk Engines,ExpertPlus,Standard,-0.01882667674051304,5.75624299,6.31718992,0.32637490667248165,0.03045476074710611
1df6811,Astrid,Easy,Standard,-2.946279844291262,1.89693197,1.54243505,0.37378200565970054,0.5884028872320326
1df6831,Astrid,Normal,Standard,-3.2412701952233665,2.29968037,2.14145899,-0.19160790641438208,-0.022032131191482396
1df6851,Astrid,Hard,Standard,-2.5507132976595006,3.69531372,3.72548969,-0.5749770091721391,-0.4802403123484722
1df6871,Astrid,Expert,Standard,-0.6392842639966877,7.03442513,6.26344,-1.2636429159699554,-0.5488954083056511
1df6891,Astrid,ExpertPlus,Standard,0.5162189935895817,9.08525319,9.12215543,-1.5786603701693722,-1.4949708018131314
1df7a71,If You Can't Hang,Expert,Standard,-1.734726735565117,4.79786372,4.48448252,-0.6382941520912904,-0.2590967757845979
1df7a91,If You Can't Hang,ExpertPlus,Standard,-0.22422490906392908,5.86727557,6.55362047,0.035192070644605083,-0.35509327595297135
1e07d11,Unpleasant Sonata,Easy,Standard,-2.902201011650071,2.59947732,1.94767964,-0.07133471601740915,0.4325125645385146
1e07d31,Unpleasant Sonata,Normal,Standard,-3.0977064848566025,4.00687726,3.5031931,-1.3708473398814556,-0.8550598266901646
1e07d51,Unpleasant Sonata,Hard,Standard,-0.8491607542845075,7.80389379,7.07750849,-2.0375278783735737,-1.375152125247256
1e07d71,Unpleasant Sonata,Expert,Standard,-0.10920890961375015,7.75727763,7.66289393,-1.2638316405944592,-1.0697883057311321
1e07d91,Unpleasant Sonata,ExpertPlus,Standard,3.112643168153933,9.06989268,10.5213477,1.0283947566854263,0.1373237885162184
1e08991,Break Me (V2),ExpertPlus,Standard,-1.5775826543059075,4.06181433,4.08915339,0.10536240039373745,0.20868868607893387
1e0a311,Night Raid with a Dragon,Easy,Standard,-3.9315795797851725,1.26374695,1.15551255,-0.29532165865954063,-0.29126278954512275
1e0b511,Sleeping With Roses,Easy,Standard,-4.37460852317656,0.0754732087,0.128981932,-0.986691612522268,-1.3058905620496493
1e0d511,Bounce,Easy,Standard,-3.6704210033246505,0.669632148,0.541049204,-0.04565145956805905,-0.24249077595894475
1e0d531,Bounce,Normal,Standard,-4.452620947781448,1.4007742,1.19364865,-0.8673891792349084,-0.8173787973873652
1e0d551,Bounce,Hard,Standard,-3.90682191751805,1.89031592,1.7251273,-0.5826319027660105,-0.45392799381026805
1e0d571,Bounce,Expert,Standard,-3.471739978716746,2.9125987,2.50820767,-0.8790694743838814,-0.4937924976229522
1e0d591,Bounce,ExpertPlus,Standard,-1.0940260821657999,4.35421163,4.17744685,0.3553533738134158,0.6229533534550069
1e0ef51,We Magicians Still Alive In 2021,Hard,Standard,-2.2229660995781386,4.17001995,3.81244072,-0.6265006475267163,-0.22021420796958102
1e0ef71,We Magicians Still Alive In 2021,Expert,Standard,-2.018442506102922,4.92668934,5.21671674,-1.023993214196334,-1.1175887290975912
1e0ef91,We Magicians Still Alive In 2021,ExpertPlus,Standard,1.6178426333481932,9.63629746,7.92933678,-0.8547403930498387,0.46193644846347026
1e13d91,10 For 10,ExpertPlus,Standard,-1.702490311035182,4.92836843,5.02422177,-0.7093684753210676,-0.6509128711731929
1e19951,Cinco,Hard,Standard,-4.204989716653056,0.511613183,0.495888955,-0.6987862180276716,-0.825664353434671
1e19971,Cinco,Expert,Standard,-3.71762809473669,1.12533572,1.1804625,-0.044548909670612424,-0.08047209011289524
1e19991,Cinco,ExpertPlus,Standard,-3.1243053972544574,2.78876282,2.94782451,-0.4365175038280329,-0.4613266507412934
1e1d51,Silicon XX,Hard,Standard,-3.912431361363521,2.10797841,2.12142483,-0.7298579666508282,-0.6808030037331605
1e1d71,Silicon XX,Expert,Standard,-1.733280312630234,4.69149807,4.49983657,-0.5524538545870106,-0.26972652928709917
1e24c71,"The Sun, The Moon, The Star",Expert,Standard,-0.6618961028905234,5.70162743,4.88870196,-0.27439505083572613,0.4960008711230318
1e24c91,"The Sun, The Moon, The Star",ExpertPlus,Standard,1.5295308251596427,7.77528601,8.78555118,0.36186576797505765,-0.24346660496241945
1e44511,"Ori, Lost in the Storm",Easy,Standard,-3.359746938413152,0.144688312,0.159427041,-0.3604818020911402,-0.37156262528885975
1e44551,"Ori, Lost in the Storm",Hard,Standard,-4.227512556572998,0.398453567,0.462727419,-0.8579960184265514,-0.8878253442967798
1e4ea11,"Restoring The Light, Facing The Dark",Easy,Standard,-4.155976377391162,0.312732894,0.292944987,-0.9226923694973617,-1.0637587092030336
1e4ea31,"Restoring The Light, Facing The Dark",Normal,Standard,-3.672602600394423,0.60120466,0.599472011,-0.09012848527336326,-0.1906375912166154
1e4ea51,"Restoring The Light, Facing The Dark",Hard,Standard,-4.038938672188987,1.1109658,1.25536925,-0.36304090180208126,-0.41477160897187115
1e4ea71,"Restoring The Light, Facing The Dark",Expert,Standard,-3.5756496054596854,2.08735612,2.17465107,-0.37919125106478324,-0.37714650888492063
1e8fe91,Get Get Down,ExpertPlus,Standard,-2.0031202390593332,4.61243218,4.40849458,-0.7594587143719767,-0.4677278226577437
1e94171,The Curse Of The Lovely Fox,Expert,Standard,1.53476174609006,8.27762099,8.12134012,0.00655210055437383,0.23906937662304806
1e94191,The Curse Of The Lovely Fox,ExpertPlus,Standard,3.4669034535668257,9.70036908,11.4110601,0.9508617803084958,-0.10051783573110562
1e9d8xxx91,Rip It Off (Now) Rip It Off,ExpertPlus,Standard,1.2517235113089462,8.72270417,7.76174433,-0.5907313702322747,0.21849559048128264
1ea1exxxx31,Crazy banger,Normal,Standard,-3.3720276941118597,2.00252336,1.85508901,-0.1194240891679259,0.013980068447570382
1ea1exxxx51,Crazy banger,Hard,Standard,-3.193908620136268,3.90872164,3.4556238,-1.3885941828712383,-0.9146379072980704
1ea1exxxx71,Crazy banger,Expert,Standard,-1.0358815701988437,5.27863251,6.04780487,-0.3185700647940932,-0.7800295900092762
1ea1exxxx91,Crazy banger,ExpertPlus,Standard,3.6998398422210794,10.1539989,11.0937826,0.8787812704404927,0.34175792932257876
1ea3c51,Find Our Way,Hard,Standard,-2.7207863855532515,2.05154547,1.88062573,0.4995688032000616,0.6513555339550541
1ea3c71,Find Our Way,Expert,Standard,-2.944039363387989,2.80117827,2.58435419,-0.2657392617469556,-0.019011335589461442
1ea8cxxxxx51,Zhuzhzhalka76,Hard,Standard,-1.386035736300856,5.60225343,5.00707845,-0.9213987286422065,-0.3210173381922239
1ea8cxxxxx71,Zhuzhzhalka76,Expert,Standard,0.8684772174898959,8.46863975,6.53125864,-0.7951925932261114,0.754600085700481
1ea8cxxxxx91,Zhuzhzhalka76,ExpertPlus,Standard,0.8028285358771114,8.14564705,6.87484572,-0.6312665068081773,0.42900924273338115
1eaffxx91,Monsters,ExpertPlus,Standard,-2.5877484396432315,3.84790062,3.91812547,-0.7338342032730085,-0.6675268717693423
1eb8231,Untouched,Normal,Standard,-3.36515198668376,2.53888347,2.4593943,-0.4891953987882376,-0.35372255944194686
1eb8251,Untouched,Hard,Standard,-0.2880103484657283,5.57270332,4.71233555,0.19960608241971595,1.0084413219120634
1eb8271,Untouched,Expert,Standard,0.8011226707629208,6.54032316,6.95163999,0.5468014581017334,0.36953921122950206
1eb8291,Untouched,ExpertPlus,Standard,-0.06837739226528204,5.96725794,5.99634701,0.11403660309053788,0.22708581488838886
1ec971,Another Dimension,Expert,Standard,-1.7122771226576468,3.99224196,3.99930724,0.026280819168186698,0.14441432554836942
1ed01x11,All My Love,Easy,Standard,-3.3045661671040323,0.506223815,0.428475627,0.19620462697246444,-0.009336093995380157
1ed01x31,All My Love,Normal,Standard,-3.71787475501063,1.30150315,1.0791618,-0.09437553777511543,-0.0718817796779736
1ed01x51,All My Love,Hard,Standard,-2.868650498083706,2.92481062,2.27540103,-0.28541437850926554,0.2654350866051214
1ed01x71,All My Love,Expert,Standard,-2.60044598220298,3.33234837,3.50618783,-0.33625489817060394,-0.3601078979170227
1ed01x91,All My Love,ExpertPlus,Standard,-0.4172991244316852,6.14694008,6.54243,-0.37267715997784195,-0.5396658697289203
1ed171,Sidetracked Day (Short Ver.),Expert,Standard,0.9210168320639928,6.94680863,7.36753414,0.3618275353939181,0.17878212973803598
1ed191,Sidetracked Day (Short Ver.),ExpertPlus,Standard,1.785857375558602,7.58529709,9.01367822,0.7561998512435815,-0.1488398451500541
1ed471,Inferno,Expert,Standard,0.39727342331386994,7.52837167,8.49033768,-0.5908566942528388,-1.1647809820818944
1ed491,Inferno,ExpertPlus,Standard,1.2741168132812488,7.67143076,9.19257917,0.18177949446639508,-0.7865955287457598
1eda9x51,Monster,Hard,Standard,-2.0423342123707986,3.78965471,3.39416797,-0.14189620913285683,0.2841157323105703
1eda9x71,Monster,Expert,Standard,-0.8915348919048216,4.45450153,4.77720444,0.47786461584603135,0.3539351413021814
1eda9x91,Monster,ExpertPlus,Standard,-1.521005441748175,4.66343167,5.0760047,-0.31788359299756097,-0.5100110913949676
1edb171,Never Alone,Expert,Standard,-0.20327945952755982,6.30650142,6.25274502,-0.28036923377363415,-0.10470458826456991
1edb191,Never Alone,ExpertPlus,Standard,2.8395268951751595,7.20032273,8.59251662,2.0923040254583274,1.2042445744379204
1edfc51,La Lune,Hard,Standard,0.17880555696932426,6.56457539,6.51453735,-0.09382091359200856,0.07764035442804101
1edfc71,La Lune,Expert,Standard,-1.7192096469465,5.91823883,5.27498916,-1.4990719810742428,-0.8639030578813329
1ee2571,Ori and the Blind Forest - The Waters Cleansed,Expert,Standard,-4.289601239745319,1.35765295,1.46534812,-0.68695091761347,-0.7255815942584651
1ee2931,Towel in the Air,Normal,Standard,-3.287506914721501,2.401063,1.69879637,-0.31054739964576594,0.1781227149327922
1ee2951,Towel in the Air,Hard,Standard,-1.7941194790613597,3.94915952,3.67490187,-0.021124658486856962,0.3156661097299458
1ee2971,Towel in the Air,Expert,Standard,-0.7981994222025511,5.87477098,5.27949853,-0.5445632239364208,0.05358422234834481
1ee2991,Towel in the Air,ExpertPlus,Standard,1.1042759447292365,8.27547832,8.21205813,-0.4224091384668811,-0.25717987013065846
1ef691,Overkill,ExpertPlus,Standard,0.7581937573759866,7.05564625,7.71545645,0.11807992115740251,-0.24104234794307555
1f07411,Deimos,Easy,Standard,-2.8181056254062042,2.6731385,2.20835763,-0.042544935588051835,0.3590867047317432
1f07431,Deimos,Normal,Standard,-2.1325787756379775,4.05441409,3.60030519,-0.443718433365063,0.035043944759455936
1f07451,Deimos,Hard,Standard,-1.6694511348676448,5.0493451,4.81408483,-0.7718440218227449,-0.45295638324339094
1f07471,Deimos,Expert,Standard,-1.5204718317153532,6.42641728,5.76522287,-1.6886233764091787,-1.0465236295238496
1f07491,Deimos,ExpertPlus,Standard,0.9933407802618965,7.39191782,8.62193582,0.10508729381964366,-0.6629826554222198
1f0d51,Hyadain no Joujou Yuujou,Hard,Standard,-4.258694560032587,2.16366238,2.300818,-1.114040143249817,-1.1411880524116125
1f0d71,Hyadain no Joujou Yuujou,Expert,Standard,-1.6140116888185099,6.02985343,6.50897311,-1.479687136125734,-1.7109455801908369
1f0d91,Hyadain no Joujou Yuujou,ExpertPlus,Standard,-0.3267282621849209,6.62253276,7.71545645,-0.6430409102760638,-1.3259643675039832
1f1ffxx91,osu!memories,ExpertPlus,Standard,1.1853724395746161,8.41311619,8.94462503,-0.43901553724144216,-0.7004986931997321
1f273xxxx11,The Cat Evolved Into The Microwave-proof Cat!,Easy,Standard,-2.0726821047584387,2.06348874,1.87581096,1.139734114609558,1.3020910496350186
1f273xxxx31,The Cat Evolved Into The Microwave-proof Cat!,Normal,Standard,-2.128890175217595,3.59861127,3.41453084,-0.07607282326301457,0.18194512310526934
1f273xxxx51,The Cat Evolved Into The Microwave-proof Cat!,Hard,Standard,-2.1479260471612007,4.54744826,4.65232118,-0.8525613987949168,-0.8042922357825923
1f273xxxx71,The Cat Evolved Into The Microwave-proof Cat!,Expert,Standard,1.6264195094166793,8.21086646,7.29860808,0.14576064878326278,0.9354117800831228
1f273xxxx91,The Cat Evolved Into The Microwave-proof Cat!,ExpertPlus,Standard,1.398000160584837,8.04929113,7.73526022,0.03289228268911404,0.3842152599082709
1f28471,Cambodia,Expert,Standard,-2.664869101230242,2.71107801,3.2245362,0.08201311868444439,-0.20911246436397724
1f28491,Cambodia,ExpertPlus,Standard,-0.8393243987701318,3.34448147,4.53845207,1.4152714405399591,0.5938578294936894
1f2e571,Darling Dance,Expert,Standard,-1.0765168797584175,4.3284217,5.50524478,0.3934436209673633,-0.40076079925874897
1f2e591,Darling Dance,ExpertPlus,Standard,0.5661284885425429,5.05893734,7.18720812,1.4561732513280474,-0.04186786246561425
1f334xxx51,Goodbye,Hard,Standard,-3.469961155753648,2.13350597,1.85985059,-0.3046955537337519,-0.08652191351393013
1f334xxx71,Goodbye,Expert,Standard,-2.3982336054265696,4.137638,3.89143275,-0.7758914702941038,-0.45714723454182704
1f334xxx91,Goodbye,ExpertPlus,Standard,1.2330859631286817,7.89852131,7.4434688,-0.023612386520724282,0.43453478867456896
1f3b91,Hammer o Denpa Song ni Shitemita,ExpertPlus,Standard,-1.0912402251670053,5.14174275,6.09970431,-0.26640785040794834,-0.8752908908296775
1f6b1xxxxxxxx91,Ludicrous Speed,ExpertPlus,Standard,5.6823742143607605,12.5821595,12.8721552,1.3034062436259353,1.1756760149555854
1f74711,Made of Fire,Easy,Standard,-3.5330931009026627,2.07300256,1.62357726,-0.3270232246843121,-0.03277018440984847
1f74731,Made of Fire,Normal,Standard,-3.881604653533035,3.19021265,2.37675334,-1.5053558130494102,-0.8143505328997951
1f74751,Made of Fire,Hard,Standard,-1.7178934414591873,4.31970001,4.18816937,-0.2409716495120644,-0.009333860256846904
1f74771,Made of Fire,Expert,Standard,0.36669006182255015,7.0561272,6.40415086,-0.27378071410977545,0.34958298813546285
1f74791,Made of Fire,ExpertPlus,Standard,2.5913500209165745,9.79761381,10.2638297,0.009528767091079526,-0.20960667602156535
1f75d11,Sayonara. Arigatou.,Easy,Standard,-3.128807810372801,0.455050438,0.4866539,0.31515221590330533,0.2398172366692255
1f75d51,Sayonara. Arigatou.,Hard,Standard,-4.22557594190682,1.17953606,1.17945424,-0.5649143064895541,-0.5882804304035352
1f75d71,Sayonara. Arigatou.,Expert,Standard,-2.8894765189048726,1.88203348,2.21781294,0.4398640467897592,0.2816932202463658
1f75d91,Sayonara. Arigatou.,ExpertPlus,Standard,-1.962968138640527,2.7433097,3.39126892,0.7594542367964938,0.36570337288990196
1f7cc91,Mr. Capgras Encounters a Secondhand Vanity: Tulpamancer's Prosopagnosia / Pareidolia ,ExpertPlus,Standard,-0.8139943436422459,5.74588308,5.56674016,-0.46077424734440964,-0.18606719108511083
1f9091,Overkill,ExpertPlus,Standard,1.2251315041789868,6.92772614,7.68913028,0.6801614731843482,0.2452491998444617
1f94c71,Remote Tumour Seeker,Expert,Standard,-0.022074601727846685,5.62841598,6.11536082,0.4222333008192066,0.18184696690742752
1f94c91,Remote Tumour Seeker,ExpertPlus,Standard,3.9646135090495007,11.4358999,11.4110601,0.3059850480901698,0.3971922197515694
1f9d251,Harakiri,Hard,Standard,-2.7924308251875782,4.3424081,3.92818238,-1.3336324855805275,-0.8800736571938068
1f9d271,Harakiri,Expert,Standard,1.308628515494502,9.67581209,8.13523123,-1.1907677349289723,0.002854406281463495
1f9d291,Harakiri,ExpertPlus,Standard,3.124449260301005,10.7279531,11.7273863,-0.07597201182221758,-0.6497322931312115
1f9f6x11,Heracles,Easy,Standard,-3.2044355699728966,1.73002028,1.48806065,0.2157006436566684,0.35129819849382304
1f9f6x31,Heracles,Normal,Standard,-3.3004588262119636,2.89680043,2.68107762,-0.6955969751590318,-0.44375244098966515
1f9f6x51,Heracles,Hard,Standard,-1.8867343075282808,4.90748083,4.88035438,-0.8770958026844351,-0.7222837277555332
1f9f6x71,Heracles,Expert,Standard,-0.4819016571109382,5.71913605,6.63816137,-0.10796827327492181,-0.676915661769085
1f9f6x91,Heracles,ExpertPlus,Standard,0.17966707439683613,5.76039471,6.99932376,0.5216559333715219,-0.2877212315201615
1fa2111,Chakra,Easy,Standard,-3.9128504964943205,1.56832778,1.38736371,-0.4053241875944469,-0.32284329924364563
1fa2131,Chakra,Normal,Standard,-2.8313530876854776,2.80988674,2.72263367,-0.1597147190558892,-0.004345542394122326
1fa2151,Chakra,Hard,Standard,-2.4136947420244983,4.76581288,3.97206146,-1.2918493622742622,-0.5356701531920605
1fa2171,Chakra,Expert,Standard,-1.2276007849854358,5.31760898,5.4397785,-0.5408361878302224,-0.5008676108914167
1fa2191,Chakra,ExpertPlus,Standard,1.1323149742374912,7.06283669,7.6760009,0.4868653219598009,0.16209047936495757
1fb19xxxxx51,Blows Up Everything,Hard,Standard,-3.1383541831363826,3.05867098,2.69946809,-0.6590873754900994,-0.29476655871494284
1fb19xxxxx71,Blows Up Everything,Expert,Standard,-1.9531928022615779,4.60535548,4.2277213,-0.7039033502137488,-0.2756991731509957
1fb19xxxxx91,Blows Up Everything,ExpertPlus,Standard,0.14827289530080212,6.18209766,6.4812231,0.16602406365768663,0.07245065290154051
1fb3a31,Ether Strike,Normal,Standard,-2.8753025660768485,2.05923179,2.07481326,0.3399469429877575,0.3847726711464756
1fb3a51,Ether Strike,Hard,Standard,-1.441631124417079,4.73849285,5.00707845,-0.2981119740509959,-0.3766127263084469
1fb3a71,Ether Strike,Expert,Standard,1.6688713753784643,8.96804044,8.45414042,-0.3447432845155356,0.13281332428994053
1fb3a91,Ether Strike,ExpertPlus,Standard,2.311049349295973,9.31072292,8.58517752,0.06076596043975302,0.6810190418774948
1fb9471,Xeroa,Expert,Standard,2.274629532784661,10.2920922,10.1504459,-0.6383646184776643,-0.4491220741232822
1fb9491,Xeroa,ExpertPlus,Standard,3.231945623082184,10.9197032,11.657449,-0.09362498710531852,-0.4966888131260445
1fb9c11,DANGEROOOOUS JUNGLE,Easy,Standard,-3.942049518163024,2.61872692,2.18769761,-1.1255860306178769,-0.7517652187225248
1fb9c31,DANGEROOOOUS JUNGLE,Normal,Standard,-2.289219483327047,4.31091006,3.87815466,-0.8052813513583543,-0.3377589184973451
1fb9c51,DANGEROOOOUS JUNGLE,Hard,Standard,-1.474159718524291,5.011367,4.93065452,-0.5465952155973675,-0.3491915873093969
1fb9c71,DANGEROOOOUS JUNGLE,Expert,Standard,0.5876653350170338,10.1182858,7.76837951,-2.209548187960693,-0.45043131489705934
1fb9c91,DANGEROOOOUS JUNGLE,ExpertPlus,Standard,3.024799548392875,10.9194572,9.37503089,-0.300611006989175,0.8362842125986529
1fc8551,CRUISE BEAST,Hard,Standard,-2.915693086108688,3.23686592,3.35667284,-0.576149214332847,-0.5605396350892637
1fc8571,CRUISE BEAST,Expert,Standard,-0.46219433960422834,7.55030783,7.78831912,-1.466336679577075,-1.5149163491361624
1fc8591,CRUISE BEAST,ExpertPlus,Standard,1.5130481551873913,8.35338174,9.71759868,-0.06899433038036351,-0.9134979275772444
1fc8c11,"BANGER A.F., BROOOO!!!",Easy,Standard,-2.7899448231007278,2.60183889,2.2657002,0.039156486210779384,0.3504349829368558
1fc8c31,"BANGER A.F., BROOOO!!!",Normal,Standard,-2.6953363112665616,3.76085308,3.56662298,-0.771901878789107,-0.5016556939002306
1fc8c51,"BANGER A.F., BROOOO!!!",Hard,Standard,0.770124559954941,8.10771408,6.91018324,-0.6368394623567749,0.36970920238998095
1fc8c71,"BANGER A.F., BROOOO!!!",Expert,Standard,1.5042332547161086,8.65472436,8.10747273,-0.29053816755128703,0.2186096566371314
1fc8c91,"BANGER A.F., BROOOO!!!",ExpertPlus,Standard,2.9015552325716634,8.82204858,9.97845029,0.9896177702043878,0.2954296971659125
1fccd11,Escaping the Ruins,Easy,Standard,-4.235417712010636,0.298281622,0.307566366,-1.0274944378000592,-1.1204309180306584
1fccd51,Escaping the Ruins,Hard,Standard,-4.252816721002357,1.24947346,1.22464313,-0.6120164495084914,-0.6227107486975103
1fccd71,Escaping the Ruins,Expert,Standard,-4.001950296329122,2.05663074,1.97786819,-0.7849715671883084,-0.6845433937612739
1fd0791,THE WORLD REVOLVING,ExpertPlus,Standard,0.9723933309022196,7.5408357,8.37504875,-0.02483634953012237,-0.5067618090708198
1fd41x11,Zombified,Easy,Standard,-3.145250437949265,1.33241601,1.08378234,0.46703709266986326,0.5005799784265368
1fd41x31,Zombified,Normal,Standard,-3.392481030962956,2.29052759,2.11780244,-0.3363301256538991,-0.15862267199726787
1fd41x51,Zombified,Hard,Standard,-2.225462826692463,3.27291489,2.62665454,0.08566645031467779,0.6698299831889982
1fd41x71,Zombified,Expert,Standard,-0.7977634787009282,5.18636343,4.80175984,-0.008018440537795213,0.42841361075793905
1fd41x91,Zombified,ExpertPlus,Standard,-0.96622676106174,6.01917579,5.87462742,-0.8237055872492872,-0.576879947604107
1fdfaxx51,Electromagnetic Stealth Girl Born In Philadelphia,Hard,Standard,2.898401426147201,9.80589799,8.71079916,0.3109864621073899,1.1786367856461397
1fdfaxx71,Electromagnetic Stealth Girl Born In Philadelphia,Expert,Standard,3.995753093691386,8.83496548,10.6935597,2.074798901702621,0.9045879047385843
1fdfaxx91,Electromagnetic Stealth Girl Born In Philadelphia,ExpertPlus,Standard,3.860063663341242,9.41516291,10.6570718,1.538200713585562,0.7933933042371484
1feabxxx71,Turn It Up,Expert,Standard,-0.6831654139521531,6.37720879,6.53684193,-0.8139917049913542,-0.8012858494592655
1feabxxx91,Turn It Up,ExpertPlus,Standard,2.5568159215602253,6.22381252,8.7780472,2.542723313576194,0.7891567380114797
1fec51,The Merchant Guild - 100k Contest,Hard,Standard,-3.481053471141468,2.1421577,1.86462439,-0.3216831385131069,-0.10019717785975946
1ff051,I can't stop,Hard,Standard,-4.945324821427532,1.88489655,1.74738123,-1.6177624975391711,-1.503419873198594
1ff071,I can't stop,Expert,Standard,-4.183845533605682,2.13422287,2.18956778,-1.0190678680031402,-0.9947424756034575
1ff88xx91,ANOMALY,ExpertPlus,Standard,3.9988703095166076,11.3111093,11.939726,0.42025103625664695,0.08697270995195971
1ff94xxxxx11,DANGEROOOOUS JUNGLE,Easy,Standard,-2.5497050941325976,4.22915657,3.81896169,-1.0004848071514174,-0.5520389851663772
1ff94xxxxx31,DANGEROOOOUS JUNGLE,Normal,Standard,-1.9015249303656458,4.82922908,4.92644311,-0.8299465480304067,-0.7732518350151938
1ff94xxxxx51,DANGEROOOOUS JUNGLE,Hard,Standard,-0.37266660368880866,7.99709798,6.57044207,-1.7003097073954374,-0.5163099288527337
1ff94xxxxx71,DANGEROOOOUS JUNGLE,Expert,Standard,2.1767094564685894,9.46308278,9.47975304,-0.17791085923133387,-0.08483758326354174
1ff94xxxxx91,DANGEROOOOUS JUNGLE,ExpertPlus,Standard,2.5128006489961225,11.2949555,11.0843071,-1.0554381947893834,-0.8389988284391823
1ffad11,A Drowning Cry,Easy,Standard,-2.754800287576156,1.29349152,1.08935311,0.8714941228675253,0.8908019514047067
1ffad31,A Drowning Cry,Normal,Standard,-3.437325733823077,1.42850706,1.27919194,0.13610233044439246,0.18168289419380867
1ffad51,A Drowning Cry,Hard,Standard,-2.890453603737735,2.21514097,2.24067118,0.2186242552361466,0.26607819967313295
1ffad71,A Drowning Cry,Expert,Standard,-1.2519382918258435,2.5555229,2.63339655,1.6116747252070618,1.6385940737876306
1ffad91,A Drowning Cry,ExpertPlus,Standard,-1.6921090792111368,3.939517,4.02330056,0.08859281884782222,0.1457870289167451
1ffb611,2 Phut Hon,Easy,Standard,-2.3037165996718683,1.22238084,1.13884847,1.3452613749816527,1.338365146037277
1ffb631,2 Phut Hon,Normal,Standard,-3.317431319830589,1.59941951,1.45039935,0.1741386257048987,0.25187101758956176
1ffb651,2 Phut Hon,Hard,Standard,-3.2551608302657042,1.81883872,1.82677446,0.1128167431965692,0.14595645868589058
1ffb671,2 Phut Hon,Expert,Standard,-2.4031915538716353,2.64752093,2.67878764,0.3916609979933363,0.45514562065508324
1ffb691,2 Phut Hon,ExpertPlus,Standard,-0.8305160006103242,4.44832662,4.96871955,0.543805214981742,0.2645864440240592
200dcxx71,Mayonaka DanceHall!!!,Expert,Standard,1.5509427057259342,10.2546804,8.24721889,-1.3371863358742306,0.16404692245576769
200dcxx91,Mayonaka DanceHall!!!,ExpertPlus,Standard,3.557050361857236,11.7890787,11.6276037,-0.32629775243570824,-0.152118561699909
201e411,Speedcore Horse,Easy,Standard,-3.5021681960821938,1.73675573,1.60701431,-0.08589293962723632,0.005438366289608698
201e431,Speedcore Horse,Normal,Standard,-3.907550471663799,2.13260991,1.94767964,-0.7416751356995128,-0.5728368954752137
201e451,Speedcore Horse,Hard,Standard,-0.6175611963779414,5.59476818,5.70640887,-0.14710514867118285,-0.09805108372704485
201e471,Speedcore Horse,Expert,Standard,1.0808656610186003,9.72222085,7.84844554,-1.4499761285727486,-0.01590507062484403
201e491,Speedcore Horse,ExpertPlus,Standard,3.6272748303367526,12.5103896,12.5678339,-0.7073420050196169,-0.687046095718292
202d9xxx11,Gypsy Tronic,Easy,Standard,-2.6591926490780033,2.78947393,2.6971624,0.028052129858196384,0.18604187184220589
202d9xxx31,Gypsy Tronic,Normal,Standard,-2.0452158914149945,4.61198617,3.64674869,-0.8011996843900486,0.08641724296358877
202d9xxx51,Gypsy Tronic,Hard,Standard,-1.6011206042444612,5.13110484,4.50368329,-0.7679175851118913,-0.14059232695774138
202d9xxx71,Gypsy Tronic,Expert,Standard,1.109727796651655,7.13883615,8.21907827,0.4079609804482349,-0.2568094999307753
202d9xxx91,Gypsy Tronic,ExpertPlus,Standard,0.9639115590377313,7.25507393,8.83825895,0.1762923983462127,-0.8465468639151984
2035931,The 90's Decision,Normal,Standard,-2.807629659135057,1.69795371,1.71337465,0.6306621115712598,0.6509850375250799
2035951,The 90's Decision,Hard,Standard,-3.3418204245677203,2.78243622,2.46992445,-0.6492022289871184,-0.33758315814405604
2035971,The 90's Decision,Expert,Standard,-2.863701347416737,3.7575959,3.78970488,-0.9376666694308111,-0.8432248016247499
2035991,The 90's Decision,ExpertPlus,Standard,0.8789492983685503,6.59731461,7.17493579,0.5816349031926138,0.2801142042526408
20402x51,Orbit,Hard,Standard,-3.1683371493194894,2.07839131,2.14695561,0.034129423351846544,0.04748483789816138
20402x71,Orbit,Expert,Standard,-1.9579727970779761,2.90457019,3.11352319,0.640895168975619,0.5815446609414845
20402x91,Orbit,ExpertPlus,Standard,-1.0011874061805686,4.76041601,5.01993044,0.12493860199177265,0.053754337039756184
204c71,Indoor Kei Nara Trackmaker,Expert,Standard,-0.9352860172661559,4.55641487,4.16675177,0.3529415273853045,0.7900907557995347
205d2x91,Multigenre Smackdown,ExpertPlus,Standard,2.884482138366665,12.9732549,11.8078287,-1.7344666680417005,-0.9419724008856476
206b211,AK-40000000,Easy,Standard,-2.9382440522582463,1.27524151,1.12723049,0.694242090147438,0.7048991742045039
206b231,AK-40000000,Normal,Standard,-3.55579321663065,2.33253366,2.15430639,-0.529527008435978,-0.3445506836283321
206b251,AK-40000000,Hard,Standard,-2.889309066822037,3.01753207,3.04771656,-0.3779875764678904,-0.3005174277394498
206b271,AK-40000000,Expert,Standard,-0.3828921938853948,6.85918188,6.66658333,-0.8767110305361103,-0.5994388111210984
206b291,AK-40000000,ExpertPlus,Standard,1.0282712430998444,7.86567938,8.17006304,-0.204737116263201,-0.30276399726318415
20ad7x91,MORE,ExpertPlus,Standard,3.3706455130576765,11.1293459,10.9431419,-0.09086030084109087,0.11265258938368294
20d0bx11,Iro o Ushinatta Machi,Easy,Standard,-2.552288131656115,4.14381037,3.39416797,-0.9348786730388574,-0.2258381869747459
20d0bx31,Iro o Ushinatta Machi,Normal,Standard,0.1536878716218026,7.14848587,6.22076952,-0.5552191483138162,0.2767499942978755
20d0bx51,Iro o Ushinatta Machi,Hard,Standard,1.8825273975600325,9.11202868,9.49596764,-0.2308697810227449,-0.3903064447342124
20d0bx71,Iro o Ushinatta Machi,Expert,Standard,2.674829210962458,8.99896104,9.75086996,0.6397451880726659,0.22529802185699355
20d0bx91,Iro o Ushinatta Machi,ExpertPlus,Standard,3.413564278463995,10.1196129,11.3624108,0.6154641630813313,-0.12188636848377632
20d7611,BATTLE NO.1,Easy,Standard,-3.3508515618320653,1.8690428,1.74738123,-0.01347202323214347,0.09105338639687233
20d7631,BATTLE NO.1,Normal,Standard,-3.2618342319337503,2.465252,2.2045868,-0.33162955440905995,-0.08224542993326311
20d7651,BATTLE NO.1,Hard,Standard,-1.5650525355239155,4.83350724,4.38220411,-0.4968630287853566,-0.00898582231138878
20d7671,BATTLE NO.1,Expert,Standard,0.689835742697645,8.1476506,6.23673678,-0.7456913176009184,0.8006675060599456
20d7691,BATTLE NO.1,ExpertPlus,Standard,2.357408559148593,8.96544917,8.09362901,0.34559415555748885,1.0818407785998332
20db5xxxx11,Speedcore Sonata in the Moonlight,Easy,Standard,-3.222106218863697,2.55075488,2.32453174,-0.35495310743146424,-0.12017940044797548
20db5xxxx31,Speedcore Sonata in the Moonlight,Normal,Standard,-0.8365408897261369,5.28913524,5.08468693,-0.12746365328538978,0.16765158277271797
20db5xxxx51,Speedcore Sonata in the Moonlight,Hard,Standard,0.6516141264784467,6.63029798,6.51453735,0.3294546932445388,0.5504489239371635
20db5xxxx71,Speedcore Sonata in the Moonlight,Expert,Standard,3.71712885498873,12.218475,11.4697143,-0.43608026501274955,0.11122331577280153
20db5xxxx91,Speedcore Sonata in the Moonlight,ExpertPlus,Standard,4.535328595008188,13.0805857,14.3476616,-0.14898333350400605,-0.8811953631680627
20ec9xxxxx91,Mysta Megamix,ExpertPlus,Standard,0.9701267875309472,6.95565428,8.33222015,0.40434929134699704,-0.478157563330881
20f6391,SUPER EMULATOR,ExpertPlus,Standard,3.991824335351072,14.0967597,12.9162271,-1.3010905373917834,-0.5425961016709011
20fdbxxxxxxx11,200cc,Easy,Standard,-1.8462049760988184,1.43543515,1.25751649,1.7242040054629149,1.7775166168059657
20fdbxxxxxxx31,200cc,Normal,Standard,-3.8107500131947147,2.19740497,1.78206276,-0.6893607656514815,-0.3863662689442102
20fdbxxxxxxx51,200cc,Hard,Standard,-3.3346547879708597,2.55453766,2.47838102,-0.4703100640709459,-0.33620577901036297
20fdbxxxxxxx71,200cc,Expert,Standard,-0.730955696238447,6.11991696,5.71128703,-0.6656598542607436,-0.2152267095416759
20fdbxxxxxxx91,200cc,ExpertPlus,Standard,0.3844354561784757,6.41227606,6.68369488,0.22700409921183068,0.15493301199332205
2110791,Live A Little,ExpertPlus,Standard,-2.3051582258361876,4.76126365,5.35217485,-1.1797045675667834,-1.5101180497434736
212091,OKAY,ExpertPlus,Standard,-0.06065152090787122,4.16230094,4.91803109,1.5419819060255395,1.07422343560931
214b791,GHOST VS. GHOUL MASHUP,ExpertPlus,Standard,1.6187980026013788,8.2553537,9.01367822,0.10643761510178495,-0.3158992181072773
21705xxxxx71,Another Xronixle,Expert,Standard,-0.16881174219018408,5.37849416,6.06851144,0.4702970874094163,0.07111420690240794
21705xxxxx91,Another Xronixle,ExpertPlus,Standard,4.104846218104652,10.7656642,11.5780312,0.8797499998722214,0.4280470325707202
2171ex91,AIAIAI,ExpertPlus,Standard,-0.6304427614088366,5.20195051,4.87202105,0.14705438826583106,0.5405507238134588
2185bxxxx11,Distorted Heavens,Easy,Standard,-3.2993567984905083,1.39267627,1.47413928,0.28923459077628877,0.26149239024318494
2185bxxxx31,Distorted Heavens,Normal,Standard,-3.4008037537166356,2.40800667,2.15246634,-0.42887628868780325,-0.18841371020131126
2185bxxxx51,Distorted Heavens,Hard,Standard,-4.202789483537095,2.97653255,2.69946809,-1.6596094480776822,-1.3592018591156552
2185bxxxx71,Distorted Heavens,Expert,Standard,-1.7974111722159571,5.7163176,4.78128827,-1.4212941991097152,-0.5551499947526162
2185bxxxx91,Distorted Heavens,ExpertPlus,Standard,0.5261966241699114,6.88409388,7.06542347,0.013773513382836278,0.0092550347291942
2193cxx71,Oha-Yo-del!!,Expert,Standard,-0.297693715377058,4.95716299,5.65302326,0.6726710698637735,0.2632209634270557
2193cxx91,Oha-Yo-del!!,ExpertPlus,Standard,0.8259924874366806,5.19160849,7.36124133,1.6116155832111403,0.08843043133824002
21bb71,THE BLUE,Expert,Standard,-1.5037008858136867,5.22756033,5.39810472,-0.7463170076413439,-0.7444863238000261
21c09x51,Raging Stream,Hard,Standard,-3.2991861241728535,2.96077202,2.69946809,-0.7437839694415875,-0.45559849975141375
21c09x71,Raging Stream,Expert,Standard,-1.478504990066865,5.48539667,4.69625643,-0.9228844702797376,-0.169413537049524
21c09x91,Raging Stream,ExpertPlus,Standard,2.5601782273423948,10.7273924,8.41809749,-0.639875939930791,1.0500343586277276
21d1191,I Like To Move It (Radio Mix),ExpertPlus,Standard,-2.377713711344757,3.72882283,3.98566107,-0.4287132394914881,-0.5103360885364143
21f471,Brain Power (SDVX Mix),Expert,Standard,1.3108626751252346,7.21300212,8.05223955,0.5542780135319374,0.06538463900915659
21f691,quaver,ExpertPlus,Standard,1.604710280999589,7.04381714,10.4229166,0.9733773222656195,-1.3041233825861938
220091,"Daisuki, Evolution",ExpertPlus,Standard,2.8770302212770353,8.43190305,9.53662559,1.2393424433649156,0.575919572636471
220f2xxx91,Atomic,ExpertPlus,Standard,0.442601019958912,4.82310335,5.1811772,1.5190322963351814,1.3712527150926568
221caxxxx51,Light of Nibel,Hard,Standard,-3.9016695186831556,1.25550099,1.32933754,-0.2627681136026623,-0.2950129288193688
221e651,Killing Rhythm,Hard,Standard,-2.200565941856201,4.61189876,4.12777024,-0.9564802231296619,-0.44459126643272096
221e671,Killing Rhythm,Expert,Standard,-1.836276641670019,5.59512803,4.80586466,-1.3661003698093348,-0.6133243391626195
221e691,Killing Rhythm,ExpertPlus,Standard,2.516551940252586,9.01799895,10.1504459,0.4682605194244349,-0.20719966665535683
222cfx91,abcdefu,ExpertPlus,Standard,-1.7873605938901571,2.82951845,3.08439501,0.869239974200263,0.7740041860283551
224f3xx51,KNOCK KNOCK,Hard,Standard,-2.98598739997593,2.80363432,2.60430561,-0.3095655448479606,-0.07495547485509935
224f3xx71,KNOCK KNOCK,Expert,Standard,-3.2757487378218175,3.03051268,3.06076566,-0.7745322869034728,-0.696703838036433
224f3xx91,KNOCK KNOCK,ExpertPlus,Standard,-1.618285742546959,3.91672498,4.24945229,0.18063245842939213,0.042134574705462224
22584x51,Hytale Announcement Trailer,Hard,Standard,-3.2451907629655055,2.35998922,2.22350554,-0.2385992726209074,-0.07765615405864645
226e7xx51,Who's Not In Paris,Hard,Standard,-3.4034087718724746,2.43372375,1.8408773,-0.4501734477443491,-0.009781775793227254
226e7xx71,Who's Not In Paris,Expert,Standard,-1.802658066918614,5.14224564,4.80586466,-0.9782213482450304,-0.5797057644112147
226e7xx91,Who's Not In Paris,ExpertPlus,Standard,2.2917070167094837,10.5486164,9.23983012,-0.7909521043441874,0.19782759449006893
22717x51,Waifu,Hard,Standard,-3.744585761195751,1.835071,1.55168869,-0.38641778006830707,-0.21364892098191612
22717x71,Waifu,Expert,Standard,-1.2603709217880135,4.72893275,3.46745523,-0.10926491493271806,1.0097989326152264
22717x91,Waifu,ExpertPlus,Standard,-1.6341768100103153,5.42137169,5.23457782,-1.0285830780938325,-0.7472879572396032
22845xxxxxxxxxxxxx71,Rude Buster,Expert,Standard,3.2253921663016576,9.59979143,9.44740685,0.7776127857969515,0.9863777744147271
22845xxxxxxxxxxxxx91,Rude Buster,ExpertPlus,Standard,2.783510625179421,9.45704906,9.99551788,0.4330119348209043,0.16568508512452818
2289d71,"Dear Maria, Count Me In",Expert,Standard,-2.454104332381119,4.16166411,3.34807911,-0.8509620278949068,-0.09238130661431221
2289d91,"Dear Maria, Count Me In",ExpertPlus,Standard,-0.9855845597636068,5.72158457,5.52409373,-0.6135480172108241,-0.3244944004667101
22971x71,FLYING OUT TO THE SKY,Expert,Standard,1.07045845339156,7.73132478,7.53304895,-0.06535395345033534,0.2056322161689519
22971x91,FLYING OUT TO THE SKY,ExpertPlus,Standard,2.958646523757368,8.4968823,10.5393439,1.2750246489838513,-0.028807033878342825
22a1691,Strawberry's Wake,ExpertPlus,Standard,-2.872251694211996,3.39530165,3.56662298,-0.6578900762656854,-0.6785710768456652
22d891,Spectrum,ExpertPlus,Standard,-1.2767586134719071,5.61865519,4.87618593,-0.8248680417943524,-0.10903523977129259
2326b11,Kingslayer,Easy,Standard,-3.3965747609288703,1.12925244,0.948528267,0.27570068102644285,0.24311563037363326
2326b31,Kingslayer,Normal,Standard,-3.073027198513047,2.09118724,2.16353027,0.12085836267109284,0.13245125741064445
2326b51,Kingslayer,Hard,Standard,-2.056059797784824,4.25079342,4.38595027,-0.5241210692166631,-0.5029388792805944
2326b71,Kingslayer,Expert,Standard,-0.2395784447562792,6.11587562,6.64383605,-0.17118929284724516,-0.4388929313221981
2326b91,Kingslayer,ExpertPlus,Standard,0.7713222243371133,8.81304251,9.23193813,-1.1343261115007213,-1.3170208939009882
233d291,Be Better,ExpertPlus,Standard,-1.421779472109318,3.5202585,3.83859161,0.6933906676639243,0.5605715739808201
2351cxx71,Lancer,Expert,Standard,-3.714566184359602,1.91606578,2.42599858,-0.406511335183815,-0.6804428091498602
23596xxx11,Novablast,Easy,Standard,-2.998631489563085,2.53489356,2.38489091,-0.11971955122688316,0.06317623035909703
23596xxx31,Novablast,Normal,Standard,-0.2132334807618027,5.26992067,5.03711777,0.5109098814804879,0.8282348070907032
23596xxx51,Novablast,Hard,Standard,1.6363663788631762,8.10053524,7.74187276,0.23454094239954282,0.6177255098423546
23596xxx71,Novablast,Expert,Standard,1.2109650656059445,8.36944991,8.8231674,-0.38247670260414646,-0.5887735484009107
23596xxx91,Novablast,ExpertPlus,Standard,4.0018448638597945,8.66922855,10.8778815,2.1968902785560824,0.7873529498224134
236f791,I Hope You're Happy,ExpertPlus,Standard,-1.7396537615678016,4.74067003,4.95176561,-0.5978622288302102,-0.6312507593537597
23893x91,Play With Fire,ExpertPlus,Standard,0.19268335564915562,5.80121777,5.77015131,0.5031030282108264,0.6628161601415195
23a2c31,Dreaded Note,Normal,Standard,-2.2954467070834874,3.06257045,2.63564773,0.18077735793095284,0.5934948652258938
23a2c51,Dreaded Note,Hard,Standard,-2.549285736419324,5.00407604,3.89143275,-1.6159671553104151,-0.6081993655345814
23a2c71,Dreaded Note,Expert,Standard,0.27076646540054544,7.82974117,7.34239513,-0.9362875088126061,-0.4527964440408006
23a2c91,Dreaded Note,ExpertPlus,Standard,0.5275526306249804,8.48220395,7.14434655,-1.1457021013961715,-0.04843361666467405
23b63xxxxxxx71,Lowermost revolt,Expert,Standard,-0.4437237358190428,6.76326892,6.56483008,-0.8657691670910647,-0.5831057379446868
23b63xxxxxxx91,Lowermost revolt,ExpertPlus,Standard,1.6094788445327592,8.46873842,8.62193582,-0.05426070600438915,-0.046844591151357085
23bb791,NEKOMIMI☆MINAGOROSHI,ExpertPlus,Standard,1.7705940116631294,9.8796573,10.9244562,-0.8665564340861034,-1.4749521836714765
23c7bxxx91,Einherjar Joker,ExpertPlus,Standard,1.943161909971534,8.43468197,10.4229166,0.3035075837453576,-0.9656717536142487
23ca2xx91,Only Be Me,ExpertPlus,Standard,-1.323492018922648,3.56259355,3.98906824,0.7580009157807865,0.5412177394179556
23f2e11,Cut The Line,Easy,Standard,-2.991590303881937,0.56838568,0.548497158,0.5658929804243438,0.44377224324506725
23f2e31,Cut The Line,Normal,Standard,-3.3852230113436983,1.89653671,1.85033962,-0.064914190315156,0.0033388678442074493
23f2e51,Cut The Line,Hard,Standard,-3.567205010376,2.0632808,2.37269498,-0.35465030079378845,-0.4972389532236252
23f2e71,Cut The Line,Expert,Standard,-2.3302112630464067,4.34280771,3.53929931,-0.8717318189558796,-0.11542004190419686
23f2e91,Cut The Line,ExpertPlus,Standard,-1.8057927219577552,5.00981697,5.02851676,-0.8770050022735374,-0.7575822869163176
23f6fxxxxx91,Ice Path,ExpertPlus,Standard,3.8285108633350133,11.2163742,8.62193582,0.31084544020114624,2.172187427650897
23f7bxx11,Dimension Hacker,Easy,Standard,-3.373998484840571,1.90759296,1.66289104,-0.06061430242374666,0.10851316791335908
23f7bxx31,Dimension Hacker,Normal,Standard,-2.4908481404782346,3.75352749,3.57883444,-0.5615657300357715,-0.3066104740438398
23f7bxx51,Dimension Hacker,Hard,Standard,-1.6365693684548568,5.43955714,4.79765853,-1.045178657707485,-0.4071701529115812
23f7bxx71,Dimension Hacker,Expert,Standard,1.2745763790965376,9.53518327,7.80164061,-1.1292302299605523,0.21208816062176017
23f7bxx91,Dimension Hacker,ExpertPlus,Standard,2.534670832044337,10.8519904,9.55293746,-0.7467953246038928,0.22222553114625043
242dc11,Antithesis,Easy,Standard,-3.264864119267526,0.415567215,0.601010715,0.12848904520339355,0.2183950185882626
242dc31,Antithesis,Normal,Standard,-3.402710520149517,0.659320749,0.749889783,0.21647963373278012,0.17773641109019556
242dc51,Antithesis,Hard,Standard,-3.5644961619555,1.35928269,1.67286734,0.03751734112069016,-0.08661767065180559
242dc71,Antithesis,Expert,Standard,-2.2915609769234533,2.60458394,2.93525691,0.5354880434571854,0.38069506766196337
242dc91,Antithesis,ExpertPlus,Standard,-1.750851058446036,3.1376961,3.83859161,0.6666155534911695,0.23149998764410218
2433e51,ARIGA THESIS,Hard,Standard,-2.8108503974067696,3.38770555,2.80289386,-0.5904706258728294,-0.04173697280315691
2433e71,ARIGA THESIS,Expert,Standard,-2.625362778431428,4.4626442,4.08217106,-1.262452798471935,-0.833615220673404
2433e91,ARIGA THESIS,ExpertPlus,Standard,-0.25151037768654044,5.89427043,5.82464305,-0.012906883350375653,0.17646391998864436
243b71,Lifelight,Expert,Standard,-2.047403552882951,3.46951108,3.64986614,0.10809111488090295,0.08181149649730735
243c51,Ocarina of Time Medley,Hard,Standard,-4.616076479984002,2.06724794,1.7002486,-1.4061655504299235,-1.1511415668793519
243c71,Ocarina of Time Medley,Expert,Standard,-3.0828263880274935,3.58548844,3.47635537,-1.0195588892376684,-0.8195062735137864
243d71,Flat Zone 2,Expert,Standard,-4.128832616700695,2.04841312,1.77750033,-0.9064004992496173,-0.7021170690065368
243d91,Flat Zone 2,ExpertPlus,Standard,-2.1265401045500787,3.32054612,3.60954633,0.1469804840251432,0.033926877106291276
243e5xx11,Ajuga,Easy,Standard,-3.4488033841749135,1.36377631,1.2069821,0.15144530839721204,0.18433727693946755
243e5xx31,Ajuga,Normal,Standard,-3.2852592061282775,3.59768534,3.07124516,-1.2317044188577566,-0.7140505234987695
243e5xx51,Ajuga,Hard,Standard,-2.364295511607436,3.68053652,3.68118759,-0.37677280975131877,-0.25939087367779035
243e5xx71,Ajuga,Expert,Standard,0.3888472844035182,8.71953154,8.48308585,-1.4513846933777126,-1.168001270731156
243e5xx91,Ajuga,ExpertPlus,Standard,1.1814719752011034,8.89841022,8.83070995,-0.7837119729973738,-0.6236248749591058
243e71,Snakey Chantey,Expert,Standard,-2.513083352493163,3.78666756,4.09964928,-0.6102599844371317,-0.7350449308658571
243e91,Snakey Chantey,ExpertPlus,Standard,-0.15910697681076233,4.6200048,5.10645753,1.0785329260898016,0.8280331610075834
243f51,Bomb Rush Blush (Smash Ultimate Mix),Hard,Standard,-4.669674121540017,1.09310539,1.05454916,-0.990564931526912,-1.0232315253875628
243f71,Bomb Rush Blush (Smash Ultimate Mix),Expert,Standard,-2.532796529945367,3.54811011,4.22050236,-0.4397785744619851,-0.8496319366583716
243f91,Bomb Rush Blush (Smash Ultimate Mix),ExpertPlus,Standard,-0.636317336941788,6.49900136,6.56483008,-0.8594157788365264,-0.775699339067432
244051,Staff Credits - Kirby's Dream Land,Hard,Standard,-3.912883249561044,2.05048061,1.94601607,-0.6918217524363475,-0.5772239589447765
244171,Crocodile Cacophony,Expert,Standard,-1.4087389668743209,3.84924881,4.35979425,0.44409816642870825,0.16494886803843323
244991,Solace of Oblivion,ExpertPlus,Standard,1.0624680608851371,7.85318638,7.86859066,-0.1615215881749068,-0.04904321942501988
244ebxxxxx91,The Magician,ExpertPlus,Standard,1.0744109547545562,6.9784343,7.6760009,0.49167608418782915,0.10418645988202258
2450491,The Girl,ExpertPlus,Standard,-0.9282020399481332,5.36960538,5.77015131,-0.28214055662176096,-0.4580692354557694
246c9xxxx51,Cheatcode,Hard,Standard,-2.7962571542186696,3.1878116,2.13232921,-0.4181214571815932,0.4286391836715513
246c9xxxx71,Cheatcode,Expert,Standard,-0.1362248333600251,3.94276116,4.70428912,1.6418840939408128,1.1665519984527413
246c9xxxx91,Cheatcode,ExpertPlus,Standard,-1.4634343905667648,4.81069995,6.3986809,-0.37717518049060383,-1.4763698883128658
246d951,Nutella,Hard,Standard,-3.3576805083005548,2.87475831,2.81970946,-0.7358355107096548,-0.6007807438717245
246d971,Nutella,Expert,Standard,-2.728516585872605,3.73084166,3.67176303,-0.7811272330253225,-0.6162940580675054
246d991,Nutella,ExpertPlus,Standard,-0.7640457044281008,7.24235289,5.94532699,-1.5422858383062945,-0.42926175251780463
24ae3x91,Weeaboo Spookfest II,ExpertPlus,Standard,3.533199266531671,10.1263614,11.1889843,0.7305913064277569,0.11209543324331106
24c2291,The Daybreak Will Never Come Again.,ExpertPlus,Standard,3.906065524604569,12.5290431,11.5089845,-0.44008789010757754,0.2744313151931177
24d0f71,paradox,Expert,Standard,-2.7264153433743363,4.4938228,4.01643068,-1.3883477334218073,-0.8831368506082669
24d0f91,paradox,ExpertPlus,Standard,0.3730357502001697,7.11448835,7.13824437,-0.3107047254718181,-0.19839003048962317
24d40x11,The Grey,Easy,Standard,-3.20183416604903,0.783065628,0.736553522,0.4680008920757812,0.3719942082911367
24d40x31,The Grey,Normal,Standard,-3.5617699427522744,1.79277108,1.76992223,-0.17821257281174097,-0.1311991061346376
24d40x51,The Grey,Hard,Standard,-3.321402760832791,2.58851542,2.49964933,-0.4823511082694507,-0.33755909908409976
24d40x71,The Grey,Expert,Standard,-2.539420114854376,4.5466385,3.64986614,-1.2434108802749133,-0.4102050654741176
24d40x91,The Grey,ExpertPlus,Standard,-1.9905627575065221,5.3721723,5.17675181,-1.3465092428255505,-1.0584486687703545
24d9bx91,Yggdrasil,ExpertPlus,Standard,3.9548103224824414,12.8245378,12.8172768,-0.5732202813964888,-0.5173195786929319
24e64x91,M1LLI0N PP,ExpertPlus,Standard,1.672542356331473,9.05856075,8.37504875,-0.40385967135885914,0.1933872163584336
24ec91,Phantasia,ExpertPlus,Standard,0.13890066372316273,6.65281386,6.63249154,-0.2002034874616338,-0.051815879169166246
24edc91,ENVY BABY,ExpertPlus,Standard,-1.6245848258336202,4.20265478,4.31900673,-0.054193891749849676,-0.018829919325594524
24eff91,Earth,ExpertPlus,Standard,-3.0076928711632793,2.96872081,2.67649962,-0.4584531661973821,-0.14772691915234715
24f9dxxxx71,Deathstalker,Expert,Standard,-0.8842793832700433,4.62240276,4.58914806,0.35145385324339196,0.5090317187546847
24f9dxxxx91,Deathstalker,ExpertPlus,Standard,0.5734087560602382,7.68611623,8.24721889,-0.5295966050655169,-0.8134870272099283
2522f51,Cybernecia Catharsis,Hard,Standard,-2.3776133046681003,2.59655107,2.64919527,0.4554392334051829,0.5017416737455291
2522f71,Cybernecia Catharsis,Expert,Standard,-1.5675975197553524,4.288926,4.20610144,-0.06610880929837415,0.12687883659523091
2522f91,Cybernecia Catharsis,ExpertPlus,Standard,-0.14296420324650833,5.91157893,6.87484572,0.08230306509960467,-0.5167834963902387
25368x71,Drain of Incarnation,Expert,Standard,-1.7456343234809826,5.21817914,5.27949853,-0.9808841871808658,-0.8938506789300866
25368x91,Drain of Incarnation,ExpertPlus,Standard,3.28273874420539,10.4917958,10.1591231,0.23753655526113926,0.5530692397518595
2538591,TremENDouS,ExpertPlus,Standard,2.2212448800783005,10.5999229,10.0040626,-0.895175895037577,-0.40243585782252245
253a151,I Knew You Were Trouble,Hard,Standard,-2.5630676788103712,1.20725613,1.23093794,1.090213904896173,1.0658888929363917
253a171,I Knew You Were Trouble,Expert,Standard,-2.813032456609006,1.68724972,1.86303176,0.6312344630879734,0.5686864263835107
253a191,I Knew You Were Trouble,ExpertPlus,Standard,-2.623525616643701,3.20439496,3.18891498,-0.25842636734415736,-0.14081064134617316
2553271,LVTHER - Some Kind Of Magic,Expert,Standard,-3.6837464558392568,1.64682425,1.54111761,-0.21731521329332937,-0.14853418397440876
2553291,LVTHER - Some Kind Of Magic,ExpertPlus,Standard,-2.8994905274000433,3.5459603,3.60030519,-0.80476219477185,-0.7318678070026099
2557bx91,with U,ExpertPlus,Standard,1.984483922360949,10.600162,10.5573709,-1.1320940561096169,-1.0151179526184428
255fbxx51,MIRROR,Hard,Standard,-3.52164842605278,2.62245659,2.38897013,-0.7079797220117228,-0.46257517630735023
255fbxx71,MIRROR,Expert,Standard,-1.9462260542739394,4.82604546,4.53845207,-0.8721256337145218,-0.5130438260101182
255fbxx91,MIRROR,ExpertPlus,Standard,-0.21217259360562937,5.86335349,6.33340466,0.05026978101334964,-0.17528110963959168
25671,Rainbow Notes,Expert,Standard,-2.2883383751677555,4.38052135,3.951749,-0.8599492414878993,-0.3944167222670374
25737xx91,Tool-Assisted Speedcore,ExpertPlus,Standard,5.157990250049021,13.9433467,12.428998,-0.044203740525913915,0.9319926827883354
2574791,Archangel,ExpertPlus,Standard,4.450237286316771,11.7302267,10.999391,0.6041605396847163,1.1548183720393976
2576dxxxxx51,666,Hard,Standard,-2.205662181074209,3.77739077,3.73186194,-0.29543133590017434,-0.1401459552776938
2576dxxxxx71,666,Expert,Standard,-1.07359455687302,5.54182257,5.35217485,-0.5619435902053609,-0.27855438078030614
2576dxxxxx91,666,ExpertPlus,Standard,2.430634206591526,6.42538942,7.37383233,2.2632616967524855,1.6837237239466214
258d171,Solid Ground,Expert,Standard,-2.484734827112426,3.06144223,2.47838102,-0.007630340560165649,0.5137141818480706
258d191,Solid Ground,ExpertPlus,Standard,-3.069429800732431,3.17482591,2.96044592,-0.6810932164699071,-0.4157812358111963
25922xxx51,Slaughterhouse,Hard,Standard,-1.9784767161787948,3.84706318,3.60338294,-0.12389343268256425,0.18676309547258652
25922xxx71,Slaughterhouse,Expert,Standard,-1.6716591007450512,4.57331291,4.51910307,-0.3968792281822833,-0.22325871275449294
25922xxx91,Slaughterhouse,ExpertPlus,Standard,-0.3893533460581821,6.52966195,5.46306946,-0.6356229979748285,0.31923677983042414
25987xxx71,Halo: CEA - Cloaked in Blackness,Expert,Standard,-2.655601812089934,1.98126188,2.1286882,0.6108125344427657,0.57154554531314
25987xxx91,Halo: CEA - Cloaked in Blackness,ExpertPlus,Standard,-3.18693934106754,1.87621569,2.16168234,0.1460074262930373,0.019695469320318626
259b91,Midnight,ExpertPlus,Standard,0.43095328513475045,7.8850841,7.72205207,-0.8160556148484528,-0.573129234773009
25b6771,Sparkling Galaxy,Expert,Standard,-3.4015824904000054,1.93537288,2.07127047,-0.10574389960099806,-0.13936754464881407
25b6791,Sparkling Galaxy,ExpertPlus,Standard,-1.701395962098785,4.38926315,4.4806522,-0.2799798811026857,-0.22275341463033071
25b7d51,I Won't,Hard,Standard,-2.405592209288838,1.70420123,1.56634241,1.0291921024442119,1.1193193198276505
25b7d71,I Won't,Expert,Standard,-2.574151456857877,2.19343964,2.43014812,0.54998263891498,0.4571618358032654
25b7d91,I Won't,ExpertPlus,Standard,-3.1616470707930873,2.39962864,2.7719305,-0.1836488817763362,-0.3701186022301255
25e40xxxx51,Trauma,Hard,Standard,-3.0395069444725364,2.43965582,2.05715968,-0.09059535431156052,0.23119800449035655
25e40xxxx71,Trauma,Expert,Standard,-1.5135964549721181,5.05253562,3.93154042,-0.6185048745533563,0.3961343758571336
25e40xxxx91,Trauma,ExpertPlus,Standard,0.44982583254375147,5.38188937,5.53354239,1.0862794161843223,1.103566155272012
25ec1xx91,Stagestruck,ExpertPlus,Standard,1.7354547016272337,10.7598357,10.7027012,-1.4858298334551645,-1.3618430766557117
26070x91,Sulyvahn,ExpertPlus,Standard,3.678476338304987,13.3530684,13.0605056,-1.1708307203802844,-0.946456945534909
2622dxx71,Scuffed Up Age,Expert,Standard,-2.6805965560069787,2.81526761,2.60430561,-0.013077159505811231,0.23043536911385187
2622dxx91,Scuffed Up Age,ExpertPlus,Standard,-1.9257272475349505,3.92705293,3.70327239,-0.13506338763940007,0.1620196057002259
262cbxxx91,osu!memories 2,ExpertPlus,Standard,1.8242192221430302,7.12344208,7.68256278,1.1338479473776346,0.8491674165279035
2639991,Reverie on the Onyx,ExpertPlus,Standard,4.070901862928349,12.4591876,13.1388604,-0.23201415132115866,-0.6030328719184235
264971,Soar,Expert,Standard,-2.899358490489992,4.15885514,3.80593088,-1.293971578454293,-0.891530417611861
264e291,Without U,ExpertPlus,Standard,-2.9430333452593906,2.71905234,2.72962203,-0.20219463660787618,-0.1210393051697789
26503xx91,Existentia,ExpertPlus,Standard,-1.359678286303325,4.81724127,4.6842331,-0.2786024391769135,-0.04113464291952318
267fc91,Elevator,ExpertPlus,Standard,-0.7767847291607003,6.25690625,5.9301058,-0.8161100164709846,-0.43026105195147524
268371,Routine,Expert,Standard,-0.7298411226424238,5.34980803,5.60013709,-0.06828865156967068,-0.1278654186695124
268391,Routine,ExpertPlus,Standard,0.4361146488271364,6.41700744,7.43711113,0.27509597485995535,-0.3577262108611858
268a7x71,House of Memories,Expert,Standard,-3.3585135782233864,2.64536064,2.37066839,-0.5620369328753205,-0.28719435805803384
269311,I Want You,Easy,Standard,-3.819494068869214,0.328902267,0.345468624,-0.5585246691984329,-0.6452946210866846
269331,I Want You,Normal,Standard,-4.152002627684709,0.725605457,0.639694483,-0.5014363365028394,-0.6382783104409571
269351,I Want You,Hard,Standard,-5.290311087889699,0.882446866,0.959943551,-1.6019691249874608,-1.649166568887018
269371,I Want You,Expert,Standard,-3.256233035862743,2.874348,2.91526011,-0.6340721989286973,-0.5692430211623147
2698d11,Yoru ni Kakeru,Easy,Standard,-3.6554940909443734,0.150847703,0.108163821,-0.6580467520462459,-0.4567454972505116
2698d31,Yoru ni Kakeru,Normal,Standard,-3.594903081995498,0.481752481,0.411960395,-0.12010012627977851,-0.3223492037522657
2698d51,Yoru ni Kakeru,Hard,Standard,-2.808133111672438,1.87445484,1.69444712,0.5259032181986969,0.6595716549332278
2698d71,Yoru ni Kakeru,Expert,Standard,-1.5931129720288275,3.21454737,3.58189383,0.7640002180659733,0.5887581333335581
2698d91,Yoru ni Kakeru,ExpertPlus,Standard,-0.9362430032003206,4.19037564,4.94331035,0.6439581432266719,0.1787941189638338
26af7xxx31,FUTURE is Dead,Normal,Standard,-2.9664613592108,1.9252726,1.38854971,0.33578043995951834,0.6231806701545097
26af7xxx51,FUTURE is Dead,Hard,Standard,-3.541463632431668,2.50233949,2.39101236,-0.6385050241278507,-0.4837604426042028
26af7xxx71,FUTURE is Dead,Expert,Standard,-1.0714806917119568,6.11831147,4.24582272,-1.004956027442928,0.5917914742832404
26af7xxx91,FUTURE is Dead,ExpertPlus,Standard,0.019182869347504676,6.44463794,5.9351752,-0.1627741385967767,0.3617961947165773
26be991,Theme for Psychopath Justice,ExpertPlus,Standard,2.9850553146572842,11.6544619,11.3430092,-0.8129366481546527,-0.5376323865533803
26c4791,Grimm,ExpertPlus,Standard,4.57129955321623,12.8001519,12.6865211,0.05821646836762895,0.18175150918922078
26c74xx11,Riot,Easy,Standard,-2.902863360317068,2.10808747,1.60427029,0.27963637107103123,0.6059369278878188
26c74xx31,Riot,Normal,Standard,-2.8723500187221656,2.54756468,2.43222555,-0.0028296536034329023,0.1575553827512488
26c74xx51,Riot,Hard,Standard,-2.870878328126327,3.79200249,3.74784028,-0.9723151720703611,-0.8177956160132456
26c74xx71,Riot,Expert,Standard,-0.6059661663202123,6.15389627,5.89978023,-0.5666631528488795,-0.23604110925270838
26c74xx91,Riot,ExpertPlus,Standard,0.7658128904381244,6.46977698,7.10781155,0.5648219443862711,0.21714299234352674
26d75x71,Space Invaders,Expert,Standard,-1.6935498563813194,6.13641032,4.4501272,-1.6408742475551363,-0.19089945049498058
26d75x91,Space Invaders,ExpertPlus,Standard,-0.28262227535854484,8.05779992,6.50341362,-1.6538314164961858,-0.3753278495488442
26d82x91,Play With Fire / Hiasobi,ExpertPlus,Standard,0.10224560848235159,5.10171091,5.32025666,0.9585887837721883,0.9221983450360822
26daf51,Hot & Cold,Hard,Standard,-3.3135372585752183,1.56804055,1.54111761,0.19413441183351976,0.22167501328962969
26daf91,Hot & Cold,ExpertPlus,Standard,2.3395110280927987,5.25564843,7.71545645,3.0748499871759054,1.3402749227737365
26e4e11,Body Bag,Easy,Standard,-2.9788563127702603,2.18589256,1.69879637,0.1504941035308791,0.4867733168840327
26e4e31,Body Bag,Normal,Standard,-3.4074780454806444,2.44877668,2.29885281,-0.4652230790439549,-0.28868521262216884
26e4e51,Body Bag,Hard,Standard,-2.348751598093108,3.79082566,3.38258661,-0.4492486656288224,-0.013429002420315417
26e4e71,Body Bag,Expert,Standard,-0.6825500873686384,6.26325366,5.47709188,-0.7267119853751564,0.015120599347911434
26e4e91,Body Bag,ExpertPlus,Standard,-0.00926474643028661,6.88712691,6.80471189,-0.5239518567716439,-0.33022183619943646
26ecd91,toromi hearts 2,ExpertPlus,Standard,-0.5744446866801189,6.70807099,6.68369488,-0.9550798729543046,-0.8039471308652726
26fc491,EVE,ExpertPlus,Standard,-0.7051731394920389,6.47213585,6.40415086,-0.9079492943579892,-0.7222802131791262
270b71,TIERRA,Expert,Standard,-0.12032529524399002,6.66085694,7.23650774,-0.4654793383682866,-0.7650910170145898
270e0xxx11,Route 209 (Day),Easy,Standard,-3.123634234170717,0.880534171,0.749889783,0.5645102369771604,0.45681269706899563
270e0xxx31,Route 209 (Day),Normal,Standard,-3.8575159411124313,1.50064686,1.32253953,-0.31682909867958875,-0.2490703973093522
270e0xxx51,Route 209 (Day),Hard,Standard,-2.711233594538743,2.28728228,2.22921276,0.3472148384513707,0.4526496622234095
270e0xxx71,Route 209 (Day),Expert,Standard,-2.73430790641472,3.93792308,3.99589132,-0.9523320394411576,-0.8749412324602823
270e0xxx91,Route 209 (Day),ExpertPlus,Standard,-2.3267984406920776,3.31303607,3.23281282,-0.04734341617883597,0.12268396082769639
2713cx11,Burn,Easy,Standard,-3.3713681132454933,0.239133874,0.201141426,-0.2696385141116502,-0.3922863136570882
2713cx31,Burn,Normal,Standard,-2.878408057267634,0.977158603,0.870843579,0.8128988667988213,0.7461790301914548
2713cx51,Burn,Hard,Standard,-4.737840407168979,2.04807322,1.80350941,-1.5151830477894608,-1.3245239573212815
2713cx71,Burn,Expert,Standard,-2.9754235826971436,3.02197227,3.08439501,-0.4675576872325169,-0.4140588027786314
2713cx91,Burn,ExpertPlus,Standard,-1.259861282782963,6.13004581,5.91492358,-1.2023165122327006,-0.9016239124636678
2722991,Thrill of It,ExpertPlus,Standard,-3.029449485280695,2.50539776,2.83178233,-0.1287448128554769,-0.28133572063215206
273bf91,Wrecking bar (ra ra ra),ExpertPlus,Standard,-1.8970672789238459,5.10905173,4.14190297,-1.0465046126217092,-0.1521841953869001
275171,(can you) understand me?,Expert,Standard,-2.2837531617943894,4.55312375,4.11017212,-0.9929061110489044,-0.5139700044751521
275bf91,Unprepareness,ExpertPlus,Standard,3.1152114639056054,7.27420571,7.68256278,2.313494436092361,2.1401596582904787
275e311,Gold,Easy,Standard,-4.113537776960377,0.979150945,0.895749336,-0.4223027169428093,-0.4830801670110114
275e331,Gold,Normal,Standard,-3.9281778980071196,1.81699903,1.7221816,-0.5590937211312443,-0.47384468124567114
275e351,Gold,Hard,Standard,-3.1200005523769176,2.94880905,2.56674796,-0.5553306960503925,-0.1826654694213845
275e371,Gold,Expert,Standard,-2.7965319019515573,3.94403876,3.74784028,-1.0194441328373278,-0.7434491898384761
275e391,Gold,ExpertPlus,Standard,-1.3380221341831173,4.74768461,4.75277462,-0.20179628632112823,-0.07335463733582404
2767cx71,Safety!,Expert,Standard,-2.727386742470759,2.30314634,2.38285391,0.3198150453412292,0.33578539431801024
2767cx91,Safety!,ExpertPlus,Standard,0.4333921222439312,5.13912575,5.53827278,1.2602835368934941,1.0834533030608757
27767xxx51,Nikoniko,Hard,Standard,-3.253389676035196,1.98989027,1.90651397,0.007433171145818207,0.10447280278820958
27767xxx71,Nikoniko,Expert,Standard,-2.96723492115218,2.64007204,2.62441105,-0.16678417855206273,-0.07035927810585418
27767xxx91,Nikoniko,ExpertPlus,Standard,-0.6643098065341622,4.54437454,4.40472916,0.6335016286116824,0.8740437645533607
2777cx31,Aien-Jihen,Normal,Standard,-2.589323658371075,2.00655969,1.88867781,0.6606458061498715,0.7784005525820783
2777cx51,Aien-Jihen,Hard,Standard,-2.30894164191488,3.39324597,2.93024489,-0.09295122749680607,0.36701053770701586
2777cx71,Aien-Jihen,Expert,Standard,-0.4321652124679667,6.01772873,4.80175984,-0.288533004534254,0.7940118769909006
2777cx91,Aien-Jihen,ExpertPlus,Standard,-0.12629295788127168,5.4859343,4.99852874,0.42890829496461813,0.9454296883450113
277b791,een auto,ExpertPlus,Standard,2.8910145811652277,11.9666746,10.4229166,-1.1043874943079635,-0.017819082420555077
2782991,Au5 - Crossroad,ExpertPlus,Standard,-2.6435895151725504,3.20951268,3.11352319,-0.2825154756812145,-0.10407205715308976
278591,Clear Rose,ExpertPlus,Standard,-0.9699953842335403,3.80665412,4.88035438,0.916866653035922,0.19445519553920732
278991,Quo Vadis,ExpertPlus,Standard,1.5982275139618602,6.20494652,7.38013591,1.5985313852493297,0.846638111947986
2798axxxx71,Time Leaper,Expert,Standard,-2.485870307825221,2.81124277,2.29885281,0.1847302385519276,0.6329225250332544
2798axxxx91,Time Leaper,ExpertPlus,Standard,-0.47247938638658377,4.25788289,3.71912833,1.0537975024782964,1.6029408488020482
27a2091,Darling Dance,ExpertPlus,Standard,3.7132145214175285,10.8271932,11.150806,0.44792433440389834,0.3173625641414177
27aa391,Reality Distortion,ExpertPlus,Standard,0.5902957168544443,6.27792833,7.74187276,0.5349557426369016,-0.42834515216637725
27ab391,The 89's Momentum,ExpertPlus,Standard,-0.5304184023264662,6.33946393,5.80973083,-0.6325744188684277,-0.090911910400578
27ada91,The Fallout,ExpertPlus,Standard,-1.1747581743064237,3.95035384,3.81244072,0.5972820359424351,0.8279937173021339
27bac91,Slytherin,ExpertPlus,Standard,0.5790484812254567,7.48118625,6.41510481,-0.3745976801461691,0.5535893226309679
27be6xxx11,99.9,Easy,Standard,-4.000805858848225,1.13397837,1.03402611,-0.3295201734937976,-0.3545401768845964
27be6xxx31,99.9,Normal,Standard,-2.809396737598403,3.62085677,3.25498784,-0.7743001020840303,-0.37674330733918104
27be6xxx51,99.9,Hard,Standard,-3.078358669924096,3.5771163,3.69694896,-1.0084255617603257,-0.9856977604422981
27be6xxx71,99.9,Expert,Standard,-0.3515021564071362,7.89496438,6.72954072,-1.6056360758523645,-0.6156866647436635
27be6xxx91,99.9,ExpertPlus,Standard,1.4719892541644235,8.24839535,8.24721889,-0.035415854615297615,0.085093470894257
27c61xx91,Pachamama,ExpertPlus,Standard,3.3649842328212056,12.0381256,11.3139689,-0.6753235889742335,-0.1385861489427156
27c9a71,Cold Ground,Expert,Standard,-2.988833015425191,1.53139898,1.64031091,0.5370638046701091,0.503997135296308
27ce671,Iya Girl,Expert,Standard,-1.7800723445377178,2.62055596,2.61769205,1.03502074217306,1.1215398997411479
27ce691,Iya Girl,ExpertPlus,Standard,-1.0300225936519507,4.8807928,5.212261,0.0007296603634008303,-0.12568446216963536
27d871,Monochrome Butterfly,Expert,Standard,-1.14446304165847,5.43746769,5.9048237,-0.5514408021924351,-0.7784309917038787
27d891,Monochrome Butterfly,ExpertPlus,Standard,-0.1840402636919333,5.56212586,7.80164061,0.311806286679677,-1.2465284821667109
27db491,eddcore,ExpertPlus,Standard,3.45373563311227,11.0088778,11.1603383,0.07022981618316715,0.05157613050426724
27e37xx31,Super Idol,Normal,Standard,-1.1437417169192208,5.13780207,4.67623466,-0.31580878979475946,0.18109022833546629
27e37xx51,Super Idol,Hard,Standard,0.07388389270798458,6.34556851,5.89978023,-0.032911414600375485,0.44380894977548846
27e37xx71,Super Idol,Expert,Standard,0.04163768388271941,7.09709571,7.12605564,-0.6292166634745381,-0.5206764570295804
27e37xx91,Super Idol,ExpertPlus,Standard,2.123327398517356,7.41798,8.40372338,1.2159615354870743,0.6235262233142311
27e38x11,BREAKSH!T,Easy,Standard,-3.153257441534951,0.464812817,0.417631344,0.30228893017181724,0.1271711335309318
27e38x31,BREAKSH!T,Normal,Standard,-4.193561831380069,1.37112218,1.08935311,-0.5962261560831075,-0.5479595923992058
27e38x51,BREAKSH!T,Hard,Standard,-4.093584104569272,1.81408145,1.57036284,-0.7227471368868503,-0.5703454475381058
27e38x71,BREAKSH!T,Expert,Standard,-3.139055814398744,3.95379906,3.09760116,-1.36976935644499,-0.587589077212284
27e38x91,BREAKSH!T,ExpertPlus,Standard,-1.5923457932051104,4.58468778,4.34120694,-0.32661626259992094,-0.004043840301040991
280091,Teo (ft. Hatsune Miku),ExpertPlus,Standard,1.0997228402262536,6.98144909,7.73526022,0.5147447498996451,0.08593793954968754
2804391,HEADHUNTER,ExpertPlus,Standard,0.9757013634707613,4.19386749,5.31117219,2.553112684303642,1.8027470133577244
2804axx31,FIRST,Normal,Standard,-3.4654249997277153,1.67752489,1.46159654,-0.015767527690726535,0.0999333227814958
2804axx51,FIRST,Hard,Standard,-3.412744142734267,1.86426287,1.86303176,-0.0724189461106759,-0.03102525974175041
2804axx71,FIRST,Expert,Standard,-3.8682906741031498,2.34924223,2.59985869,-0.8539848897709352,-0.9541346839546772
2805291,Rather Be,ExpertPlus,Standard,-2.804234621312115,3.18092614,3.23834237,-0.4206892442229182,-0.3589461347001639
2812fxx51,Halo Reach - Lone Wolf,Hard,Standard,-3.1154908836098523,1.20107702,1.3720376,0.5394933948955307,0.4791475868241739
2812fxx71,Halo Reach - Lone Wolf,Expert,Standard,-3.1348108422407868,1.4893211,1.57304886,0.41120173555715445,0.38730549152810534
2812fxx91,Halo Reach - Lone Wolf,ExpertPlus,Standard,-2.6114093796450866,1.76180968,1.9426932,0.7903642376680899,0.7261363750084322
281b711,Thunder,Easy,Standard,-3.109736740179902,0.143900475,0.127339271,-0.11006550387789149,-0.03360391918823469
281b731,Thunder,Normal,Standard,-3.143005582003418,1.3266165,1.28247532,0.4714359952464173,0.4752553295921125
281b751,Thunder,Hard,Standard,-3.524761649291397,2.41408124,2.08013882,-0.557241635668543,-0.2679089197637494
281b771,Thunder,Expert,Standard,-3.093969625406164,2.73295337,2.83178233,-0.36367876403594046,-0.3458558607576214
281b791,Thunder,ExpertPlus,Standard,-1.4793160083939134,3.05788828,3.33950738,1.0005614486534098,0.8889562815380114
281c5xx51,Immortal Flame,Hard,Standard,-2.4344306519590115,2.52349574,2.46781482,0.4529140435632999,0.5712488797087318
281c5xx71,Immortal Flame,Expert,Standard,-0.7676117875106887,3.2476198,3.50020093,1.5634602688879364,1.4773411356857795
281c5xx91,Immortal Flame,ExpertPlus,Standard,1.048625618933083,6.27641701,6.75258144,0.9944366140219003,0.767027311755752
2824051,Bad Things,Hard,Standard,-3.544304147502201,1.66842286,1.75037003,-0.08963463818267536,-0.10389040295068597
2824071,Bad Things,Expert,Standard,-3.165546808651863,3.2469049,2.63114729,-0.8339114358683744,-0.2734256376915254
2824091,Bad Things,ExpertPlus,Standard,-2.6761622610722546,4.02024621,3.7767739,-0.9599897121314163,-0.6456100443951596
28251,Awe (One Saber),Hard,Standard,-3.303247209611396,1.50846429,2.26884069,0.23372506094683798,-0.16490300554637916
28271,Awe (One Saber),Expert,Standard,-1.6014288512873027,3.97065741,5.55069038,0.1543824857314713,-0.9610241072758661
28328x51,The Empress,Hard,Standard,-1.3804069028684505,4.21180064,4.44632622,0.18267756597987184,0.12523290064093073
28328x71,The Empress,Expert,Standard,3.1857796045780082,8.95141401,9.52034156,1.1837187649449334,0.8959899348784233
28328x91,The Empress,ExpertPlus,Standard,3.8393472935069015,9.86733256,10.4229166,1.21049874497186,0.9305136299211187
2840cx91,Playing God,ExpertPlus,Standard,-0.9060856203949629,5.43315862,4.72846972,-0.3096983916874464,0.37768407920054925
28437xxxx51,Qrestfall,Hard,Standard,-1.671827121922909,5.71622626,4.69224523,-1.2956393803147925,-0.35958230838347305
28437xxxx71,Qrestfall,Expert,Standard,-0.8352457159515709,7.02819191,6.62682654,-1.4549744824419735,-1.0216678042471758
28437xxxx91,Qrestfall,ExpertPlus,Standard,2.5648444679711786,8.35610355,9.75086996,0.9808705948229628,0.11531327886571408
28440x91,"The Sun, The Moon, The Star",ExpertPlus,Standard,2.255619136015648,8.64912902,8.12134012,0.46477747940979386,0.959926766548636
2847d71,"Haunt, The Cartoon Heart",Expert,Standard,-1.7638278726077057,4.76325124,4.12072197,-0.6399507336380208,-0.002322343619608036
2847d91,"Haunt, The Cartoon Heart",ExpertPlus,Standard,-1.8157553041571968,5.30546147,5.75046278,-1.119473649100483,-1.33037806149917
28489xx91,RUSH E 2,ExpertPlus,Standard,2.731196535820468,8.70172334,7.88878748,0.9034464012820047,1.6049158510222554
284d0x91,Raindrop,ExpertPlus,Standard,1.3100183411458266,6.80351017,7.51376289,0.8578315211737153,0.45944592511704796
284de91,Awake,ExpertPlus,Standard,-2.703009885249667,2.81864125,3.30543935,-0.03807402268839111,-0.3087431425193303
285e8x11,Shut Up And Dance,Easy,Standard,-1.417328792798855,1.234452,1.18551677,2.228078706190726,2.2191131861190003
285e8x31,Shut Up And Dance,Normal,Standard,-2.828445347935062,1.90792104,1.6714385,0.48473283977057857,0.65009947165492
285e8x51,Shut Up And Dance,Hard,Standard,-2.0206601948291674,3.06191495,3.15368726,0.45607540582613204,0.488640862847725
285e8x71,Shut Up And Dance,Expert,Standard,-1.9890257669042388,3.37114038,3.67804338,0.24447288712755255,0.11832053274963505
285e8x91,Shut Up And Dance,ExpertPlus,Standard,-0.5245350709379873,3.60876901,4.64041033,1.5201915445705838,0.8284642615856853
28636xxx91,overstroming,ExpertPlus,Standard,3.2440766059524346,11.4134201,10.3873522,-0.4001626213853071,0.359313945802302
287171,Redo (TV Size),Expert,Standard,-0.3308014378774943,5.89628929,5.74064373,-0.09375383770260137,0.16218086453547642
288c5x91,THE DEATH OF PEACE OF MIND,ExpertPlus,Standard,-2.624603368403618,3.81220353,3.25220766,-0.7421735984874442,-0.18983853320928867
28ada31,31Hz,Normal,Standard,-2.826189030690934,0.782978101,0.762163875,0.8436217912003623,0.7600208374659414
28ada51,31Hz,Hard,Standard,-3.14556162702029,2.64057491,2.52110015,-0.3454886511746631,-0.17651650728596957
28ada71,31Hz,Expert,Standard,-2.0334321929048467,3.8285199,3.65610903,-0.16403531810241656,0.0909396326711458
28ada91,31Hz,ExpertPlus,Standard,-0.21966666372028937,5.75514273,6.31179424,0.12638639923587797,-0.16626117066857643
28b5a91,Queen,ExpertPlus,Standard,-1.6321962376441685,3.653647,4.4501272,0.37676718051029945,-0.12954583175782974
28c591,NUCLEAR-STAR,ExpertPlus,Standard,2.1004877674888,8.10804171,9.40712928,0.6932892594501356,-0.11043753847180904
28ce9xx71,Grave of the Fireflies,Expert,Standard,0.2907622730542712,5.08633277,4.25308496,1.1592181416216678,1.9483282218288471
28ce9xx91,Grave of the Fireflies,ExpertPlus,Standard,1.0332340923850512,7.39868265,7.33612379,0.14001805349456897,0.3143313053443222
28ceaxxxx71,Death (Remix),Expert,Standard,-2.3262860653776007,2.3447141,2.24067118,0.6912650858649556,0.8302457380332671
28ceaxxxx91,Death (Remix),ExpertPlus,Standard,-1.9746547564024886,4.97363063,3.78970488,-1.017298426588434,0.045821789389498546
28d74xxxxxx11,Vicious Heroism,Easy,Standard,-3.115353499670236,3.30782895,2.98585109,-0.8317848100507623,-0.4805244215907747
28d74xxxxxx31,Vicious Heroism,Normal,Standard,-2.344824531852052,3.87411931,3.51518739,-0.5118587001330657,-0.1114260226577235
28d74xxxxxx51,Vicious Heroism,Hard,Standard,-0.778440557455039,7.40764802,6.09970431,-1.6782316430208664,-0.5624912231177113
28d74xxxxxx71,Vicious Heroism,Expert,Standard,2.0420629267376667,9.29121047,8.86094469,-0.19481896688746625,0.21549976682805427
28d74xxxxxx91,Vicious Heroism,ExpertPlus,Standard,4.711061396147301,9.98214131,12.482214,2.005011344618288,0.4511677135371368
28dabxxx91,Gate of Hope,ExpertPlus,Standard,3.836486506996329,11.4074938,12.2183931,0.19604240771979997,-0.2548541582354291
28ec5xx71,Love Sux,Expert,Standard,-3.34905592438479,2.33891474,2.18396206,-0.32735264648139495,-0.15641449202142965
28ec5xx91,Love Sux,ExpertPlus,Standard,-1.1640290016527326,4.85959797,5.14148454,-0.11650062689150897,-0.20431440938212853
2909291,Bouquet of Myosotis,ExpertPlus,Standard,3.03881741929178,11.6332283,10.6479694,-0.7456776986866109,-0.02173816546059326
290c991,Superluminal Absolutely EXTRA-TONE-ordinary,ExpertPlus,Standard,6.580013622440677,14.362865,15.3627593,1.1306880880877683,0.5584120750780679
2928891,Behold the Kingdom of the Wretched Undying,ExpertPlus,Standard,3.608920701977069,11.4530379,10.2901746,-0.06067077193841941,0.7900634281562708
2934171,Cheat Codes,Expert,Standard,-3.0912253965755045,3.77699237,3.53023802,-1.1806764455588312,-0.8694390798510914
2934191,Cheat Codes,ExpertPlus,Standard,-0.9857126980786157,6.53764223,5.80476859,-1.2380094839083378,-0.5423678904743969
2937c91,Under Kids,ExpertPlus,Standard,-0.24360686499709588,5.91194554,6.23140981,-0.01862199471140341,-0.1286953669565411
293ddx91,ochtendbloem,ExpertPlus,Standard,2.5029610053738818,10.9133896,9.93590869,-0.8185013853922096,-0.07397523042975118
2943271,Party in the Hollowood feat. Nanahira,Expert,Standard,-0.7550956815614998,6.45505796,6.21014741,-0.944944066536282,-0.623894725395602
2943291,Party in the Hollowood feat. Nanahira,ExpertPlus,Standard,1.5673161727171159,7.25663706,8.25426908,0.778544822464432,0.17532262718432734
2946411,STAY,Easy,Standard,-2.479071543077767,0.520153851,0.648500366,1.0355345116691974,1.0410461741686006
2946431,STAY,Normal,Standard,-3.565332894049426,1.02399681,1.11287455,0.12295342062502668,0.07892543611868641
2946451,STAY,Hard,Standard,-1.4437624284925887,3.1382124,3.09760116,0.973299512359447,1.1077043086938712
2946471,STAY,Expert,Standard,-1.951464201930638,4.44667031,4.39720798,-0.5758227614625606,-0.4071960172037348
2946491,STAY,ExpertPlus,Standard,-1.7650788435647538,4.5875152,4.62852999,-0.5015986881306647,-0.4027375802293347
2951cx71,Pipopipo People People,Expert,Standard,-1.684703682759291,4.45454026,4.19891942,-0.3153350435335869,0.015413486060404269
2951cx91,Pipopipo People People,ExpertPlus,Standard,1.0216927971451084,7.60776511,8.36789539,-0.024332796872261753,-0.4523090244560013
295ccxxxxx31,brutale aap,Normal,Standard,-4.098640240136546,2.37260967,2.47626416,-1.1011287338761204,-1.0987412807025931
29715xxx11,Introduction,Easy,Standard,-3.522854867407121,0.819728916,0.699144804,0.15584960183491336,0.03034545436964775
29715xxx31,Introduction,Normal,Standard,-4.6593103882209395,1.70423202,1.29901909,-1.2245433986580347,-1.0449492342488544
29715xxx51,Introduction,Hard,Standard,-3.9304572485086426,2.47006872,2.33847747,-1.0037818690486402,-0.8377415880691825
29715xxx71,Introduction,Expert,Standard,-1.8361334576641573,5.0882266,4.52296626,-0.9691695111900003,-0.39077151767631313
29715xxx91,Introduction,ExpertPlus,Standard,-2.405332885826959,5.16810816,4.11368573,-1.6012374461312344,-0.6383064501177333
2971bxx91,cardinal,ExpertPlus,Standard,0.7887633439506945,5.28317481,5.83959354,1.5025133603581033,1.205179600111022
29742x91,5G straal (hamster),ExpertPlus,Standard,-2.1097247807463124,5.91348083,5.00280177,-1.8859225034919005,-1.0413529080121195
297f131, Get Through,Normal,Standard,-1.4911196595737661,0.959610794,0.984869601,2.2005935577955373,2.152564610725477
297f151, Get Through,Hard,Standard,-2.4884119618988163,1.92053995,1.8919083,0.8168208108875592,0.8775338223765972
297f191, Get Through,ExpertPlus,Standard,0.4859994653975926,4.8050542,4.73251189,1.5767329134784775,1.766592070239012
2987391,Biscuits Have Arrived In The Aquarium,ExpertPlus,Standard,-2.481816507235098,4.01939217,4.28591911,-0.7649612729978041,-0.8500535622846916
298c671,House on Fire,Expert,Standard,-2.816556775257468,2.13646792,2.08904515,0.34669221094684577,0.43489053898439556
298c691,House on Fire,ExpertPlus,Standard,-2.8855370058360807,2.62818691,2.65826563,-0.07616486388340604,-0.012613010392054758
2990axx91,Do you love me?,ExpertPlus,Standard,-0.05214017620124209,5.51949331,6.39321561,0.47690255450963326,-0.060907073392212546
299e371,Time Leaper,Expert,Standard,-1.5955892008283132,1.76971642,1.66289104,1.8015629765169756,1.886922451925617
299e391,Time Leaper,ExpertPlus,Standard,-1.120978440163496,4.12136168,3.29697678,0.5143715566299729,1.2797363969728668
29a1091,Get Your Wish,ExpertPlus,Standard,-2.8048249771960503,3.37281395,2.54708427,-0.5726513883703603,0.14620552597556769
29ad5x91,BANG!!!,ExpertPlus,Standard,-1.1244770415970766,5.39698314,6.11536082,-0.49982475261351533,-0.9205554729618024
29b0cxx71,Revenge,Expert,Standard,-0.4418618713460848,6.04829917,5.85958724,-0.3216906975669359,-0.04089659796437972
29b0cxx91,Revenge,ExpertPlus,Standard,3.0992673456330055,11.4881823,9.98698044,-0.592786871464333,0.48729354313362183
29bf91,Hentacito,ExpertPlus,Standard,-0.647814011550947,5.97110041,6.31718992,-0.46835468499929633,-0.5985325740633278
29c091,Teopacito feat. Will Stetson,ExpertPlus,Standard,-0.4856446070670746,5.90480863,6.48676362,-0.2551616432185351,-0.5656831921721754
29c5491,"Young, Wild and Free",ExpertPlus,Standard,-1.5349961040006186,3.133477,3.02954122,0.8857769765442256,1.0673506045480348
29c8b11,99.9,Easy,Standard,-3.1343803164136244,3.55473331,3.01147427,-1.046632246821921,-0.5185836786075981
29c8b31,99.9,Normal,Standard,-0.17288972607474057,6.90505959,6.1467945,-0.7009579199356606,0.006897269662829608
29c8b51,99.9,Hard,Standard,-0.1767712008162829,7.96638984,7.10174058,-1.4823399517396327,-0.7208992126361322
29c8b71,99.9,Expert,Standard,2.3813743544705375,8.92484417,9.69271975,0.3977908160700916,-0.027969042422478996
29c8b91,99.9,ExpertPlus,Standard,1.7881260961119827,8.80374132,8.92935186,-0.11102497253804189,-0.0869316612192057
29d091,Happppy song,ExpertPlus,Standard,3.6305919797688224,9.138616,11.5385254,1.4988239578529075,-0.020376865438633818
29d10x91,Equilibrium,ExpertPlus,Standard,-0.2937825242198865,5.1706008,6.4480792,0.5083530851522532,-0.3443694791119635
29d14x91,Kimi no Tonari de,ExpertPlus,Standard,-0.3819051306206056,5.94658577,6.64951558,-0.18358930718063515,-0.585523117045839
29d32xxxxx11,Trinity Homerun,Easy,Standard,-3.4669410913000482,1.79215527,1.71337465,-0.08301831413585026,-0.00832639463991125
29d32xxxxx31,Trinity Homerun,Normal,Standard,-2.565781147071728,3.37969024,2.9127701,-0.3390527061313944,0.12304114628715634
29d32xxxxx51,Trinity Homerun,Hard,Standard,-1.9029195721868386,5.0387516,4.79765853,-0.9969588140136358,-0.673520356643563
29d32xxxxx71,Trinity Homerun,Expert,Standard,0.14042205537135513,6.47678528,7.07146339,-0.06587241672110353,-0.3810428745247014
29d32xxxxx91,Trinity Homerun,ExpertPlus,Standard,3.104387875917216,10.6393697,8.89888371,-0.03795162295092647,1.2509167103422514
29d68xxxx51,Big,Hard,Standard,-1.9419315030153415,4.75546132,3.78646799,-0.8118752129835414,0.08106755026774626
29d68xxxx71,Big,Expert,Standard,-0.5651339515804193,5.16910855,5.03281543,0.23817492042491206,0.47970676300797066
29d68xxxx91,Big,ExpertPlus,Standard,2.4390305036636204,9.96876222,9.91047084,-0.2580383073847816,-0.12043375616718421
29ef2xxxxx11,Danzai Democracy,Easy,Standard,-2.8562204187212177,1.01398808,0.978160053,0.8329396959207278,0.7868644192703345
29ef2xxxxx31,Danzai Democracy,Normal,Standard,-3.3758879043611145,2.19969011,1.84245098,-0.2560817407977898,0.016898894206503368
29ef2xxxxx51,Danzai Democracy,Hard,Standard,-3.550062556317098,2.22459447,2.30869558,-0.4475693920294628,-0.4377197614478727
29ef2xxxxx71,Danzai Democracy,Expert,Standard,-2.2481976419828844,4.09005249,3.66236261,-0.5878236929518139,-0.12867846827827245
29ef2xxxxx91,Danzai Democracy,ExpertPlus,Standard,-0.17942243686542075,6.42939836,6.34423761,-0.34983325206907995,-0.15080575416913417
2a01e51,Compared Child くらべられっ子,Hard,Standard,-3.4654947428628633,1.99226369,2.19518789,-0.206213136016554,-0.2799461227643767
2a01e71,Compared Child くらべられっ子,Expert,Standard,-2.3921649807099223,3.3694893,3.81569981,-0.15735914140848184,-0.3919547777791701
2a01e91,Compared Child くらべられっ子,ExpertPlus,Standard,-0.6415958962778657,5.57736037,6.32259022,-0.15760225359600388,-0.5964414827493328
2a0b9xxx91,You,ExpertPlus,Standard,2.9063797676451566,11.9145067,11.0370509,-1.0561719932305134,-0.41406135588573045
2a10691,Thunderstrike,ExpertPlus,Standard,1.3858259707908045,8.81551496,10.1678077,-0.5215491231027831,-1.3497649099731237
2a1b391,II. Anal Prolapse Suffocation,ExpertPlus,Standard,4.180980163737164,12.0814611,11.1127579,0.11348563714797599,0.8103226177877922
2a25bx91,"zeke didn't ""invent dariacore"", i did",ExpertPlus,Standard,4.522501089103414,13.0356386,12.5356578,-0.13446436119314686,0.22861832731311882
2a45a71,Scattered Faith,Expert,Standard,1.4775523350564108,8.95473465,8.31088805,-0.5268165686566348,0.044659215853227074
2a45a91,Scattered Faith,ExpertPlus,Standard,4.194736232704448,13.7013057,12.482214,-0.8634991263302201,-0.06515744990571548
2a4d9xx71,Falling down,Expert,Standard,-2.3888008524749047,2.94216931,2.66964726,0.18100921766660072,0.47603940138386314
2a4d9xx91,Falling down,ExpertPlus,Standard,-3.0822210914908053,3.59584245,3.38837234,-1.0271986161767779,-0.7513302795113779
2a57111,ANOTHER HIM,Easy,Standard,-4.415513234724673,0.0439923209,0.0632456183,-0.011526673823932576,-0.3770643330328358
2a57191,ANOTHER HIM,ExpertPlus,Standard,-3.1425246716613855,0.635931387,1.1138259,0.46299166985154905,0.501666580167047
2a636x91,Ouvertüre,ExpertPlus,Standard,0.30129360118476894,8.06776228,6.74105124,-1.0770568015359063,0.028408260146145337
2a67971,Suzume,Expert,Standard,-2.6525529960765635,3.10766409,2.97312137,-0.21156727092280025,-0.008287614724992842
2a75e91,Megaton Karma,ExpertPlus,Standard,0.8523373350912373,8.67401567,8.55588374,-0.9559770906559768,-0.7567179384541403
2a77f71,Lost in a Wave,Expert,Standard,-1.8710990675384207,4.58890217,3.7767739,-0.6087222908250127,0.15945314913867437
2a77f91,Lost in a Wave,ExpertPlus,Standard,-1.3949121182331536,5.20340459,4.74465914,-0.6185573048366564,-0.12386664740857656
2a7e791,GLORY:ROAD,ExpertPlus,Standard,1.8147142758105153,9.76634697,9.72590584,-0.7459806262392461,-0.6175729177264029
2a9e771,Speedcore Paradise,Expert,Standard,3.464427229998443,12.3475433,11.6674145,-0.7691923231392268,-0.27070303123191275
2a9e791,Speedcore Paradise,ExpertPlus,Standard,4.409892518049566,13.3003549,13.7828607,-0.4076000124430612,-0.6627434957760174
2abeax91,Freefall,ExpertPlus,Standard,0.3948508243664061,5.99299695,6.1467945,0.5574794351545234,0.5746378201039763
2abf7x91,Flamewall,ExpertPlus,Standard,4.7805325455074215,11.1222875,11.5780312,1.3235884692844215,1.1037333599734898
2acd5xxxxxx91,Silentphobia,ExpertPlus,Standard,2.0845034418484913,9.90314031,10.1591231,-0.5684555318624831,-0.6451660626050391
2ad5411,KICK BACK,Easy,Standard,-3.1746954750731184,1.40992434,1.30904762,0.4066923095441992,0.4371959630799589
2ad5431,KICK BACK,Normal,Standard,-2.646582526887445,2.01509567,2.18582904,0.5978036003946325,0.5448812285405125
2ad5451,KICK BACK,Hard,Standard,-2.6131288320430506,2.88905543,2.67878764,-0.0022960028292220436,0.24520834248366796
2ad5471,KICK BACK,Expert,Standard,-2.396609723210594,4.12114836,3.84844437,-0.761089238199788,-0.42194871134893996
2ad5491,KICK BACK,ExpertPlus,Standard,-1.7761903079671757,4.97574804,4.91383047,-0.8205062687104749,-0.6380184494916719
2ad9f91,cryptic worthy widgEt,ExpertPlus,Standard,3.058325721909662,10.1595551,11.7173697,0.2335599252944962,-0.7093382041227039
2ae0291,Golden Mouth of Ruin,ExpertPlus,Standard,4.569193635364125,12.0559537,12.4609003,0.5176968179184849,0.3228695596719531
2ae17x91,The Dark Field,ExpertPlus,Standard,2.760067827764498,11.1492845,11.6176722,-0.7143183759541194,-0.9426198380427828
2b0aax91,The Dark Field,ExpertPlus,Standard,4.77231205495786,11.3055651,13.6539169,1.1972548759021824,-0.2210649967405569
2b1d6xxx91,Infinity,ExpertPlus,Standard,2.1636249734560424,8.06726677,8.10054791,0.7856297059703219,0.8830309056436412
2b2b891,kawaii speedcore 654,ExpertPlus,Standard,5.131882999763665,12.1609984,13.8655492,1.014586115018746,0.008568214705817923
2b386x91,The Shower Scene,ExpertPlus,Standard,0.37741179492353094,7.89161821,6.41510481,-0.8743093564632578,0.35195263632904217
2b3db71,Spoiled little brat,Expert,Standard,-0.3564147421743666,6.70019087,6.31718992,-0.7311319302063042,-0.30713330468674743
2b3db91,Spoiled little brat,ExpertPlus,Standard,1.0384905310162642,7.12575206,7.4434688,0.34640889965907773,0.23993935656215148
2b411,Happy Synthesizer,Easy,Standard,-3.5425120024187744,0.861735361,1.12242472,0.14337804965041556,0.10102893201966445
2b43ax91,Saw-Saw.,ExpertPlus,Standard,5.339820021870367,15.0708272,14.4214103,-0.5199016001332302,-0.12121854444529223
2b451,Happy Synthesizer,Hard,Standard,-3.6281038260074685,2.3448707,2.40535693,-0.6106648623876967,-0.5800438167867767
2b4cf51,Mambo,Hard,Standard,-2.138238696836276,2.2764738,2.64015586,0.9278496187789789,0.74751531878099
2b4cf71,Mambo,Expert,Standard,-3.5166571043664616,3.37208073,3.14561321,-1.2839029723415125,-1.0012734429484862
2b4cf91,Mambo,ExpertPlus,Standard,-2.133290946553507,3.70053973,3.82222636,-0.1617235462193487,-0.1381713359315011
2b4f2xxxxxxx51,RPG,Hard,Standard,1.5594873940734224,8.16283865,8.03162426,0.11310806363342896,0.3290105786903299
2b4f2xxxxxxx71,RPG,Expert,Standard,2.289847449293317,8.18631007,9.53662559,0.8267084082698815,-0.011263199347247177
2b4f2xxxxxxx91,RPG,ExpertPlus,Standard,4.57849392770414,9.56629154,11.1985493,2.1535027613783657,1.1510681202373187
2b56591,Ultimate Koopa,ExpertPlus,Standard,-1.224948812683872,5.49353432,5.87964939,-0.6756737218724893,-0.8394805839518866
2b57151,Black Rover,Hard,Standard,-0.7815405959873497,6.30337511,5.88467565,-0.856251597862354,-0.39995383250901273
2b57171,Black Rover,Expert,Standard,-0.5195569945619879,6.64536977,7.73526022,-0.8530603662507955,-1.533341895238554
2b57191,Black Rover,ExpertPlus,Standard,0.8234176052143158,6.95427443,9.44740685,0.2586676851586287,-1.4155967866726147
2b62991,Stars,ExpertPlus,Standard,-2.108132758923822,3.82739209,3.73186194,-0.2378349794567769,-0.04261653312730651
2b824x91,KING,ExpertPlus,Standard,-2.2039879467139047,4.35149511,4.08217106,-0.7524408828201654,-0.41224038895588055
2b846x91,DANGEROOOOUS JUNGLE,ExpertPlus,Standard,2.792238905607745,11.0353911,10.5483536,-0.6084597661300686,-0.2012870787187957
2b85fxx51,At Least Speedcore Artists Aren't In It For The Money,Hard,Standard,-0.7818413104720934,7.82689864,6.39321561,-1.986841043676399,-0.7906082076630638
2b85fxx71,At Least Speedcore Artists Aren't In It For The Money,Expert,Standard,0.3315434876230694,8.65040859,8.28961057,-1.4601969142928786,-1.0859878127282068
2b85fxx91,At Least Speedcore Artists Aren't In It For The Money,ExpertPlus,Standard,1.1792954260310284,9.45416374,10.1331138,-1.1692320070033642,-1.5326309037792134
2b9a8xx91,Nyahaha ^~,ExpertPlus,Standard,2.8197828540375025,11.0163858,10.5213477,-0.5685931151184986,-0.15553652560021192
2ba9771,QUEEN,Expert,Standard,-0.7779164557007965,4.81115578,5.06300915,0.3079815319156607,0.2432603129913402
2ba9791,QUEEN,ExpertPlus,Standard,-0.8614866123376445,5.71625986,6.35508908,-0.48532490339494505,-0.8411565936879889
2bd9a71,Animal Crossing New Horizons - Welcome Horizons [Remix],Expert,Standard,-2.8139394514766285,2.80238036,2.88305544,-0.13655858408718435,-0.10329356640134169
2bee0xxxx91,Looking for Edge of Ground,ExpertPlus,Standard,2.1077365239346726,9.21249274,9.37503089,-0.07498970270882532,-0.08077881185954938
2bf42x91,Spectrum,ExpertPlus,Standard,0.3952054924291943,7.43002527,7.40540414,-0.5209878250423039,-0.3751309356137889
2bf61xx11,Anti-Hero,Easy,Standard,-1.2634821803511704,1.40870049,1.21111458,2.3184226586183634,2.3689737980053334
2bf61xx31,Anti-Hero,Normal,Standard,-1.4681109945768414,1.5750384,1.36269043,2.036008403632829,2.129271085276974
2bf61xx51,Anti-Hero,Hard,Standard,-2.5119855662837627,1.98806458,1.58790431,0.7500219081112349,1.0038564606027847
2bf61xx71,Anti-Hero,Expert,Standard,-2.2201890892054217,2.84268223,2.37269498,0.42631282103174106,0.8497769679469531
2bf61xx91,Anti-Hero,ExpertPlus,Standard,-2.0723854907588155,3.13640555,2.68795932,0.3460925929315799,0.7794164580246905
2c00e91,Sound Chimera,ExpertPlus,Standard,4.039988510372578,11.248011,12.9826181,0.5019468469692101,-0.5361280755294837
2c220xx71,Start of the Determination,Expert,Standard,0.11323401865481147,6.77950747,6.30640316,-0.32097925649100684,0.17076061210107357
2c220xx91,Start of the Determination,ExpertPlus,Standard,4.5932578904674095,12.8481409,11.8482565,0.05077013883731496,0.7405791486279294
2c22ex51,The DJ Is Crying For Help,Hard,Standard,-1.776092903922145,3.15413692,2.66053807,0.6284820820248842,1.0952183459553657
2c22ex71,The DJ Is Crying For Help,Expert,Standard,-2.830875113637623,2.79810583,3.05815138,-0.1502260113509073,-0.2498765570786401
2c22ex91,The DJ Is Crying For Help,ExpertPlus,Standard,-2.8639709097751327,4.61687186,4.54621484,-1.6238398329763748,-1.4368940988960914
2c25a91,Never Count On Me,ExpertPlus,Standard,-0.854536868982231,4.97758416,5.76522287,0.0996970997459301,-0.38058866679072745
2c2acx71,Revolver,Expert,Standard,-1.83686097578796,4.08123391,4.06476734,-0.16943836926074196,-0.031466201076752354
2c2acx91,Revolver,ExpertPlus,Standard,-2.5559550055857825,4.22829766,4.66027872,-1.0060486453943724,-1.2185779813383903
2c2f991,You & DIE,ExpertPlus,Standard,4.796693312022943,8.7387378,10.3519091,2.943008191964854,1.9359454403598435
2c4dex71,Maps,Expert,Standard,-2.715299134185886,2.80875928,3.11884871,-0.0427979784808179,-0.17978217593068813
2c5b9xxx11,Dragostea Din Tei,Easy,Standard,-3.3719743930419366,0.899938771,0.808452197,0.3179075624756327,0.23325936607573183
2c5b9xxx31,Dragostea Din Tei,Normal,Standard,-2.2387695139028683,2.30524812,1.94601607,0.8069393129349987,1.0968897767133994
2c5b9xxx51,Dragostea Din Tei,Hard,Standard,-2.9151088938169982,2.53752795,2.37066839,-0.038148068392568124,0.1562103263483543
2c5b9xxx71,Dragostea Din Tei,Expert,Standard,-2.644250673896453,2.91849295,3.18346983,-0.05613266541113937,-0.15742135636069587
2c5b9xxx91,Dragostea Din Tei,ExpertPlus,Standard,-2.1819516355477737,3.55965773,3.81244072,-0.09812226955941084,-0.17919974393921612
2c67351,GETCHA!,Hard,Standard,-2.3079284772465183,3.13849496,3.33095759,0.10891199097760396,0.06687279471837826
2c67371,GETCHA!,Expert,Standard,-1.7854071052005838,3.98561213,4.34863234,-0.041549624129531226,-0.20294315922390127
2c67391,GETCHA!,ExpertPlus,Standard,-1.1110192973698674,4.05828441,4.98147309,0.5747473462639843,-0.025920574885115455
2c794xxxx91,And Plague Flowers the Kaleidoscope,ExpertPlus,Standard,3.2845039470586874,9.50229084,8.3037895,0.9031212832214295,1.8567346971296126
2c7b1xxxxxx31,Glucagon,Normal,Standard,0.5143266890035554,4.31813371,4.80586466,1.9924986963551954,1.7372789915109548
2c7b1xxxxxx51,Glucagon,Hard,Standard,0.07572850627302571,6.93206186,6.50341362,-0.472473080178087,-0.01697706791727363
2c7b1xxxxxx71,Glucagon,Expert,Standard,3.042969110530824,9.23539771,10.2550631,0.844469828552119,0.2479722420201873
2c7d691,Usseewa,ExpertPlus,Standard,0.02553009813682048,4.88114363,5.9809952,1.0560047241911155,0.3328199868330255
2c7ffxxx91,†:OLPHEUX:†,ExpertPlus,Standard,3.7085721979726856,9.43747526,10.684426,1.3714501759922917,0.6235360558428478
2c803x91,ANOMALY,ExpertPlus,Standard,3.848109884839467,8.36675584,11.9806054,2.256578934250018,-0.09020256192106313
2c888xxxxx91,Splatter Party,ExpertPlus,Standard,5.5422999793690195,16.3463258,15.2841967,-1.0368090853809786,-0.43304974015407005
2c89dx91,ULTIMATE,ExpertPlus,Standard,4.095107444524115,13.438154,12.5893305,-0.8054466632882269,-0.23285755812626352
2c973xxxxx91,Wommotion,ExpertPlus,Standard,2.718930850199382,6.02100852,7.89553127,2.860044948604428,1.5877206101886703
2c9bfxx91,Sister's Noise,ExpertPlus,Standard,3.365044646623369,12.6978478,12.94938,-1.0852092636076218,-1.19020690913222
2c9d771,Bones,Expert,Standard,-2.8787760118354933,2.0818412,2.29885281,0.3213804612950115,0.24001682102298227
2c9d791,Bones,ExpertPlus,Standard,-3.1213496900115882,2.76170362,2.83178233,-0.41292376554683585,-0.3732359253630455
2c9e4x31,Make Me,Normal,Standard,-2.901496491328292,3.24090052,2.96804469,-0.5651305720920257,-0.25347146840524903
2c9e4x51,Make Me,Hard,Standard,-1.944591682570438,4.97226462,4.02330056,-0.9861564628607629,-0.10669557444255595
2c9e4x71,Make Me,Expert,Standard,-0.9401849356391228,5.79045973,5.88970621,-0.6214495743424593,-0.5624825237806672
2c9e4x91,Make Me,ExpertPlus,Standard,-1.3162227645876883,6.32475018,5.24801375,-1.4071930382931563,-0.4398365153240549
2cc5d91,Signal (7_7 bootleg),ExpertPlus,Standard,4.637666327035142,11.9209672,11.5879287,0.6710434427717442,0.9544005116280929
2cda4xx91,115,ExpertPlus,Standard,1.8048368867680038,6.96773144,8.33222015,1.2300675617912007,0.35655253590617564
2cde2xxx91,Inevitable Misfortune,ExpertPlus,Standard,4.3705516505792845,13.8078467,13.2063957,-0.7511766833481959,-0.34553161432450086
2cde3xxx71,Shuenteki Routetsu Sokukakukyoku,Expert,Standard,4.714439788693428,14.505651,11.7775983,-0.8183210521350022,0.9076150547643169
2cde3xxx91,Shuenteki Routetsu Sokukakukyoku,ExpertPlus,Standard,5.996847843585994,16.3427897,15.8021277,-0.5803008981349214,-0.28168644496568174
2cdeaxx91,Halcyon,ExpertPlus,Standard,-0.006803891591682758,6.49325517,7.60418901,-0.22555715751336564,-0.9241375420709671
2ceacxxxxx31,G e n g a o z o - f o o n,Normal,Standard,-1.5117744150014665,4.62894468,4.53457565,-0.2812424177789401,-0.07554336552931051
2ceacxxxxx51,G e n g a o z o - f o o n,Hard,Standard,0.7623015656215238,6.15746712,6.50341362,0.7988746322385244,0.6695959914312245
2ceacxxxxx71,G e n g a o z o - f o o n,Expert,Standard,4.340822328408555,10.3427434,10.3696155,1.3942130120465364,1.4680740946512967
2ceacxxxxx91,G e n g a o z o - f o o n,ExpertPlus,Standard,5.9520379135133075,11.5743936,11.6873709,2.20498790604931,2.203905174123563
2cf6391,"""""""""""""""""""""""""""""""""""""""""""""""""""""""""""""""""""""""""""""""""""""""""""""""""""""""""""""""""""""""""""""""""""""""""",ExpertPlus,Standard,5.628271547537416,14.0527834,12.643233,0.36132081088192614,1.2661310743375118
2cfef71,Nisemono Chuuihou,Expert,Standard,-1.2928802203623424,6.2278265,5.47241375,-1.310034748437971,-0.5915669213748616
2cfef91,Nisemono Chuuihou,ExpertPlus,Standard,1.5657458685315946,10.221491,9.68444093,-1.3002984513639821,-0.8378701742346031
2d1e551,paradox,Hard,Standard,-1.8150193994983546,5.61133075,3.89143275,-1.3574374567655625,0.126066971386388
2d1e571,paradox,Expert,Standard,-1.7013505274944642,5.92794272,4.1242446,-1.4886851583690812,0.057390818513612274
2d1e591,paradox,ExpertPlus,Standard,1.091357336496412,7.60760877,7.71545645,0.045445593055272404,0.09212123117734983
2d20571,I Gotchu,Expert,Standard,-3.7728428844283632,2.47742375,2.34447979,-0.851562073801027,-0.6841027096380605
2d20591,I Gotchu,ExpertPlus,Standard,-0.747442742998219,6.29598474,5.18560637,-0.816529550603566,0.17774381863581235
2d42791,Suíte 14,ExpertPlus,Standard,0.34712096468697884,5.22900724,4.54621484,1.1033688591114712,1.77419777556602
2d52611,Ori and the Blind Forest - Completing The Circle,Easy,Standard,-3.6117606298146687,0.410065341,0.380164841,-0.22594432426526057,-0.3849683504042489
2d52651,Ori and the Blind Forest - Completing The Circle,Hard,Standard,-3.828628704683971,1.46981238,1.29237613,-0.2736008111536976,-0.2126753120045688
2d52671,Ori and the Blind Forest - Completing The Circle,Expert,Standard,-3.652012685385511,1.9693298,1.68866544,-0.3778961566368335,-0.18156206341142367
2d5bdxxxxxxx51,The Empress,Hard,Standard,1.5359712707908109,7.59412983,6.87484572,0.499877532495707,1.1621519776470806
2d5bdxxxxxxx71,The Empress,Expert,Standard,2.0289708427820963,8.43024854,8.24721889,0.3924539959917581,0.6420750595119298
2d5bdxxxxxxx91,The Empress,ExpertPlus,Standard,3.735139038811654,9.88797978,11.1603383,1.092384552202427,0.33297953620365117
2d64axx71,WYSI,Expert,Standard,3.9475996552346158,12.5327218,11.8078287,-0.40082813405919415,0.12114511598230315
2d64axx91,WYSI,ExpertPlus,Standard,4.739237734553539,13.0757239,12.5785776,0.057882011524945653,0.4180966393544132
2d6ccx91,ENOUGH,ExpertPlus,Standard,4.334342548890929,12.5299087,13.3539154,-0.012346050466925718,-0.4735299171237646
2d7f5xx91,Haunted Device,ExpertPlus,Standard,0.8363785344149823,7.91700497,9.43127517,-0.43364083519344065,-1.3913900001049462
2d91591,Christmas Eve/Sarajevo 12/24,ExpertPlus,Standard,-1.3381748788332137,4.2942626,4.62457663,0.15905314630852274,0.027275133930250384
2d93e71,BREAKME,Expert,Standard,-1.5194165217281712,5.63917472,4.49599313,-1.0834641054683425,-0.05283981349160549
2d93e91,BREAKME,ExpertPlus,Standard,-0.2145324899511498,7.29252288,6.54243,-1.029738446698602,-0.33689923524838483
2da0fxx91,Mjölnir,ExpertPlus,Standard,1.8493985884938493,7.99076613,9.56927724,0.5263051698173704,-0.4743950611165426
2dcabxx91,Kaibutsu Dance,ExpertPlus,Standard,1.1580860733416747,6.5924643,7.92256412,0.8644275066585616,0.007125503267144007
2dd30xxxxxx91,Splitting Noise,ExpertPlus,Standard,6.514225277019328,14.449369,14.1770447,1.0143115282080508,1.201026590044325
2dd631,Berry Go !!,Normal,Standard,-3.535096415838424,1.27533715,1.00441702,0.0973579242123801,0.10998992053895673
2dd651,Berry Go !!,Hard,Standard,-2.6900626884440375,2.76367259,2.60653192,0.016863409018795572,0.2194042393334521
2dd671,Berry Go !!,Expert,Standard,-0.665838356661696,5.16178226,5.03281543,0.1432313324986062,0.379002357926694
2dd691,Berry Go !!,ExpertPlus,Standard,-0.7466367467811698,5.386487,5.91998,-0.11377838985872735,-0.3923010529096408
2dd6cxx92,Bomb The Rave,ExpertPlus,OneSaber,3.1268661377748024,4.64602798,9.1896027,4.343818435844453,1.068244699930915
2de12x71,Neppa,Expert,Standard,-2.0294195660056293,3.85763044,4.35607044,-0.18327894026100888,-0.4528038166098298
2de12x91,Neppa,ExpertPlus,Standard,-0.021808085259434666,5.20316298,7.38644487,0.7547365359555291,-0.7780795358038404
2df01xxx91,"The Sun, The Moon, The Star",ExpertPlus,Standard,6.177934038206206,14.3701074,15.3234276,0.7243682870068318,0.17947620032693745
2e09dxx91,Brutal,ExpertPlus,Standard,-2.403992681184918,3.34637372,3.31675656,-0.15089367156930233,-0.018354787207084833
2e09fxx91,Borderline Of The Moon,ExpertPlus,Standard,0.4062025975259319,6.35236974,6.9457024,0.2942396427503301,-0.020919073018277667
2e16b71,The Search,Expert,Standard,-2.567962713947542,3.55234043,3.57272349,-0.478310612663289,-0.37899891182572754
2e16b91,The Search,ExpertPlus,Standard,1.7118723585887208,5.95880387,7.34867183,1.9007883366339067,0.9836461976771329
2e3fcxxxx91,Interceptor of SIREN,ExpertPlus,Standard,4.317932071614877,11.1664627,10.530342,0.8324553628795308,1.336547338425881
2e409x11,666,Easy,Standard,-2.2351995557065227,2.18293655,1.88867781,0.8961911406876468,1.1325246552466304
2e409x31,666,Normal,Standard,-2.3574107135146187,2.95803865,2.55362204,0.20010970659526883,0.5890722583584043
2e409x51,666,Hard,Standard,-0.2032386937492242,6.07446872,4.90125011,-0.10313347710244225,0.9448077857123905
2e409x71,666,Expert,Standard,0.694704091233247,6.63956257,5.85958724,0.36557089732257086,1.095669364614952
2e409x91,666,ExpertPlus,Standard,2.2289502842843705,10.2364977,8.8458144,-0.6470827438909663,0.41312695486390316
2e44c31,MUKOKU,Normal,Standard,-3.657918389043194,1.59833687,1.47918646,-0.1657855725593036,-0.09891045695415679
2e44c51,MUKOKU,Hard,Standard,-2.5156628156420426,3.80367597,3.14830226,-0.6264222402449473,-0.002304499571683216
2e44c71,MUKOKU,Expert,Standard,-0.6835470226147853,5.96904866,5.9048237,-0.5025100453205822,-0.317514972660194
2e44c91,MUKOKU,ExpertPlus,Standard,0.6324163949544147,6.1986399,7.37383233,0.6375347145630289,-0.11449408769048997
2e453xx91,ORCA,ExpertPlus,Standard,3.3502505986299758,9.82596137,11.4697143,0.7492947586091758,-0.2556549405859525
2e61dxxxx71,abcdefu,Expert,Standard,-3.3473612104600576,1.62884038,1.85667485,0.1287184783786497,0.037791978904822
2e9aa91,Rugburn,ExpertPlus,Standard,-2.7752424887884595,2.38067442,2.24258663,0.21645505886412408,0.38005774459163
2ea6751,Bad Intentions [v3 Fitbeat],Hard,Standard,-2.681447571952807,1.46941894,1.68146608,0.8737600410029209,0.7924017149426725
2ea6771,Bad Intentions [v3 Fitbeat],Expert,Standard,-2.577912776568549,2.08483828,2.18023289,0.6202347539178237,0.6170786602511762
2ea6791,Bad Intentions [v3 Fitbeat],ExpertPlus,Standard,-1.379028743031983,2.95632151,3.38547824,1.1798221809505542,0.9540790946640754
2ecc3xxxx91,cold weather,ExpertPlus,Standard,3.364163238494496,11.7036874,11.246497,-0.46508325770995196,-0.09492638670811182
2ee2dxx71,fall at the same time,Expert,Standard,-0.009557366020384504,3.80875913,5.50524478,1.8756234415209951,0.666198714479284
2ee2dxx91,fall at the same time,ExpertPlus,Standard,-2.0113716931200685,3.20391409,3.80918441,0.35410572190513623,-0.0060805112275028605
2ee3bxxxxxx31,666,Normal,Standard,-1.9478850344978647,3.79154625,3.43501587,-0.04895753949674453,0.3472239636371428
2ee3bxxxxxx51,666,Hard,Standard,-2.0693415093549086,5.21940028,4.98573154,-1.305550328449971,-0.9875827565668787
2ee3bxxxxxx71,666,Expert,Standard,3.4355775026410873,11.1030158,12.1767023,-0.00890625377147769,-0.6290094334918583
2ee3bxxxxxx91,666,ExpertPlus,Standard,5.104720825088003,12.0322287,13.503083,1.0681152989811045,0.20441779092804868
2ee3dx91,No Matter What (2015),ExpertPlus,Standard,-1.2061907162563719,3.35271188,3.4291505,1.041893876190775,1.0934229199294938
2ee85xx71,RoquiRa : Between Life and Death,Expert,Standard,-2.056205258956445,3.46697598,3.28572705,0.10130244670961552,0.35307568207437257
2ee85xx91,RoquiRa : Between Life and Death,ExpertPlus,Standard,2.4757968735856712,8.61875443,9.25563434,0.7063014294385774,0.3708346899162138
2f14ax51,Play Me Like That Video Game,Hard,Standard,-3.8286077556063365,1.68896847,1.61665538,-0.38529733383105036,-0.32522466416772566
2f14ax71,Play Me Like That Video Game,Expert,Standard,-2.500357294367544,3.03876231,3.13755983,-0.005567412590672394,0.021089283949590865
2f15ax51,Guitar to Kodoku to Aoi Hoshi,Hard,Standard,-0.33216174782887736,5.2316823,5.29304976,0.42198603751660607,0.5090364976430479
2f15ax71,Guitar to Kodoku to Aoi Hoshi,Expert,Standard,-0.8678253546368516,5.71498939,5.75046278,-0.4906792910761236,-0.3824481119788249
2f15ax91,Guitar to Kodoku to Aoi Hoshi,ExpertPlus,Standard,0.38958458163506304,5.75428459,7.41173471,0.7363017691131107,-0.38544645365996766
2f167xx71,Bailandorape,Expert,Standard,0.03586023927783776,8.12772997,6.84553587,-1.3854243178401349,-0.3158797370900792
2f167xx91,Bailandorape,ExpertPlus,Standard,3.298578258872634,10.6885111,11.6176722,0.12399717576831293,-0.4041094069346469
2f1e5xx71,Heavy Metal Love,Expert,Standard,-2.402487518356416,2.73261111,2.96804469,0.328063234796347,0.24553750456662726
2f1e5xx91,Heavy Metal Love,ExpertPlus,Standard,-2.7743995028014887,3.27443131,3.37681076,-0.46446645447535984,-0.4346541970624225
2f46291,Diabolic Swing,ExpertPlus,Standard,0.5335317306564787,7.50229069,8.31088805,-0.43554487822274457,-0.899361388546705
2f51,Escape,Hard,Standard,-2.7908391645721617,2.24657126,2.37269498,0.2962871426292297,0.27912689258021306
2f625xxx91,Memories of the winter storm,ExpertPlus,Standard,0.12344877112106467,7.36112444,8.55588374,-0.7422006644309448,-1.485606502424313
2f6a291,Color,ExpertPlus,Standard,0.020724834114570052,5.55107643,6.55922288,0.5251713340398012,-0.11439884786650256
2f77cx91,As You Don't Know,ExpertPlus,Standard,-2.2476611241643085,4.33138895,3.61263198,-0.7800688292237896,-0.08958406991577661
2f8aaxxxxx91,SEITEN NO TERIYAKI NO DENSETSU,ExpertPlus,Standard,2.2335832631295833,9.56704509,10.6479694,-0.19192078875621066,-0.8269723216227898
2f9491,DeltaMAX,ExpertPlus,Standard,-1.3330317485013254,5.24549848,5.00707845,-0.5897283989582731,-0.26801335039269336
2f9b2xxxx71,Embracing intelligences,Expert,Standard,-2.428542220970087,4.06788522,4.11368573,-0.7504498054949797,-0.6615157852608613
2f9b2xxxx91,Embracing intelligences,ExpertPlus,Standard,-0.2618967462165897,6.18158329,6.2260874,-0.24375266181398397,-0.14290846872248258
2fa03xxxx51,∞Bit Sequencer,Hard,Standard,-2.611395642499859,3.49621038,3.29697678,-0.4771101491169687,-0.21068080536349632
2fa03xxxx71,∞Bit Sequencer,Expert,Standard,-0.6519600220955257,6.54790864,5.08034396,-0.9120082238650644,0.3556347497727086
2fa03xxxx91,∞Bit Sequencer,ExpertPlus,Standard,1.1888270874488043,7.61230563,7.84844554,0.13949524527671753,0.09205635580535998
2fd7cxx91,A Rape of Sirens,ExpertPlus,Standard,3.820455575353517,11.4535826,10.0899128,0.15051576068561712,1.138031494900975
2ffd3xxxxx51,Triangles,Hard,Standard,-3.147511429419035,2.0651193,1.90651397,0.06381849329362987,0.21035104940437055
2ffd3xxxxx71,Triangles,Expert,Standard,-2.2781995525225556,3.48306346,3.20530638,-0.13346867777520277,0.19211949700491981
303691,Milk Crown on Sonnetica,ExpertPlus,Standard,2.8521681808493753,10.3538464,12.2497548,-0.10180219053198192,-1.2592765561432966
304bexxxx71,Pop Goes the Weasel,Expert,Standard,-3.2517815308132834,2.17144546,2.31066918,-0.11247480075914407,-0.1407342671146905
304bexxxx91,Pop Goes the Weasel,ExpertPlus,Standard,-3.2200959169543943,1.94109474,1.97280447,0.0721032827285657,0.10023289181324646
30735xxxxx11,"Lights, Camera, Action! - Studiopolis Zone Act 1",Easy,Standard,-3.2826110677572915,1.24962856,1.18957576,0.3581406991426377,0.3532398487841091
30735xxxxx31,"Lights, Camera, Action! - Studiopolis Zone Act 1",Normal,Standard,-3.792349946499005,1.47776516,1.57708651,-0.24097268161427055,-0.27192772961002154
30735xxxxx51,"Lights, Camera, Action! - Studiopolis Zone Act 1",Hard,Standard,-1.7550044756420642,4.47800476,4.0439808,-0.40433468835968367,0.06668536881858489
30735xxxxx71,"Lights, Camera, Action! - Studiopolis Zone Act 1",Expert,Standard,-1.474537617242608,5.27466222,4.47682516,-0.7541127830712164,0.007114930483493875
30735xxxxx91,"Lights, Camera, Action! - Studiopolis Zone Act 1",ExpertPlus,Standard,-0.8179818792897756,5.30244583,5.48177401,-0.11933713794285461,-0.12395660956601551
30a33xxx91,Super Freak,ExpertPlus,Standard,2.6569015316806754,9.1065704,9.06775461,0.5472778949237185,0.6840404566052865
30b3991,awful,ExpertPlus,Standard,-1.296267740840213,2.9429168,3.77032496,1.272963782400431,0.7393079666936897
30c0a71,mental anguish,Expert,Standard,-3.1327985108392906,1.94998839,1.82365519,0.1537269424528609,0.26996585018234054
30c0a91,mental anguish,ExpertPlus,Standard,-0.9297624952427855,3.07292693,3.63430549,1.5383769048201414,1.2115194732717036
30f6axxx91,sprinter/intercity,ExpertPlus,Standard,3.6462114467897995,12.0132004,9.65964689,-0.37844273156120734,1.2597568322568335
30ff0x71,I Think I'm In Love,Expert,Standard,-1.5863470408069342,1.98937955,2.56894216,1.6748072766048288,1.3494565369447642
3116exxxx91,Prism Fountain,ExpertPlus,Standard,-0.6009441712816559,6.8648897,7.4434688,-1.0990269849975556,-1.3994953457357686
313aaxxxxx91,Monsters,ExpertPlus,Standard,1.5898026534676721,9.39657998,9.70929862,-0.7193428528923027,-0.8310057632007881
31516xxxxxx91,Chocolate Lily,ExpertPlus,Standard,1.89007958705625,10.3358995,10.0383147,-1.05199101488328,-0.757056766332695
3180bxx51,Fresh,Hard,Standard,-2.2913348444859913,2.11913853,2.37472329,0.8836880400370513,0.7772761839284676
3180bxx71,Fresh,Expert,Standard,-3.559747036790299,2.2688872,2.59985869,-0.48830735223371446,-0.6455910466418264
3180bxx91,Fresh,ExpertPlus,Standard,-3.130542025656871,2.25029497,2.58435419,-0.04602752374842378,-0.20551399785834334
31a2d91,Cupid,ExpertPlus,Standard,-1.7246493948105,3.66017074,4.67224056,0.2791130450420376,-0.3966772391659832
31cb1x31,The Dumb Song,Normal,Standard,-3.557820507142958,1.9900354,1.63192264,-0.2970918645738041,-0.06121773188012902
31cb1x51,The Dumb Song,Hard,Standard,-3.627211913417287,1.7452139,1.80968429,-0.21580790497350533,-0.21711391787750056
31cb1x71,The Dumb Song,Expert,Standard,-2.523557289344765,3.55228605,3.31959192,-0.4338619186496895,-0.1400822275491458
31cb1x91,The Dumb Song,ExpertPlus,Standard,-1.300762745981602,5.25017691,5.60013709,-0.5611306857470106,-0.6987870420086906
31d13xxxxxxx51,Luminency,Hard,Standard,-0.53620162495757,5.79583841,5.5005426,-0.2216241761906349,0.14321390934906642
31d13xxxxxxx71,Luminency,Expert,Standard,2.5443135795629246,9.97740483,8.86851953,-0.15855738503795758,0.7123755015725135
31d13xxxxxxx91,Luminency,ExpertPlus,Standard,4.531258438833691,11.5220152,12.428998,0.8176035493828251,0.3052608715730054
31fbd91,Sequence Breaker,ExpertPlus,Standard,1.2444777841435848,7.46318882,10.4586027,0.3039992673323011,-1.6884831482733926
32266x71,We Won't Be Alone,Expert,Standard,-3.7308812907901903,2.0386324,1.8487592,-0.5019781156140484,-0.3414712392711463
32266x91,We Won't Be Alone,ExpertPlus,Standard,-1.8309427637198739,4.63342743,4.43115476,-0.6039745185427159,-0.313371100536608
3232c91,Oubliette,ExpertPlus,Standard,0.4880012475023986,5.65433098,6.39321561,0.9121873151088006,0.47923435031142814
32331,Future Overture (Short ver.18),Normal,Standard,-3.746636660394144,1.24142676,1.45039935,-0.10334601252543596,-0.17733432297399299
3248991,bedroom community,ExpertPlus,Standard,-1.8604207276804228,4.02137877,3.57883444,-0.14515350167026697,0.323816938753972
325e5xx71,Mama,Expert,Standard,-2.4789524403078946,2.77741476,2.83662594,0.21749743616793316,0.2656324357411908
32604xxx71,Retaliation,Expert,Standard,-1.3522145189635173,6.6653924,6.92200274,-1.7007793589697384,-1.7615197270710905
32604xxx91,Retaliation,ExpertPlus,Standard,1.8095944905944312,8.02120564,9.85979035,0.4646382271523264,-0.715019300924294
3269311,The Phoenix,Easy,Standard,-2.5061642448760035,0.981500906,0.870843579,1.1849794035638443,1.1184228425830853
3269331,The Phoenix,Normal,Standard,-3.1368945535360186,1.00860452,1.01303645,0.5526852868403616,0.5086505248073081
3269351,The Phoenix,Hard,Standard,-3.173616539636569,1.64017786,1.65580156,0.2963960869637283,0.3121601285401252
3269371,The Phoenix,Expert,Standard,-3.5937814896089053,2.76206037,2.38081865,-0.8856272904704694,-0.5292468148315885
3269391,The Phoenix,ExpertPlus,Standard,-2.3331841257436965,3.56753925,4.08915339,-0.25562748280708547,-0.5469127853588551
3269392,The Phoenix,ExpertPlus,OneSaber,-2.633724051956353,2.0395321,4.28087183,0.5945847682035006,-0.9979942579228567
326d4xxx91,Glooorious!!,ExpertPlus,Standard,2.5666195016447846,10.6319224,9.6431528,-0.5708292877972787,0.19158866725449242
32788x71,Algorithm,Expert,Standard,-1.2160356641231054,3.25129623,3.62500096,1.1121392161784043,0.932458272671145
32788x91,Algorithm,ExpertPlus,Standard,-0.566504457033768,4.84924789,5.47241375,0.4892188141919801,0.1348088419537129
327f691,You & DIE,ExpertPlus,Standard,1.1447134602397961,6.51197964,7.87531718,0.911804063142853,0.028282254282411712
327f7x91,Bocca Della Verita,ExpertPlus,Standard,0.17970987239085606,5.10498614,6.57605886,1.033473853580339,0.03180221586302706
32b80xxx91,World's end loneliness,ExpertPlus,Standard,1.4346917726111923,9.54732272,8.32510337,-0.9773843987551887,-0.008458896246810177
32bbdxx91,Fear & Delight,ExpertPlus,Standard,-1.7941230860005126,3.10322204,3.53929931,0.650338007010171,0.4206681351416972
32c29xxx51,Future Candy,Hard,Standard,-2.6398701735903507,2.55804579,2.18956778,0.22186870046616258,0.5492328844118739
32c29xxx71,Future Candy,Expert,Standard,-0.9015573632024534,5.01921452,4.70831062,0.01981486478804495,0.398058202777547
32c29xxx91,Future Candy,ExpertPlus,Standard,-0.4549537917388053,6.01438496,6.04263927,-0.3087540903693195,-0.19512758671787406
32cd991,THE BADDEST,ExpertPlus,Standard,-2.6362473852584722,3.53712587,3.26055532,-0.5344912833797677,-0.20782343327719266
32d411,MariannE (Lanota Edit),Easy,Standard,-3.531544438162929,0.410309657,0.450246137,-0.14539091187373332,-0.20764739577771918
32d431,MariannE (Lanota Edit),Normal,Standard,-3.9790490862781907,0.534636095,0.55604764,-0.45076428673247504,-0.5363171408483289
32d451,MariannE (Lanota Edit),Hard,Standard,-3.471121162374125,1.58176201,1.54111761,0.02956411357960187,0.06409110949072305
32d471,MariannE (Lanota Edit),Expert,Standard,-3.3021956093798353,2.87738985,2.95791732,-0.6823765226656024,-0.6466767701647274
32d491,MariannE (Lanota Edit),ExpertPlus,Standard,-0.3832759383810733,6.57540887,6.48676362,-0.6640746500975514,-0.4633145234861742
32d62x91,BUCHiGiRE Berserker,ExpertPlus,Standard,3.86375991358525,11.6414127,12.0730966,0.07406141614973061,-0.13420102388206923
32db1xx91,Comet Coaster,ExpertPlus,Standard,2.110994830621808,9.12824268,8.8458144,-0.013607609374688856,0.2951715012013407
32e4cxx51,Unicorn,Hard,Standard,-3.0439011261145064,1.19845647,1.19262912,0.6117953967152832,0.5914948791386516
32e4cxx71,Unicorn,Expert,Standard,-2.2617083973346186,2.86887014,3.01404865,0.36466800361057805,0.35217324776112724
32e4cxx91,Unicorn,ExpertPlus,Standard,-1.9211333650001041,3.2453804,3.62809982,0.41170320209342304,0.22495892897652414
32eb5xxxx71,Blue Dragon,Expert,Standard,-2.4511602618326207,2.53327977,3.15638322,0.4289465239386363,0.056108876323905044
32eb5xxxx91,Blue Dragon,ExpertPlus,Standard,-0.922068067415548,3.46134208,4.59699754,1.2399128346668329,0.46506996264684075
33219xx71,Bubble Tea (A Dark Cat Orchestration),Expert,Standard,-3.651040613371664,1.37020376,1.48551975,-0.05333884673133449,-0.09436460764270205
33219xx91,Bubble Tea (A Dark Cat Orchestration),ExpertPlus,Standard,-1.1508067106279147,3.96983492,4.28591911,0.6056620647367816,0.4809562343224918
33321xx31,Idol,Normal,Standard,-2.3375327846952287,1.77863821,1.86781373,1.0543793466584623,1.0415935127995009
33321xx51,Idol,Hard,Standard,-2.038787992271079,3.44677082,3.36241425,0.13475895678766436,0.31197444090815507
33321xx71,Idol,Expert,Standard,-0.6823639537863669,5.08099932,4.76904725,0.1902938545871663,0.5695158288948171
33321xx91,Idol,ExpertPlus,Standard,-0.4885578088686478,4.55415435,5.17675181,0.8014689412601808,0.44355627986751983
33424x91,Okaeri,ExpertPlus,Standard,2.433107972192755,10.7917463,9.17688261,-0.8090363281682125,0.38342427616863617
33497xxxx91,Overdose,ExpertPlus,Standard,-2.7020870196397495,3.37817808,3.67490187,-0.47416103321967595,-0.592301430848444
334e3x91,Black Apple,ExpertPlus,Standard,5.13619779840295,11.1062352,11.7977433,1.689631964050189,1.316290176754641
33514xxx91,Hito wo Kidoru,ExpertPlus,Standard,0.8033108416520072,5.98634411,7.02328816,0.9710519443956371,0.3179463024864113
3354bx51,Losing My Religion,Hard,Standard,-3.5729413637430554,0.869863231,0.845184668,0.11399382860426366,0.044516094846090315
3354bx91,Losing My Religion,ExpertPlus,Standard,-1.8419415118704199,2.86760552,3.21353365,0.7854078134013591,0.622149772506148
33606x91,What We Lost,ExpertPlus,Standard,0.9822573380230452,8.40934433,9.3032094,-0.6394593776026972,-1.1560344712548476
3361371,May,Expert,Standard,-3.3755466185608713,1.6154916,1.59198008,0.10760728142207077,0.13855431215773395
3361391,May,ExpertPlus,Standard,-2.6838713438573,3.79623178,3.96527906,-0.7886856377502798,-0.8005379520595304
33698xx51,Need Your Love,Hard,Standard,-3.523200859034121,3.24243238,3.22729271,-1.1880416959092024,-1.0695334128900083
33698xx71,Need Your Love,Expert,Standard,-2.209439270426207,4.80494038,4.99425936,-1.1186156153657105,-1.1343685533377834
33698xx91,Need Your Love,ExpertPlus,Standard,1.5401446024893735,10.299413,9.75086996,-1.3777115709436678,-0.9093865866160911
33705xxxxxx91,999,ExpertPlus,Standard,6.0104347995493566,16.6974613,15.3627593,-0.7624243025756421,-0.011166747813252442
3377e91,HITTIT,ExpertPlus,Standard,2.522501326499569,4.18862893,6.81635097,4.1040980335021935,2.1927643732334974
338afxx71,Feral,Expert,Standard,3.6401305822569485,11.0437975,12.5035641,0.2339837739938333,-0.6333475509676605
338afxx91,Feral,ExpertPlus,Standard,6.360560191283836,13.1515013,16.520106,1.633177305282512,-0.33165129973341223
338f8xx91,I Will Fuck You Up Loli,ExpertPlus,Standard,4.772901482811911,12.6645602,12.3548765,0.343133194828261,0.5942024955800216
33aa2xxx71,Megaburn,Expert,Standard,-1.1957162192948039,5.24662558,5.71616937,-0.4532973746916864,-0.6837712167952994
33aa2xxx91,Megaburn,ExpertPlus,Standard,0.9671473005504498,6.04580355,7.99738266,1.089232885671967,-0.23839205769211147
33b46xx71,dumb dumb,Expert,Standard,-2.2372086645786635,2.55918115,2.94782451,0.6236865801066935,0.4257700819345005
33b46xx91,dumb dumb,ExpertPlus,Standard,-3.901984218337616,3.28855389,3.11352319,-1.603195345219528,-1.3624667603181555
33bd7xxxx11,let you,Easy,Standard,-2.313718379002156,0.369108728,0.381140635,1.012236512812477,0.9145164918869004
33bd7xxxx31,let you,Normal,Standard,-2.849141727786604,0.597617788,0.517534728,0.7307572912668605,0.5542459245709619
33bd7xxxx51,let you,Hard,Standard,-3.3375795099283465,1.68943584,1.59470308,0.10547062156020504,0.17535353546016363
33bd7xxxx71,let you,Expert,Standard,-0.5893159769047406,4.09770739,4.80997299,1.0649395635610315,0.6304088791889414
33bd7xxxx91,let you,ExpertPlus,Standard,-0.3487878155232875,5.13184936,7.205656,0.48382929466990343,-0.9705493617404326
33ce6xx11,Xronièr,Easy,Standard,-2.6138383524786724,2.82206226,2.60653192,0.048476867216611375,0.29562857529881725
33ce6xx31,Xronièr,Normal,Standard,-2.5567869908923786,3.50296291,3.52119993,-0.4278678089816603,-0.3280264215196098
33ce6xx51,Xronièr,Hard,Standard,-1.6173627956352612,5.78523863,5.19447606,-1.2945907043542828,-0.6991147221954739
33ce6xx71,Xronièr,Expert,Standard,0.03916556823825094,7.62994984,7.91579724,-1.0230092436295275,-1.106852598016996
33ce6xx91,Xronièr,ExpertPlus,Standard,4.334955288566326,10.7106304,10.9244562,1.1458787581585352,1.0894090932317204
33d6bxxxx51,ULTRA SYNERGY MATRIX,Hard,Standard,-4.4277184369993945,1.4461147,1.462846,-0.8620170394515858,-0.862805004114727
33d6bxxxx71,ULTRA SYNERGY MATRIX,Expert,Standard,-3.116747776930415,3.19988861,2.80289386,-0.7481049839682705,-0.3476343523268022
33d6bxxxx91,ULTRA SYNERGY MATRIX,ExpertPlus,Standard,-0.8147253070199973,4.62138028,5.00707845,0.42182091502460817,0.25029309108863473
33d77xx91,GET GET DOWN,ExpertPlus,Standard,0.2533363338866593,3.72475323,4.99425936,2.205584413414991,1.3284070509750827
340c0xxxxx71,TremENDouS,Expert,Standard,2.1305371854431865,10.3061723,10.3873522,-0.7918070452501218,-0.7542254747069461
340c0xxxxx91,TremENDouS,ExpertPlus,Standard,4.987856089958757,11.6102773,13.4225561,1.2179597065391703,0.13740318852471578
342f5x71,Glide,Expert,Standard,-2.8096224044055296,2.37103691,1.86781373,0.18902186772907337,0.5695038930892
342f5x91,Glide,ExpertPlus,Standard,-2.7488288683017017,3.46806557,3.21078888,-0.5921863526816344,-0.2826594499673587
34387xxx91,Shiawase,ExpertPlus,Standard,-0.8229473002427261,4.35879712,4.52683275,0.6227733654123953,0.619373602432223
343a2xxx91,sheaskedifilikespeedcore,ExpertPlus,Standard,4.583703623590374,12.6950199,11.8685223,0.1351892300090185,0.7178907981133151
343cex91,Devil Inside Me,ExpertPlus,Standard,-0.9372745567469629,3.86984107,4.57348927,0.8991097589586632,0.46835142105952277
343efxxx91,VIVIDVELOCITY,ExpertPlus,Standard,1.9419323447986998,9.66035075,10.9524968,-0.546976666060341,-1.3222893481824576
3442cxxx71,Villain Virus,Expert,Standard,2.0937160626002713,9.6878693,11.0182048,-0.4138546358652415,-1.2142067542231012
3442cxxx91,Villain Virus,ExpertPlus,Standard,4.746817292586549,10.0135654,13.5957055,2.0196884483078716,-0.2106857886173259
344bcxxx91,Utakata no Sekai de,ExpertPlus,Standard,1.7109290770642003,6.97813836,8.40372338,1.1284144194133232,0.21112790186107522
345b9xx91,GALAXY BURST,ExpertPlus,Standard,4.336030108076047,12.6192586,12.8063292,-0.06582545638665316,-0.12919736747480215
349aexxxx51,Heart Shaker,Hard,Standard,-4.58547542938771,1.45855825,1.43928793,-1.0253400332304934,-1.0123365483074536
349aexxxx71,Heart Shaker,Expert,Standard,-2.7293678919694857,3.10413798,3.19436944,-0.2856233392374463,-0.2507760670444674
349aexxxx91,Heart Shaker,ExpertPlus,Standard,-1.5722358255086133,4.74511257,5.20780906,-0.43396928756569086,-0.6644160839891502
34bd4x91,5 minutes of Billie Eilish,ExpertPlus,Standard,-1.9031333044767458,5.17908649,4.52296626,-1.1076686537301248,-0.45777136448890166
34e1091,Moonfall,ExpertPlus,Standard,-0.12367734201925784,5.57591591,6.75258144,0.3614399168571565,-0.40527564919658876
34f56xx91,Secret Lie,ExpertPlus,Standard,1.0400242503118413,7.12725876,7.40540414,0.3468270999849641,0.2696878222688581
34f5axxx71,brokenboys&bitterbitches,Expert,Standard,-2.186925744080077,2.44708587,2.76956292,0.7565640037879575,0.6063126030056223
34f5axxx91,brokenboys&bitterbitches,ExpertPlus,Standard,-1.7647297120642427,2.79864616,3.66236261,0.9155063373134773,0.3547894616403693
35046xxx91,Song of the Dead,ExpertPlus,Standard,-1.0400485890746407,4.54176418,5.30210323,0.25984086781380134,-0.2059211037261579
35062x92,Spin Eternally,ExpertPlus,OneSaber,1.1316662903322765,4.09063985,8.94172885,2.791570770004019,-0.7521547432738775
35208xxxx91,Childchewer,ExpertPlus,Standard,4.29252074109635,12.5632386,11.0182048,-0.07476430328285133,0.9845979242729777
352b0xx91,Bruises,ExpertPlus,Standard,-1.7876848494614672,3.37276366,3.80918441,0.4445285580442355,0.2176063324310984
35340xxx91,NOOT NOOT,ExpertPlus,Standard,0.07336711676083008,4.87266603,5.12394111,1.1105510147884234,1.0468163172893465
35469xxx91,Desperate,ExpertPlus,Standard,-1.2671245158297395,4.02154713,4.8388298,0.4480081299746306,-0.07006630399749114
3547axx91,mr. sunshine,ExpertPlus,Standard,-2.107286646455517,2.90091924,2.62889996,0.49439827299386074,0.7864213346232174
355d3xx71,Night Market,Expert,Standard,-4.158659303432251,1.3922731,1.23620832,-0.5699016983677359,-0.5306920285631409
355e0xx91,Birds of Plague,ExpertPlus,Standard,1.9315294694075058,6.44942088,7.6760009,1.745949872286294,0.9613049745349722
35651xxxx91,Onus Regulus,ExpertPlus,Standard,4.035721393643949,10.9821384,11.7173697,0.6695700602334811,0.26805746761158344
3574c91,Burning Candles,ExpertPlus,Standard,-0.9284097154437765,2.91769902,3.81244072,1.6603216188676182,1.0743421761647811
35829xx11,What is Love?,Easy,Standard,-2.5663619916620055,0.753783203,0.664771147,1.0945117090062397,0.9650592059519245
35829xx31,What is Love?,Normal,Standard,-3.459389534440938,1.43801257,1.20389199,0.10988924473769268,0.1742528490283619
35829xx51,What is Love?,Hard,Standard,-4.486425787539119,1.74619778,1.68002989,-1.075590050453569,-1.0119012425055156
35829xx71,What is Love?,Expert,Standard,-2.468508462662351,2.7104849,2.52973194,0.2788230439297634,0.4945629268372107
35829xx91,What is Love?,ExpertPlus,Standard,-1.1399265478465945,4.31760354,4.05436075,0.33866864349702275,0.6736268740827411
3598fxx91,Deck The Halls,ExpertPlus,Standard,4.995666954069235,13.5484306,13.4685125,0.02888552523017207,0.11675107651839145
35a61xxxxxxxxx51,Lapin Beast,Hard,Standard,-0.061703099918447295,6.86699763,5.78990725,-0.5613604171204786,0.3931394743897277
35a61xxxxxxxxx71,Lapin Beast,Expert,Standard,1.9057323581056762,8.4186487,7.90228082,0.2774268457918292,0.769589355885373
35a61xxxxxxxxx91,Lapin Beast,ExpertPlus,Standard,3.553129474019301,8.9463132,10.684426,1.554614548245171,0.4680933318894631
35ac0x51,Forget Me,Hard,Standard,-2.995024770568763,2.22444663,2.65145995,0.10757148874259359,-0.11727453755625827
35ac0x71,Forget Me,Expert,Standard,-1.3943601767770475,5.22548318,5.52881604,-0.6353454355786843,-0.7369435273105989
35ac0x91,Forget Me,ExpertPlus,Standard,-0.5189897815340156,5.69867454,7.04733461,-0.12919981550480708,-1.0223798419906136
35b17xxxx31,Final-Boss-Chan,Normal,Standard,-2.2644584990876675,3.46045335,3.15908147,-0.10177202710341948,0.24077653927377618
35b17xxxx51,Final-Boss-Chan,Hard,Standard,-0.9101037934033321,5.09886246,4.76904725,-0.051517345908752676,0.3417759892778519
35b17xxxx71,Final-Boss-Chan,Expert,Standard,0.8994268806731313,7.74610705,6.88072273,-0.24710161713109013,0.521182559266597
35b17xxxx72,Final-Boss-Chan,Expert,OneSaber,-1.1219018863059012,2.73799617,5.01401877,1.6045586663440317,-0.062325258072965406
35b17xxxx91,Final-Boss-Chan,ExpertPlus,Standard,2.7318344003131356,10.1564936,9.0059794,-0.09088877801250073,0.8025757140909984
35b17xxxx92,Final-Boss-Chan,ExpertPlus,OneSaber,3.7995225977436182,5.37315142,9.21319025,4.44281023326891,1.724336687875951
35ba6xxxxxx11,message within the rift,Easy,Standard,-2.757158722620892,3.04444483,3.19164104,-0.26679758545676924,-0.27650421704570904
35ba6xxxxxx31,message within the rift,Normal,Standard,-0.9567115129536362,5.10587311,6.28488487,-0.1036459731338194,-0.8827301336978114
35ba6xxxxxx51,message within the rift,Hard,Standard,0.9621603003211168,6.14418003,6.96948322,1.0088930200516484,0.5171730645687695
35ba6xxxxxx71,message within the rift,Expert,Standard,1.9821666844100279,6.14692606,8.41809749,2.026799370231612,0.47202281569536075
35ba6xxxxxx91,message within the rift,ExpertPlus,Standard,1.8861981146597215,6.21031814,7.94968953,1.8824020719414025,0.7154357803046869
35be7xx71,Show,Expert,Standard,-0.9943843865646111,3.90442021,4.56178025,0.81436764947098,0.42045040754913554
35be7xx91,Show,ExpertPlus,Standard,1.2458756775329825,7.82778008,7.74187276,0.04023892316595079,0.22723480851216094
35d5bx71,Yuck,Expert,Standard,-3.0927345279697063,2.60463078,2.62441105,-0.2657205331956938,-0.19585888492338066
35f5871,Haru Hisagi,Expert,Standard,-1.3209350947487983,2.68561276,2.82936363,1.4452101705859774,1.4289400057826598
35f5891,Haru Hisagi,ExpertPlus,Standard,-1.335186357556823,4.33683028,4.58522834,0.1280633063316654,0.0612073748647699
360b91,Mare Maris,ExpertPlus,Standard,1.0809420552831595,5.76676135,6.97544113,1.4180049799227497,0.6314807553962913
360cexx71,Target For Love,Expert,Standard,0.18712817269211263,5.62311273,5.50995098,0.6355556437071774,0.8592219893966955
360cexx91,Target For Love,ExpertPlus,Standard,3.1896584742637053,10.9243373,10.3077754,-0.1389269773035786,0.3588499742647575
360f91,Again,ExpertPlus,Standard,-0.16024272954607843,5.07519159,5.9504094,0.7169912690445517,0.17062218913737448
362c5xx91,Data Loss,ExpertPlus,Standard,1.03234298653313,6.87871509,9.16121286,0.5239354327752765,-1.006325580240799
362f1xx91,GiveMe!Kid'sMeal!,ExpertPlus,Standard,0.7204620681458367,9.11323151,8.40372338,-1.393766583058677,-0.7793391070572884
3639dxxx91,HeaveИ's Rain,ExpertPlus,Standard,2.9181332363427477,10.1399116,10.0726841,0.106477122273815,0.2474856077237062
36520x51,ICKY,Hard,Standard,-3.6942877454202807,1.11353872,1.04111886,-0.018879449004231663,-0.04790289918318402
36520x71,ICKY,Expert,Standard,-3.641340564978872,2.12997148,2.45309778,-0.47367080040689524,-0.6256188220086711
36520x91,ICKY,ExpertPlus,Standard,-0.940606269931286,3.06185132,4.3523498,1.5361789848664333,0.6389348528354009
367d0xxx91,orchids,ExpertPlus,Standard,-2.8617861611182733,2.43277044,1.87420878,0.09214358890451413,0.5138608433537959
36844xxxxx92,OPEN YOUR 3RD EYE,ExpertPlus,OneSaber,1.4429098678491215,4.14719703,7.64080062,3.0576129162333228,0.4985969294669055
36870xxxx71,DEADMAN'S BALLAD,Expert,Standard,-1.5592983190647518,6.01279895,4.83056737,-1.4118807170182863,-0.3557506005204665
36870xxxx91,DEADMAN'S BALLAD,ExpertPlus,Standard,3.3135750069279286,10.9554755,10.5123612,-0.03525645570750191,0.34431737158836606
36962x91,HEARTBEAT,ExpertPlus,Standard,-0.5924284687524807,3.5281713,4.57348927,1.5164495443039496,0.813197509054005
3697axxxx91,Following the Waving Wings -Last Plaudits-,ExpertPlus,Standard,4.292420185191414,9.48475912,11.5681421,1.9229997780588595,0.6220840284394549
369a0xxx71,Beyond the Geostationary Orbit Level,Expert,Standard,0.27170207095053706,7.33720084,6.33881882,-0.5763695811475997,0.3044576381649093
369a0xxx91,Beyond the Geostationary Orbit Level,ExpertPlus,Standard,3.916112245000531,11.8218498,10.6388746,0.012040011296160724,0.861668008842289
36a10x91,Queen Aluett,ExpertPlus,Standard,2.2794075613306854,10.8730751,9.58564497,-1.015802480988568,-0.05574813567730619
36a3bxxx51,Deutschland,Hard,Standard,-2.935476998914419,2.29857298,2.14695561,0.11497103728731073,0.2803449883032316
36a3bxxx71,Deutschland,Expert,Standard,-2.300776630191515,3.39131532,3.55445318,-0.08325658336190811,-0.09769029102981497
36a3bxxx91,Deutschland,ExpertPlus,Standard,-0.1398225303013667,3.68275405,5.11956461,1.8459316098608989,0.8370534979353128
36ac4x91,me & u ,ExpertPlus,Standard,2.8181035091560926,9.59624235,9.60204069,0.3727371537554385,0.4715720638805392
36ae7x11,Slow Down,Easy,Standard,-3.6302357020385494,0.547365334,0.450246137,-0.09050584600956846,-0.30633865965333973
36ae7x31,Slow Down,Normal,Standard,-3.5699986454197727,1.05404137,0.963230222,0.11495555023382265,0.0715302039625918
36ae7x51,Slow Down,Hard,Standard,-3.3764905399445744,1.62802741,1.55700138,0.10002213648036751,0.15227497353702013
36ae7x71,Slow Down,Expert,Standard,-3.336261461772787,2.84509838,2.48049968,-0.6916144192722711,-0.339264319186535
36ae7x91,Slow Down,ExpertPlus,Standard,-0.853769866860047,6.14326064,4.62457663,-0.8063340006035368,0.5116801459034171
36afcxx91,No Pity for a Coward,ExpertPlus,Standard,2.215429868273729,11.1462354,9.48785688,-1.256987146624899,-0.051758867954445176
36b62xx71,Boy kisser,Expert,Standard,-3.6998788072225697,2.16288428,1.78969284,-0.5546903904543203,-0.2794125262223712
36b8fxx71,Dual Fractal,Expert,Standard,-1.524719154995156,4.30056429,4.80586466,-0.03252208229295217,-0.3017668524877566
36b8fxx91,Dual Fractal,ExpertPlus,Standard,1.2312050355315334,5.70817479,7.69570339,1.6136316417370096,0.24648905443436986
36bce91,Accelerate,ExpertPlus,Standard,4.237177196423051,10.4133368,11.4403496,1.2438121255975623,0.6505300920980912
36c09xx91,Virus Funk,ExpertPlus,Standard,0.8206151286895144,7.27138198,8.69592525,0.02097827528987628,-0.8885428204960805
36c8cxxxx91,Say It Back,ExpertPlus,Standard,2.5113721137331098,7.39521548,7.21181581,1.6206993813767112,1.885015952301352
36cbb91,(execute.),ExpertPlus,Standard,2.847085868791895,7.19433125,9.0059794,2.104288204772191,0.9178271825697579
36cf0x11,Teo,Easy,Standard,-2.7923962767325237,0.496913376,0.520194918,0.6987479421171789,0.6138507506459794
36cf0x31,Teo,Normal,Standard,-3.1851706306460708,1.79514386,1.8519214,0.1969776331023736,0.20254147380689247
36cf0x51,Teo,Hard,Standard,-2.3143128435441462,3.68490733,3.5031931,-0.33027607740814524,-0.0716661853777083
36cf0x71,Teo,Expert,Standard,-1.2021562972371507,5.70234868,5.63373438,-0.8152142877923356,-0.6262706500919426
36cf0x91,Teo,ExpertPlus,Standard,-0.1910311061777541,6.13119172,7.46257443,-0.13436308468824643,-1.0037320933332723
36f55xx91,My My My,ExpertPlus,Standard,1.8589136251395124,7.09462825,8.28253019,1.18988802652001,0.44649639951770315
36fb2xxxx71,Come to Life,Expert,Standard,-0.529662733618043,5.40133716,6.03232132,0.09158617611135866,-0.2618968313688296
36fb2xxxx91,Come to Life,ExpertPlus,Standard,3.019026389049974,7.42980368,9.3032094,2.10299543217748,0.8807345797720809
3705exxx91,+ERABY+E CONNEC+10N,ExpertPlus,Standard,1.8256441745452487,8.15050798,9.18472754,0.38807500237456005,-0.22955215730187883
37090x11,Notion,Easy,Standard,-3.265358463306913,0.231883005,0.175588645,-0.1762907309361026,-0.2899926291390167
3712dxxx31,Friendly Gigant Fire,Normal,Standard,-3.8947378824974512,2.07350821,1.83146336,-0.6890058552629301,-0.4961030729835243
3712dxxx51,Friendly Gigant Fire,Hard,Standard,-0.23691644572795656,4.87732926,4.48448252,0.7965767739935986,1.2387135140525625
3712dxxx71,Friendly Gigant Fire,Expert,Standard,1.8743645244167033,7.13263466,8.59986199,1.1771876738559008,0.23382688845849398
3712dxxx91,Friendly Gigant Fire,ExpertPlus,Standard,1.9954824860503964,7.41346927,9.34304203,1.0914232835874853,-0.17067730901006017
3717351,Anytime Anywhere,Hard,Standard,-3.9027352392885883,1.74127762,1.4703652,-0.48906110303743544,-0.34051923288051356
3717371,Anytime Anywhere,Expert,Standard,-2.2298640626174953,2.74287052,3.34807911,0.49289216731652763,0.13185896314931167
3725ax71,Konton Boogie,Expert,Standard,-3.330728839886343,2.5028284,2.9202465,-0.4281304844847398,-0.6474096794164654
3725ax91,Konton Boogie,ExpertPlus,Standard,-2.81915558102981,3.78763876,3.99247832,-0.9171077497205862,-0.9571161366968304
3730dxx91,Hours,ExpertPlus,Standard,-2.9588347815171065,3.21003819,2.66281245,-0.5981741232379973,-0.08913827668188068
3730dxx92,Hours,ExpertPlus,OneSaber,-2.1340645899494763,2.15299322,4.2191358,1.0179019314306759,-0.4498265134987349
3731fx91,SCREW // owo // SCREW,ExpertPlus,Standard,3.8421469344019368,11.6728051,11.6375436,0.03250269566718744,0.12649317083585077
37483x71,Moon Halo,Expert,Standard,-2.065600022484297,3.48143352,4.08566073,0.08042561270165027,-0.27658933163038024
37483x91,Moon Halo,ExpertPlus,Standard,-1.119210119768958,4.24253857,5.35675019,0.4193215238240715,-0.32773998184189224
3755ex91,Mushussu,ExpertPlus,Standard,4.443459976078173,8.30698966,9.88509812,2.89436522175362,1.901436519418556
376dex91,crystallized,ExpertPlus,Standard,0.3321635484449613,8.93733413,6.86310675,-1.660107912377426,-0.032814853783604936
37762x51,Guinea Pig Olympics,Hard,Standard,-3.3635436440819495,2.62657853,2.51894681,-0.5529652291195037,-0.3930099489502279
37762x71,Guinea Pig Olympics,Expert,Standard,-3.1273578086460834,3.11791369,3.28572705,-0.694394496993243,-0.7180768676152658
37762x91,Guinea Pig Olympics,ExpertPlus,Standard,-0.9615431817160195,4.82671869,5.55248822,0.11202389830875858,-0.3225363236313129
379e9xxxxxx91,Future Dash,ExpertPlus,Standard,-0.08980910118683036,5.37851433,6.57605886,0.5492839536311424,-0.23771675771465936
37a4ax51,Cold-Blooded,Hard,Standard,-4.111243868357429,1.5358332,1.52800498,-0.5875183887786304,-0.5708127386165089
37a4ax71,Cold-Blooded,Expert,Standard,-2.247262778515853,1.82139695,2.02230185,1.119174216661317,1.0441879330812323
37a4ax91,Cold-Blooded,ExpertPlus,Standard,-1.8242709710265657,2.48522589,3.3970695,1.0912802657665575,0.4999551334155803
37af0x91,Possessed by the Blood Moon,ExpertPlus,Standard,3.9146958244924366,12.8397458,10.3254062,-0.6226510277012669,1.0719221415939861
37c1dxx91,Affiliate Requiem,ExpertPlus,Standard,3.858757054173978,10.6959686,11.518823,0.6792876686319569,0.2206816321608156
37d44x51,Coin,Hard,Standard,-3.766797631737782,2.20719767,1.76539089,-0.6521990660432295,-0.33393220936624335
37d44x71,Coin,Expert,Standard,-3.275052147295253,2.7812632,3.19983324,-0.5815386940915701,-0.8005922991155359
37d4bx91,Odo,ExpertPlus,Standard,0.6840995602005346,6.4269625,7.19335216,0.5155347933597527,0.07151791786606632
37e07xxx71,R U Still xxxx?,Expert,Standard,-1.8293738762856364,4.31393006,4.15253426,-0.34784644095169615,-0.09283566180199632
37e07xxx72,R U Still xxxx?,Expert,OneSaber,-0.6766359359713745,3.12519273,5.39174769,1.7506272417909845,0.08753548798018795
37e07xxx91,R U Still xxxx?,ExpertPlus,Standard,1.586527377043295,7.71404324,7.7816669,0.46324981360093265,0.5386836838350559
37e07xxx92,R U Still xxxx?,ExpertPlus,OneSaber,2.5821155668682096,4.13082906,7.99479318,4.209899237443844,1.3784631257989357
37e08xx91,Did I Mention,ExpertPlus,Standard,-0.7855673729592215,3.69937104,4.54621484,1.1869323394813147,0.6415094379198197
37e81xxxx91,TeraVolt,ExpertPlus,Standard,1.3305298936972803,6.75852816,6.97544113,0.9120380482975532,0.8810685938104121
37eaaxxx51,Warzone,Hard,Standard,-2.1393453145994124,2.57727308,2.86831198,0.7080884207991529,0.5820993696214107
37eaaxxx71,Warzone,Expert,Standard,-1.1461108563708151,4.18556951,4.78946641,0.43793025348855896,0.08972464670028235
37eaaxxx91,Warzone,ExpertPlus,Standard,0.9267977082526956,5.08339729,6.15204913,1.7975662200649363,1.1025520198026926
37fa9xxx11,Affiliate Requiem,Easy,Standard,-2.272368975532486,3.7754719,3.58189383,-0.3606060038533341,-0.09049787017010047
37fa9xxx31,Affiliate Requiem,Normal,Standard,-0.7580893564450999,5.18641294,5.57149893,0.031616770757810775,-0.133861081040348
37fa9xxx51,Affiliate Requiem,Hard,Standard,2.458613525269588,10.1925692,11.4013136,-0.38816585543381255,-1.1024063961180328
37fa9xxx71,Affiliate Requiem,Expert,Standard,2.6486724594305464,10.9858792,11.1127579,-0.7199076469125685,-0.7219850865188255
37fa9xxx91,Affiliate Requiem,ExpertPlus,Standard,3.8508400543662447,11.4646083,13.3653311,0.17385050600470864,-0.9641196632317062
3806axx91,Mariah Carey Fucking Dies In A Multigenre Death Loop,ExpertPlus,Standard,1.4724117381646151,9.78189764,10.4229166,-1.0987932165119247,-1.4364219254211676
38251,Telephone Awoo,Hard,Standard,-3.4220102350828716,3.30589618,2.99095822,-1.1369148521085681,-0.7909705742583091
382fax91,Kiss Me Like The World Is Ending,ExpertPlus,Standard,-0.7024471830704475,5.38122577,5.44908295,-0.06547464546747639,0.0170371634854547
3832ex91,Loansharks,ExpertPlus,Standard,0.12770047346120794,4.04985716,5.5005426,1.8202033680984628,0.8071160077678443
3838axxx92,Lace It,ExpertPlus,OneSaber,1.1061059469491015,3.07730176,6.77350713,3.5708286582641113,0.8087018565576043
383f1xxx91,21st Century Humor But It's A Rave Song 2,ExpertPlus,Standard,-0.1374622942369037,5.7291737,5.96058725,0.22869589284963543,0.18555587455627243
38419x11,Scream,Easy,Standard,-3.570678141758334,1.17009415,1.06269037,0.09234254974734402,0.07569427778626103
38419x31,Scream,Normal,Standard,-4.42244359778753,1.79807427,1.87581096,-1.0420381178082425,-1.0476704433940727
38419x51,Scream,Hard,Standard,-3.669006359506553,1.93558543,1.91631368,-0.3733028075438356,-0.31660610026781155
38419x71,Scream,Expert,Standard,-3.031889998560331,2.56922953,2.72729058,-0.17846713863070107,-0.20822275728807949
38419x72,Scream,Expert,OneSaber,-3.5286849565628464,2.17344168,3.27625379,-0.3907516364663537,-1.112195703778231
38419x91,Scream,ExpertPlus,Standard,-1.822828178032752,4.23436105,3.70327239,-0.27776499806933996,0.2649186752024244
38419x92,Scream,ExpertPlus,OneSaber,-1.7554626318163735,2.72894243,4.74717756,0.9778732945128232,-0.4863964269233154
38606xxx91,SUPER EMULATOR,ExpertPlus,Standard,6.2308308401312,14.7988455,13.5377423,0.5278036958349039,1.309106343893057
3861dxxxxxx72,Barracuda,Expert,OneSaber,-2.085918452476709,3.16568566,3.95384655,0.30959426249770505,-0.19363809524652043
3861dxxxxxx92,Barracuda,ExpertPlus,OneSaber,1.092057075188722,3.71521592,6.65304508,3.0519154435315325,0.88576504370611
3864bxxxxxxxxxxxxx91,So Sorry,ExpertPlus,Standard,1.6906880617090012,7.61321699,7.02328816,0.6406926615609527,1.2053235225434054
38670xxxx51,Francium,Hard,Standard,-4.2850754099575585,1.77557382,1.4703652,-0.8913604611853065,-0.7228594035494837
38670xxxx71,Francium,Expert,Standard,-3.181261080564683,2.38962796,2.58214683,-0.1960287147437456,-0.2546877936496239
38670xxxx91,Francium,ExpertPlus,Standard,-0.42016807572240067,5.52515638,6.35508908,0.10446279787006141,-0.3998380570727451
387a0xxxx91,#1f1e33,ExpertPlus,Standard,5.162333210974353,9.34803491,10.9151254,2.8864481605368604,1.9230049674278633
3881axxx91,veldt,ExpertPlus,Standard,-1.0253355541920421,3.67411061,4.87202105,0.9673117239320561,0.14565793103025326
3888491,Bad Feeling,ExpertPlus,Standard,-2.0182398655135234,2.62944259,3.28011659,0.7901903535567305,0.395310706161653
3893ax51,Hit The Road Jack,Hard,Standard,-2.7823697398225513,3.16688617,2.95286661,-0.38779937118706664,-0.12311671776773014
3898fx91,The Spoils,ExpertPlus,Standard,-3.2733463733578088,0.697729466,1.19364865,0.36529397199373115,0.3618957770362736
389bcxxx91,x=1/0,ExpertPlus,Standard,1.4888793307401862,7.25470741,7.50734518,0.7015303423861767,0.6430518776106866
38a54xx11,The Vampire,Easy,Standard,-2.918072272253818,0.990275579,0.837277647,0.772666998006291,0.6969587253918195
38a54xx31,The Vampire,Normal,Standard,-3.477002600588027,1.9031017,1.56634241,-0.16080142264329345,0.047908928528461736
38a54xx51,The Vampire,Hard,Standard,-2.0671898619486404,2.77424174,2.48262015,0.6316802303862961,0.9283534916251468
38a54xx71,The Vampire,Expert,Standard,-1.5003923879494396,4.03857347,3.81244072,0.201130125100486,0.502359503659118
38a54xx91,The Vampire,ExpertPlus,Standard,1.1764624427549535,5.06937041,6.02202098,2.058283845536275,1.4521564029361147
38a6axx91,PRAGMATISM,ExpertPlus,Standard,-2.8645873711379037,4.76098316,3.67804338,-1.7389112287556627,-0.7572410714840299
38bddxx71,Blue Bird,Expert,Standard,-2.657827963406003,1.6015219,1.55567151,0.8326474674567783,0.8714824857363732
38bddxx91,Blue Bird,ExpertPlus,Standard,-2.0356069547082085,2.98393808,3.28292063,0.5018253774042312,0.3758099126680543
38dcexx91,Othello,ExpertPlus,Standard,-0.43659045967746857,4.86517108,5.34760341,0.60652599219902,0.3620169823664183
39017xxxxxxxx71,Rumble,Expert,Standard,2.2915977260005134,7.00596308,6.4480792,1.688387980224031,2.2410107711084364
39017xxxxxxxx91,Rumble,ExpertPlus,Standard,3.5248985524255394,9.16747346,10.021174,1.3732100611569948,0.8894969690405223
3906fx91,The Illusionista of Love,ExpertPlus,Standard,0.9028049024196758,7.58879079,8.8231674,-0.12939863548129815,-0.8969337115871794
390f2xxxxxx91,golden hour,ExpertPlus,Standard,-1.958764730344661,4.48654816,3.96527906,-0.6149017672859414,-0.07543133854689144
391e7x91,Fireflies,ExpertPlus,Standard,-2.270639939842052,2.32392483,2.22160638,0.7617726636106474,0.898108182912289
3928exxxx91,I'm kidding,ExpertPlus,Standard,1.7868130040300836,8.55234702,8.65885151,0.06406462616772468,0.10411372403965102
392e6xxx71,een vliegtuig,Expert,Standard,-0.34403353448300344,6.53875779,6.1467945,-0.5971727248947223,-0.16424653874543327
392e6xxx91,een vliegtuig,ExpertPlus,Standard,3.5007388113852222,9.34962003,7.08355875,1.223766851656173,2.9702179160767925
3963ex92,heaven,ExpertPlus,OneSaber,0.6621968399953432,4.81946976,6.83747429,1.7415069749382583,0.3165328579524139
3965b51,Sweater Weather,Hard,Standard,-2.286162506049886,2.52787625,2.23493462,0.5979429435830621,0.8740531622182877
3965b71,Sweater Weather,Expert,Standard,1.9448738642849692,6.08477898,5.77015131,2.0370779932194556,2.415006668777333
3965b91,Sweater Weather,ExpertPlus,Standard,1.1299038207195826,6.85471876,6.87484572,0.6394196897291207,0.7560845275758523
39660xxxx51,Blue Youth,Hard,Standard,-1.8320036988851467,3.91231936,3.28853588,-0.029564519406127143,0.5751390715320717
39660xxxx91,Blue Youth,ExpertPlus,Standard,-0.3855097503390763,5.77366466,5.67722725,-0.05378694481454782,0.15662733473040125
397bdxx71,NextLevelNation,Expert,Standard,-3.0367899115542887,2.70881817,2.93024489,-0.2881960000088797,-0.360837731932393
397bdxx91,NextLevelNation,ExpertPlus,Standard,-1.5819541094189966,3.04066841,3.90809431,0.9113504086275159,0.3461099715177969
397e3xxx91,Möbius,ExpertPlus,Standard,1.9271584628890264,8.40599933,9.53662559,0.3078109951400012,-0.373952185751538
398fbxx91,Drenched in Air,ExpertPlus,Standard,-0.3361408963343376,6.33004663,6.54243,-0.4311382678584817,-0.4585076416315726
39984xx11,I GOT YOU ,Easy,Standard,-3.345752269368749,0.534992143,0.442238827,0.18285993760198638,-0.03223412831972805
39984xx31,I GOT YOU ,Normal,Standard,-3.516290375006697,1.35365094,1.14372457,0.08791636846034923,0.12530421522880086
39984xx51,I GOT YOU ,Hard,Standard,-4.029933878448289,1.67101544,1.77598212,-0.5766886683103687,-0.6024441715314923
39984xx71,I GOT YOU ,Expert,Standard,-4.010116709612628,2.40769608,2.52757122,-1.0379640244519965,-1.0455489679984673
39984xx91,I GOT YOU ,ExpertPlus,Standard,-2.649508300164258,3.14863279,3.42622157,-0.24061615011396098,-0.3476457692492634
39aa2xx91,Vicious [ANTi] Heroism,ExpertPlus,Standard,2.0268366583024435,8.4192083,9.85979035,0.39813493860144966,-0.4977771332162817
39aa6xxxxx91,kickstand,ExpertPlus,Standard,1.4831952563026993,5.75206292,7.19950145,1.8316318976758672,0.8660252172523006
39ba2xxx51,Dead To Me,Hard,Standard,-3.794904740997747,0.721925024,0.697950997,-0.1458122001942459,-0.24241440737820508
39ba2xxx71,Dead To Me,Expert,Standard,-3.1882070342324096,3.0547857,2.88059294,-0.7059092892075558,-0.4757561250258582
39ba2xxx91,Dead To Me,ExpertPlus,Standard,-1.8098469308910141,3.5366929,4.74871514,0.29225356192487184,-0.5419891193649635
39be5xxx71,FAR OUT,Expert,Standard,0.6954557616709867,5.16781561,6.29025755,1.4997812256364842,0.765327881774359
39be5xxx91,FAR OUT,ExpertPlus,Standard,3.01216537169858,7.31908153,7.77502037,2.1774164432873726,1.9691967943430346
39cb9xxx51,Nevxxxxerland,Hard,Standard,-3.0925936329236507,2.28399768,2.32651888,-0.03182154721079078,0.008022869526494336
39cb9xxx71,Nevxxxxerland,Expert,Standard,-0.044024836706196356,6.61012997,6.43157087,-0.3509957450245131,-0.08203446946954493
39cb9xxx91,Nevxxxxerland,ExpertPlus,Standard,5.206413470468793,12.1141755,12.207957,1.1184198174626028,1.1217668029892716
39ebbxxx92,ANOMALY,ExpertPlus,OneSaber,3.743353187081088,5.68087497,9.49289294,4.146944518803627,1.47265917672481
39ec8xxx91,Rivers Is A Vampire,ExpertPlus,Standard,-1.0082295924824185,5.75715217,5.63855042,-0.6637315930836325,-0.43608243122130985
3a02fxxxxxx91,Locals (Girls like us),ExpertPlus,Standard,-1.834715565567845,3.88682301,4.18459214,-0.011900963400879983,-0.1233468600619716
3a111xxxxxxxxxxxxxxxxx11,PISSCORD,Easy,Standard,-3.5477394027648503,2.0638505,1.64171314,-0.3355641418098658,-0.05554313959926116
3a111xxxxxxxxxxxxxxxxx31,PISSCORD,Normal,Standard,-0.28104094492022424,3.34893472,3.45857787,1.9700320721440217,1.9959579916993948
3a111xxxxxxxxxxxxxxxxx51,PISSCORD,Hard,Standard,1.345764715696836,3.67840372,4.08915339,3.334988350241521,3.1320360560816773
3a111xxxxxxxxxxxxxxxxx71,PISSCORD,Expert,Standard,2.6160451736676458,6.38246736,6.64383605,2.4812273488782113,2.416730687101727
3a111xxxxxxxxxxxxxxxxx91,PISSCORD,ExpertPlus,Standard,3.439907179393674,6.66621226,8.6440663,3.0907258358397605,1.767768173605465
3a1a0xxxxx91,Nevxxxxerland,ExpertPlus,Standard,5.686857504145489,12.1236464,11.1794275,1.592933211851581,2.272072026794715
3a3b9xxxxxxx91,this is what heartbreak feels like,ExpertPlus,Standard,-2.0904356390805376,2.69225265,2.94782451,0.6706923228513886,0.5725431074326264
3a4b4xx92,Rushiest Rush,ExpertPlus,OneSaber,1.0009004863460034,4.30426842,7.16648629,2.4901404965489293,0.40837479840021795
3a539xxxxxxx91,this is what space feels like,ExpertPlus,Standard,-1.8841204393672404,4.18854233,3.65610903,-0.30245454162068497,0.24025138620875208
3a5afxxx91,Abstruse Dilemma ,ExpertPlus,Standard,3.289225660094477,10.1510707,12.1351537,0.4701211279182309,-0.7486665881145491
3a5e9xxxxx51,BAD SAD AND MAD,Hard,Standard,-2.7508981693196866,1.09059496,1.10623782,0.9286359214905784,0.8938008557696664
3a5e9xxxxx71,BAD SAD AND MAD,Expert,Standard,-4.0528609639524555,1.50035373,1.50983453,-0.5120354453243623,-0.5053558704123478
3a5e9xxxxx91,BAD SAD AND MAD,ExpertPlus,Standard,-1.9401138281168213,2.77902747,3.29416074,0.7551056613487594,0.4627458935467905
3a6abxxx32,Mystery Circles Ultra / U.U.F.O.,Normal,OneSaber,-3.8762546438067305,1.67151392,2.2610991,-0.4232835890300657,-0.7328960685325301
3a6abxxx52,Mystery Circles Ultra / U.U.F.O.,Hard,OneSaber,-2.2755018926601824,2.40660873,3.71157566,0.6974391689665005,-0.19420928637267165
3a6abxxx72,Mystery Circles Ultra / U.U.F.O.,Expert,OneSaber,-0.893857201924504,3.09656534,5.12666084,1.5558102963631453,0.077462532797829
3a6abxxx92,Mystery Circles Ultra / U.U.F.O.,ExpertPlus,OneSaber,0.27336637676826975,3.44939695,6.55709907,2.444829163624856,0.1398557620111021
3a6b1xx91,BPOT,ExpertPlus,Standard,-1.7547415440427816,3.61221003,3.62500096,0.28724392152673417,0.3937523927514688
3a73fxxx11,CHEER UP,Easy,Standard,-2.343872317151274,1.09629891,0.700939345,1.3346868334609745,1.2103891180755473
3a73fxxx31,CHEER UP,Normal,Standard,-3.726594134066055,1.48195139,1.17041852,-0.1771521028567613,-0.08809230359874398
3a73fxxx51,CHEER UP,Hard,Standard,-3.5262167418603725,2.19351854,1.99996162,-0.40213723397034995,-0.22164563072660703
3a73fxxx71,CHEER UP,Expert,Standard,-1.926930162224697,2.83662201,3.34521942,0.7242223760230238,0.4369782108878282
3a73fxxx91,CHEER UP,ExpertPlus,Standard,-1.1463963821465566,5.11019984,5.34760341,-0.2967377018485633,-0.3477889401026697
3a751x51,Salamander,Hard,Standard,-3.1105563293024225,2.4725668,2.33249051,-0.18571244418661514,-0.01388189946411611
3a751x71,Salamander,Expert,Standard,-1.6453987987874903,5.55790684,5.28401174,-1.146268830173043,-0.797140850340792
3a751x91,Salamander,ExpertPlus,Standard,2.536016348787233,9.63683509,8.23313655,0.0630682646943721,1.1593063283152296
3a8dbx91,Disciples of Babylon,ExpertPlus,Standard,2.542489249091599,8.39589222,9.19257917,0.9303022701103671,0.48177690706459053
3a954xxxxxxx91,RAIN GOD,ExpertPlus,Standard,3.8085810028100164,9.2476922,10.6207085,1.601620463972782,0.7663487022013
3a97cxx91,PLANET//SHAPER,ExpertPlus,Standard,3.7203813262842855,11.2561133,12.1975299,0.17712457519655933,-0.3575750939098645
3aa01xx91,wish you were here,ExpertPlus,Standard,1.438141202665312,6.95784671,7.42441207,0.8707310996495612,0.6537115455969915
3aa79xxxxxxxxx11,Gleodream,Easy,Standard,-3.416000101879595,2.53273349,3.01147427,-0.535488916293982,-0.8002034640735687
3aa79xxxxxxxxx31,Gleodream,Normal,Standard,-0.23600496602765836,5.80867526,5.99122537,0.06865181331516085,0.0634033692519827
3aa79xxxxxxxxx51,Gleodream,Hard,Standard,0.07536531262039559,7.86999822,7.53948863,-1.1607599130533472,-0.7942185130870899
3aa79xxxxxxxxx71,Gleodream,Expert,Standard,2.718666500582406,9.83902725,8.54127435,0.10889735994680905,1.1200789436004532
3aa79xxxxxxxxx91,Gleodream,ExpertPlus,Standard,4.1797341672749955,10.7252751,11.0182048,0.9810663122036458,0.871811350451623
3aae451,Feel The Same,Hard,Standard,-2.573692533309653,1.25537616,1.09870143,1.0652484850081985,1.0714486196147242
3aae471,Feel The Same,Expert,Standard,-3.6035304574499345,2.26376735,2.02576088,-0.5284846375677539,-0.3141236575918347
3aae472,Feel The Same,Expert,OneSaber,-2.0928690543568957,2.6419979,3.92355639,0.706134812043326,-0.17689419415950836
3aae491,Feel The Same,ExpertPlus,Standard,-1.9786580537916811,5.01569402,3.81569981,-1.054508024580025,0.02155214913907111
3aae492,Feel The Same,ExpertPlus,OneSaber,-1.316214826077741,3.1879908,5.414833,1.061780054931108,-0.5700414603728186
3abf8xx91,Rap God,ExpertPlus,Standard,0.8011089989686725,8.90021867,7.74187276,-1.165334271369081,-0.21753187005214902
3acab71,Psychedelic Breakdown,Expert,Standard,-0.6141756813969164,5.07732971,5.58102867,0.2613735179520902,0.0026463755786261256
3acab91,Psychedelic Breakdown,ExpertPlus,Standard,2.0896921815027505,7.57342935,9.39909439,1.068685500355711,-0.1156255233359369
3ad60xxxxxx11,DA'AT -The First Seeker of Souls-,Easy,Standard,-3.5959671193242313,2.24316758,1.64031091,-0.5064555030923481,-0.10313696860273236
3ad60xxxxxx31,DA'AT -The First Seeker of Souls-,Normal,Standard,-3.008758083046889,4.83137179,3.60338294,-1.9388770496150416,-0.8435182713955078
3ad60xxxxxx51,DA'AT -The First Seeker of Souls-,Hard,Standard,0.9605172705186492,8.41923337,9.0600096,-0.6682021990367318,-1.0068817436279849
3ad60xxxxxx71,DA'AT -The First Seeker of Souls-,Expert,Standard,4.738539025561256,13.9829856,12.5035641,-0.487134198646606,0.4650608923366466
3ad60xxxxxx91,DA'AT -The First Seeker of Souls-,ExpertPlus,Standard,4.044160151377045,13.0239448,11.4697143,-0.6056845438526457,0.4382546121611166
3aeb1xx11,CALAMITY RHAPSODY,Easy,Standard,-3.5099883525631053,1.35153644,1.10812998,0.09503649913956691,0.13458990248079283
3aeb1xx31,CALAMITY RHAPSODY,Normal,Standard,-3.0627120676405744,3.02099833,2.69485868,-0.5540881140079792,-0.21583266721247218
3aeb1xx51,CALAMITY RHAPSODY,Hard,Standard,-0.659800952059436,6.72102977,5.40271933,-1.050164848734103,0.0958157304575672
3aeb1xx71,CALAMITY RHAPSODY,Expert,Standard,0.5090771770956235,7.45090162,7.02929207,-0.42240683399017254,0.01921088025282458
3aeb1xx91,CALAMITY RHAPSODY,ExpertPlus,Standard,3.265540476482061,8.09954815,9.34304203,1.864421695375829,1.0993806814216045
3aef5xx91,Break,ExpertPlus,Standard,1.3329771730440778,7.58008514,7.10781155,0.307118398586649,0.7843072749494802
3af6axxx91,fissa x 13,ExpertPlus,Standard,1.6838195441638186,7.5577504,7.47533876,0.674247282606752,0.861669605381429
3af6axxx92,fissa x 13,ExpertPlus,OneSaber,2.7004870547827897,5.57799494,7.71295826,3.1839870927112686,1.703086851230514
3af82xxxx11,ONE SPARK,Easy,Standard,-3.3900414007336024,1.02212271,0.879067588,0.29841769923794237,0.23659613987332184
3af82xxxx31,ONE SPARK,Normal,Standard,-3.3511186152324015,1.66314515,1.75936714,0.10644213872020236,0.08478462664178732
3af82xxxx51,ONE SPARK,Hard,Standard,-3.64992605736751,2.01205807,2.24067118,-0.40355108695947317,-0.49339425395664227
3af82xxxx71,ONE SPARK,Expert,Standard,-1.9145486166098393,4.35191535,4.85954773,-0.4633368810317895,-0.7337608271117
3af82xxxx91,ONE SPARK,ExpertPlus,Standard,-1.1244416970953748,5.38976787,5.89474107,-0.49414862759859,-0.7506265213364443
3b036x91,Wish You the Worst,ExpertPlus,Standard,-2.8679931298532595,3.29856315,2.41772075,-0.5771064365380991,0.17172762935986796
3b283xx91,Dance with Silence,ExpertPlus,Standard,0.1780307090133212,7.54860764,6.80471189,-0.8248710169677905,-0.14292638075582864
3b2bcxxxx51,Count down 321,Hard,Standard,1.0006682898071948,9.97244519,8.24017471,-1.698873262460002,-0.38113298177600896
3b2bcxxxx71,Count down 321,Expert,Standard,2.7200353059942017,11.4922866,12.3654382,-0.9746405525918465,-1.4654095133289324
3b2bcxxxx91,Count down 321,ExpertPlus,Standard,5.718230982201101,12.138074,16.1986008,1.6152755539647075,-0.7896713640618511
3b34171,-Totsuka no Tsurugi-,Expert,Standard,3.2643284216120647,9.60523192,10.9337951,0.8128506076696373,0.012560620620083007
3b34191,-Totsuka no Tsurugi-,ExpertPlus,Standard,4.961566439830146,15.3475514,13.1500922,-1.0563670713214313,0.2806164299477265
3b35bxxxxxx71,Forbidden Noise,Expert,Standard,-0.8636644035305042,3.30791496,4.31900673,1.4198363442138633,0.7420905029775214
3b35bxxxxxx91,Forbidden Noise,ExpertPlus,Standard,-0.6775810014638226,6.26196411,4.69224523,-0.720760365229044,0.6346638120756134
3b37bx51,Magnetic,Hard,Standard,-4.5663757452569635,1.3978487,1.10152154,-0.9799256460425001,-0.9213927282425529
3b37bx71,Magnetic,Expert,Standard,-2.987162679101974,2.37510654,2.6971624,0.008549772124229804,-0.14192815818176463
3b37bx91,Magnetic,ExpertPlus,Standard,-1.1235846118850785,3.41183033,4.13836525,1.0776768333354465,0.6240751133262175
3b3bdxxx11,SEITEN NO TERIYAKI NO DENSETSU,Easy,Standard,-3.830652883205566,2.46484426,1.8951443,-0.9001495765927716,-0.4664920062046569
3b3bdxxx31,SEITEN NO TERIYAKI NO DENSETSU,Normal,Standard,-3.286441477742276,3.44349222,2.84877124,-1.1102927679598915,-0.5507151086536397
3b3bdxxx51,SEITEN NO TERIYAKI NO DENSETSU,Hard,Standard,-3.1848523366465975,3.81745887,3.48230149,-1.3066201490656137,-0.9261102113952853
3b3bdxxx71,SEITEN NO TERIYAKI NO DENSETSU,Expert,Standard,1.3544405279729903,8.3638279,8.3037895,-0.23501352599476477,-0.07332872195608453
3b3bdxxx91,SEITEN NO TERIYAKI NO DENSETSU,ExpertPlus,Standard,2.543148799557319,9.01716278,10.2113422,0.495437283423116,-0.2221013669995351
3b463x71,Loyal to myself,Expert,Standard,-3.1254349079265262,2.36124087,2.70871057,-0.11974293441812955,-0.28845504862246907
3b463x91,Loyal to myself,ExpertPlus,Standard,-2.472787572438301,2.56237641,3.4116144,0.38573270071409516,-0.1597147847415452
3b4f8x51,LEveL,Hard,Standard,-4.468340774685002,1.17072913,1.21214991,-0.805476212021329,-0.8360587808514799
3b4f8x71,LEveL,Expert,Standard,-3.533264957905624,2.87663676,2.78856033,-0.9128660528864301,-0.7537630079858801
3b531xxxxx91,Meteoric Impact,ExpertPlus,Standard,4.495513264715777,11.6938008,14.6449386,0.6725401079258222,-1.0999080649563133
3b5a9xxxx71,Flashback Flicker,Expert,Standard,-1.6810727230793703,5.89992139,5.212261,-1.4468240693402172,-0.7767345915970549
3b5a9xxxx72,Flashback Flicker,Expert,OneSaber,-1.259942368027744,2.86145115,5.14861116,1.3721402489591532,-0.3058062187642343
3b5a9xxxx91,Flashback Flicker,ExpertPlus,Standard,2.3664843392566137,10.0427907,10.4944111,-0.380228442347319,-0.5906603119191653
3b5a9xxxx92,Flashback Flicker,ExpertPlus,OneSaber,4.2871771510599626,5.28134979,8.98001376,5.00235806461098,2.3762704031831823
3b62dxxx11,SHEESH,Easy,Standard,-3.075976660256981,1.12382192,1.00184551,0.5974091270060988,0.5689541015259278
3b62dxxx31,SHEESH,Normal,Standard,-3.8049898727098865,1.35934426,1.21214991,-0.2030004619351211,-0.17270787887636452
3b62dxxx51,SHEESH,Hard,Standard,-4.109729880870838,1.60732553,1.73399466,-0.6222858715274047,-0.6611903368783576
3b62dxxx71,SHEESH,Expert,Standard,-3.1095212510634584,3.12144732,3.00890209,-0.6793247977754722,-0.49181176047604014
3b62dxxx91,SHEESH,ExpertPlus,Standard,-1.278549554294574,5.8077413,4.73655751,-0.9731711124270197,-0.0011366815080544601
3b77fxxxxxxxx91,Rabbit Hole,ExpertPlus,Standard,2.029324032969615,8.95670911,8.92935186,0.023582874268421428,0.15426627563842654
3b838xxxxxx91,Bluenation,ExpertPlus,Standard,2.221722001825959,6.48574126,8.71824565,2.0086518667354403,0.4966490382176909
3b8bf72,Cupid Shuffle,Expert,OneSaber,-3.5551864152361654,1.84910822,3.85707314,-0.20556650782721464,-1.5872617297362355
3b952xxxxxx91,danser,ExpertPlus,Standard,1.0397863195562502,6.86703227,7.00530718,0.5401031291833802,0.5679085751115678
3ba4bxx51,Click,Hard,Standard,-3.828045464602381,0.995236774,1.00785595,-0.13757838302503123,-0.1827645581940618
3ba4bxx71,Click,Expert,Standard,-3.3157366880674477,1.93871415,2.01540148,-0.02202227105751353,-0.020218490788371568
3ba4bxx91,Click,ExpertPlus,Standard,-1.210145322888971,3.71916787,3.82876407,0.7465597006090734,0.7798740815450145
3ba66xxxxxxxxxxxxxxxx71,Duallel Spirit,Expert,Standard,-1.7946055415101658,2.38568094,2.72962203,1.1934782440423564,1.027388498579446
3ba66xxxxxxxxxxxxxxxx91,Duallel Spirit,ExpertPlus,Standard,1.7957732490227898,6.77696089,8.31799267,1.363467735695268,0.3577529916503035
3ba9bxx91,liquated,ExpertPlus,Standard,1.764633420290995,6.61282809,6.85724479,1.455629970694283,1.4040708761585792
3bb99x11,Masquerade,Easy,Standard,-3.856417252177791,0.206645022,0.182004732,-0.8087034040950201,-0.8824208591724503
3bbebxxxxx91,� (null),ExpertPlus,Standard,2.082848793447349,8.9624955,9.10657912,0.07308661542198047,0.08262690319033483
3bc7bxxxx71,Bad Side,Expert,Standard,-3.8665540717827516,2.27832395,2.29492746,-0.8017722002437919,-0.7451941014453256
3bc7bxxxx91,Bad Side,ExpertPlus,Standard,-3.4286607369149658,3.72044626,3.77032496,-1.4729758016022512,-1.393085029381063
3bcf5xxxxxxxx51,nieuwe tune,Hard,Standard,-0.07458596390859829,7.26623526,7.28614552,-0.8704308333885985,-0.7563203329786173
3bcf5xxxxxxxx71,nieuwe tune,Expert,Standard,2.1544851825612685,10.4820011,9.02138363,-0.8842530923687968,0.21434606341101814
3bcf5xxxxxxxx91,nieuwe tune,ExpertPlus,Standard,5.136867486927538,11.0185155,13.1838454,1.7471102791965651,0.43484888324579085
3bd5cx91,It's Juicy,ExpertPlus,Standard,2.6610123804787738,5.88098664,7.4498319,2.9098557834913317,1.8577477498017547
3be60xxx71,Discord,Expert,Standard,-3.177791522641838,2.94352828,2.72030819,-0.6090333008810167,-0.34911686070691994
3be60xxx91,Discord,ExpertPlus,Standard,-0.24257774243665806,4.15170206,5.1811772,1.3685252245519137,0.6860739526970866
3be75xx51,Cosmic Diffusion,Hard,Standard,-4.314490253781768,1.64477489,1.19466905,-0.8469527916410642,-0.6794030682751937
3be75xx71,Cosmic Diffusion,Expert,Standard,-2.236955330101774,3.91031788,3.53023802,-0.43291658489525364,-0.015169013377360763
3be75xx91,Cosmic Diffusion,ExpertPlus,Standard,0.6226335153971767,8.24838753,6.32259022,-0.8847660238201767,0.6677879289257096
3be79xxxxx92,arm and a leg,ExpertPlus,OneSaber,0.5558515763951998,3.13172209,6.12383733,2.9779997407838206,0.7532631377256559
3be9fxxxxx71,Purple hat,Expert,Standard,-1.7469990539902434,3.35952073,4.05089781,0.49569749371485217,0.06926897695628531
3be9fxxxxx91,Purple hat,ExpertPlus,Standard,0.2638489740097971,3.80688899,5.78990725,2.150523426746661,0.7186915483179721
3bebdxx91,ULTRA BOOST,ExpertPlus,Standard,2.905915265430018,8.09859375,9.0522712,1.5054797600163807,0.9439749523199996
3bed8xxxx71,The Promise of an Azure Sky,Expert,Standard,3.933622497493068,11.452882,10.999391,0.26413072420533323,0.6382035832156947
3bef7xxx11,Higher Ground,Easy,Standard,-3.5268932810976192,0.330897649,0.271724727,-0.2625642111427844,-0.4668848573508475
3bef7xxx31,Higher Ground,Normal,Standard,-3.7606784970123783,0.55772573,0.475961227,-0.212022759181969,-0.4047688735647683
3bef7xxx51,Higher Ground,Hard,Standard,-4.09789294119291,1.1816474,1.01217119,-0.4377697449265381,-0.45238957727228835
3bef7xxx71,Higher Ground,Expert,Standard,-4.285193730916921,1.8885841,1.54375361,-0.9599251554227761,-0.751041932484795
3bef7xxx72,Higher Ground,Expert,OneSaber,-3.044145846324469,2.2835076,3.26228599,0.01697279458797496,-0.6170369830765847
3bef7xxx91,Higher Ground,ExpertPlus,Standard,-2.9375740745381895,3.38801503,3.33665501,-0.7174394655157874,-0.5671232011396601
3bef7xxx92,Higher Ground,ExpertPlus,OneSaber,-2.622246416836059,2.38064363,3.85707314,0.3694733447307188,-0.6543217313361291
3bfa2xxxx71,Grain in Ear,Expert,Standard,-2.115474548510254,4.15684872,3.82549382,-0.5084843170542577,-0.12290383970284346
3bfa2xxxx91,Grain in Ear,ExpertPlus,Standard,-1.3179972425663748,5.67846585,5.9656827,-0.9125373911608536,-0.9989067943177956
3c010xxxxxx91,Evacuate The Moshpit,ExpertPlus,Standard,5.411263279731818,14.4708075,14.1286707,-0.10116854536783393,0.12744699527562986
3c0b8xxx91,Hello (BPM) 2024,ExpertPlus,Standard,3.8729082436386855,9.85955839,12.0730966,1.2492981196913773,-0.12505269382863382
3c0bexxxxx11,ENDYMION,Easy,Standard,-2.633676300591069,3.20823404,3.13487996,-0.27159648891862087,-0.1102131247723408
3c0bexxxxx31,ENDYMION,Normal,Standard,-0.5634284663086271,6.95009028,6.53125864,-1.1250621509217134,-0.677305598098042
3c0bexxxxx91,ENDYMION,ExpertPlus,Standard,4.085216842828966,8.180987,11.046486,2.625877529786569,0.7585112149589599
3c252x51,Cloud Nine,Hard,Standard,-4.006183916870996,1.58756886,1.39568702,-0.5084809621708049,-0.4187597710525299
3c252x71,Cloud Nine,Expert,Standard,-2.828432926164338,1.80483078,1.77143526,0.5479437421344291,0.601369953332898
3c252x91,Cloud Nine,ExpertPlus,Standard,-2.8697769277258525,2.89770316,3.24942986,-0.26561128109094145,-0.43290291625163624
3c27771,B.Y.O.B.,Expert,Standard,1.1194192599614374,6.03730169,7.04733461,1.2480278052214762,0.6160291995048395
3c326xxx91,Leave it to Fate,ExpertPlus,Standard,1.1292699737227967,6.45388987,7.97690781,0.9403060830247332,-0.061345614893322464
3c3cexxxxxxxxx51,Mo-no/liTH,Hard,Standard,-3.025028803481114,4.17290605,3.63430549,-1.4308694663843715,-0.8837468349666247
3c3cexxxxxxxxx71,Mo-no/liTH,Expert,Standard,1.1822418963584047,9.17056212,8.6440663,-0.9715775467963659,-0.48989710942980436
3c3cexxxxxxxxx91,Mo-no/liTH,ExpertPlus,Standard,4.002313579156799,10.5119551,11.5879287,0.9438140488534033,0.3190477637497495
3c3dfx31,Blue Heart,Normal,Standard,-3.47818695242384,1.76315211,1.68578201,-0.07719647949778263,-0.006372385944616532
3c3dfx51,Blue Heart,Hard,Standard,-2.8650372662141024,2.37223431,2.71334368,0.13274462095781026,-0.03137342052618175
3c3dfx71,Blue Heart,Expert,Standard,-2.7287664675475494,4.11827977,4.46154963,-1.090953354566425,-1.2350996843153212
3c3dfx91,Blue Heart,ExpertPlus,Standard,-1.495882038076492,4.73086867,5.74064373,-0.3463124751637612,-1.0028997356635212
3c433xxx51,Accendio,Hard,Standard,-3.913613800115361,1.80515751,1.86303176,-0.5374323277001212,-0.5318949171228442
3c433xxx71,Accendio,Expert,Standard,-1.883961638878865,3.47803584,3.46745523,0.2647628030599247,0.3862082155243749
3c433xxx91,Accendio,ExpertPlus,Standard,0.7127074470630523,3.99924705,6.16257188,2.4456658510604425,0.8803875816688516
3c48fxxxxxxx91,1982,ExpertPlus,Standard,-1.805080254769667,2.72813992,2.75775531,0.9288647703317858,0.9966768205680361
3c532xx11,i like the way you kiss me,Easy,Standard,-4.428255158456301,0.138530808,0.124861064,-1.4246438848008443,-1.3401497249564205
3c5f9x91,Rodents Kingdom,ExpertPlus,Standard,1.1787201301542285,6.24276833,7.99738266,1.1501712014362213,-0.026819228088332814
3c7d7xxxxx91,Fingertips,ExpertPlus,Standard,-0.7961127602446036,3.07463941,3.69063633,1.6706893212810878,1.3014527352143328
3c7d9xxxx71,Ashed Wings,Expert,Standard,-1.2062245881411024,5.36955204,5.10209597,-0.5601213782556769,-0.2156685382504968
3c7d9xxxx91,Ashed Wings,ExpertPlus,Standard,2.7947134171426384,9.92546578,9.68444093,0.12673674484411235,0.39109737437644077
3c7d9xxxx92,Ashed Wings,ExpertPlus,OneSaber,5.677557694469688,5.96079537,11.0901906,5.864941868639685,2.3218571359246547
3c8931,99.9,Normal,Standard,-3.361046155745812,1.15107289,1.05635291,0.3064800138603738,0.28538767761657224
3c8951,99.9,Hard,Standard,-3.7835595217162,2.31756451,2.11961286,-0.7466129869290632,-0.5508152883751931
3c8d6xxxxx71,"Hello, Morning",Expert,Standard,0.4387823998280026,4.98958046,4.93486953,1.3835437577549623,1.5604428798230705
3c8d6xxxxx91,"Hello, Morning",ExpertPlus,Standard,0.8657529311752712,7.0538903,7.43711113,0.2269423325767601,0.071912071486949
3c908xxxxxx71,OUTERHEAVEN,Expert,Standard,1.5557845823520267,7.32909992,7.46257443,0.7136683304772902,0.7430835951965085
3c908xxxxxx91,OUTERHEAVEN,ExpertPlus,Standard,5.757364025413449,13.7331534,12.1975299,0.6801282705562697,1.679407605219299
3ca391,Stereo Future (TV Size),ExpertPlus,Standard,-0.2005101270259072,5.3959646,5.70153487,0.42493837448522853,0.32277826702699997
3ca7dxxxxx31,Envy Cat Walk,Normal,Standard,-2.650092117131985,2.7860437,2.83178233,0.03977216987477572,0.09802164751655784
3ca7dxxxxx71,Envy Cat Walk,Expert,Standard,0.5109523460835724,6.35201539,6.72379284,0.3992586022335204,0.25111369849067866
3ca7dxxxxx91,Envy Cat Walk,ExpertPlus,Standard,0.9130023348832264,6.87424927,7.26128422,0.4079293099211221,0.2497772260019373
3cafbxx71,Girls' Night,Expert,Standard,-4.305564863252781,1.95371511,1.92616376,-1.021422961960103,-0.9586857381742315
3cafbxx91,Girls' Night,ExpertPlus,Standard,-3.0438237658528493,2.78172599,3.48230149,-0.3506635049614246,-0.7850816406015371
3cbc3xxxxx31,Armageddon,Normal,Standard,-2.8403148040602684,2.6490512,2.66281245,-0.04661296312155727,0.029381700774957498
3cbc3xxxxx51,Armageddon,Hard,Standard,-0.922509427031672,5.13888141,5.17233021,-0.09542576056858909,0.013064306007059212
3cbc3xxxxx71,Armageddon,Expert,Standard,-0.15777313932150347,6.44744371,6.86310675,-0.3418553003282049,-0.5227515415500698
3cbc3xxxxx91,Armageddon,ExpertPlus,Standard,2.854946942858258,7.45940417,9.04453941,1.9172384685757273,0.8984619678581773
3cc81x91,PSYCHOPATH LoVE,ExpertPlus,Standard,1.6481863639048506,9.62169504,9.47975304,-0.8144788850566789,-0.6133606758272805
3ccc5x91,4GET,ExpertPlus,Standard,-0.24637035766806462,3.48638354,3.89475937,1.8957230065197033,1.6921164068126684
3cd56xxxxx91,Dernière danse,ExpertPlus,Standard,-0.17707591119287952,4.96413549,6.53125864,0.7877804479264545,-0.29095304298229446
3ce66x52,BLAH BLAH BLAH,Hard,OneSaber,-3.7494310044784487,1.31219243,1.91896989,-0.12973285927902456,-0.39851656789637957
3ce66x72,BLAH BLAH BLAH,Expert,OneSaber,-1.199005825474814,3.35932755,4.58766213,1.0438436088648149,0.195473870336762
3ce66x92,BLAH BLAH BLAH,ExpertPlus,OneSaber,1.104310886436733,4.3387064,8.16741765,2.56606330428872,-0.22480677273711192
3ce7axxxxxxxxxxx31,The Purple Dimension,Normal,Standard,-0.6103897940451349,7.04109038,5.94024892,-1.2396981481721494,-0.27168970336534926
3ce7axxxxxxxxxxx51,The Purple Dimension,Hard,Standard,0.5462469068023661,7.88407202,8.49033768,-0.7000320085718315,-1.0158074985933983
3ce7axxxxxxxxxxx71,The Purple Dimension,Expert,Standard,1.979703812408476,8.40652821,10.0726841,0.3599817231348743,-0.6909438162105654
3ce7axxxxxxxxxxx91,The Purple Dimension,ExpertPlus,Standard,6.191448104027866,17.4617482,16.3655542,-0.9970425258255622,-0.4123501730034258
3cf22xx91,GHOUL,ExpertPlus,Standard,3.5227348443936264,8.82041946,9.42321966,1.6119348857025777,1.3005841274213097
3cf75xxxxxxx71,keep out!,Expert,Standard,0.838883464227846,6.13155093,7.51376289,0.8952766564623946,-0.011688951800932657
3cf75xxxxxxx91,keep out!,ExpertPlus,Standard,2.5186594652604573,6.63560055,6.64951558,2.1925083516213184,2.315041478835224
3cf75xxxxxxx92,keep out!,ExpertPlus,OneSaber,0.2361344484777913,3.87257714,7.16648629,2.0703325448695145,-0.3563912394679941
3d06axxxxxxxxxxxx71,driving with my eyes closed,Expert,Standard,0.0606164933894839,5.24761194,7.00530718,0.8022613009235267,-0.41126125105519856
3d06axxxxxxxxxxxx91,driving with my eyes closed,ExpertPlus,Standard,2.315660460505439,8.85264473,9.72590584,0.38237165960013186,-0.11662673303147919
3d06axxxxxxxxxxxx92,driving with my eyes closed,ExpertPlus,OneSaber,2.2618394118572067,5.29369106,8.64865449,2.9673455150856762,0.5864227971414246
3d124x51,Inertia,Hard,Standard,-3.7824883753237226,1.67462597,1.72365382,-0.33123109518519467,-0.32887404535835696
3d124x71,Inertia,Expert,Standard,-3.7385036020522504,2.19265358,2.09440723,-0.6138257229253279,-0.4903203122040902
3d124x91,Inertia,ExpertPlus,Standard,-2.5600219044370474,3.0925931,3.0243682,-0.10724855415615897,0.04617835718944896
3d124x92,Inertia,ExpertPlus,OneSaber,-2.274028652274936,2.40572432,4.39202964,0.6995535298055082,-0.7256883312259896
3d2a8xxxx31,Sonic Blaster,Normal,Standard,-2.8674727861537592,0.449920948,0.352626576,0.5702540551632982,0.3177588755222134
3d2a8xxxx51,Sonic Blaster,Hard,Standard,-3.6097240208448276,1.28836244,1.15353948,0.01833538508025878,0.030816433707015367
3d2a8xxxx71,Sonic Blaster,Expert,Standard,-2.937120754630355,3.61834364,3.09495541,-0.9000218065232022,-0.3836700686645229
3d2a8xxxx91,Sonic Blaster,ExpertPlus,Standard,-2.244150149055785,4.13549926,4.01643068,-0.6200988017381079,-0.40087165628971544
3d2a8xxxx92,Sonic Blaster,ExpertPlus,OneSaber,-0.9080051974712537,2.50687822,5.02688858,1.9916079943119045,0.14148160950866018
3d2c511,Retroscope,Easy,Standard,-3.5128659602547234,2.40228889,2.10337465,-0.5367943761528373,-0.2701574412175054
3d2c531,Retroscope,Normal,Standard,-2.625893239500802,3.9806716,3.50618783,-0.8780865835907044,-0.3855551552148446
3d2c551,Retroscope,Hard,Standard,-0.43366531708753986,5.73245694,5.23905264,-0.07004984477269016,0.4497254204018447
3d2c571,Retroscope,Expert,Standard,1.5661506294628913,8.76721941,8.25426908,-0.30746818152627164,0.17415708393010276
3d2c591,Retroscope,ExpertPlus,Standard,2.8974229471856274,8.81387634,9.46356613,0.9911922483551865,0.6471490521010907
3d2f9xxxxxx71,this is what autumn feels like,Expert,Standard,-2.62245010835608,2.34687582,2.22160638,0.39355208118006635,0.546298014398261
3d2f9xxxxxx91,this is what autumn feels like,ExpertPlus,Standard,-2.2243568032389796,4.15003141,4.11720235,-0.611918786617629,-0.4600895799437634
3d395xxx91,Himegoto * Crisisters,ExpertPlus,Standard,1.0915247291670096,8.38244759,8.73315774,-0.5111333690988191,-0.6441748494384969
3d3d0xxx71,Minder Gezeur En Meer Kleur,Expert,Standard,1.2235730330089518,8.25138472,5.75046278,-0.2859610548880125,1.7089502756669785
3d3d0xxx91,Minder Gezeur En Meer Kleur,ExpertPlus,Standard,1.6861940499067352,9.7345171,7.31109195,-0.8529711301412601,0.985900472211219
3d556x92,Bad Liar,ExpertPlus,OneSaber,-3.6643255866630624,0.982869002,2.30794804,0.02676154240003914,-0.5514922763715853
3d6abxxxxx91,414 PER SPEED,ExpertPlus,Standard,5.3039183583683425,14.8279698,15.0637777,-0.4159451594980972,-0.5411551250254494
3d8caxxx71,From The Start,Expert,Standard,-1.7976429616864653,2.31867607,1.99654664,1.2385116400630753,1.5089213564811024
3d8caxxx91,From The Start,ExpertPlus,Standard,-2.6120539005646397,3.38000522,3.47041941,-0.38557491357507034,-0.3441649967380802
3da61xxxx11,ABCD,Easy,Standard,-2.969845300526618,1.25182072,1.17141906,0.6702188890605667,0.668526860911614
3da61xxxx31,ABCD,Normal,Standard,-3.483766198904235,2.03969785,2.04663971,-0.25556689557437196,-0.20676582062537197
3da61xxxx51,ABCD,Hard,Standard,-3.227968466529137,2.64416983,3.03731734,-0.43059676329589847,-0.6314181791443119
3da61xxxx71,ABCD,Expert,Standard,-1.4720277160040995,3.65466031,4.37098482,0.5361278873103077,0.09286104632217218
3da61xxxx91,ABCD,ExpertPlus,Standard,-0.766446837707059,4.09098412,4.89706382,0.8931824716620351,0.3848858182257131
3db1fxxxx71,Drift,Expert,Standard,-0.7675687643265121,4.9266711,5.57626176,0.22689494803097565,-0.1470421828518922
3db1fxxxx91,Drift,ExpertPlus,Standard,1.5080638899596348,9.76303035,10.2989712,-1.0503887315951075,-1.3167672167084539
3db71x91,The Master,ExpertPlus,Standard,3.17279093357228,7.6726288,9.96141184,2.0795831131355462,0.5783515214052737
3dc0cxxxxxx71,A Lasting Promise,Expert,Standard,4.013574709712418,11.0656022,11.6375436,0.59330333472951,0.2979209461463319
3dc0cxxxxxx91,A Lasting Promise,ExpertPlus,Standard,3.909374776067846,11.2010924,11.6276037,0.401559317430388,0.2002058525107011
3dd391,Zetsubou Plantation,ExpertPlus,Standard,0.5487222885629162,7.79953531,8.23313655,-0.6364921399014969,-0.8279877319090871
3ddf9xx71,Leave It All Behind,Expert,Standard,-2.4632813900586013,4.12730251,3.36528863,-0.8326793327511437,-0.1147178527143522
3ddf9xx91,Leave It All Behind,ExpertPlus,Standard,-1.452639374421794,5.03482682,4.88035438,-0.5435831696084374,-0.28818879464904645
3df2axx51,Macaron,Hard,Standard,-3.6617380396582213,1.56940704,1.63471395,-0.15475826331048204,-0.16638696269343844
3df2axx71,Macaron,Expert,Standard,-3.0712626491014814,3.09182797,3.52119993,-0.6178911345073197,-0.8425020797287126
3df2axx91,Macaron,ExpertPlus,Standard,-0.6351973209874568,4.43824968,5.04573348,0.7471565180899487,0.3995179849179098
3dfc4xx31,Joker's Cranberrybox,Normal,Standard,-2.491208277459706,4.29761725,3.50020093,-0.9966584702850985,-0.24625535426323797
3dfc4xx51,Joker's Cranberrybox,Hard,Standard,-0.9115297500176753,6.34524686,6.03232132,-1.018080636128289,-0.643763847768462
3dfc4xx71,Joker's Cranberrybox,Expert,Standard,2.2978505033317567,9.32285423,8.80057839,0.039239621913692346,0.5141665909577045
3dfc4xx91,Joker's Cranberrybox,ExpertPlus,Standard,4.039470802240558,11.5023871,10.3254062,0.33834466407853947,1.1966971193421077
3dfd6x91,GHOST,ExpertPlus,Standard,2.18724349743755,8.3372994,9.89354847,0.6166167112702938,-0.36059010030197225
3e0571,Koi no Hime Hime Pettanko,Expert,Standard,-0.8455141993302648,5.27298858,5.47709188,-0.12377687548648364,-0.14784351261371498
3e05cxxx31,AMBERGRIS,Normal,Standard,-2.53492957329031,1.20749759,1.11002537,1.1182848148338573,1.109523801682998
3e05cxxx51,AMBERGRIS,Hard,Standard,-3.09237843199702,2.85454378,2.48262015,-0.45498641943498797,-0.0968350784232328
3e05cxxx71,AMBERGRIS,Expert,Standard,-1.0457724677636957,6.63107783,5.52409373,-1.3685190022061016,-0.38468230846679896
3e05cxxx91,AMBERGRIS,ExpertPlus,Standard,1.8027164980003862,8.90235521,8.3037895,-0.16521446026338826,0.3749472480713114
3e0dexxx71,fun TIME,Expert,Standard,1.3880189017366298,6.3802258,7.66289393,1.254902456875959,0.4274395056192477
3e0dexxx91,fun TIME,ExpertPlus,Standard,2.600882258790155,8.62797727,9.23983012,0.824902949516384,0.5070028365707402
3e122xxxx11,I Don't Know Anything,Easy,Standard,-3.762815607541505,0.714521959,0.847354059,-0.11677922328966428,-0.14471158942432805
3e122xxxx31,I Don't Know Anything,Normal,Standard,-3.592908594759941,2.01801383,1.91140755,-0.3504351424309533,-0.23776987708403396
3e122xxxx51,I Don't Know Anything,Hard,Standard,-2.8810177430007995,2.97909372,3.12952707,-0.33982518215082,-0.35352791117672844
3e122xxxx71,I Don't Know Anything,Expert,Standard,-0.49314347010945137,6.04945747,5.87462742,-0.3738607878033552,-0.10379665665181836
3e122xxxx91,I Don't Know Anything,ExpertPlus,Standard,0.5196999926103657,5.76710547,7.00530718,0.8564966943582469,0.04782224816568326
3e1e0xxxxxx91,Poke Her Face,ExpertPlus,Standard,1.27818481950784,7.76915241,7.34867183,0.11496102527695906,0.5499586585962521
3e209x91,Flashkick,ExpertPlus,Standard,3.0457985426091967,8.26858818,8.95227141,1.5240167317656903,1.1545156976604627
3e2491,HIBANA feat. Hatsune Miku,ExpertPlus,Standard,1.253221964651843,7.54380368,7.75511481,0.2538260407158901,0.22485958662598082
3e291xx91,Himitsu dial,ExpertPlus,Standard,-0.7312525665768901,3.88869816,5.17675181,1.0900635906403022,0.20086152215927755
3e2aexx71,dB doll,Expert,Standard,-2.624440680264229,3.34149153,2.69485868,-0.36747991010477765,0.22243872016387334
3e2aexx91,dB doll,ExpertPlus,Standard,-1.4660320594196783,6.42331126,4.27494632,-1.6318294122767565,0.17435463910704074
3e2c2xxxxx91,Dual Doom Deathmatch,ExpertPlus,Standard,5.193674232102813,13.7216655,15.232045,0.12329013029311042,-0.7509198720600541
3e2c2xxxxx92,Dual Doom Deathmatch,ExpertPlus,OneSaber,2.7365295824682523,5.90931372,10.8743593,2.963541801577687,-0.47561209141467
3e2fbxxx31,Shin FAKE STYLE,Normal,Standard,-3.0888551786447396,2.05282805,1.90163293,0.1306489567450284,0.2717163773546636
3e2fbxxx51,Shin FAKE STYLE,Hard,Standard,-2.295581360076922,3.16364646,2.89045557,0.10153190264759404,0.40963691069222596
3e2fbxxx71,Shin FAKE STYLE,Expert,Standard,-1.060060913374908,4.43964431,4.46154963,0.32118116636203653,0.4336058698573202
3e2fbxxx91,Shin FAKE STYLE,ExpertPlus,Standard,0.6080575162141594,6.08794512,6.86897373,0.6978358384675744,0.23866019437881814
3e4afxxxxx91,Swimming Pools (Drank),ExpertPlus,Standard,-0.8334906786602313,5.26256539,4.71233555,-0.10357810558380576,0.46296099171756044
3e4b91,Heeartbeeat Oveerheeat!!!!,ExpertPlus,Standard,1.5000543147727725,8.28943554,8.63668317,-0.03655963775587767,-0.1668095249677808
3e50bxxx91,I Love It,ExpertPlus,Standard,0.7851868083029222,3.93886246,5.9301058,2.5664118598246923,1.1317104855121474
3e542xxxxxx51,This is SPARTA !!!,Hard,Standard,-3.50943482594148,1.46579373,1.34878892,0.047424796530721736,0.09191192442843699
3e542xxxxxx71,This is SPARTA !!!,Expert,Standard,-1.237142985352124,3.57770506,3.56357663,0.8323214088840964,0.9588925502713168
3e542xxxxxx91,This is SPARTA !!!,ExpertPlus,Standard,-1.6214887518626033,3.70039547,4.03707561,0.3501937314071466,0.20561303178516743
3e6cdxxxxx11,lustre,Easy,Standard,-1.8129171233690864,0.894464675,0.680868114,1.8765339752382466,1.729051323729758
3e6cdxxxxx31,lustre,Normal,Standard,-3.4367692083400456,2.04985171,1.51370992,-0.2152906880303478,0.1092427542569756
3e6cdxxxxx51,lustre,Hard,Standard,-2.5819713176197534,4.09361257,3.2689244,-0.9244428844942205,-0.15990829072410362
3e6cdxxxxx52,lustre,Hard,OneSaber,-2.3403329306864156,2.89095946,5.04841171,0.26903234869799597,-1.3077166761719932
3e6cdxxxxx71,lustre,Expert,Standard,-1.3228013534093737,6.11614457,5.78002084,-1.2546180725383163,-0.8603079367150028
3e6cdxxxxx72,lustre,Expert,OneSaber,-0.296300943791414,3.47330867,6.25606391,1.856177929105033,-0.20026660843719585
3e6cdxxxxx91,lustre,ExpertPlus,Standard,3.237517918689412,10.2289114,11.7977433,0.36653383285671515,-0.5823897029588969
3e6cdxxxxx92,lustre,ExpertPlus,OneSaber,4.404172532903076,6.19592587,11.4660005,4.41136302819517,0.8007017133549277
3e7d8xx91,stasis,ExpertPlus,Standard,3.8504199952422966,7.93860567,10.6661821,2.564844003761288,0.777631237995382
3e87191,Muzik Overload,ExpertPlus,Standard,4.2338995557999155,9.92797762,13.3425095,1.564233947322775,-0.5668894842667456
3e96dxxxxx11,Wheels on the Bus,Easy,Standard,-2.5752765374598763,0.396799004,0.459967902,0.7918740023645938,0.7609604605927611
3e96dxxxxx12,Wheels on the Bus,Easy,OneSaber,-3.9151183255751034,0.250910844,0.559202452,-0.7924275847293982,-0.4693561487865132
3e96dxxxxx31,Wheels on the Bus,Normal,Standard,-4.374829540741384,0.777205346,1.3316113,-0.7066503860607067,-0.7687790985078244
3e96dxxxxx51,Wheels on the Bus,Hard,Standard,-2.2786027040944785,1.1827185,1.48298319,1.3812458229731015,1.279010124594596
3e96dxxxxx52,Wheels on the Bus,Hard,OneSaber,-3.710012681326199,0.948209652,2.29810846,-0.018258193920576815,-0.5907328237641791
3ee0cxxxx91,UMMU,ExpertPlus,Standard,2.459710428146446,7.8390729,7.92256412,1.2459140180556254,1.3087498580719155
3ee10xx91,Theme for Psychopath Justice,ExpertPlus,Standard,3.552238447546882,11.8359143,13.3767566,-0.3607214626669677,-1.2698123430177657
3ee4bxx51,RTX 20000,Hard,Standard,-4.716947285326707,0.590335997,0.568539488,-1.142392106377986,-1.262384298484259
3ee4bxx71,RTX 20000,Expert,Standard,-3.091872163687869,3.5212276,2.95034448,-0.9774725734589778,-0.4307552191285917
3ee4bxx72,RTX 20000,Expert,OneSaber,-3.190377092341077,2.49773775,4.09482137,-0.2840290495179323,-1.4085515329878437
3ee4bxx91,RTX 20000,ExpertPlus,Standard,-2.1831546863038485,4.8302072,4.64437722,-1.1123511311335283,-0.8332745721621717
3ee4bxx92,RTX 20000,ExpertPlus,OneSaber,3.009989175323034,4.91646263,7.62775377,4.0125245211812945,2.0752871599272984
3eedfxxx71,Re: End of a Dream,Expert,Standard,-1.3899972048240261,5.37589138,4.78537559,-0.7488526932058097,-0.15094753525193938
3eedfxxx91,Re: End of a Dream,ExpertPlus,Standard,1.7267054340029364,9.03565303,8.46136751,-0.33382563887595285,0.18545468565325707
3f0fdxx31,Chiyu,Normal,Standard,-3.490504177672944,1.76530013,1.6277446,-0.09076808976074568,0.007965216907372508
3f0fdxx51,Chiyu,Hard,Standard,-3.9999798973974774,2.18997643,2.08369679,-0.8734508487422241,-0.7452841462879745
3f0fdxx71,Chiyu,Expert,Standard,-4.193335645563035,1.84622728,1.88706464,-0.8419565167606966,-0.8247246555634589
3f0fdxx91,Chiyu,ExpertPlus,Standard,-2.4318088671602114,2.38064307,2.52541236,0.5599112984258818,0.5342532722153113
3f19dxxxxx91,i_need_u,ExpertPlus,Standard,3.181325066931412,12.9445143,12.0421871,-1.4200850872237685,-0.7967199081167777
3f1aaxxxxx71,lightbearer,Expert,Standard,-1.082838803162583,6.0914401,6.01173823,-0.9957379573356773,-0.7992284245054708
3f1aaxxxxx91,lightbearer,ExpertPlus,Standard,4.73370173992688,13.621476,13.3996368,-0.2768287954512383,-0.1025425196970664
3f571xxxxx51,The Devil in I,Hard,Standard,-3.8736017194294976,1.76176762,1.40406026,-0.4718035751653793,-0.2888235447027818
3f571xxxxx71,The Devil in I,Expert,Standard,-1.7993397082958305,5.16531023,3.99247832,-0.9930442641150858,0.06269973603714907
3f571xxxxx91,The Devil in I,ExpertPlus,Standard,3.0586170852896513,10.0955088,7.32985781,0.2766262746444337,2.344371289126773
3f6d391,Arachnid,ExpertPlus,Standard,2.6431787397013373,8.79190969,8.33222015,0.752295570528037,1.1948943888395092
3f72dxxxx31,Curious,Normal,Standard,-4.229973106346978,1.61058658,1.73547697,-0.7442388671286295,-0.7821646215352751
3f72dxxxx51,Curious,Hard,Standard,-3.308339572860876,2.26643111,2.54926166,-0.2351694247179168,-0.35882295598741276
3f72dxxxx71,Curious,Expert,Standard,-1.1031980411706122,4.96155731,5.4397785,-0.13630496061069008,-0.3764648670765931
3f72dxxxx91,Curious,ExpertPlus,Standard,-1.015046601857705,5.18322984,6.19954342,-0.22283871313220338,-0.8757185735436734
3f829xxxxxx91,Extratongue,ExpertPlus,Standard,6.287456380121786,17.5338726,15.1800712,-0.9398364443242491,0.3735548615173476
3f9a5xxxxx91,5g,ExpertPlus,Standard,1.0545970396593682,5.04723947,5.9301058,1.95386441512236,1.4011207168685933
3fa33xx91,GIRL HELL 1999,ExpertPlus,Standard,0.8500844959395533,6.04078965,7.78831912,0.9760167338787871,-0.2026375135923808
3fa34xx91,UR EMBARRASSING !!!,ExpertPlus,Standard,-3.3751790123361607,1.80617117,1.90488557,0.0003966595439934828,-0.016411880325746253
3fa34xx92,UR EMBARRASSING !!!,ExpertPlus,OneSaber,-3.09617460947102,2.18099665,4.54862793,0.036554163330867695,-1.670995682753384
3fa68xxxx51,ATE THAT,Hard,Standard,-3.3348250124136505,2.53270689,2.89045557,-0.45429413623697457,-0.6296067416445026
3fa68xxxx71,ATE THAT,Expert,Standard,-2.3482076727368706,3.16479324,3.57272349,0.04800551435141598,-0.15924387061505607
3fa68xxxx91,ATE THAT,ExpertPlus,Standard,1.353703976248652,5.67135198,6.63816137,1.7646821204610137,1.1586899715905052
3fa76xxxx51,Night of Knights,Hard,Standard,-1.956152056439151,4.3358295,4.3523498,-0.49210370444066376,-0.3766109336724641
3fa76xxxx71,Night of Knights,Expert,Standard,-0.8902928158847744,5.70643955,6.30640316,-0.5065214284383742,-0.8327662224385123
3fa76xxxx91,Night of Knights,ExpertPlus,Standard,2.107802669118087,6.48751632,8.296697,1.8933898448471767,0.6851540312157063
3fad4xxx71,Truth Or Dare,Expert,Standard,-3.2861997144471387,4.24595793,5.19447606,-1.750399064692541,-2.3679516410073513
3fad4xxx91,Truth Or Dare,ExpertPlus,Standard,-0.8292470109528832,4.3011731,5.82464305,0.6624640330141264,-0.4012727132776984
3fbe5xxxx51,115,Hard,Standard,-0.2570698201160141,6.837439,6.73529352,-0.7346383235518549,-0.5256032270100975
3fbe5xxxx71,115,Expert,Standard,2.891051079522251,8.46362305,9.73422011,1.2309273798539064,0.45301932687133784
3fbe5xxxx91,115,ExpertPlus,Standard,4.4468705270280235,11.5965211,10.9806092,0.6857293344326085,1.163941281602431
3fd2bxx91,The Clock Strikes 12,ExpertPlus,Standard,0.8127705520304142,3.89899986,5.76029864,2.625854309686213,1.2905312904997213
3fe0axxxx91,Final-Boss-Chan,ExpertPlus,Standard,3.5793351922721333,10.8422141,9.98698044,0.3042448485545206,0.9673613897727495
3ff08xxxx51,CLAUDIA,Hard,Standard,-0.10724919364997405,7.69718592,7.46895387,-1.2182923826084868,-0.9246730834743379
3ff08xxxx71,CLAUDIA,Expert,Standard,1.499970265633217,9.09187124,10.1851992,-0.5994876974945327,-1.2474738587352392
3ff08xxxx91,CLAUDIA,ExpertPlus,Standard,3.9569664824896806,9.87113039,11.5582614,1.325559362826254,0.2930897496882072
3ff31xxxxx11,Saishuu Kichiku Imouto Flandre-S,Easy,Standard,-4.015535273073625,1.90396921,1.8951443,-0.6998777794522795,-0.6513743960727156
3ff31xxxxx31,Saishuu Kichiku Imouto Flandre-S,Normal,Standard,-3.058351087248803,2.39209385,2.59541937,-0.07490121353180346,-0.14107893954999273
3ff31xxxxx51,Saishuu Kichiku Imouto Flandre-S,Hard,Standard,-1.592018953972186,3.50540064,3.79943216,0.534962716019626,0.4208756993744629
3ff31xxxxx71,Saishuu Kichiku Imouto Flandre-S,Expert,Standard,-0.5181139480304273,5.8302127,6.48676362,-0.23009339983226318,-0.5981525331355282
3ff31xxxxx91,Saishuu Kichiku Imouto Flandre-S,ExpertPlus,Standard,1.0706065503637836,8.15462457,8.00421928,-0.3699043095430681,-0.13991384476909507
3ff43xxxxxxx91,Romantic Homicide,ExpertPlus,Standard,-3.633585475162769,0.0294304293,0.0315736749,2.0728439016319524,2.788992065747284
4003fxx91,Bruises,ExpertPlus,Standard,-1.497626017551113,4.66142417,5.03281543,-0.2929090438068682,-0.4527853029627229
40095xx51,Run Away,Hard,Standard,-3.699107635317086,1.90757238,1.91631368,-0.38571053212377304,-0.3467073760783448
40095xx71,Run Away,Expert,Standard,-1.4296971915365886,2.85486326,2.97566296,1.2074493216373414,1.2126851862254766
40095xx91,Run Away,ExpertPlus,Standard,-0.9821182297861845,3.88289419,5.03711777,0.8438358728285399,0.05935005806632143
40127xxx11,Apocalypse Simulator v2.0,Easy,Standard,-2.6080507976662664,5.4785375,3.9483737,-2.0470806624360303,-0.7114881811231708
40127xxx31,Apocalypse Simulator v2.0,Normal,Standard,-0.3774316096559947,6.96313421,5.74064373,-0.9487785844505985,0.11555069275697599
40127xxx51,Apocalypse Simulator v2.0,Hard,Standard,1.3268566972736484,7.84217042,8.86094469,0.11082272468646259,-0.49970646263596397
40127xxx71,Apocalypse Simulator v2.0,Expert,Standard,3.5081388295436797,13.6580705,11.1317657,-1.5242738507536115,0.12489125907207965
40127xxx91,Apocalypse Simulator v2.0,ExpertPlus,Standard,4.840976875206555,14.985221,14.1045457,-0.9695538554608385,-0.42817139839022555
401ebxxxx51,Executioner,Hard,Standard,-3.0717235291846423,3.78223319,3.5362763,-1.1653592536076993,-0.854598293169798
401ebxxxx71,Executioner,Expert,Standard,1.0851106655267364,8.75144047,8.36789539,-0.7774672139425098,-0.3888911560743733
401ebxxxx91,Executioner,ExpertPlus,Standard,2.9572685995220267,10.3966873,11.8482565,-0.025078963170227286,-0.8954101423174534
402f2xx31,Do you love me?,Normal,Standard,-4.501341549953402,1.51736561,1.42826164,-0.9686366525400087,-0.9244729099146878
402f4xx71,Past And Future,Expert,Standard,-4.18515387963008,1.89743252,1.90000869,-0.8654048517875266,-0.8236825522558067
402f4xx91,Past And Future,ExpertPlus,Standard,-2.5143103100095945,3.60964149,3.98566107,-0.47027870420914075,-0.646932687201252
40370xxxxxxxx51,SONG REQUEST,Hard,Standard,-2.882413575853231,3.30242673,3.09231193,-0.5945779644723994,-0.3269811182253335
40370xxxxxxxx71,SONG REQUEST,Expert,Standard,-0.05283749032362953,5.11513716,5.14148454,0.7929339766683401,0.9068771019469746
40370xxxxxxxx91,SONG REQUEST,ExpertPlus,Standard,3.7678291662244465,8.329603,12.2288381,2.2026677560532506,-0.3302091791271202
403891,Zettai Tokken Shuchou Shimasu! Hoshi Syoko Solo Remix,ExpertPlus,Standard,0.08440503261372723,5.68109955,6.82217798,0.4878221861222417,-0.24972642777771836
405c3xx91,search & destroy,ExpertPlus,Standard,0.8658023703322073,4.82555854,7.32359718,1.940288538889692,0.1562104385059182
409cexx91,Viyella's Melancholy,ExpertPlus,Standard,2.4786535961424248,12.1681662,10.3430673,-1.6431253461900104,-0.37609940260544716
409ebxxxxx71,Scatman,Expert,Standard,-2.0383559491620797,3.5792131,3.85502693,0.029907863738181995,-0.06883368961564473
409ebxxxxx91,Scatman,ExpertPlus,Standard,0.5628626738960982,5.29928631,6.16257188,1.2639834434163755,0.7305428085018975
40c6fxxx91,Resurrection,ExpertPlus,Standard,-0.236248450817165,6.59741865,7.23650774,-0.5336412577369669,-0.8810141725877647
40d3axxxxx51,Bookmaker,Hard,Standard,-2.748631656214064,5.23553751,5.05868469,-1.9975102339825872,-1.7240661765373129
40d3axxxxx71,Bookmaker,Expert,Standard,1.455298986505265,6.75227735,10.5483536,1.0414934938617875,-1.5382269978212757
40d3axxxxx91,Bookmaker,ExpertPlus,Standard,5.027243103626243,10.8172807,13.0159414,1.7684228128550727,0.43022768761944885
40e0cxxx11,Final Hope,Easy,Standard,-3.6684801170195347,1.60028403,1.71337465,-0.17736001025254078,-0.2098654203593977
40e0cxxx31,Final Hope,Normal,Standard,-3.0530098931343277,2.93865711,3.06338218,-0.4804818699388731,-0.47592081110202944
40e0cxxx51,Final Hope,Hard,Standard,-1.5746928111307692,4.46048427,5.22117629,-0.2100614797225797,-0.6773261392683894
40e0cxxx71,Final Hope,Expert,Standard,-0.7321162614243898,5.75878872,6.45910829,-0.3888846860558438,-0.7911030257594983
40e0cxxx91,Final Hope,ExpertPlus,Standard,2.355740867898347,8.38932222,9.28732394,0.7482098209304708,0.22857249389948509
40e10xxxxxxx11,Medicine,Easy,Standard,-0.8942756291886614,2.89669879,3.15638322,1.7106646055441703,1.6129935089678642
40e10xxxxxxx31,Medicine,Normal,Standard,-0.31886396783014853,4.07291982,4.72039574,1.3552041836290496,0.9712519960342008
40e10xxxxxxx51,Medicine,Hard,Standard,2.2146181949329713,5.49020276,7.90903614,2.766490938268483,1.0735392188483406
40e10xxxxxxx71,Medicine,Expert,Standard,2.161882047047599,7.61542214,8.46860077,1.11028117155108,0.6154353196935749
40ea7xxx71,Feel It,Expert,Standard,-2.949585359153386,3.08749169,2.96297668,-0.49282432912356944,-0.2978091874244386
40ea7xxx91,Feel It,ExpertPlus,Standard,-2.449390471615505,3.74325515,4.11720235,-0.5119084992969618,-0.6851232483202889
41218xxx11,Cherish (My Love),Easy,Standard,-3.8051335945347304,1.65415925,1.6263543,-0.3426756886410498,-0.3060449057038612
41218xxx31,Cherish (My Love),Normal,Standard,-2.149546344160605,2.14764843,2.43430476,1.0060750544886021,0.8789492617668735
41218xxx51,Cherish (My Love),Hard,Standard,-2.0743180959447995,2.97589622,3.49123974,0.46935567670388867,0.17753979273723086
41218xxx71,Cherish (My Love),Expert,Standard,-2.130585752616519,3.33774827,4.20969706,0.1293354378196443,-0.4389335714350042
41218xxx91,Cherish (My Love),ExpertPlus,Standard,-1.261336490826874,3.78863307,4.91383047,0.6399173423328886,-0.1231646323513702
41293xxx91,Emergency Curtain Call,ExpertPlus,Standard,4.811098518544415,9.47325483,10.7761148,2.449531607690726,1.6646123822828502
416b4xxx31,Towa no Yakusoku to Nanika,Normal,Standard,-3.019155111249914,2.65014953,2.29100881,-0.2262793111034309,0.10476465034422855
416b4xxx51,Towa no Yakusoku to Nanika,Hard,Standard,-2.2636811397019403,3.18139764,3.79943216,0.1194938539885011,-0.2507864863552913
416b4xxx71,Towa no Yakusoku to Nanika,Expert,Standard,-0.33038051437971916,4.87800175,5.78496194,0.7025804971050489,0.12828890815504312
416b4xxx91,Towa no Yakusoku to Nanika,ExpertPlus,Standard,3.353614635788437,5.95539803,8.46860077,3.545150502803454,1.8071679084344128
41864xxx91,Turning Out Pt. iii,ExpertPlus,Standard,-2.480436738395711,2.00075306,1.88867781,0.7733209540390762,0.8872874725574422
41873x11,Lian'ai Gaoji,Easy,Standard,-3.369258298492032,1.27965379,1.34189144,0.26175352595345824,0.23400339396004233
41873x31,Lian'ai Gaoji,Normal,Standard,-2.9892415234995755,2.41021407,2.29492746,-0.018915092111218,0.13211844683785046
41873x51,Lian'ai Gaoji,Hard,Standard,-2.3258090125364554,3.04741561,3.51518739,0.16223617003672253,-0.09241050334212675
41873x71,Lian'ai Gaoji,Expert,Standard,-0.804247457235303,6.23845228,4.97721828,-0.8295055918995405,0.2841885341917526
41873x91,Lian'ai Gaoji,ExpertPlus,Standard,-0.8197948744466537,3.19654623,4.14190297,1.5514756874407087,0.9250882090902921
41a23xxxxx91,Unwelcome School,ExpertPlus,Standard,6.101991311786118,11.6281101,13.4110916,2.3207508694672065,1.2586446024887694
41a76xxxxxx51,Totsuka no Tsurugi,Hard,Standard,-2.469791481315759,5.66749306,3.56662298,-2.0558194655954214,-0.2761108639494281
41a76xxxxxx71,Totsuka no Tsurugi,Expert,Standard,0.11271827539033304,7.93325971,7.5782425,-1.169008691579663,-0.7854774752680103
41a76xxxxxx91,Totsuka no Tsurugi,ExpertPlus,Standard,1.8842795660230294,8.19705952,9.351029,0.41346946432139586,-0.2874640168677256
41b58xxx51,Sudden Appearance Image,Hard,Standard,-2.303137651590609,3.93945531,3.72867446,-0.5223864465907135,-0.23514186262284698
41b58xxx71,Sudden Appearance Image,Expert,Standard,-1.6290854346369998,5.44010548,5.51937545,-1.0381228751642293,-0.9643245763705803
41b58xxx91,Sudden Appearance Image,ExpertPlus,Standard,-0.07120767395578545,5.5666656,6.54243,0.4211062929512279,-0.19357441925302046
41c18xxxxxxxx91,Ephemera,ExpertPlus,Standard,2.4264203899867844,10.0808462,9.96141184,-0.34576471941866194,-0.1680190221802218
41c67xxxx51,QUATTUORUX,Hard,Standard,-2.1073871865354947,3.97552056,3.95512718,-0.35546311448633316,-0.21610893421670752
41c67xxxx71,QUATTUORUX,Expert,Standard,1.1455739316111957,7.11782075,7.828352,0.45936536799279293,0.06351490940422377
41c67xxxx91,QUATTUORUX,ExpertPlus,Standard,2.9343507023319684,7.93205474,9.85136884,1.653491397351,0.41553321137239774
41cfbxxx11,The Intense Voice of Hatsune Miku,Easy,Standard,-3.4736356666623682,0.803691953,0.633168631,0.20149948120627093,0.03522336844849505
41cfbxxx31,The Intense Voice of Hatsune Miku,Normal,Standard,-3.8974086767561134,1.38990283,1.25536925,-0.30767589936122697,-0.27324161353899745
41cfbxxx51,The Intense Voice of Hatsune Miku,Hard,Standard,-3.717117910881598,2.87021466,2.52973194,-1.091776020793326,-0.7540465213820364
41cfbxxx71,The Intense Voice of Hatsune Miku,Expert,Standard,-3.1952318706945766,4.38298134,4.15963694,-1.7688050587954778,-1.4642693801101114
41cfbxxx72,The Intense Voice of Hatsune Miku,Expert,OneSaber,-3.1647381172921247,2.09442955,3.24837773,0.0269676642986183,-0.7270653365297153
41cfbxxx91,The Intense Voice of Hatsune Miku,ExpertPlus,Standard,-0.9205045384377847,7.32834671,7.53304895,-1.762066982912069,-1.7853307756603929
41cfbxxx92,The Intense Voice of Hatsune Miku,ExpertPlus,OneSaber,-1.2428025050903682,3.61056221,6.40755012,0.8004956514012711,-1.2625016731434264
41d08x91,Amenemhat,ExpertPlus,Standard,1.5139730856564246,5.95636101,7.92256412,1.7047681677955544,0.36301251558189396
41d0cxxxxx71,- Divine Light of Myriad -,Expert,Standard,1.2793502446658165,7.64498245,7.50093295,0.20623959257159674,0.4382646009882376
41d0cxxxxx91,- Divine Light of Myriad -,ExpertPlus,Standard,4.091050454396875,11.4957775,11.2081224,0.3941450370678763,0.657299124258516
41d18xxxx91,song for when the bar closes,ExpertPlus,Standard,0.2634445372347032,4.86030003,5.99122537,1.3104171026600038,0.5628528725143442
41d75xx91,Two Faced,ExpertPlus,Standard,-2.285197632274481,4.72248841,4.38220411,-1.1289766867251179,-0.7291309190619542
41e55xxxx71,Kusari Unparallel,Expert,Standard,-3.20246624031972,2.54215197,2.55798987,-0.32893194717300434,-0.2590247306760327
41e55xxxx91,Kusari Unparallel,ExpertPlus,Standard,-1.2164207736672503,4.02144036,4.48448252,0.49879721977621183,0.2592091861132688
41effxxxx51,Official,Hard,Standard,-2.6418200731946704,3.16289715,3.51819237,-0.24411872653204503,-0.41073937362025514
41effxxxx91,Official,ExpertPlus,Standard,1.7947234108225023,4.67470936,6.62682654,2.988885204634374,1.6083013225268974
41f311,Magnetism,Easy,Standard,-3.5162329721715624,0.811575857,0.709374962,0.16071596020232226,0.04291821628794601
41f331,Magnetism,Normal,Standard,-3.7063821520938696,1.18249163,1.12146603,-0.046475362311475976,-0.06276480564576348
41f351,Magnetism,Hard,Standard,-3.5124706793094616,1.87563239,1.95267887,-0.17916288413864567,-0.18060416777252097
41f371,Magnetism,Expert,Standard,-1.337476246869504,3.81723022,4.5423318,0.5409385733544261,0.09265456810394657
41f391,Magnetism,ExpertPlus,Standard,1.3543404520885258,5.92296175,7.2488854,1.5708410479853243,0.7003512638286677
41fbdxxxx91,Heat Abnormal,ExpertPlus,Standard,1.263116620245023,10.3660521,10.0297407,-1.6989427412720444,-1.378150617802512
4200fxxx31,It's Okay Now,Normal,Standard,-3.0839601027888177,1.64379442,1.81588032,0.3841059979797863,0.3228942678012947
4200fxxx51,It's Okay Now,Hard,Standard,-2.980928715599763,2.31071453,2.46360096,0.06089397511335326,0.027629597136736184
4200fxxx71,It's Okay Now,Expert,Standard,-0.7431317936456693,3.21445919,4.26400163,1.6140507766950476,0.9058558954898371
4200fxxx91,It's Okay Now,ExpertPlus,Standard,-0.5827924626832663,4.03206267,4.92644311,1.123934494934329,0.5454806326671857
420b7xxxxx31,Gold Rush,Normal,Standard,-2.669948221608676,1.92321637,2.20835763,0.6335938260261762,0.5072441085292714
420b7xxxxx51,Gold Rush,Hard,Standard,-2.699568120404231,3.25867998,3.29134711,-0.37721332477027447,-0.29456575664735274
420b7xxxxx71,Gold Rush,Expert,Standard,-0.5970636597260262,3.54342661,5.12394111,1.4996803589004681,0.3763855408024903
420b7xxxxx91,Gold Rush,ExpertPlus,Standard,-0.9830461759038855,5.64419164,5.53827278,-0.5509891391905,-0.332984995086941
42148xx51,Rushiest Rush,Hard,Standard,-1.6025837995787056,5.20931801,4.70027106,-0.8308741924991061,-0.2966483409217151
42148xx71,Rushiest Rush,Expert,Standard,0.26883136540846486,9.03927285,7.43075889,-1.7942084270518444,-0.5203023234594135
42148xx91,Rushiest Rush,ExpertPlus,Standard,4.2429168694755335,10.1909353,11.7876665,1.3972263917955536,0.42955251754215285
4225bxxxxxxx31,Mai Mai Mai,Normal,Standard,-2.381486979429308,2.36500631,2.300818,0.6214975686621815,0.7360195281916662
4225bxxxxxxx51,Mai Mai Mai,Hard,Standard,-1.3287491480121352,2.86824176,3.07124516,1.2981107048379963,1.2424595346173728
4225bxxxxxxx71,Mai Mai Mai,Expert,Standard,-1.5618479170015838,3.45602614,3.81896169,0.6043530956019114,0.43581819196463667
4225bxxxxxxx91,Mai Mai Mai,ExpertPlus,Standard,0.4975200274754876,5.31143836,5.47241375,1.1891186713750408,1.1988333264629685
42282xx11,Birds of Time,Easy,Standard,-3.9635135811899076,0.234945118,0.261028184,-0.869127331128198,-0.9190514691790996
42282xx31,Birds of Time,Normal,Standard,-4.270959771076851,1.1816318,1.25322567,-0.6108325819232854,-0.6463519014546351
4229bxx91,rvp7vre,ExpertPlus,Standard,1.487753560735563,9.73762273,7.84174197,-1.0535132875448197,0.39588993441497156
42461xx91,mythoclast,ExpertPlus,Standard,0.4938733575210861,4.16909748,5.25250005,2.0910759088494038,1.366753229237587
4277axxxx91,Dies Irae,ExpertPlus,Standard,5.248428447037747,12.5477098,11.4599177,0.8907369095780444,1.6489460116109993
427e6xxxx51,Nobody's Christmas!,Hard,Standard,-3.9264960839229546,2.15092002,2.12142483,-0.7731112141460539,-0.694867726292594
427e6xxxx71,Nobody's Christmas!,Expert,Standard,-3.5506232288463107,2.94266203,3.19710017,-0.9811945134636098,-1.0740962873848785
427e6xxxx91,Nobody's Christmas!,ExpertPlus,Standard,-2.349349491190957,5.04037315,4.68023217,-1.4446675579591215,-1.0276603811841003
428a3xx51,Winter (The Wind Can Be Still),Hard,Standard,-3.113264312441896,1.36035801,1.35225094,0.4883280643418293,0.4871081583733967
42a5cxxx31,epitaxy,Normal,Standard,-3.139501739428812,1.72302796,1.48171653,0.2846254698831405,0.41857747466078665
42a5cxxx51,epitaxy,Hard,Standard,-2.7249061137941353,3.65649053,3.0896707,-0.7182096021831348,-0.167494047124237
42a5cxxx71,epitaxy,Expert,Standard,-2.0611861481469234,5.64944635,5.03281543,-1.6332085239228116,-1.0163454335585334
42a5cxxx72,epitaxy,Expert,OneSaber,-3.044704966812311,1.67338007,2.95695958,0.40723887282546833,-0.3884778732803946
42a5cxxx91,epitaxy,ExpertPlus,Standard,-0.5488891278910388,7.53854965,6.80471189,-1.5444501345692256,-0.8698462176601887
42a5cxxx92,epitaxy,ExpertPlus,OneSaber,-0.08960043401415423,3.48205424,7.11158431,2.0559321320085475,-0.6410924572681042
42affxxxx91,Winter Death,ExpertPlus,Standard,3.77554070329572,12.9361665,11.518823,-0.8207724345205669,0.13746528128255742
42de8xxxx71,Clouds in the Blue,Expert,Standard,-2.6148837051371596,4.37744227,3.28011659,-1.1840383315011382,-0.20133313346198323
42de8xxxx91,Clouds in the Blue,ExpertPlus,Standard,-0.24969216504224662,5.65783376,6.09449439,0.17177529472967729,-0.029739427382708572
42e3axxx91,Dash,ExpertPlus,Standard,-0.3649036026951108,6.69271637,5.9809952,-0.7340059787646332,-0.0576137139989058
42e891,GHOST,ExpertPlus,Standard,3.7272654505546985,8.9323178,10.334233,1.7384828621145139,0.8785038491943769
42ecexx11,Extraterrestrial,Easy,Standard,-3.5211413237476186,0.756867187,0.877566558,0.14075832182634196,0.10513030163809578
42ecexx31,Extraterrestrial,Normal,Standard,-3.1496418500010708,1.82713732,1.99996162,0.2133308470205555,0.15492926113269467
42ecexx51,Extraterrestrial,Hard,Standard,-2.228385786846363,2.41536384,3.03472308,0.7382030060752283,0.3700987918161318
42ecexx71,Extraterrestrial,Expert,Standard,-1.390411990383297,2.90234656,3.82222636,1.2101717553181,0.6047076202387087
42ecexx91,Extraterrestrial,ExpertPlus,Standard,1.81788539485179,3.1397148,4.50753329,4.233769704843723,3.275385586178242
42fd0xxxxxx31,Vortex,Normal,Standard,-2.888889323150276,2.83173594,2.6154562,-0.2339890649289007,0.014297826131553837
42fd0xxxxxx51,Vortex,Hard,Standard,-1.2407977867807385,4.76284842,5.19003932,-0.11660114320120396,-0.3190790969642743
42fd0xxxxxx71,Vortex,Expert,Standard,0.3625315670425913,6.36347624,7.28614552,0.2421322132917752,-0.31920280202742773
42fd0xxxxxx91,Vortex,ExpertPlus,Standard,2.4726947988264083,7.214991,9.0059794,1.714642021873901,0.543436112604271
43018xx11,Oh No,Easy,Standard,-4.902413878476258,0.135011137,0.148638627,-1.895007571196634,-1.8959889126192602
43222xxxxx11,psychology,Easy,Standard,-2.4559750736781982,3.42258851,3.47041941,-0.2632438594120421,-0.18808616985163873
43222xxxxx31,psychology,Normal,Standard,-0.3229566066252757,6.69071065,6.33340466,-0.6905520567102114,-0.286065122659238
43222xxxxx51,psychology,Hard,Standard,2.081046121628209,9.35143756,9.0600096,-0.19717203741909106,0.11364710748157503
43222xxxxx71,psychology,Expert,Standard,2.8943029634472937,10.5803628,10.4051192,-0.20925324934972256,-0.0024881599173349755
43222xxxxx91,psychology,ExpertPlus,Standard,4.714533009334021,9.75839583,11.4501295,2.1592140872233903,1.121470031586147
43239xx51,Thunder,Hard,Standard,-2.789630172497529,1.33039212,1.75786441,0.8234116819012076,0.6470286714236342
43239xx71,Thunder,Expert,Standard,-1.2645766512828664,4.13126659,4.80586466,0.3628573518949276,-0.04162434877546706
43239xx91,Thunder,ExpertPlus,Standard,1.5523209567522624,4.33956399,5.75046278,3.0133889801111575,2.037698199410289
4324exxxx91,Gravisphere Crisis,ExpertPlus,Standard,3.394068174499045,11.7955108,11.3043053,-0.4933492285495955,-0.1031369691945212
4344cxxxx71,Nxde,Expert,Standard,-1.5497307800522802,2.9592496,2.98585109,1.0068512492696382,1.0850982980271813
4344cxxxx91,Nxde,ExpertPlus,Standard,-0.3970700944734231,3.7264377,4.32639416,1.5538337698745819,1.2028773284482832
43615xx91,doodle,ExpertPlus,Standard,-2.277304139517884,3.87791141,5.40733788,-0.44736841444633724,-1.525288121579595
4372cxxx91,Tetoris,ExpertPlus,Standard,-0.31927491662618623,6.19929868,7.16268441,-0.3146595520234029,-0.9089611668332981
43785xx91,Blue Zenith,ExpertPlus,Standard,5.185525249195781,7.337763,10.566396,4.337040386074229,2.1798438883242883
43ab4xxx91,throw it up,ExpertPlus,Standard,1.3340733251443058,4.44449843,6.06851144,2.7114459860076265,1.5739992742368978
43bdaxx71,ATTACK FROM MANDRAKE,Expert,Standard,1.8435792826748039,9.05770661,9.20830258,-0.2322312029299065,-0.2281752255966636
43bdaxx91,ATTACK FROM MANDRAKE,ExpertPlus,Standard,3.7282938229778653,10.841254,13.2629402,0.4538297378727223,-1.0230172168059228
43c6ax11,Iikanji!!,Easy,Standard,-3.5772842801866003,1.23112392,1.34189144,0.06911947733639012,0.025977412265473898
43c6ax31,Iikanji!!,Normal,Standard,-2.5150911673002976,2.21362376,2.40330245,0.595042031102619,0.5343520984657926
43c6ax51,Iikanji!!,Hard,Standard,-2.7142167464738063,4.22688822,3.87153261,-1.1631845565735413,-0.7575836064111825
43c6ax71,Iikanji!!,Expert,Standard,1.1784288147582669,5.73465579,7.52661477,1.5403415175178394,0.31835700786098275
43c6ax91,Iikanji!!,ExpertPlus,Standard,0.11518342019332452,6.05151685,8.43249619,0.23288650282714218,-1.405316272341643
43c96xxxx31,Hyper Bass,Normal,Standard,-3.7884309340611986,1.41936666,1.58519292,-0.21106229624731343,-0.27143531199074067
43c96xxxx51,Hyper Bass,Hard,Standard,-1.0947357984622028,4.60791989,5.69179936,0.15251416817272134,-0.5638993902448364
43c96xxxx71,Hyper Bass,Expert,Standard,0.4593514763324556,4.91681476,6.60986059,1.4616083711931935,0.28579463390375853
43c96xxxx91,Hyper Bass,ExpertPlus,Standard,2.634222984159864,6.22834433,8.34647196,2.616673476574682,1.1756614617172088
43ca2xxx51,Fireside,Hard,Standard,-2.7111743595860607,1.93144973,1.93441082,0.5871545765429693,0.6310586703117917
43ca2xxx91,Fireside,ExpertPlus,Standard,-2.7608792173500034,2.09536717,2.35049752,0.4301958007112554,0.3238687229061039
43d05xxx11,APT.,Easy,Standard,-3.02945842306762,1.33814512,1.38026897,0.5806787219236336,0.5627129828709023
43d05xxx31,APT.,Normal,Standard,-2.6967627703396166,2.06827889,2.32254629,0.512460554307447,0.40647251760202696
43d05xxx51,APT.,Hard,Standard,-1.0316946103243867,3.27977377,3.86162074,1.2740234398531747,0.9326792495582281
43d05xxx71,APT.,Expert,Standard,-2.7441199544711536,2.58206395,3.31675656,0.09974337968047875,-0.35848206049332054
43d05xxx91,APT.,ExpertPlus,Standard,0.01605585741539016,3.43460695,5.0760047,2.199254317414041,1.0270502077685977
43d09xxx91,INTERDIXION,ExpertPlus,Standard,3.7921147641905404,10.0196034,12.2288381,1.060938269066578,-0.30592358116102636
43d09xxx92,INTERDIXION,ExpertPlus,OneSaber,3.8077786641249713,5.30755545,9.15824654,4.502419562695231,1.771195885470279
43fb6xxx71,Ground Pound,Expert,Standard,-1.0824146697459456,3.5943469,4.21689751,0.97379883209738,0.603581636643814
43fb6xxx91,Ground Pound,ExpertPlus,Standard,1.046443848957482,8.07420129,7.03530111,-0.3365208785761111,0.5520727148621565
440c1xxx31,Renegade (We Never Run),Normal,Standard,-0.8557239149476222,4.24880725,4.79356072,0.6778010752515465,0.3768947722666113
440c1xxx51,Renegade (We Never Run),Hard,Standard,-0.6179733750446366,4.48164925,5.73084143,0.729792626799566,-0.11739742545079568
440c1xxx91,Renegade (We Never Run),ExpertPlus,Standard,1.6204881140807554,5.03835359,6.85724479,2.5267627674480826,1.2599255699483396
441371,Ring Of Fortune (TV Size),Expert,Standard,-3.4330173185002875,3.90060273,3.48230149,-1.6212144980443564,-1.1742751932489752
44178xxxx91,Higher Than the Sky,ExpertPlus,Standard,1.297367349928187,8.4011888,8.86094469,-0.31857236005124157,-0.5291958099814253
44196xxx91,DIVA,ExpertPlus,Standard,-3.5346135690345006,3.96082152,4.1454437,-1.7709402070390345,-1.7925096094063335
44289x91,Darkness Swallows Life,ExpertPlus,Standard,4.996497921728833,12.1574575,12.4609003,0.8814155472281433,0.7501738460366605
443daxxx91,INTERDIXION,ExpertPlus,Standard,1.6437491105329156,9.22083349,9.0522712,-0.5447222414681725,-0.318191202577103
44758xxx91,Silentphobia,ExpertPlus,Standard,3.627874118707417,10.2264332,11.8280253,0.7585396365604202,-0.21168518414170823
44794xxx51,ENÛMA∇ELIŠ,Hard,Standard,-1.2854913852759373,6.61306062,6.03232132,-1.5946699953214591,-1.017725483026724
44794xxx71,ENÛMA∇ELIŠ,Expert,Standard,1.2775050354605175,8.09956693,8.58517752,-0.12362719042854287,-0.3525252719579608
44794xxx91,ENÛMA∇ELIŠ,ExpertPlus,Standard,2.074642783784406,9.03063257,10.6935597,0.01759166214742658,-1.0165224051683954
447991,Louder Than Steel,ExpertPlus,Standard,4.119417518143709,7.68917676,9.52848009,3.0141895632120597,1.8239690732063178
447a8xxx91,Mimi's Delivery Service,ExpertPlus,Standard,-2.465088458203581,3.53218564,3.3224297,-0.35940302279654146,-0.08377847304422881
447b5xxxxx51,Ascension to Heaven,Hard,Standard,-2.167250022821578,4.2242349,4.15253426,-0.6140983904656387,-0.430711808337938
447b5xxxxx71,Ascension to Heaven,Expert,Standard,0.06968251663292031,7.68845456,10.1331138,-1.0350209891780944,-2.6422438131773216
447b5xxxxx91,Ascension to Heaven,ExpertPlus,Standard,2.932914694474899,7.94892527,12.1144327,1.6399107391375032,-1.0916524127078038
449a11,Fallen (Short Ver.),Easy,Standard,-3.762589978096539,0.765357158,0.640788646,-0.09796716400854644,-0.2480605707994492
449a31,Fallen (Short Ver.),Normal,Standard,-2.8502218641803503,2.49906372,2.18769761,0.055149780266439574,0.3400624352601489
449a51,Fallen (Short Ver.),Hard,Standard,-2.4330002533719255,3.39322699,3.20530638,-0.2169948008500091,0.037318796155549894
449a71,Fallen (Short Ver.),Expert,Standard,1.2847892239431886,6.97518227,6.93384244,0.7044743536324745,0.8665819204145364
449a91,Fallen (Short Ver.),ExpertPlus,Standard,0.9579717938590339,5.72646975,6.84553587,1.3262242457441151,0.6062318174911169
449dexxx91,Three Bastards,ExpertPlus,Standard,5.352182942620001,14.421614,12.7953909,-0.13151309788659837,0.8938541763215007
44b4dxxxxxxxxxxx11,Konpeito Extremists,Easy,Standard,-1.314570437342428,1.4424456,1.73993154,2.2527556035410026,2.131035691945158
44b4dxxxxxxxxxxx31,Konpeito Extremists,Normal,Standard,-1.7320243043309436,2.59466585,3.44972324,1.102436253021013,0.5517830760656861
44b4dxxxxxxxxxxx51,Konpeito Extremists,Hard,Standard,-1.0819973464867803,4.57971334,4.41226321,0.1876898729570906,0.4504313594643692
44b4dxxxxxxxxxxx71,Konpeito Extremists,Expert,Standard,0.6079799954354085,5.81057147,6.59293806,0.9111716518333769,0.4472612937400292
44b4dxxxxxxxxxxx91,Konpeito Extremists,ExpertPlus,Standard,1.3536054552866703,9.30898914,8.40372338,-0.8954875047099333,-0.14619571991645475
44d9exxxx51,TRUST!,Hard,Standard,-3.018356930073841,3.39209345,2.99351507,-0.8014533755148463,-0.3892151821302594
44d9exxxx91,TRUST!,ExpertPlus,Standard,-2.261504992760473,3.73383084,4.14898746,-0.3165012143338113,-0.5221826538937469
44eaaxxxxxxx71,Superhero,Expert,Standard,-1.4924862524520248,3.69751585,4.61273682,0.4814933910306598,-0.11772570027401685
44eaaxxxxxxx91,Superhero,ExpertPlus,Standard,1.3918696730622255,4.48444372,7.50734518,2.737409245762189,0.546042219932726
45234xxx31,OverDrive,Normal,Standard,-2.1823052587820726,4.46724623,4.46918087,-0.8230626988590508,-0.6946404384954521
45234xxx51,OverDrive,Hard,Standard,0.1642725950216538,8.06519697,7.26749158,-1.2122391673024455,-0.5035751495924327
45234xxx71,OverDrive,Expert,Standard,2.961666581247902,9.50927471,10.0297407,0.5755206653003224,0.3203993432003669
45234xxx91,OverDrive,ExpertPlus,Standard,4.448306324595451,9.99878224,12.093747,1.7310910248335394,0.43704966473174256
4525491,Bad Apple!!,ExpertPlus,Standard,4.04920505649595,9.39533664,9.18472754,1.7409107320246044,1.9940087246488223
45265xxx91,Guns Blazing,ExpertPlus,Standard,-2.6144000766597344,3.16090622,3.61881119,-0.21513629052199246,-0.4611098980722721
45274xx91,Mesmerizer,ExpertPlus,Standard,0.04630338998399318,5.78432214,7.12605564,0.3697841361556803,-0.5160107509283066
452f4xxxx51,VIVIDVELOCITY,Hard,Standard,-3.9433695624890213,1.82608391,1.55036335,-0.5797603690630719,-0.41189339674939696
452f4xxxx71,VIVIDVELOCITY,Expert,Standard,-3.0712134252198107,3.58653433,3.82876407,-1.0087787057955953,-1.0811940207858253
452f4xxxx91,VIVIDVELOCITY,ExpertPlus,Standard,1.009763344287066,8.94499916,9.46356613,-0.9878380035862366,-1.2405105507974707
45365xxx11,HOT,Easy,Standard,-3.099168047756493,1.16318831,1.0509509,0.5655269451464315,0.5472804113790226
45365xxx31,HOT,Normal,Standard,-4.106467883449594,1.49081936,1.7221816,-0.5611560046509401,-0.6521346666881453
45365xxx51,HOT,Hard,Standard,-1.7840676684408148,2.67850653,3.16989759,0.9874429881592872,0.7130090128794875
45365xxx71,HOT,Expert,Standard,-3.397706876148213,2.66826328,3.05553933,-0.6184702000519939,-0.8147568167979866
45365xxx91,HOT,ExpertPlus,Standard,-1.490359850343446,3.1597811,4.04743783,0.9097868351534708,0.32862031917749635
45431xxx71,Ain't Nobody,Expert,Standard,-2.0773655347092355,3.795237,4.53457565,-0.18138540008419746,-0.6411344852370795
45431xxx91,Ain't Nobody,ExpertPlus,Standard,0.7817055253475095,4.23473437,6.23673678,2.3264705196065782,0.8925372887098101
455491,MIRROR,ExpertPlus,Standard,0.890520761801904,6.50177324,7.87531718,0.6653265614889887,-0.22591044415548045
455eexxxxxx11,toxic till the end,Easy,Standard,-3.3332016058943723,1.35910981,1.40166279,0.26887953183320334,0.25233900101381446
455eexxxxxx31,toxic till the end,Normal,Standard,-3.014064938494268,2.92240357,2.57333619,-0.4289685191861552,-0.08133026007421229
455eexxxxxx51,toxic till the end,Hard,Standard,-1.7045170960245564,3.30667476,3.7767739,0.5799633010078278,0.3260351206525387
455eexxxxxx71,toxic till the end,Expert,Standard,-2.346695517303448,4.76433433,4.28591911,-1.2236774406272315,-0.7149325723530415
455eexxxxxx91,toxic till the end,ExpertPlus,Standard,-0.04347695280784208,5.03802198,5.20336093,0.8630592307841662,0.8678216448962122
4561cxxxxxx51,Yearn to Bloom - Aeldra's Theme,Hard,Standard,-4.116340980671405,1.25970118,1.301241,-0.47877950520465395,-0.5025201998627948
456d0xxxx91,Oxycodone,ExpertPlus,Standard,-0.7699743182842813,3.49808627,4.25672074,1.362820474827627,0.8847347355539934
45733x91,Chrono Diver -PENDULUMs-,ExpertPlus,Standard,-1.044201297589167,5.46143231,5.44442874,-0.4698860978787447,-0.3210911406242605
45a94xx91,Up From The Bottom,ExpertPlus,Standard,-2.4231872481476695,4.52465725,4.47300138,-1.109677605488446,-0.9385272731118439
45f7fxx91,DRUM GO DUM,ExpertPlus,Standard,0.21489770063625485,5.94051337,5.59535386,0.41788655320244844,0.8205892338087106
4634dxxxx71,Great Distance,Expert,Standard,-1.3032980854540979,5.34214395,5.4397785,-0.635746488075029,-0.5765649113600788
4634dxxxx91,Great Distance,ExpertPlus,Standard,0.5201790395263581,6.73870326,7.56530246,0.11655367666601868,-0.3684667524549081
46395xx51,Into Dust,Hard,Standard,-2.424759721195791,1.92329424,2.55580502,0.8787331062913326,0.5202034992466498
46395xx71,Into Dust,Expert,Standard,-0.4182391581435334,2.75477848,3.83859161,2.295459448866656,1.5641118879466047
46395xx91,Into Dust,ExpertPlus,Standard,1.1869695797069424,4.18109329,5.68693784,2.774587155068503,1.7215757248282793
46472xxxxx91,FINAL_ROAD_MEGAMIX,ExpertPlus,Standard,2.305528222312889,9.32698816,10.2026204,0.044080408658801584,-0.45378308841309467
467a71,FREEDOM DiVE,Expert,Standard,-3.8381141396567786,0.935626423,0.938851843,-0.14652346061515642,-0.19980357847708774
4685exx91,Tic! Tac! Toe!,ExpertPlus,Standard,1.3231338174037162,6.79119879,7.63674711,0.8801641179472472,0.38180648538972406
468ddxx91,Unshatter,ExpertPlus,Standard,-3.305309000623629,2.73701331,2.95539089,-0.5781017444885665,-0.6479220138224875
46a9exxx91,Sacrifice of Fools,ExpertPlus,Standard,1.473047611171598,7.16114886,9.47975304,0.754774320598099,-0.7884994285605331
46ba71,Summer Night Hiking,Expert,Standard,-2.5530961902147378,2.53071122,2.30475342,0.32891175346352375,0.5618321473410228
46ba91,Summer Night Hiking,ExpertPlus,Standard,-0.338214237447338,4.46039529,5.14587978,1.0264880073850482,0.6180598666160995
46e4fxxx71,Lay Down,Expert,Standard,-1.0205330135755573,3.87768335,3.56967193,0.8095849463588136,1.1707903616102435
46e4fxxx91,Lay Down,ExpertPlus,Standard,-0.8695776933626327,4.00828504,4.52683275,0.8561561309120855,0.5727432093123164
46e59xx31,did i tell u that i miss u,Normal,Standard,-4.090031003411224,0.530628186,0.535529682,-0.5654609353364992,-0.6677139696624943
46e59xx51,did i tell u that i miss u,Hard,Standard,-3.2234321789062306,1.44791852,1.21942205,0.34146772486174326,0.40760030296872696
46e59xx71,did i tell u that i miss u,Expert,Standard,-3.1530744408955003,2.18723823,2.20270381,-0.02465335387952239,0.027709901853441465
46e59xx91,did i tell u that i miss u,ExpertPlus,Standard,-1.5298141739046598,3.01327608,3.04511342,0.9848185878772615,1.0609203547684396
46f03xx51,Calamitous Demise,Hard,Standard,-0.18842952660797313,7.20445965,7.65634885,-0.9387073260339787,-1.1441911472141355
46f03xx71,Calamitous Demise,Expert,Standard,4.1559846258591095,14.9130182,13.7475739,-1.612965392698114,-0.8949893846567791
46f03xx91,Calamitous Demise,ExpertPlus,Standard,5.180466040561529,16.1806308,17.5383979,-1.3065873703799733,-2.0858571553326835
46f3dxx91,NO NAME,ExpertPlus,Standard,1.1323798956338311,5.04739923,8.16308477,2.0315212995841305,-0.19359662683644419
47000x91,Let You Fade,ExpertPlus,Standard,-2.508262387313107,3.64326231,3.9483737,-0.4910210114735176,-0.6116997707700116
471b7xxx71,On My Lips,Expert,Standard,-3.2524149386625814,3.22194355,3.39126892,-0.9011220902783381,-0.9237434271321523
471b7xxx91,On My Lips,ExpertPlus,Standard,-1.288098481401158,3.651139,4.86370195,0.7228642683598341,-0.11057278684538008
471f8xxx71,OVER:Acceleration,Expert,Standard,-1.215228287269262,5.83215818,6.16784,-0.9287099669849161,-1.0515896414240986
471f8xxx91,OVER:Acceleration,ExpertPlus,Standard,4.468094500653306,13.3915039,12.3971773,-0.4043783148538296,0.2623900547673301
474c5xxx91,Namae no Nai Kaibutsu,ExpertPlus,Standard,-0.9903374332436882,5.06109573,5.42121725,-0.10199407792241233,-0.24914016509947634
47a42xxxx51,Protect Me,Hard,Standard,-4.217263976108342,1.54718785,1.55168869,-0.699142024741763,-0.6863271358945067
47a42xxxx71,Protect Me,Expert,Standard,-2.3250783983055143,4.66079721,4.68023217,-1.1198632419125931,-1.0033892882986577
47a42xxxx91,Protect Me,ExpertPlus,Standard,2.4216938354543305,8.88671695,8.59251662,0.46465444228689723,0.7864115147170914
47c48xxxx91,SLIDE THE BPM (UP TO) 420!!,ExpertPlus,Standard,5.6697914157136,15.029022,14.859229,-0.16592286478322382,-0.05370636088512537
47dcdxxxxxxxxxx91,MELANCHOLY passing into MANIA,ExpertPlus,Standard,6.19820430606971,15.6883209,15.6810686,-0.01290675971404287,-0.009828770958479005
47dd6x71,I Feel Fine,Expert,Standard,-2.720233535680069,3.60061849,3.3252699,-0.6690148315745343,-0.34109087097811175
47dd6x91,I Feel Fine,ExpertPlus,Standard,-1.4831795258350533,5.11947703,5.21671674,-0.6408245185698,-0.5823257488297224
47df0xxxxxx91,Rainbow Rave Parade,ExpertPlus,Standard,1.5923214691391916,7.45149393,8.07290776,0.6604037864453907,0.3318131160173494
47ec2xxxxx91,Claw Finger,ExpertPlus,Standard,-4.739877801008152,0.669392509,0.899584577,-1.1152348816479933,-1.1086050275216244
47f84xxxxx71,Sis Puella Magica!,Expert,Standard,-2.894705697088591,1.94712669,1.93275859,0.39364762754565374,0.44845984088373836
47f84xxxxx91,Sis Puella Magica!,ExpertPlus,Standard,-1.334898632705217,2.50977983,3.26334263,1.5625745967164093,1.0914072395265544
48374xxxx91,One More,ExpertPlus,Standard,-0.8280482989493778,4.56586444,5.39810472,0.4526587422632693,-0.06883373693571726
483791,Yugure,ExpertPlus,Standard,1.422835603685202,6.60241943,7.07146339,1.1216741808154396,0.9013706737891454
48445x71,Astrum,Expert,Standard,-2.0518763879858404,2.40451275,2.73195547,0.9225839085311449,0.7684424232828646
484bbxxxxxx91,Big Foot,ExpertPlus,Standard,1.4431618499075407,5.88851364,6.39321561,1.6862025052702374,1.4343949527165702
48acexx91,Huh,ExpertPlus,Standard,0.04793799181721634,5.01217039,5.95549615,0.9748685106583713,0.3748809847272464
48b7axxxxx71,Osmosis,Expert,Standard,-3.361297827731497,2.05804291,1.93110777,-0.14525774748416742,-0.017201427036808603
48b7axxxxx91,Osmosis,ExpertPlus,Standard,-2.2268120746723357,4.05304631,4.11368573,-0.536858408450771,-0.4597856389631101
48c01xx11,Splush Sunbeach,Easy,Standard,-3.860956905367236,2.29744039,2.08726084,-0.8097054378509725,-0.6084250477732667
48c01xx31,Splush Sunbeach,Normal,Standard,-3.260001500763893,2.96780857,2.87813255,-0.7100543826850156,-0.5457476620228303
48c01xx51,Splush Sunbeach,Hard,Standard,-2.5001682853018554,4.2104228,4.34120694,-0.9359831108090626,-0.911866332397786
48c01xx71,Splush Sunbeach,Expert,Standard,-1.1230435417580726,5.61609948,6.18367139,-0.6691672195982226,-0.9715469776925811
48c01xx91,Splush Sunbeach,ExpertPlus,Standard,0.5394261209087334,6.02273118,8.01106174,0.6792177225258467,-0.6760785337906143
491b6xx31,Danger,Normal,Standard,-3.2696676800438063,1.15550323,1.10529295,0.3968390174535008,0.37509019114184783
491b6xx51,Danger,Hard,Standard,-2.8501593453041134,3.76030503,3.83203712,-0.9262873917038466,-0.862693654691173
491b6xx71,Danger,Expert,Standard,-0.9496262905507804,6.52912972,6.2420683,-1.1954939177057897,-0.842877207402964
491b6xx91,Danger,ExpertPlus,Standard,1.7864661464455776,7.91219107,8.58517752,0.5199152917582246,0.15643583902709923
492e7xxx51,Challenger,Hard,Standard,-1.9088465120325477,3.2949642,3.61572026,0.38488186689509774,0.24683827942503878
492e7xxx71,Challenger,Expert,Standard,-0.8928315460294274,4.36690765,5.26598199,0.546418099585807,-0.030487368253995006
492e7xxx91,Challenger,ExpertPlus,Standard,1.5803699242458253,7.62423653,9.50408534,0.5223528914280902,-0.698112444433022
4936axxxxxxxxxxx11,G4M3-0V3R,Easy,Standard,-1.359884548418087,3.47473469,4.02673991,0.7914617948945057,0.47531667244270603
4936axxxxxxxxxxx31,G4M3-0V3R,Normal,Standard,-0.19776429457399813,3.96659207,5.32480472,1.561296568444965,0.6186378283766791
4936axxxxxxxxxxx51,G4M3-0V3R,Hard,Standard,0.8061179218801344,7.2239015,8.38220822,0.041488980719182944,-0.6781938089732793
4936axxxxxxxxxxx71,G4M3-0V3R,Expert,Standard,2.335408374540435,8.83310017,10.0899128,0.4157560266090865,-0.3470157059121073
4936axxxxxxxxxxx91,G4M3-0V3R,ExpertPlus,Standard,4.571087394094478,9.7855412,13.0159414,1.9974207067276528,-0.025928021912315913
49389xxx91,CHUTEN,ExpertPlus,Standard,2.049672805989111,12.4733017,9.78425515,-2.261986697004124,-0.42289861059318
497a7xxxxxx71,UmbЯal,Expert,Standard,2.623771425604836,10.9741302,12.643233,-0.7371794648791381,-1.7383690475950684
497a7xxxxxx91,UmbЯal,ExpertPlus,Standard,4.493940853168284,11.4775281,13.7240996,0.8086936628918244,-0.5426109773812842
49cacxxx11,Slash Inferno,Easy,Standard,-2.583876424319383,1.23853151,1.0278596,1.060297676055113,1.0622350622675474
49cacxxx31,Slash Inferno,Normal,Standard,-3.6555416632622806,1.37117583,1.43437689,-0.05822739001941102,-0.08073197087660278
49cacxxx51,Slash Inferno,Hard,Standard,-2.691766469202877,4.35937073,3.56967193,-1.2465034784225124,-0.5004430940170761
49cacxxx71,Slash Inferno,Expert,Standard,-0.3665613611834395,4.88720774,5.68693784,0.6591147699831787,0.16804478393789735
49cacxxx91,Slash Inferno,ExpertPlus,Standard,2.2659215597360323,9.39361712,9.51220998,-0.04119553384429642,-0.018212752469783045
4a15dx11,Strawberry Rush,Easy,Standard,-3.909514127097815,0.953902107,0.66024231,-0.2177579772990672,-0.3811735143064383
4a15dx31,Strawberry Rush,Normal,Standard,-3.7319290185870115,1.90198728,1.92123241,-0.41502971830110624,-0.3822819506287547
4a15dx51,Strawberry Rush,Hard,Standard,-3.3412936365923325,3.8149979,3.45267226,-1.4610957834318499,-1.0597534448228214
4a15dx71,Strawberry Rush,Expert,Standard,-1.9440609597320797,4.74801414,5.44908295,-0.8080965583316904,-1.2245766131761775
4a15dx91,Strawberry Rush,ExpertPlus,Standard,-0.7446181911210585,4.4161668,4.98573154,0.6553419661887228,0.3371405616669714
4a2a11,Crying for Rain,Easy,Standard,-2.883315667641169,0.798193763,0.661371618,0.7904858937733428,0.6457978216099458
4a2a31,Crying for Rain,Normal,Standard,-4.045043140288811,0.837380461,0.816784637,-0.36294669993124096,-0.4368211653754064
4a2a51,Crying for Rain,Hard,Standard,-3.595988254611561,1.81255239,1.99143509,-0.2242337472564766,-0.2864467335406946
4a2a71,Crying for Rain,Expert,Standard,-2.2329246365766164,3.12463728,3.69694896,0.19477358872039874,-0.1402637270948186
4a2a91,Crying for Rain,ExpertPlus,Standard,0.06833062471916013,5.21878921,6.19954342,0.8326016723433483,0.2076586530331916
4a5391,Enigma II,ExpertPlus,Standard,3.112758788069762,9.6276967,9.46356613,0.6460166935788272,0.8624848929852251
4a646xxx91,Hito Mania,ExpertPlus,Standard,1.2850912152025344,5.89427688,7.08355875,1.5236897385044594,0.7545703198941047
4a752xxx91,Make 'Em Afraid,ExpertPlus,Standard,-1.3751734246789358,4.48597018,3.95850825,-0.03084998896596236,0.5134589832738401
4aafexxxxxx31,Shy Toy Soldier,Normal,Standard,-3.7028061296283235,3.41463897,2.69025714,-1.5037714037980456,-0.852643015020266
4aafexxxxxx51,Shy Toy Soldier,Hard,Standard,-2.2533034172465087,4.77592127,5.01135879,-1.1394745377964037,-1.1916412012395434
4aafexxxxxx71,Shy Toy Soldier,Expert,Standard,-0.5561107236724292,5.79715781,7.57176971,-0.2425531173552955,-1.449529908735269
4aafexxxxxx91,Shy Toy Soldier,ExpertPlus,Standard,4.267033889204382,6.51826629,9.61846446,4.029373588221546,1.9091129787864056
4ad0dxxxx91,laced up,ExpertPlus,Standard,0.36238405381068645,4.48475212,6.08408789,1.7076779209824864,0.59033483529834
4ad7exx91,Raised by Bats,ExpertPlus,Standard,-2.7485045557272914,3.03017001,3.23557642,-0.24702123493622619,-0.3011180069584567
4adb11,Deja Vu (Short Ver.),Easy,Standard,-4.19961831490408,0.687859578,0.627781305,-0.5656329300732645,-0.6948583434655609
4adb31,Deja Vu (Short Ver.),Normal,Standard,-4.3373344606107835,1.00809951,1.03049787,-0.6477170705390947,-0.6911512072989519
4adb51,Deja Vu (Short Ver.),Hard,Standard,-3.7322231146546048,2.3137242,2.06596761,-0.6925419801133703,-0.4668115174499854
4adb71,Deja Vu (Short Ver.),Expert,Standard,-2.8178581645925833,2.77830583,2.78617855,-0.12208808881782574,-0.036631990610250575
4adb91,Deja Vu (Short Ver.),ExpertPlus,Standard,-2.212845041186868,4.39241012,4.337499,-0.7939390338730092,-0.6216279069280612
4b07axx51,gigolo,Hard,Standard,-2.9400590416912062,2.80554246,3.27451571,-0.265096728419846,-0.522247775649697
4b07axx71,gigolo,Expert,Standard,-0.9298724331241381,4.81945845,5.56674016,0.14944666294205722,-0.3019452805670031
4b07axx91,gigolo,ExpertPlus,Standard,-0.28795993800357045,4.62518296,6.05814931,0.9455627971440757,-0.04006514245688142
4b51fxxx71,Yggdrasil,Expert,Standard,-0.035930770906872266,6.83990693,7.61068951,-0.5153443696922034,-0.9580568188011812
4b51fxxx91,Yggdrasil,ExpertPlus,Standard,3.808456017292722,12.8066888,11.5483892,-0.7086349966859031,0.1510350344656466
4b8f4xx71,Odo,Expert,Standard,-1.4535353395179034,5.45850685,5.34303588,-0.8769371440595723,-0.6513634131951662
4b8f4xx91,Odo,ExpertPlus,Standard,0.15378689228634645,6.87704141,6.31179424,-0.3533710205103663,0.2071923853380594
4b9fcxx91,CR SPEEDRAVER,ExpertPlus,Standard,4.428729467120147,13.5176595,13.0828449,-0.519593931416046,-0.21018537735829934
4bbe5xx71,Wavetapper,Expert,Standard,0.34086607677969094,4.54612577,4.94331035,1.6372834592810828,1.4559031989438453
4bbe5xx91,Wavetapper,ExpertPlus,Standard,3.4342149605467966,7.36960083,9.70929862,2.5623409950844063,1.0134065438783364
4bc4exxxxx91,I Can Fly In The Universe,ExpertPlus,Standard,4.780729512849314,12.6042362,12.8831591,0.3881386002628133,0.26710636029571866
4bf13xxxxxx71,Distortion,Expert,Standard,2.6427217433073857,12.0575569,11.3043053,-1.4097809437219335,-0.8544834003861803
4bf13xxxxxx91,Distortion,ExpertPlus,Standard,4.565018882305603,11.8904942,12.7735425,0.6176060008561701,0.12047617979945713
4c006xx91,Itchy Scratchy,ExpertPlus,Standard,0.27140430560887346,8.51780145,9.85979035,-1.4269834053238417,-2.253209485909852
4c05fxx31,MOSHI,Normal,Standard,-3.4085210796306886,2.37581008,2.09083098,-0.4133157023395042,-0.15816003798484823
4c05fxx51,MOSHI,Hard,Standard,-2.53603461420499,4.09573436,3.70010933,-0.8802020820281422,-0.44582955336977914
4c05fxx71,MOSHI,Expert,Standard,-0.7422173169023517,7.11198911,6.47015625,-1.4241065869962362,-0.8096158443197409
4c05fxx91,MOSHI,ExpertPlus,Standard,0.8538005989566856,7.78848938,10.8778815,-0.32342164974667986,-2.3606913150806954
4c356xxxx51,Classical VIP,Hard,Standard,-2.577352237047597,3.76688959,3.30261608,-0.6587370577554219,-0.18093388618677686
4c356xxxx91,Classical VIP,ExpertPlus,Standard,0.41329911730221514,6.22792936,6.05814931,0.3960661313148697,0.6611939128489042
4c5e3xx51,Godspeed,Hard,Standard,1.6462896995968217,8.59849732,8.93698518,-0.1089572717032179,-0.23417306963837925
4c5e3xx71,Godspeed,Expert,Standard,4.953218074328294,16.5275102,16.8479925,-1.7260894074307487,-1.9254352625240188
4c5e3xx91,Godspeed,ExpertPlus,Standard,5.00166107859311,16.4899031,15.4417257,-1.656888455233477,-1.066334507937703
4c651,Uprising,Hard,Standard,-3.7026790543824943,1.42997145,1.40406026,-0.12988682765153436,-0.11790087965577856
4c671,Uprising,Expert,Standard,-3.259326603051345,2.61830509,2.41772075,-0.44254710716173884,-0.21960584383821757
4cb5cxxx71,MIREN,Expert,Standard,-0.33480789134643885,5.74806048,6.71804987,0.016726707369628113,-0.5903037106732464
4cb5cxxx91,MIREN,ExpertPlus,Standard,1.6010423596343806,8.75021336,9.70100564,-0.2606766270886429,-0.8140318250266021
4cbd0xxxx91,Sound Chimera,ExpertPlus,Standard,4.211457727897989,14.5628116,13.2856257,-1.3546090999993643,-0.5539709071650156
4cdf0xxxx91,Tic! Tac! Toe!,ExpertPlus,Standard,0.08437980840881824,6.15916994,6.26344,0.11965116198929986,0.17476866409985486
4cf6axx91,Ronald,ExpertPlus,Standard,2.3405118105856806,10.6164743,11.4013136,-0.7867882474738317,-1.2205081108019402
4d571,Tetris Effect Trailer,Expert,Standard,-4.579746547167925,0.97138942,1.0165049,-0.8882608964680014,-0.9340438989605966
4d641x71,Interdixion,Expert,Standard,1.694366535036057,9.03999059,8.98292234,-0.36917065070576105,-0.21859666274671086
4d641x91,Interdixion,ExpertPlus,Standard,3.3371118744774364,9.57055546,10.4675433,0.9092187472959075,0.39811031911560724
4d6f5x91,Sanity Krush,ExpertPlus,Standard,2.975836958139216,10.2088568,11.9499327,0.11820604818555358,-0.942658809958949
4d77bxx71,"jane didn't ""invent dariacore"", i did",Expert,Standard,-1.8815771585384982,6.79913124,6.32259022,-2.33048605539312,-1.8364227450099653
4d77bxx91,"jane didn't ""invent dariacore"", i did",ExpertPlus,Standard,2.32303511312639,12.0789136,9.97845029,-1.742862248178338,-0.2830904222793609
4d8eax91,it's a seal!,ExpertPlus,Standard,-2.1870830977863904,2.5815596,3.60646332,0.6571562149226065,-0.02422853264612046
4dd71,Those Everyday Feels,Expert,Standard,-2.5897396801858266,3.26411212,3.05553933,-0.27166782615568064,-0.006789620835600196
4e1051,Ether Strike,Hard,Standard,-4.380204489193978,2.30284985,2.06596761,-1.3327921498565147,-1.1147928919893584
4e1071,Ether Strike,Expert,Standard,0.39806806365406305,4.89995363,6.14154435,1.413660396920662,0.5818848175205564
4e1091,Ether Strike,ExpertPlus,Standard,0.30326803057635277,5.11100531,7.17493579,1.1522925234931334,-0.29556706353955675
4e47axx91,BIKE,ExpertPlus,Standard,0.9259241469238302,6.17043811,7.11388772,0.9525833598892497,0.3727092611487679
4e5f4x91,Helianthus annuus,ExpertPlus,Standard,0.6544797049534773,6.00151991,7.63022436,0.8105602238743047,-0.2820425495984903
4e6afxxx71,D/N/A,Expert,Standard,-1.1481117148658437,4.99771825,4.76904725,-0.20977476032571496,0.10376806781534031
4e6afxxx91,D/N/A,ExpertPlus,Standard,2.16924590878964,5.09914297,6.85138783,3.0276114364173483,1.8130961740342193
503f091,Strawberry's Daughters,ExpertPlus,Standard,0.6459539012909324,7.1710712,7.18106933,-0.07965568780223997,0.042539733821465364
513051,Saint's Beat,Hard,Standard,-3.8146695934119115,2.34990539,2.08013882,-0.8008393525913715,-0.557816863884264
513071,Saint's Beat,Expert,Standard,-2.099313569416509,5.39023082,5.08034396,-1.4693824590805158,-1.0917187975482747
513091,Saint's Beat,ExpertPlus,Standard,0.544038690432944,6.03192387,6.44257173,0.6767741962230722,0.49764715330345344
517e7xxxxxxxxxx91,I want you to know.,ExpertPlus,Standard,3.7413203451552235,11.0011657,9.47975304,0.3628183097461126,1.4797733054230924
530991,Chrome VOX (Uncut Edition),ExpertPlus,Standard,1.7481428132909567,7.75896395,8.8231674,0.5922984423504956,-0.05159580071589853
54a71,First Layer,Expert,Standard,-3.3478304483900145,2.14818241,1.86621838,-0.1925739491184726,0.03216164983096936
57c51,Zzz,Hard,Standard,-3.641945891053495,3.16321277,3.20256864,-1.2444922509305396,-1.1695553378508374
57c71,Zzz,Expert,Standard,-2.4995478504256416,3.70614374,4.44632622,-0.5324512027324071,-0.9939080469162604
59731,Buttonmasher,Normal,Standard,-3.7244690229447768,1.39125934,1.17945424,-0.13529391474166097,-0.08717351144149177
59751,Buttonmasher,Hard,Standard,-2.8564094882784037,2.92439839,2.59985869,-0.2728547499037015,0.05774650187006891
5a071,Gladiator,Expert,Standard,-2.920943584239468,3.07651902,1.96439372,-0.4556094963869053,0.4042217094997165
5b071,aLIEz,Expert,Standard,-2.705673020773684,2.37047181,2.39714953,0.29337817512000086,0.3479086905750046
5b2e31,volcanic,Normal,Standard,0.683066332789849,4.76794174,3.85173424,1.8032232855286467,2.655159177803817
5b2e51,volcanic,Hard,Standard,-0.991372729253475,5.6762102,5.68693784,-0.5841632722921076,-0.4567665841321381
5b2e71,volcanic,Expert,Standard,1.215716176343319,6.70027298,7.53304895,0.8409373153972459,0.350889939120711
5b671,"No, Thank you!",Expert,Standard,-3.2450088561267205,3.56267646,3.88810897,-1.1635819062872157,-1.301325301840952
5c8191,Tool-Assisted Speedcore,ExpertPlus,Standard,1.0253314916639902,6.85602853,7.52018608,0.5338686889763629,0.1700109618015444
5c8591,sink to the deep sea world,ExpertPlus,Standard,2.6797702525063554,6.97740523,7.85515484,2.0978011362146844,1.5780892119918324
5d9f51,Dreamin' Tonight,Hard,Standard,-3.320058396008934,1.40493965,1.3720376,0.26342971186205855,0.27458007442509214
5d9f71,Dreamin' Tonight,Expert,Standard,-2.073500678480614,3.8302054,3.35094124,-0.20545021024462118,0.2860347466041486
5d9f91,Dreamin' Tonight,ExpertPlus,Standard,-1.1837979903094393,4.05888101,4.54621484,0.5014917689919065,0.24327882056960193
624e91,Flow,ExpertPlus,Standard,2.859086575123233,9.65594113,9.39106637,0.3731695632619263,0.659373061963564
630e91,werewolf howls.,ExpertPlus,Standard,1.0785080181023394,7.59332125,8.33222015,0.043003391687579384,-0.36977633275948874
63671,Burn,Expert,Standard,-3.351657282212228,2.31688952,2.98330079,-0.3142299404629072,-0.7149366857844863
6531,Awe,Normal,Standard,-3.738362474972228,0.479714655,0.432891779,-0.2658198224105224,-0.4372031211397882
6551,Awe,Hard,Standard,-3.284616058711117,2.10780442,1.79582042,-0.10192514948402343,0.13268816705563857
6571,Awe,Expert,Standard,-3.238983088835479,3.40981474,3.28292063,-1.0361237811510269,-0.8275662214592163
65ee91,Bangin' Burst ,ExpertPlus,Standard,2.3690602946595645,7.72590186,8.21205813,1.2371804940306563,1.0076044797996695
68731,Death by Glamour,Normal,Standard,-4.49666797094915,1.47111905,1.35225094,-0.9422375516500825,-0.8962955001338573
688851,The Glory Days,Hard,Standard,-2.942099895419742,1.50958956,1.56366784,0.594335120856436,0.5839198198124134
688871,The Glory Days,Expert,Standard,-2.6088270350621254,2.9868045,3.04771656,-0.073620247906105,-0.020035395979538073
6aa7xxxxx91,Boss Rush,ExpertPlus,Standard,0.8216583160328609,7.49083058,7.205656,-0.13904066224645384,0.1998967698157158
6b3551,Legend of Millennium,Hard,Standard,0.30441995907115865,7.51847245,8.353607,-0.6764802847800113,-1.1592850545578401
6b3571,Legend of Millennium,Expert,Standard,0.28159895798015405,7.57425302,9.07550625,-0.7400082418898881,-1.6967275489816807
6b3591,Legend of Millennium,ExpertPlus,Standard,1.5099088704087997,7.38039937,8.8231674,0.6301077621574478,-0.28982974359805547
6b3691,NANI THE FUCK!!,ExpertPlus,Standard,0.5472962261571372,6.02142732,6.74105124,0.6880888027296215,0.27441088511851364
6b5f31,Break,Normal,Standard,-2.187722746715686,4.40201374,4.62062666,-0.7764761984038859,-0.8191666109650173
6b5f51,Break,Hard,Standard,1.92432811711433,8.90469869,8.00421928,-0.045234496903227894,0.7138077219814514
6b5f71,Break,Expert,Standard,4.509931706495658,10.1292277,11.5879287,1.7054094309509495,0.8266658910886089
6b5f91,Break,ExpertPlus,Standard,3.0982535878286273,9.55218826,12.1767023,0.6828639007135879,-0.9663333483043184
6b8c11,MAYDAY,Easy,Standard,-4.044098384233402,0.257305753,0.293446053,-0.9098983635559974,-0.951105604057318
6b8c31,MAYDAY,Normal,Standard,-4.700772019653442,0.761258844,0.735924411,-1.0374453118939733,-1.1272651934891358
6b8c51,MAYDAY,Hard,Standard,-4.112902934018392,1.26428073,1.32593418,-0.4768179371977852,-0.5053463456361658
6b8c71,MAYDAY,Expert,Standard,-2.969582998768947,3.59022039,2.48686654,-0.9100834034581395,0.023046995593680286
6b8c91,MAYDAY,ExpertPlus,Standard,-0.6065534470507126,4.15666221,4.17031375,1.000585824297479,1.1160267155006265
6b9b91,Night sky,ExpertPlus,Standard,0.2491237413356621,7.00281191,7.52018608,-0.35174325100532544,-0.6061967885267837
6c4fxx91,Sudden Visitor,ExpertPlus,Standard,3.0124816976011966,8.72413397,9.70100564,1.1690251061063042,0.5974075129402139
6c6291,M1917,ExpertPlus,Standard,1.3111761718907322,7.88784029,7.5782425,0.06217944014867194,0.4129804212323889
70d751,Chocolate Planet,Hard,Standard,-3.7550997558236663,1.57381506,1.58383896,-0.25035774222602036,-0.2375294744123524
70d771,Chocolate Planet,Expert,Standard,-2.44787303488732,5.23888011,4.90125011,-1.6993753382241965,-1.2998265554257054
71e591,Moudoku ga Osou,ExpertPlus,Standard,-1.4862223596231046,3.78584397,3.44972324,0.41725866797271904,0.7975850207735251
72ef91,Hidamari no Uta,ExpertPlus,Standard,0.5440231617220218,6.78342471,5.66269245,0.10687561711917992,1.0974353261121332
72f371,sans.,Expert,Standard,-3.2825183805307803,2.62800154,2.73195547,-0.47300719981731687,-0.4621995692620753
732e31,Distortion,Normal,Standard,-3.1209313948873603,2.92797241,2.72496113,-0.5401394122635659,-0.2955929875169643
732e51,Distortion,Hard,Standard,-2.6684816735291217,3.98237433,3.43208193,-0.9220360790009559,-0.3711192126080052
732e71,Distortion,Expert,Standard,0.2469728233631946,6.51067847,5.82962229,0.015046859897896447,0.6710973134077
732e91,Distortion,ExpertPlus,Standard,2.2210385273588287,7.02963428,8.13523123,1.6002383160309335,0.9152644181457901
74371,EC1-Everything Goes,Expert,Standard,-2.456142627383641,4.08563499,3.55749173,-0.7922378054549357,-0.2554042300956465
74471,EC1-Haunted,Expert,Standard,-2.8376391661258933,3.85924184,3.37104477,-0.9927860099606036,-0.4934802139511856
745751,Night Raid with a Dragon,Hard,Standard,-0.5582486703274683,5.01413198,4.83469682,0.36713393465700617,0.6420556275035028
745771,Night Raid with a Dragon,Expert,Standard,1.2998411561556529,6.31262061,6.33340466,1.2180960535831564,1.3367326401216906
745791,Night Raid with a Dragon,ExpertPlus,Standard,3.6266933045983363,10.1013574,9.42321966,0.8407925506464315,1.4045425876260196
74a71,EC1-I'm on Fire,Expert,Standard,-3.6734598120365765,2.36622905,2.58656345,-0.6713548681271706,-0.7499790214972251
75a31,Snow Halation,Normal,Standard,-3.404606288469229,1.17656693,1.2372651,0.25680581414144665,0.22315968335465008
75a51,Snow Halation,Hard,Standard,-3.922720016297661,2.61120552,2.9453067,-1.1006245753556305,-1.257881588786431
75a71,Snow Halation,Expert,Standard,-1.877179133160604,3.74421534,4.36352126,0.05953643869819447,-0.3064217762433461
75f191,Arche,ExpertPlus,Standard,0.929935502448099,7.27311623,7.23650774,0.12902104464429687,0.2851697806774992
765d91,Recollection,ExpertPlus,Standard,2.6362712740222167,9.39512417,9.0600096,0.3281224086425176,0.6688722598755827
76c211,It's Raining Somewhere Else,Easy,Standard,-2.8906529640751213,0.584398506,0.725311374,0.6794284011011253,0.6773007187804785
76c231,It's Raining Somewhere Else,Normal,Standard,-2.9842589711931566,1.14729166,1.09495252,0.6841227290191543,0.6610787799974527
76c251,It's Raining Somewhere Else,Hard,Standard,-3.7151860734968616,1.80289307,2.16353027,-0.3376524758976851,-0.5097076175731701
78a851,SEITEN NO TERIYAKI,Hard,Standard,-2.147045920252912,4.57576189,3.99247832,-0.8742146946093521,-0.28500647591993244
78a871,SEITEN NO TERIYAKI,Expert,Standard,2.7013850379526314,9.43667941,9.28732394,0.3648070859426453,0.5742166639537696
78a891,SEITEN NO TERIYAKI,ExpertPlus,Standard,2.9677653672023516,9.50967144,10.8778815,0.5813489010086705,-0.24672654683502948
78ca51,tinnitus,Hard,Standard,-2.4967584222869603,3.03952903,2.99863531,-0.00256599940519342,0.1285811158345922
78ca71,tinnitus,Expert,Standard,2.745433156705893,7.50601079,8.65145575,1.7736377727982382,1.0680156674851227
78ca91,tinnitus,ExpertPlus,Standard,4.743948516926919,8.15711572,12.428998,3.301657702031233,0.5179509496662327
790451,iLLness LiLin,Hard,Standard,-1.6032004558268433,5.07063708,4.96871955,-0.7223773098166364,-0.50809801119246
790471,iLLness LiLin,Expert,Standard,4.533328489720558,9.38245936,8.43249619,2.233851985250103,3.0128287971855907
790491,iLLness LiLin,ExpertPlus,Standard,4.687584785026972,11.0521727,11.6276037,1.2760115389934774,0.9784158614698266
79371,Hyper Drive,Expert,Standard,-4.347106798847222,2.48650277,1.98633663,-1.4324939383396798,-1.0346031904970046
79b671,On My MiND,Expert,Standard,-3.227620039144153,2.03742322,1.87260797,0.0020816497016156177,0.1488992027303433
79b691,On My MiND,ExpertPlus,Standard,2.4170549261418346,6.43808649,6.53125864,2.2400608898144627,2.3031777943524196
7a631,Gas Mask,Normal,Standard,-5.498864711966309,0.143099283,0.174690714,-2.498737222442081,-2.523157931062998
7a651,Gas Mask,Hard,Standard,-4.075958384322306,0.789884615,0.68378332,-0.4042809367382936,-0.5321460045941855
7a671,Gas Mask,Expert,Standard,-4.389198101217629,1.65887606,1.4112773,-0.9293067416942846,-0.8067382307623001
7b3011,Tsurupettan,Easy,Standard,-3.308496282867495,1.15834106,1.05005326,0.35734778147344004,0.3379512178622157
7b3031,Tsurupettan,Normal,Standard,-4.128708221533392,1.94399278,1.91304153,-0.838355585852351,-0.7744806886877211
7b3051,Tsurupettan,Hard,Standard,-2.5448768232193566,2.67718908,2.7156632,0.22762805149942666,0.28712598559475744
7b3071,Tsurupettan,Expert,Standard,-1.6184650107104452,4.61852304,4.45393142,-0.37964689398673923,-0.11880656834735137
7b3091,Tsurupettan,ExpertPlus,Standard,-1.216667053586775,5.49873155,5.83959354,-0.6714438243558656,-0.8002507974264474
7b6151,Reach The Core,Hard,Standard,-2.923120196899694,3.19962667,2.89292649,-0.5542714522932819,-0.2197153102937568
7b6171,Reach The Core,Expert,Standard,-1.9257799420811146,4.49836154,4.08566073,-0.5913278408432301,-0.13676925122719785
7b6191,Reach The Core,ExpertPlus,Standard,0.006604404081155903,5.58181732,6.16784,0.48713136284324055,0.1702430499263192
7ced51,For UltraPlayers,Hard,Standard,-2.8035293521995945,4.23355182,3.68118759,-1.257819805041497,-0.6986247142699491
7ced71,For UltraPlayers,Expert,Standard,0.09464409271136191,6.97693775,7.01728938,-0.48697715231298794,-0.38622177068927094
7ced91,For UltraPlayers,ExpertPlus,Standard,1.4715399862133038,7.86056454,8.11440346,0.2422235629250138,0.18088362484923293
7d6c91,ANOMALY,ExpertPlus,Standard,3.2196568896827675,8.2870269,10.7577143,1.684756049068576,0.08548917899868602
7dac91,ENDYMION,ExpertPlus,Standard,3.08698243343634,8.48183587,9.87665499,1.4139877396901883,0.5507656557808587
7e8f11,Quiet Water,Easy,Standard,-3.255662002788396,0.0901953637,0.100930592,-0.05133455805629472,0.011877758588109799
7f3f91,The Girl,ExpertPlus,Standard,-0.9832338415929279,5.36160649,5.34303588,-0.3309143718350608,-0.18106191527019078
801651,Twisted Drop Party,Hard,Standard,-2.7802217260098545,3.21420201,2.94782451,-0.42283680742427565,-0.11724297949669049
801671,Twisted Drop Party,Expert,Standard,0.6750500287646443,6.12248027,5.83959354,0.7383840729551664,1.0914662849249717
801691,Twisted Drop Party,ExpertPlus,Standard,1.653410664538071,7.13418983,8.87610085,0.9550826804844597,-0.18390567461936969
801791,Bad Apple!!,ExpertPlus,Standard,1.5770055705378616,6.07145969,7.36124133,1.6794171829614264,0.839443514439421
81ab71,Who's Got Your Love,Expert,Standard,-3.2728975139847076,3.73116305,2.51464565,-1.325764648718555,-0.29939249138624957
81ab91,Who's Got Your Love,ExpertPlus,Standard,0.8863269606993535,5.9084337,6.45359139,1.1140171146039646,0.8315415934941629
81b411,Cupid,Easy,Standard,-2.365961534398857,0.210379209,0.296470501,0.6875039922476431,0.7317194207546391
81b471,Cupid,Expert,Standard,-4.049004184540603,1.44834717,1.82521416,-0.4842950119198486,-0.6470625690662102
81b491,Cupid,ExpertPlus,Standard,-3.2149201624192694,1.73141112,2.22350554,0.20442010781408237,-0.04738555351241036
833951,"Saufen morgens, mittags, abends",Hard,Standard,-3.740690443659324,1.19159919,1.15946881,-0.08315823546942314,-0.10083387841468117
833971,"Saufen morgens, mittags, abends",Expert,Standard,-3.0390887309945707,3.8553089,3.89808883,-1.1910932737879685,-1.1032039949722063
833991,"Saufen morgens, mittags, abends",ExpertPlus,Standard,-1.0386455834876909,4.41238774,5.76029864,0.36432801471074505,-0.5608848450183839
852991,cheatreal,ExpertPlus,Standard,2.2450447915337923,6.91519983,8.31799267,1.7094136937613196,0.807024534161306
85831,citrus,Normal,Standard,-4.5182927329463105,3.42283363,2.46992445,-2.3257559082831207,-1.5140554665226462
873f51,Fire Blazing,Hard,Standard,-4.235317533030488,1.83427531,1.67286734,-0.8766668022395367,-0.7574390417267942
873f71,Fire Blazing,Expert,Standard,-2.9130174886096007,3.51527455,3.24942986,-0.7938847961805013,-0.4761434771353845
873f91,Fire Blazing,ExpertPlus,Standard,-0.4452128582052455,4.12513743,4.59307112,1.187119529560751,0.9450130145084137
875a91,Ricochet,ExpertPlus,Standard,-0.8330717657468909,4.31487897,3.9047563,0.6476982215586309,1.097601627551165
87771,A New Frontier,Expert,Standard,-2.033627137034827,4.05541535,4.66426259,-0.34556714269218736,-0.6993824405538973
87aa91,Internet bitch,ExpertPlus,Standard,0.3726932494011797,6.2264746,6.63249154,0.3565699259161322,0.18197670650885073
88131,Hyadain no Kakata Katamoi-C,Normal,Standard,-3.9719602650200865,1.75512506,1.79582042,-0.5662961725482893,-0.5546560392533308
88171,Hyadain no Kakata Katamoi-C,Expert,Standard,-1.4476865120012294,5.83876527,6.48676362,-1.16626929222809,-1.5277250971063303
88191,Hyadain no Kakata Katamoi-C,ExpertPlus,Standard,-1.532576614747921,6.42959104,7.21181581,-1.7031334487653924,-2.158932776179679
882251,First Storm,Hard,Standard,-3.4050909002268366,1.5307485,1.38262984,0.12112363784848545,0.18636420083787053
882271,First Storm,Expert,Standard,-2.7533502881292575,2.65774632,2.74834548,0.03380900646817242,0.05518501990881175
882291,First Storm,ExpertPlus,Standard,1.2052809374901927,6.62730985,6.98140414,0.8853712243907372,0.751342495448112
8a151,Qubism,Hard,Standard,-3.6306005370231755,2.29368807,2.11961286,-0.5766886919278007,-0.39785630368216873
8b3c91,AO-Infinity,ExpertPlus,Standard,2.2498877578005825,7.2140154,8.3037895,1.4925551190684812,0.8221185078715076
8bc71,Blood Sugar,Expert,Standard,-3.2899931005158023,3.0008546,2.58656345,-0.7657015493934476,-0.3665123099764509
8c0a31,BLACK LABEL,Normal,Standard,-2.998663516374633,1.2799734,0.989931947,0.6322409482533922,0.6454327009514107
8c0a51,BLACK LABEL,Hard,Standard,-3.2069015851025626,2.40525215,2.13780239,-0.23297716328629514,0.014605065986095234
8c0a71,BLACK LABEL,Expert,Standard,-0.15462982019327826,4.78387984,5.08903361,0.9528885525267017,0.8461576335859042
8c0a91,BLACK LABEL,ExpertPlus,Standard,-0.11504686556051211,6.50171062,7.48812492,-0.3401937223495337,-0.9466583533280781
8d8931,Meowchine,Normal,Standard,-2.710657227411927,1.88102633,1.57036284,0.6193083204992669,0.8125814296192395
8d8951,Meowchine,Hard,Standard,-2.5506242802451067,2.39110143,2.40330245,0.433543072916001,0.49881898552098347
8d8971,Meowchine,Expert,Standard,-3.06742045584049,3.33839561,3.38258661,-0.8080111965244203,-0.7320978601676975
8d8991,Meowchine,ExpertPlus,Standard,-1.174413293331988,3.98541316,4.58914806,0.5696032333523764,0.21889780869274
8de191,Ringo Hiyori ~ The Wolf Whistling Song,ExpertPlus,Standard,-2.050364645478607,2.74036329,2.81970946,0.6742972249404242,0.7065351189502231
8eb611,All Night,Easy,Standard,-3.4463843311538067,0.466828231,0.4866539,0.01150918642356391,-0.07775928411178024
8eb631,All Night,Normal,Standard,-3.60151943902582,0.746158346,0.700340654,0.05673246099624629,-0.04761119079396137
8eb651,All Night,Hard,Standard,-2.887817342285842,2.3731104,2.2929673,0.1093334454572803,0.2348234403175926
8eb671,All Night,Expert,Standard,-2.6464341524817865,2.7766054,2.81489474,0.050633135251962,0.11396554092580935
8eb691,All Night,ExpertPlus,Standard,0.599446868561376,5.27453326,5.79981057,1.319972832816553,1.0466271374240965
906e91,Lonely,ExpertPlus,Standard,-2.4355668835592224,3.84798557,3.66549341,-0.5817205156069689,-0.31847757023351564
90e671,Melancholia,Expert,Standard,-0.9082375091610374,5.34645404,5.35675019,-0.24405982032118734,-0.11676737123397174
90e691,Melancholia,ExpertPlus,Standard,4.005696866989552,11.8901441,11.4305781,0.05850479362683059,0.42546198249817246
933291,USAO,ExpertPlus,Standard,0.6611689502880959,6.59857279,7.43711113,0.36290632167797476,-0.13267190940022633
948471,Bassdrop Freaks,Expert,Standard,-0.5686685207500426,6.3849351,6.17838975,-0.7053592568965812,-0.4131216583439443
948491,Bassdrop Freaks,ExpertPlus,Standard,0.7281642650295809,7.16248732,7.61068951,0.008901209722671388,-0.1939617828647281
948a51,Kill The Beat,Hard,Standard,-3.100026825723017,3.13318681,2.58656345,-0.6790263537728283,-0.1765460351836654
948a71,Kill The Beat,Expert,Standard,-2.402440348953253,3.34938494,3.37104477,-0.15172351737723577,-0.05828139677854516
948a91,Kill The Beat,ExpertPlus,Standard,-1.7135856272663208,3.86181981,4.16675177,0.1292077667445537,0.011791145799369795
97d051,"Adieu, to this Lively Graveyard",Hard,Standard,-2.85185766037988,2.31148998,2.23493462,0.18941338407401487,0.3083580078882937
98bd91,Esoteria,ExpertPlus,Standard,1.667800951546223,9.83258758,9.83454738,-0.937624937470358,-0.8394342984297876
992491,Garakuta Doll Play,ExpertPlus,Standard,2.9053633567142523,8.93286306,11.4795193,0.9162015091274767,-0.7069689286447729
992c91,Space Battle,ExpertPlus,Standard,2.04948348276213,7.51774978,8.15611245,1.0691111361569052,0.728562437993411
99531,Energy Drink,Normal,Standard,-3.732339371830893,1.01244048,1.0313788,-0.04305497044362294,-0.08613408867214556
99551,Energy Drink,Hard,Standard,-4.071130324524067,2.09378718,2.27929298,-0.8789925082128804,-0.9395752129040531
996f71,Weapon,Expert,Standard,-1.1113479605504195,4.0643822,4.78537559,0.569544515019571,0.12770170902166722
996f91,Weapon,ExpertPlus,Standard,0.04970329661014487,5.34039327,5.59535386,0.7186254223084684,0.6553948297826006
997851,toromi hearts 2,Hard,Standard,-2.6193331911065756,3.41224264,4.11720235,-0.41839861757732555,-0.8550659678113595
997871,toromi hearts 2,Expert,Standard,2.303450117024044,8.25520082,9.76754829,0.7911985877373162,-0.15759429056278496
997891,toromi hearts 2,ExpertPlus,Standard,4.990352414919949,9.23005551,12.7735425,2.7955308272275263,0.5458097124138028
999e51,Twisted Drop Party,Hard,Standard,-1.4427869228809413,4.28700464,3.90809431,0.060235828166816496,0.48527715805585214
999e71,Twisted Drop Party,Expert,Standard,1.26963607693947,7.16080446,7.27370425,0.551617470684888,0.5971625754308596
999e91,Twisted Drop Party,ExpertPlus,Standard,1.3714713117842312,7.27544586,8.94462503,0.5688407587761188,-0.514399820990117
9ab291,REVIVER,ExpertPlus,Standard,0.780866376218905,6.63325761,7.72205207,0.4564788996497775,-0.22321614368885445
9ae391,"Quaoar (For ""Thanks Follower 50k"")",ExpertPlus,Standard,0.65504476463801,6.11429168,7.0593887,0.7246463977980708,0.14262343515419884
9afa91,Figue Folle,ExpertPlus,Standard,0.14373266244100513,6.81836819,7.4945262,-0.3195727940308397,-0.6926143277446433
9b0e91,Nisemono Chuuihou,ExpertPlus,Standard,3.3935231047628234,10.883125,12.1767023,0.09176544860769598,-0.6710638313701223
9b3151,Sankaku,Hard,Standard,-3.1185779705328716,1.88219683,1.95936449,0.21066120183384962,0.20946923842648024
9b3171,Sankaku,Expert,Standard,-2.2344789904387783,4.12268143,3.74784028,-0.600183752791033,-0.18139627832569705
9b3191,Sankaku,ExpertPlus,Standard,0.14266087932882737,5.37647171,6.09449439,0.7833514920982787,0.3626136169883654
9b3691,Ill,ExpertPlus,Standard,1.6969373557378384,6.82320942,7.41173471,1.2300102808267082,0.9219063204428077
9b9151,Guchagucha Coke Screw,Hard,Standard,-1.5380153150492226,5.86698443,4.68023217,-1.2783737694296533,-0.216326205042366
9b9171,Guchagucha Coke Screw,Expert,Standard,2.709199971418684,8.3356497,8.7780472,1.139744549146854,0.9415407878699384
9b9191,Guchagucha Coke Screw,ExpertPlus,Standard,1.6563351803369015,8.35198218,9.70100564,0.0752858890170447,-0.7587390043240811
9c0191,The Devil,ExpertPlus,Standard,4.369718975934143,10.0468525,11.2177038,1.6202858923284897,0.9296384461590423
9c1751,Nanamori,Hard,Standard,-2.6297360795602307,3.09151079,3.01147427,-0.17611660742976554,-0.013939441754204474
9c1771,Nanamori,Expert,Standard,-1.1588083529251847,5.85733991,5.50995098,-0.8917265609006524,-0.4867145362206018
9c1791,Nanamori,ExpertPlus,Standard,1.4071968864562343,7.42640996,8.99060146,0.49365268770051096,-0.5111947852873715
9c2291,Galaxy Friends,ExpertPlus,Standard,3.8436920647865316,11.0038014,11.0182048,0.46347978766922315,0.5357692479631591
9d051,Fake Love,Hard,Standard,-2.8404068102255566,1.72446937,1.82365519,0.5828991310277836,0.5623575507960745
9d071,Fake Love,Expert,Standard,-2.3549862017091634,3.46992784,3.73824509,-0.19982248221733645,-0.294436245968015
9deb91,Nirvana,ExpertPlus,Standard,-0.7433198892770002,5.70564712,5.46306946,-0.35893435965065035,-0.03472976338839395
9e5c91,We Could Get More Machinegun Psystyle! (And More Genre Switches),ExpertPlus,Standard,4.314935651979836,11.1482505,12.5035641,0.8412172108428302,0.04145751875522663
9e6851,MARENOL,Hard,Standard,-3.68248606499256,2.31853296,2.19706446,-0.6462294938067434,-0.49812582900463065
9e6871,MARENOL,Expert,Standard,-1.1344945672121383,4.59615147,3.98906824,0.12211554471993358,0.7302151911284653
9e6891,MARENOL,ExpertPlus,Standard,1.3730626499981695,7.25754232,6.62116639,0.5836240571034024,1.190931991783423
9eff51,Senorita,Hard,Standard,-2.6956742678239194,1.76238873,1.82989906,0.7057616197457928,0.7037896184910228
9eff71,Senorita,Expert,Standard,-1.7239569521572198,2.43200407,2.92774209,1.2305309657125527,0.9538401316616503
a06351,Weeble Wobble VIP,Hard,Standard,-3.110787431317582,3.18753253,2.46570699,-0.7324324424953996,-0.10366755084462254
a06371,Weeble Wobble VIP,Expert,Standard,-1.0472011346571788,4.66090266,4.57739895,0.15793023076039092,0.35535003302104706
a06391,Weeble Wobble VIP,ExpertPlus,Standard,0.5198201171471616,7.3061597,6.83968891,-0.30542261143409755,0.1724868459075709
a06651,FIRST:DREAMS,Hard,Standard,-1.716052220288399,4.05722677,3.91143518,-0.02944016510678038,0.20940011441000306
a06671,FIRST:DREAMS,Expert,Standard,-0.23433807390374214,5.54642641,5.76522287,0.2737284038636678,0.23961012828776143
a06691,FIRST:DREAMS,ExpertPlus,Standard,2.919149142498241,10.4694819,10.4675433,-0.1113241621439407,-0.019852412863587965
a06991,Press Start,ExpertPlus,Standard,2.0061377284360766,8.31988657,8.49759571,0.44787824471120485,0.43887418088063024
a20371,Tinnitus,Expert,Standard,-2.1651915973864924,3.43557023,3.50020093,0.017242664738569502,0.07976132580997586
a20391,Tinnitus,ExpertPlus,Standard,3.168716858019695,8.65872381,11.3043053,1.3711369748792683,-0.3284882856738709
a2de51,The Government Knows,Hard,Standard,-0.6709306867023079,4.84941723,4.9729671,0.3846584923115304,0.4208398792694641
a2de71,The Government Knows,Expert,Standard,-1.3568143130368608,4.31582523,4.85539706,0.12320034805927449,-0.17276710103844506
a2de91,The Government Knows,ExpertPlus,Standard,-1.3420003883648357,4.43737797,4.85954773,0.04104836267226397,-0.16121259886669637
a3d891,The Mob,ExpertPlus,Standard,0.6479051705090129,6.94128849,6.89249184,0.09282824800851808,0.26080160825661336
a40551,Dolphin On Wheels,Hard,Standard,-2.708401470424266,3.87654843,3.92482721,-0.8773766384901804,-0.7934204011948398
a40571,Dolphin On Wheels,Expert,Standard,0.17971137468423415,6.62475767,5.85958724,-0.1382766624318469,0.5806766480659392
a40591,Dolphin On Wheels,ExpertPlus,Standard,1.2760956314795247,8.72291834,7.97690781,-0.5665092995280621,0.08548004286340549
a46051,Takoyaki,Hard,Standard,-2.7825697826651834,4.07358233,3.82222636,-1.109031186898242,-0.7874501720431777
a46071,Takoyaki,Expert,Standard,0.12782107164257067,7.08686733,6.91609046,-0.5354515478987103,-0.2770376756751876
a46091,Takoyaki,ExpertPlus,Standard,1.5151534949318746,9.39535695,9.86821907,-0.7931547339138338,-1.0152600622078791
a49b51,Hold Angel,Hard,Standard,-2.047830198646873,4.44002644,3.92818238,-0.6668927387785715,-0.13547303065310157
a49b71,Hold Angel,Expert,Standard,2.042867034875104,8.78692692,6.81635097,0.15546681771869286,1.7131300816090325
a49b91,Hold Angel,ExpertPlus,Standard,3.343646975950017,10.8066049,11.5978348,0.09179713494993447,-0.3460891972971645
a51111,Can We Fix It?,Easy,Standard,-3.722643671435275,0.341835706,0.341944321,-0.44013661325206144,-0.5539032329805851
a51131,Can We Fix It?,Normal,Standard,-3.7163899075149467,0.687160373,0.839426742,-0.08274311084629504,-0.10068850224469017
a51151,Can We Fix It?,Hard,Standard,-4.0583229428147405,1.2680475,1.36152651,-0.4234644305449127,-0.46060357760274373
a51171,Can We Fix It?,Expert,Standard,-3.5598205118124175,2.50253332,2.39510206,-0.6570047236761112,-0.5048630912364467
a51191,Can We Fix It?,ExpertPlus,Standard,-2.008605899454513,3.47194971,3.60030519,0.14495220474858161,0.15901682094292058
a54431,G4M3-0V3R,Normal,Standard,-3.2296548618998187,3.56418567,3.63120133,-1.1494290540344672,-1.0859665576182387
a54451,G4M3-0V3R,Hard,Standard,-1.8482471348857847,5.27164366,4.33009261,-1.1254550674058448,-0.25120726444232466
a54471,G4M3-0V3R,Expert,Standard,1.912402497373654,8.2103395,8.69592525,0.4321194409266349,0.20324454818805915
a54491,G4M3-0V3R,ExpertPlus,Standard,2.8392434253999195,8.38046818,9.91894288,1.237988609122476,0.2739586374040939
a54c51,Galaxy Collapse,Hard,Standard,-0.6093411556577086,5.30720459,5.23010682,0.08557465620306992,0.2810430603066405
a54c71,Galaxy Collapse,Expert,Standard,2.780188598378679,8.3800169,6.95163999,1.179253725816697,2.3486051388452602
a5931,In My Heart,Normal,Standard,-4.00677382988858,1.90571161,1.81277966,-0.6922089568577228,-0.5982944984009295
a5951,In My Heart,Hard,Standard,-3.99778034467915,2.52202085,2.19894264,-1.1093454976558466,-0.8146102850110375
a5971,In My Heart,Expert,Standard,-2.835338988913578,3.40265019,3.13487996,-0.6268007808170961,-0.3118758130948498
a7971,Boku no Pico,Expert,Standard,-2.6235684988082073,5.7146183,5.4397785,-2.2461349094721297,-1.8968353247141883
a97b31,Too Far,Normal,Standard,-3.4136987631066855,0.936200713,0.901893599,0.27790425162423915,0.21805356620518257
a97b51,Too Far,Hard,Standard,-3.7790103912492747,1.74674586,1.71191121,-0.3684913621401731,-0.31968741255337507
a97b71,Too Far,Expert,Standard,-2.9341387116565714,3.35802307,3.59108771,-0.690256911719946,-0.7593812917596172
a97b91,Too Far,ExpertPlus,Standard,-1.9730120191007037,5.06436541,4.41981015,-1.0872459143313071,-0.44651843580677286
acf51,EC2 - Still Waiting,Hard,Standard,-3.2258575326769376,0.929818939,0.883586099,0.4655819626476121,0.4018592387715909
acf71,EC2 - Still Waiting,Expert,Standard,-3.754768901073961,2.98148806,2.60653192,-1.2154346830910536,-0.8453019732964715
ad9b91,Ruins,ExpertPlus,Standard,0.46528009880342286,6.13148257,6.67798616,0.5217255925944808,0.24009928425154942
add071,Particle Shooter,Expert,Standard,-2.0589951440956473,4.37674261,4.01986415,-0.6275916272466877,-0.21840661166086628
add091,Particle Shooter,ExpertPlus,Standard,2.8048924510328157,9.56218401,9.29526327,0.38269720640741767,0.6721640599847198
aed751,Temple Of Sound,Hard,Standard,-2.0932620420201995,2.78583061,2.87567426,0.5967649427513972,0.6227926386217333
aed771,Temple Of Sound,Expert,Standard,-0.565187028900926,5.48826643,5.31571248,-0.011804399742312288,0.25831355311433857
aed791,Temple Of Sound,ExpertPlus,Standard,0.38451136136271047,6.9283655,7.90903614,-0.16093523554539435,-0.7565676147219202
b00231,Daijoubu,Normal,Standard,-2.5218249780712196,1.39652845,1.41610925,1.0651732355146741,1.0590634421827207
b00271,Daijoubu,Expert,Standard,-1.796022822523088,3.61958697,3.63430549,0.24008552532739413,0.3452591459914012
b00291,Daijoubu,ExpertPlus,Standard,0.7290463196272239,6.47899345,6.52568011,0.5210810681544948,0.6194094985350753
b2c051,Fellow Feeling,Hard,Standard,-3.172945175554947,3.30746523,2.55362204,-0.8890891751077432,-0.22646220368192393
b2c071,Fellow Feeling,Expert,Standard,-1.6222937691867547,5.47028675,5.14148454,-1.0548873692282164,-0.6625791769161506
b2c091,Fellow Feeling,ExpertPlus,Standard,2.155827083561761,11.8415032,9.78425515,-1.760663484387761,-0.3167443330205302
b2f251,epimerization,Hard,Standard,-3.4790836404132026,3.54510259,2.78142108,-1.383672940944153,-0.6944151670500807
b2f271,epimerization,Expert,Standard,-1.4588344908260888,6.11635908,5.68693784,-1.3908154079919497,-0.924228345704752
b2f291,epimerization,ExpertPlus,Standard,0.6817267565825919,7.4379202,7.48812492,-0.24025042447439848,-0.14988473118497414
b2f391,epimerization,ExpertPlus,Standard,1.217688580550262,7.38011381,8.20504399,0.33809706225276637,-0.13868900974984966
b31151,Spring Day,Hard,Standard,-2.920382810255702,1.72603631,1.29458667,0.5020294880113974,0.6950446399873815
b31171,Spring Day,Expert,Standard,-3.684816955270815,2.23626388,2.03443438,-0.5904731936227892,-0.4005496821894994
b31191,Spring Day,ExpertPlus,Standard,-2.807997511243052,2.87973856,2.89539953,-0.18998697881025617,-0.1064081088826283
b31351,HE4VEN,Hard,Standard,-2.973702430920109,3.19173621,2.78142108,-0.5986509892426835,-0.18903395755698726
b31371,HE4VEN,Expert,Standard,2.106597896004602,8.44623716,7.23650774,0.45876838153352706,1.4618321742340021
b31391,HE4VEN,ExpertPlus,Standard,2.3008312100593007,9.25352916,9.23983012,0.08985483218831014,0.20695178783988588
b33651,Le Train Fantome,Hard,Standard,-3.708354355540105,2.63025305,2.55798987,-0.9005321666532331,-0.7649128458964176
b33671,Le Train Fantome,Expert,Standard,-0.6179782867222439,6.88560413,6.63816137,-1.1315287497286672,-0.8129922913803906
b33691,Le Train Fantome,ExpertPlus,Standard,0.17866249964051917,6.86683365,7.70886647,-0.32087233786333924,-0.8157303808557664
b34291,crystallized,ExpertPlus,Standard,0.6207076109520221,5.90703616,6.86897373,0.8494744149862091,0.25131028911668085
b36651,Star Gate,Hard,Standard,-0.7721469023878533,4.07981018,4.05782665,0.896413699299331,1.0386894411135104
b36671,Star Gate,Expert,Standard,-0.49934931426493334,4.17399954,4.2313354,1.0939362872807648,1.1753050581572353
b36691,Star Gate,ExpertPlus,Standard,2.598354724458372,7.40834567,7.15045394,1.6980520796126082,2.017804915932228
b3cf91,Big Daddy,ExpertPlus,Standard,-0.2139044065920579,6.07562119,6.05814931,-0.11468249114923457,0.033990388954631134
b47a51,Bleed Into Me,Hard,Standard,-3.1373771579561978,2.16274414,1.84718012,0.007907422945772513,0.2528794745535823
b47a71,Bleed Into Me,Expert,Standard,-1.5335396378555737,5.32537457,3.96527906,-0.8528574889015854,0.3497937539421958
b47a91,Bleed Into Me,ExpertPlus,Standard,-0.48933751606966597,5.67904893,4.97721828,-0.08432991491777292,0.5990984753573896
b4f091,Glitched Character,ExpertPlus,Standard,2.4703171263914228,8.88779023,10.684426,0.5125300392075314,-0.614719015738415
b4ff91,BRING IT ON,ExpertPlus,Standard,0.7095999468699168,5.11470795,6.59857408,1.5557093182716988,0.544604879396849
b52891,psychology,ExpertPlus,Standard,3.205386777546567,9.50660755,11.2177038,0.8210598276626024,-0.23469375222853373
b57991,CROSSING DELTA,ExpertPlus,Standard,1.646492823808152,6.4504427,7.57176971,1.4601393754936451,0.7530736387453121
b60491,Okay,ExpertPlus,Standard,-1.9381975250280814,4.28224016,4.31163192,-0.4313706408413298,-0.32664529931811503
b63951,Sono Gunjou ga Itoshikatta Youdatta,Hard,Standard,-2.9412627674155867,2.15867457,1.82209756,0.20681273430978164,0.4623227532543259
b63971,Sono Gunjou ga Itoshikatta Youdatta,Expert,Standard,-2.478625870737326,2.93930764,2.98585109,0.09339878793966072,0.15620320734213555
b63991,Sono Gunjou ga Itoshikatta Youdatta,ExpertPlus,Standard,0.3478188097420045,5.33315235,5.9504094,1.0224101874423,0.6786837284254574
b68c51,Kodoku no Kakurenbo,Hard,Standard,-1.540321065926864,4.30682717,4.17744685,-0.053123687868900316,0.17665836969394277
b68c71,Kodoku no Kakurenbo,Expert,Standard,1.528892624158573,8.12816012,8.55588374,0.1073004218644742,-0.08016264938680462
b68c91,Kodoku no Kakurenbo,ExpertPlus,Standard,1.3032814784871531,8.20517624,8.48308585,-0.1733190093208452,-0.2535670766475211
b71,Believer,Expert,Standard,-2.9786557279908186,1.86558085,1.96943585,0.3608579217187544,0.34361267879901103
b72411,Falling,Easy,Standard,-3.013259596507712,1.008952,1.00957984,0.6762942250206274,0.6321130663782779
b72431,Falling,Normal,Standard,-3.7605955224575585,2.06926634,1.80813859,-0.55203100566351,-0.3496905559652568
b72451,Falling,Hard,Standard,-2.9398421121187948,3.46433379,3.59415758,-0.7802364786432197,-0.7674605906816874
b72471,Falling,Expert,Standard,-0.9944502501971517,5.30006026,5.18560637,-0.293936022361067,-0.06926368856312037
b72491,Falling,ExpertPlus,Standard,1.3079615047672957,8.07335722,8.22610441,-0.07439840387544994,-0.0636605279394784
b78591,HINODE,ExpertPlus,Standard,1.5815301377148667,9.00831712,7.04733461,-0.46004567169319066,1.0781400772582688
b86a91,Hoshikuzu Struck,ExpertPlus,Standard,1.5355407431880532,9.07468472,9.43127517,-0.5520248235363343,-0.6922277913318753
b87591,Red Dress,ExpertPlus,Standard,-0.4850751624670756,5.27346515,5.9656827,0.23628842347918322,-0.16598471421849637
b96f91,Lost It,ExpertPlus,Standard,2.331487938439294,9.43126441,8.92172506,-0.0013877446197554377,0.4618318454600656
b97b51,Uwa!! So Temperate,Hard,Standard,-3.46880966708853,0.969270711,1.04289964,0.22273058731355766,0.1775954066025447
b97b71,Uwa!! So Temperate,Expert,Standard,-3.4215814576743626,1.77587502,1.93771953,-0.02804356955602927,-0.08121839235745076
b97b91,Uwa!! So Temperate,ExpertPlus,Standard,-3.0989707630546284,2.68908008,3.38547824,-0.3354450296024467,-0.76586292535857
b9c471,a decayed garden sinks into the isolated sea,Expert,Standard,-3.8978384663041594,1.57012551,1.4931555,-0.3912228175426007,-0.3440054458050401
b9c491,a decayed garden sinks into the isolated sea,ExpertPlus,Standard,-0.6993049267609983,5.30305982,5.31571248,-0.001141329070027286,0.12419565525426624
ba0911,IZANA,Easy,Standard,-3.4255187710020945,1.28964636,1.14079641,0.20210062512735716,0.21637129325121185
ba0931,IZANA,Normal,Standard,-3.3206561028007235,2.05658588,1.76841049,-0.10364756306319745,0.11068114391991912
ba0951,IZANA,Hard,Standard,-2.997014421231436,3.82100283,3.09495541,-1.1216129900824743,-0.4435637352656041
ba0971,IZANA,Expert,Standard,-0.25712021203422336,7.00294822,5.86459635,-0.8580885499243316,0.13997512176510146
ba0991,IZANA,ExpertPlus,Standard,0.604031350111099,7.58489988,7.64327544,-0.4253366902551201,-0.342104235880037
ba2491,Cartoon Candy,ExpertPlus,Standard,4.163230173937271,9.84485891,11.1794275,1.549528669415913,0.7484446965864975
ba4051,Chocolate Lily,Hard,Standard,-3.2527830146887466,3.8167609,3.50918512,-1.3739933293301942,-1.0147558123984077
ba4071,Chocolate Lily,Expert,Standard,-2.1668525041952837,4.58556641,4.7406066,-0.901821984701809,-0.8926220151119382
ba4091,Chocolate Lily,ExpertPlus,Standard,2.6122255604542435,10.4967371,11.9806054,-0.43623679537240845,-1.3260868863062867
bb3c91,Alone intelligence,ExpertPlus,Standard,2.849441635253797,9.91113061,9.47975304,0.19110652092855807,0.5878945955216657
bbe291,"Good Night, Bad Luck",ExpertPlus,Standard,3.054149291682701,9.88225325,10.334233,0.4152506635344211,0.20538769032237925
bc351,Crack Traxxxx,Hard,Standard,-2.29258880666342,5.33602843,4.26764675,-1.620249373035585,-0.6464655928752148
bc7f31,Pumpin' Junkies,Normal,Standard,-1.3780624325182047,5.24325073,5.30663577,-0.6329950602327661,-0.5474744783718912
bc7f51,Pumpin' Junkies,Hard,Standard,0.8030905252253847,7.14236561,6.95758265,0.09871185123402271,0.3670422119627751
bc7f71,Pumpin' Junkies,Expert,Standard,3.7271156300195796,10.3268586,10.0126147,0.7910423243509683,1.097576168798862
bc7f91,Pumpin' Junkies,ExpertPlus,Standard,3.5790496989421623,10.811429,10.9806092,0.3240498021186462,0.2961204535165698
bcf371,Suisei,Expert,Standard,-1.6413165865342987,4.52197196,4.43873401,-0.3256686717535642,-0.12970571400307263
bcf391,Suisei,ExpertPlus,Standard,-0.2709092170489607,5.54928866,5.9809952,0.23492898223083974,0.03638067164724429
bd1d91,Shelter,ExpertPlus,Standard,-0.008609221304560571,6.2550307,5.78002084,-0.04650518612497992,0.4538841953898103
bd6a11,Antithese,Easy,Standard,-3.3636571427884143,1.63027067,1.17643461,0.11166010153305983,0.274050313361101
bd6a31,Antithese,Normal,Standard,-2.432220069005054,3.54425268,2.96804469,-0.3361332208705332,0.21580495391798893
bd6a51,Antithese,Hard,Standard,-2.0120922269617,4.49789851,3.87484222,-0.6772712913958978,-0.0580441645631371
bd6a71,Antithese,Expert,Standard,-1.2383689670095934,5.62913031,4.98147309,-0.7946159090334797,-0.1532702445248415
bd6a91,Antithese,ExpertPlus,Standard,0.08530023026680966,6.03573153,6.1467945,0.21511365161814655,0.26508722600437984
bdd71,Ghost Rule,Expert,Standard,-1.6296082148740592,5.35360261,5.31571248,-0.9710255407153645,-0.8061076328587946
c1b291,Z:iRNiTRA,ExpertPlus,Standard,3.881205697126136,9.31264553,10.9806092,1.6296023095358048,0.5982764517005434
c24b71,Es Isso,Expert,Standard,-2.963820245876259,2.69060362,3.0063321,-0.2014458670892041,-0.34420003544806743
c24b91,Es Isso,ExpertPlus,Standard,-1.6171984347894295,4.14518035,5.19447606,-0.0008837845596860738,-0.6989503613496422
c24e91,Brain Stomp,ExpertPlus,Standard,0.435974836365363,6.87623455,7.34867183,-0.0705806151184803,-0.2922513245462249
c2f131,Jumping!!,Normal,Standard,-3.069234864566599,1.35423297,1.1005807,0.5347461735052264,0.5758018841139796
c2f151,Jumping!!,Hard,Standard,-3.6151252891058263,1.56914274,1.6543873,-0.1080116227515453,-0.1287000461708443
c2f171,Jumping!!,Expert,Standard,-4.316551990169744,2.25141947,2.30278487,-1.2328266649436088,-1.200333647646794
c2f191,Jumping!!,ExpertPlus,Standard,-2.149854478914197,3.43105101,3.43501587,0.03616482468730586,0.14525451922081034
c32d71,Ov Sacrament and Sincest,Expert,Standard,2.2290585659446287,9.14441992,7.8083099,0.09328248066890676,1.16168244541793
c32d91,Ov Sacrament and Sincest,ExpertPlus,Standard,5.6711565811626325,12.3974313,13.5608978,1.4065425264959313,0.735132129004878
c5cd71,Nautilus,Expert,Standard,-2.3304240047614124,3.04995212,3.60646332,0.15564342539061382,-0.16756943962114246
c61b11,Blaster,Easy,Standard,-3.5206371743061893,1.37981894,0.969008996,0.07320534932425415,0.1215306515354011
c61b31,Blaster,Normal,Standard,-4.091657866658685,1.76856106,1.52669987,-0.6938290666877287,-0.5507124835950274
c61b51,Blaster,Hard,Standard,-1.9045520780354488,4.14230754,3.951749,-0.28594163779160886,-0.01063042513473067
c61b71,Blaster,Expert,Standard,-1.580395224369684,5.51330438,4.80586466,-1.0465301723304368,-0.35744292186228455
c61b91,Blaster,ExpertPlus,Standard,-0.3066428642516891,6.05530286,6.02202098,-0.1918434895538682,-0.03094890407052786
c64311,Digital Girl,Easy,Standard,-2.5108300848080556,0.794251239,0.910410836,1.1619800525684627,1.1226189232566073
c64331,Digital Girl,Normal,Standard,-2.3828804801382515,1.5527495,1.6333177,1.1324742731420714,1.1130971748448344
c64351,Digital Girl,Hard,Standard,-2.1565703457284755,2.39010413,2.64919527,0.8283178803592683,0.7227846326851539
c64371,Digital Girl,Expert,Standard,-2.0282258030541356,2.77206842,3.25220766,0.6723015397681524,0.4065390321401936
c64391,Digital Girl,ExpertPlus,Standard,-0.8399767668410586,3.51695561,4.49599313,1.2778194299676873,0.6265999413955071
ca0311,Ding Dong Song,Easy,Standard,-2.8404305417667706,0.678877641,0.727794707,0.7891153381903515,0.7288444030585701
ca0331,Ding Dong Song,Normal,Standard,-2.6605431658957217,1.91678696,2.08726084,0.6470571656314315,0.5919886916982477
ca0351,Ding Dong Song,Hard,Standard,-2.893826743124113,2.82051767,2.88305544,-0.2303281965442614,-0.18318085804882633
ca0371,Ding Dong Song,Expert,Standard,-1.9135001465940178,3.78800546,3.85502693,-0.011745139727957765,0.05602211295241721
ca0391,Ding Dong Song,ExpertPlus,Standard,-0.9414624207898997,3.83526545,4.56178025,0.922545891528484,0.47337237332384696
ca3011,The Beast,Easy,Standard,-2.7124236683272898,2.60850007,2.16168234,0.11169623246728388,0.49421114206056904
ca3031,The Beast,Normal,Standard,-2.743470114528148,3.39057904,3.18346983,-0.5253667463388312,-0.2566407969923912
ca3051,The Beast,Hard,Standard,0.27738070893359806,5.75871281,4.97721828,0.6206710249736154,1.3658167003606536
ca3071,The Beast,Expert,Standard,-0.43184956353225,5.85021816,4.96023534,-0.15927233038187272,0.6699085448511543
ca3091,The Beast,ExpertPlus,Standard,0.29091957108908095,4.84458729,5.61931093,1.3503335252388382,0.8780036649769561
ca4051,Kings & Queens,Hard,Standard,-2.823879390696244,1.41114359,1.48425093,0.7569923934601568,0.7332657020729738
ca4071,Kings & Queens,Expert,Standard,-3.027112810261675,2.87378497,2.60876013,-0.40451859455797345,-0.11921285612179489
ca4091,Kings & Queens,ExpertPlus,Standard,-3.0069137961082166,3.01367051,3.33665501,-0.49258787141330007,-0.6364629227096872
ca6251,Chikatto Chika Chika,Hard,Standard,-3.5730108215536234,2.11911369,1.77750033,-0.3979711032733495,-0.14629527385946517
ca6271,Chikatto Chika Chika,Expert,Standard,-3.522522697046145,2.60323657,1.939376,-0.6944662453085511,-0.18309708311770878
ca6291,Chikatto Chika Chika,ExpertPlus,Standard,-1.065785479405671,5.09959163,4.8928811,-0.20777329769102804,0.08883067781032872
caa851,Sorry,Hard,Standard,-2.911059417751066,3.19358636,3.20804646,-0.537462168269959,-0.4428140800346374
caa871,Sorry,Expert,Standard,-1.3255616370899597,3.64872145,4.63248672,0.6873282629741075,0.033668267423659914
caa891,Sorry,ExpertPlus,Standard,0.6661245723242211,6.43777561,6.23673678,0.4893660657004453,0.7769563356865217
cbcf91,WAKE UP,ExpertPlus,Standard,-1.4074872509090595,5.08048755,4.88870196,-0.5344262190145077,-0.24959027689550428
cca851,In My Heart,Hard,Standard,-4.180994321744377,1.48547877,1.3814489,-0.6331901645839659,-0.589180431691374
cca871,In My Heart,Expert,Standard,-3.5085831731302486,2.16062045,2.03617353,-0.36184176935269585,-0.22534890995091006
cca891,In My Heart,ExpertPlus,Standard,-2.394771073760621,2.86297353,3.00119872,0.23614092456278168,0.22866415344560576
ccac11,Secret World,Easy,Standard,-2.089607691433618,0.241398385,0.226508548,1.0161202226082349,0.9108613727351593
ccac51,Secret World,Hard,Standard,-4.04180353892353,1.75915636,1.70170207,-0.6384838439632663,-0.5775648452223328
ccac71,Secret World,Expert,Standard,-3.3000838512215833,2.26931956,2.10337465,-0.22894889154966114,-0.0573753321843653
ccbc91,Grievous Lady,ExpertPlus,Standard,1.6448560189401105,7.16158744,7.83504412,0.9262584021336748,0.557896299082689
cd5c91,Xronier,ExpertPlus,Standard,4.999098617591402,11.413171,9.88509812,1.3550188962552911,2.4570751609317854
cd6191,Endless Adventure,ExpertPlus,Standard,2.319375000312545,8.43326267,9.31116232,0.6807250413367782,0.17551638174052542
cddb51,TRICKL4SH 220,Hard,Standard,-3.3579802086128754,2.73461719,2.41153092,-0.6289528890862734,-0.31408131244443904
cddb71,TRICKL4SH 220,Expert,Standard,-0.2402664559626611,6.24685247,4.68823746,-0.2719289411137363,1.0751290829080182
cddb91,TRICKL4SH 220,ExpertPlus,Standard,1.2811231962626306,7.40213851,8.08671602,0.385372449258667,0.01057846451783373
ce4091,Wake Up,ExpertPlus,Standard,0.13450686663301833,5.49498983,6.09970431,0.682647155334157,0.35045620097034613
ce4211,Vicious Heroism,Easy,Standard,-2.3918138062659384,3.72545343,3.50918512,-0.4401244863426452,-0.1537866039755995
ce4231,Vicious Heroism,Normal,Standard,-1.5400844722247624,4.09448567,4.32639416,0.1167461097738991,0.05986295069694392
ce4251,Vicious Heroism,Hard,Standard,1.5295582315752254,9.36675824,8.46136751,-0.7591615616883032,-0.011692516774453932
ce4271,Vicious Heroism,Expert,Standard,2.7937373526180624,9.30462644,10.2989712,0.5476401736303806,-0.031093754050026234
ce4291,Vicious Heroism,ExpertPlus,Standard,2.0722321073048104,9.39600059,10.5393439,-0.23651675719608178,-0.9152214503309004
cfd591,NOTHING PERSONAL,ExpertPlus,Standard,-1.7603154420500307,4.66883863,4.60092732,-0.5614896027823097,-0.3762678666743593
d0eb31,The Donk,Normal,Standard,-2.1262001551708387,1.52481078,1.29127227,1.4029049689908768,1.4900144117232088
d0eb71,The Donk,Expert,Standard,-2.4543455522966493,3.54600645,3.52722275,-0.3596539355087147,-0.23023217123857798
d0eb91,The Donk,ExpertPlus,Standard,0.12806430161782145,5.49495305,6.74681387,0.6762332656356119,-0.14917599936802672
d0f611,Bassline Yatteru? w,Easy,Standard,-3.5429226120559676,0.842989181,0.723454437,0.1401370891871938,0.02403427872390962
d0f631,Bassline Yatteru? w,Normal,Standard,-4.175402836469405,1.61669852,1.48298319,-0.6928854323234028,-0.6177900077803304
d0f651,Bassline Yatteru? w,Hard,Standard,-2.755965491368546,2.41345566,2.44890905,0.21200864096925232,0.26260824407485295
d0f671,Bassline Yatteru? w,Expert,Standard,-1.4894745115095656,4.16393049,3.91143518,0.1118567831063857,0.4359778231888365
d0f691,Bassline Yatteru? w,ExpertPlus,Standard,2.863112574720568,5.49323345,7.55238452,3.412622247312554,1.9840040855025598
d23f91,Usagi no Honki,ExpertPlus,Standard,3.4046909789465785,9.5514691,10.5483536,0.9897910175517421,0.41116499462003775
d27e31,THE DROP,Normal,Standard,-4.032635337532793,1.92104074,1.86462439,-0.72771877317131,-0.6517790442510845
d27e51,THE DROP,Hard,Standard,-2.155688772953204,3.81176481,3.44677674,-0.27290859361313813,0.13038350506094476
d27e71,THE DROP,Expert,Standard,0.4353771674842589,5.15428652,6.02716895,1.2503419702058363,0.7071085536222196
d27e91,THE DROP,ExpertPlus,Standard,2.7518025396775854,9.28279168,9.09102941,0.5207055815635275,0.7625350752911881
d39a91,Beta,ExpertPlus,Standard,1.9493768028906815,9.580123,9.66790451,-0.4850263209698893,-0.4427948523872587
d4b811,You Are Mine,Easy,Standard,-2.863681169267476,3.74448808,2.87813255,-0.9271832934120845,-0.14942733052641355
d4b831,You Are Mine,Normal,Standard,-1.532066749805869,5.39006173,6.47568731,-0.9020034363458007,-1.6036756389337767
d4b851,You Are Mine,Hard,Standard,0.9510253073802725,5.84493937,6.46462991,1.227676632428722,0.8878341556009325
d4b871,You Are Mine,Expert,Standard,1.5635167979192168,5.76130546,6.83968891,1.9048009438341391,1.2161835266796261
d4b891,You Are Mine,ExpertPlus,Standard,-0.13363592015619394,5.66688687,6.47015625,0.280806427018926,-0.2010344475735831
d6171,Golden Hour,Expert,Standard,-0.890192605250298,3.53718507,3.67804338,1.2115164077846339,1.217153694403576
d64491,Biquette,ExpertPlus,Standard,2.625544183238377,9.4586171,9.15338802,0.2739742855701608,0.5923781178060294
d73511,PRAGMATISM,Easy,Standard,-3.500249402166968,0.613096928,0.758266296,0.09049680863260878,0.08416413188428962
d73531,PRAGMATISM,Normal,Standard,-2.9350605812670563,1.51319735,1.53585911,0.5996475914223272,0.6022559116104875
d73551,PRAGMATISM,Hard,Standard,-3.037249904544527,3.45326549,3.39416797,-0.8688575680859922,-0.710799959863158
d73571,PRAGMATISM,Expert,Standard,0.05711918214912919,5.29548536,5.73574049,0.7612189162551352,0.5538997327308012
d73591,PRAGMATISM,ExpertPlus,Standard,1.1914377941969942,7.98596989,7.70228212,-0.12820867039100858,0.20188495351889002
d75151,Guess Who Is Back,Hard,Standard,-3.9755579064136164,1.54214507,1.462846,-0.4549396774430945,-0.41064447352894895
d75171,Guess Who Is Back,Expert,Standard,-3.035495250506366,3.12776144,2.90779648,-0.6102441475941061,-0.3430147207570817
d75191,Guess Who Is Back,ExpertPlus,Standard,0.7320566174840064,6.02931769,7.52661477,0.866792363100773,-0.12801518941327772
d77111,LIKEY,Easy,Standard,-2.9784977432628117,0.851303697,0.672771489,0.7058905239105409,0.5582434164386005
d77131,LIKEY,Normal,Standard,-3.097427412674276,1.35728348,1.0608758,0.5053670387430831,0.5489674447349175
d77151,LIKEY,Hard,Standard,-3.108069947870573,1.7126322,1.53192701,0.32195802769825166,0.4308101084782483
d77171,LIKEY,Expert,Standard,-3.0382526451765948,2.99651046,2.65826563,-0.5105850820067248,-0.16532864973256878
d77191,LIKEY,ExpertPlus,Standard,-2.0426603018230796,3.84634185,3.75104415,-0.18750073674333523,0.007928563152153956
d77f11,Wish upon Twin Stars,Easy,Standard,-3.7219217729399197,1.33802276,1.13205685,-0.11173846883580607,-0.07920242095243779
d77f31,Wish upon Twin Stars,Normal,Standard,-4.049456079158662,2.26108501,1.82209756,-0.9725226738439408,-0.6458705584887494
d77f51,Wish upon Twin Stars,Hard,Standard,-2.381693767223096,4.08338277,3.56357663,-0.71598874951126,-0.1856582315996551
d77f71,Wish upon Twin Stars,Expert,Standard,-0.630220897952727,6.83514752,6.01687741,-1.1060760880580847,-0.3505672755175496
d77f91,Wish upon Twin Stars,ExpertPlus,Standard,0.730418111104812,7.61117946,7.16880748,-0.318093741802959,0.13615899269553
d79011,Einherjar Joker,Easy,Standard,-3.331138149515225,3.10138197,2.79333001,-0.8852376826838544,-0.5550908166369717
d79031,Einherjar Joker,Normal,Standard,0.015040298630908402,7.21875971,6.33340466,-0.7457941221537108,0.0519317825969461
d79051,Einherjar Joker,Hard,Standard,2.5484498346492384,8.23834649,9.16121286,1.048202974759762,0.5097812678753093
d79071,Einherjar Joker,Expert,Standard,2.4957125310995267,7.56964097,8.54127435,1.4774680902211967,0.897124974117574
d79091,Einherjar Joker,ExpertPlus,Standard,1.4965031470536145,7.77536303,8.353607,0.3287823266537886,0.03279813342461568
d7c911,The Clear Blue Sky,Easy,Standard,-3.370616522714869,0.321856365,0.319623275,-0.12161305450051474,-0.23673349849504133
d7c931,The Clear Blue Sky,Normal,Standard,-4.3528127193126425,0.983955448,0.913527916,-0.6617721993759447,-0.7187709442459971
d7c951,The Clear Blue Sky,Hard,Standard,-3.4346082698292406,1.97709403,1.73399466,-0.16549955577089426,0.013931274163240026
d7c971,The Clear Blue Sky,Expert,Standard,-2.557747732147808,4.60863389,3.18891498,-1.311065597888212,-0.07503275685028044
d7c991,The Clear Blue Sky,ExpertPlus,Standard,-1.0737108238454298,5.59291245,5.73574049,-0.601811939810565,-0.5769302732637578
d7f791,"BANGER A.F., BROOOO!!!",ExpertPlus,Standard,4.10554220262135,9.46767013,11.4599177,1.747788841590896,0.5060597671946021
d88851,Neverland,Hard,Standard,-3.789700941730781,1.47598137,1.26506079,-0.2375018958690931,-0.167575342462988
d88871,Neverland,Expert,Standard,-2.570839481912468,2.46829037,2.07658693,0.35713925450782735,0.6881633122345399
d88891,Neverland,ExpertPlus,Standard,0.8053512838290036,6.24440827,7.77502037,0.7755520932200788,-0.2376172935265417
d8f551,Fracture Ray,Hard,Standard,-1.5636793018814554,4.41544595,4.32639416,-0.16314434544445966,0.0362681210402509
d8f571,Fracture Ray,Expert,Standard,-0.6301446386701959,6.57052079,6.10491869,-0.9072563861477718,-0.4182016362089849
d8f591,Fracture Ray,ExpertPlus,Standard,1.451282504133818,7.79051837,8.93698518,0.2725919691541627,-0.42918026510138296
d90a11,Watch Me Dance!,Easy,Standard,-4.718207333726187,0.38111403,0.47393204,-1.3740228926086138,-1.364750325820963
d90a31,Watch Me Dance!,Normal,Standard,-3.986884011195611,0.642505184,0.679705515,-0.37737889824730475,-0.44565654645104935
d90a51,Watch Me Dance!,Hard,Standard,-4.387820315052949,1.30300557,1.25322567,-0.764850431984696,-0.763212445430733
d90a71,Watch Me Dance!,Expert,Standard,-3.651021394939771,2.98772626,2.96297668,-1.1165303760265517,-0.9992452232108238
d90a91,Watch Me Dance!,ExpertPlus,Standard,-1.178382078250955,5.09231301,4.93065452,-0.31463710137450596,-0.05341394703606106
d97d91,Someone To Hate,ExpertPlus,Standard,0.9914446075960888,6.36568563,7.99055187,0.8693673817138541,-0.2091169318303605
da1971,Lowermost revolt,Expert,Standard,2.7899759252835064,8.83205794,10.5033823,0.8710510108544076,-0.1732234435909339
da1991,Lowermost revolt,ExpertPlus,Standard,2.4865452432200446,7.70156574,9.67616919,1.3723226677308884,0.08865311078910088
dc3e71,BOY,Expert,Standard,-3.8940897194963418,1.83344258,1.30012957,-0.5349339741625059,-0.2799981493884136
dc3e91,BOY,ExpertPlus,Standard,-3.0335114316002145,2.81641204,2.53622516,-0.3668683480475594,-0.07494075388969401
dc9251,Exitium,Hard,Standard,-1.9050836798511697,3.98166201,3.81569981,-0.15806869858563943,0.09512652307958258
dc9271,Exitium,Expert,Standard,-1.0956142817637269,4.3117325,4.70027106,0.3876673359654772,0.21032117689326357
dc9291,Exitium,ExpertPlus,Standard,3.2741168375981724,9.9467428,10.9524968,0.5918382233886779,0.009895144617015017
dd5e91,Jellyfish,ExpertPlus,Standard,-1.5202865394860108,4.27452231,3.97885545,-0.007297129359936649,0.35241946747638253
dd8791,Barbecue,ExpertPlus,Standard,1.479849013754341,7.33045083,8.93698518,0.6367395237252369,-0.40061375548086
dda51,Let Mom Sleep,Hard,Standard,-3.423973360393347,2.89482458,2.89045557,-0.8175878723982097,-0.718755089624199
de7c91,The Fox's Wedding,ExpertPlus,Standard,-0.7430285206810991,5.78333262,4.28225839,-0.4187826293160437,0.8916115369747579
dead91,The Deceit,ExpertPlus,Standard,4.682209991270146,9.53078921,12.1871116,2.2813975184256097,0.6109401922895055
e0aa91,Feel Like This,ExpertPlus,Standard,0.3390577788017672,6.50278456,6.42607749,0.11309898874024399,0.30523462080471003
e17091,Paranoid Mirage,ExpertPlus,Standard,2.603810302700266,9.70245935,10.9524968,0.08635242440699953,-0.6604113902808915
e1ff51,Jackknife,Hard,Standard,-2.694941318882055,3.33239882,2.93776614,-0.4307901235680749,-0.02453651171434945
e1ff71,Jackknife,Expert,Standard,-1.7634358350181443,4.24839698,4.36352126,-0.22958317837151165,-0.19267847810088634
e1ff91,Jackknife,ExpertPlus,Standard,0.6564257472749306,4.78498173,5.75537861,1.7630704844373042,1.13799616650998
e29851,Destiny,Hard,Standard,-2.966243270267186,0.86756091,1.04022961,0.7204068603326612,0.6801300243561963
e29871,Destiny,Expert,Standard,-3.105031196658111,2.64360466,2.70871057,-0.3072347366410715,-0.26805133735405384
e29891,Destiny,ExpertPlus,Standard,0.03315695667113133,6.73942615,7.1321474,-0.37101066678888533,-0.5337114544336428
e2ba11,Astronomia,Easy,Standard,-2.59487658142444,2.08137895,1.68434213,0.6055895683218311,0.8776177213627157
e2ba31,Astronomia,Normal,Standard,-3.4798933672764534,2.23945218,1.91140755,-0.3877802100635446,-0.1247546496005465
e2ba51,Astronomia,Hard,Standard,-3.770474707110017,3.06631119,2.57333619,-1.2971702161926073,-0.8377400286899612
e2ba71,Astronomia,Expert,Standard,0.46166488274868545,6.78844379,6.09970431,0.0207582811246535,0.6776142170860132
e2ba91,Astronomia,ExpertPlus,Standard,1.2920653011062238,7.64827271,8.36789539,0.21656182747097108,-0.18193652049488596
e2bc71,Mushussu,Expert,Standard,0.4985716816039989,7.24300162,7.56530246,-0.28014684985942817,-0.39007411037726736
e2bc91,Mushussu,ExpertPlus,Standard,2.5105086042965628,8.48575562,9.08326451,0.8347448866852596,0.5267133045825809
e2c391,Demon's Jingles,ExpertPlus,Standard,0.6178097569733906,7.1198025,7.55238452,-0.06986642460415282,-0.26129873224461775
e34871,LET'S JUMP,Expert,Standard,-1.2711247414401907,4.15193086,3.17803397,0.33979538768824535,1.2198101208891658
e34891,LET'S JUMP,ExpertPlus,Standard,0.8357645114729289,6.55447805,7.32359718,0.5707576019474858,0.12617257964663975
e3a051,iiillluuuvvvUUU,Hard,Standard,-2.5439668794602435,3.2255086,3.06862193,-0.19548021467835053,0.029204093512557705
e3a071,iiillluuuvvvUUU,Expert,Standard,-0.675450794735949,6.32041353,5.45840331,-0.7631232329883225,0.03677353458170052
e3a091,iiillluuuvvvUUU,ExpertPlus,Standard,1.3798320212688944,7.14904793,8.07290776,0.6705091837422865,0.1193236681470522
e4d91,Ange du Blanc Pur,ExpertPlus,Standard,0.8434199554770581,7.31114784,8.92172506,0.014507103097303409,-1.0262361375021702
e4dc91,New Game,ExpertPlus,Standard,1.9495317139603687,8.2092451,8.353607,0.4700291563662773,0.4858267003313699
e5cd11,Shinbatsu o Tadori Kyoukotsu ni Itaru,Easy,Standard,-2.959449359100121,2.02833735,2.08726084,0.2762417857990811,0.2930824984938485
e5cd31,Shinbatsu o Tadori Kyoukotsu ni Itaru,Normal,Standard,-1.868283399289139,3.74151494,4.05089781,0.07058754520980082,-0.052015368342610335
e5cd51,Shinbatsu o Tadori Kyoukotsu ni Itaru,Hard,Standard,-1.0475818076427883,4.97839711,5.14587978,-0.09398984530210974,-0.09130770357935081
e5cd71,Shinbatsu o Tadori Kyoukotsu ni Itaru,Expert,Standard,3.401875120510634,9.19432869,9.39909439,1.2316660098233538,1.1965574156719465
e5cd91,Shinbatsu o Tadori Kyoukotsu ni Itaru,ExpertPlus,Standard,3.2649149308398004,9.43490002,10.8593072,0.9295534833873953,0.0628197982685803
e62d91,I'll Fight Back,ExpertPlus,Standard,1.9162927926178237,9.02738216,9.31116232,-0.13850497440419574,-0.22756582595419594
e68d91,AURA,ExpertPlus,Standard,-2.251513823189391,3.47506073,3.33950738,-0.10042642331614049,0.11675846674253387
e6a491,Diastrophism,ExpertPlus,Standard,2.7164020126166966,8.30716037,10.3784801,1.1671859225299275,-0.16235170341897165
e71891,Blastix Riotz,ExpertPlus,Standard,3.398229244884945,10.6096599,11.7173697,0.27540759323263186,-0.36943468114742073
e72b31,Memecore,Normal,Standard,-2.8426643277336,2.07956047,2.01024166,0.35901964123878916,0.4558867072745847
e72b51,Memecore,Hard,Standard,-2.773124577670146,2.59329819,2.82936363,0.06235722368318042,-0.02324947713868797
e72b71,Memecore,Expert,Standard,0.006954044915848161,5.71924564,6.63816137,0.38080252770484024,-0.1880599597422986
e72b91,Memecore,ExpertPlus,Standard,3.2004842340475412,11.0450719,11.5879287,-0.20648837529919106,-0.4827815813595082
e7ca51,Exciter,Hard,Standard,-2.502596483069837,3.31469456,3.05553933,-0.22445185065828355,0.0803535762803893
e7ca71,Exciter,Expert,Standard,-1.3091894705717775,4.17453294,4.49983657,0.2836699280809456,0.15436431277135743
e7ca91,Exciter,ExpertPlus,Standard,0.5640530790710465,5.32693721,5.92504074,1.2435114277944774,0.9144842079392768
e8c811,Valhalla:0,Easy,Standard,-3.4116056814267957,1.78109059,1.67286734,-0.02113856698385952,0.06627280987689854
e8c831,Valhalla:0,Normal,Standard,-3.468768812965636,2.65296383,2.38081865,-0.6780101238532454,-0.4042341381883192
e8c851,Valhalla:0,Hard,Standard,-2.1227649693015085,4.03912393,4.11017212,-0.42168246852764346,-0.3529818119822712
e8c871,Valhalla:0,Expert,Standard,-0.2536082193701122,6.29266436,6.05297488,-0.3201677286080536,-0.00173337375879129
e8c891,Valhalla:0,ExpertPlus,Standard,1.0056117313954178,6.67262758,8.45414042,0.6516068910301869,-0.530446319693106
e91531,Invisible Frenzy,Normal,Standard,-3.014485063471824,2.48966077,2.27734617,-0.10219383595169163,0.11833620123406874
e91551,Invisible Frenzy,Hard,Standard,-1.4479850899718472,4.02165116,4.25672074,0.26706439844021257,0.20672396386642755
e91571,Invisible Frenzy,Expert,Standard,0.8297518969262965,7.99276168,8.12134012,-0.49477551138558407,-0.46594047254071547
e91591,Invisible Frenzy,ExpertPlus,Standard,2.8549460083394878,8.6548626,10.0899128,1.0600775058343324,0.17252192788694565
e97011,Shiny Happy Days,Easy,Standard,-3.0702806663512376,0.929975635,0.916655668,0.6211635424975666,0.5643408689193663
e97031,Shiny Happy Days,Normal,Standard,-3.932704856604722,1.10432115,1.16542862,-0.25557405991858895,-0.29357098760751166
e97051,Shiny Happy Days,Hard,Standard,-3.4665844854239762,1.6242961,1.81123131,0.011911920639860352,-0.05729503302196415
e97071,Shiny Happy Days,Expert,Standard,-2.1721821596947475,3.52193925,3.21903022,-0.05834842689043285,0.2877462304529885
e97091,Shiny Happy Days,ExpertPlus,Standard,-0.18741565239147095,5.80218522,5.85958724,0.12225633596852536,0.2135496209902341
eb2811,Holdin' On,Easy,Standard,-2.7907631754127427,1.24984173,0.910410836,0.8499218957331283,0.8426858326519202
eb2831,Holdin' On,Normal,Standard,-3.059921966110804,2.26462692,2.14328963,0.014518718593521385,0.15817916774971774
eb2851,Holdin' On,Hard,Standard,-2.7198227305040623,2.44743806,2.42392647,0.2234098460121876,0.3157028359156091
eb2871,Holdin' On,Expert,Standard,-1.0488786893921087,5.14432723,6.26879434,-0.22607964158082328,-0.9625872646902585
eb2891,Holdin' On,ExpertPlus,Standard,-0.5704452059155577,5.72892688,6.04780487,-0.20409585851912293,-0.31459322572599013
ec0091,Possesed By The Blood Moon,ExpertPlus,Standard,2.9780694843371043,8.98337706,9.65139632,0.9538031633386761,0.5973284778406343
f0be71,"1,000,000 TIMES",Expert,Standard,1.022498155342338,6.59004008,6.63816137,0.7306670177306807,0.8274841506841912
f0be91,"1,000,000 TIMES",ExpertPlus,Standard,1.4595103003443535,7.33921637,7.64327544,0.6099571867172602,0.5133747143532175
f0cc51,Intro -U.R.U.K.TOO.-,Hard,Standard,-3.555202672514033,1.72820273,1.69155381,-0.1340273653032078,-0.08612198262674653
f0cc71,Intro -U.R.U.K.TOO.-,Expert,Standard,-1.4312492812918323,3.57482388,3.05032192,0.6405087774371201,1.1555973197922764
f0cc91,Intro -U.R.U.K.TOO.-,ExpertPlus,Standard,0.4385530016455277,5.85472892,5.80476859,0.7076494070089996,0.8818978092497465
f0ea71,To Be Beautiful,Expert,Standard,-3.440494528618553,1.84323675,2.1015781,-0.08729189739929,-0.19668757925206615
f0ea91,To Be Beautiful,ExpertPlus,Standard,-2.067562939065024,1.97028794,2.52541236,1.2059364162206148,0.8984992003104986
f12411,Avalanche,Easy,Standard,-3.36716633822735,1.37201824,1.01911403,0.22981164041066693,0.27864470826749876
f12431,Avalanche,Normal,Standard,-3.683198802350881,1.82059578,1.45039935,-0.31627911879920045,-0.11389646493072991
f12451,Avalanche,Hard,Standard,-2.0131582866196,4.55732432,3.60030519,-0.7256545795284204,0.1544644337778336
f12471,Avalanche,Expert,Standard,-0.06179045735962956,6.25282434,6.09970431,-0.09800488590856832,0.1541588769776982
f12491,Avalanche,ExpertPlus,Standard,0.4600901975423462,6.40732761,7.16880748,0.3064113292567608,-0.13416892086693583
f1e391,KillerBeast,ExpertPlus,Standard,2.65987901753202,9.54391561,9.59383933,0.25012347244017974,0.31903715826646817
f27911,Break,Easy,Standard,-2.68994272507117,2.30519401,2.2045868,0.3558045463326338,0.48964607692931716
f27931,Break,Normal,Standard,-1.9189810866319899,3.19658861,2.90779648,0.4522561588717562,0.7734994431172943
f27951,Break,Hard,Standard,-0.5488120418452829,4.6108447,5.22117629,0.6961119123891784,0.34855463001709697
f27971,Break,Expert,Standard,1.4863964951303492,7.40509925,7.99055187,0.5884744267341255,0.28583495570389994
f27991,Break,ExpertPlus,Standard,2.702459967919079,9.0143091,10.4854475,0.6567276754255724,-0.24863345029610606
f2f151,I Said Meow,Hard,Standard,-3.5768426993379725,1.2256363,1.15058619,0.0711840930630161,0.06402521208685918
f2f171,I Said Meow,Expert,Standard,-3.1535691190433037,2.23052539,2.7179847,-0.05521493618528428,-0.3232293691800554
f2f191,I Said Meow,ExpertPlus,Standard,0.057408666941252344,4.37016532,4.97721828,1.4940593204261232,1.145844658368308
f3e291,Battle Sirens,ExpertPlus,Standard,1.8939726226729021,9.50885437,7.90903614,-0.49188663819154654,0.7528936465882714
f53211,Tribal Trial,Easy,Standard,-3.87130132984102,1.59891624,1.29680099,-0.3794696671687414,-0.2564046238246265
f53231,Tribal Trial,Normal,Standard,-3.6491286471290225,2.65064132,2.37269498,-0.8566227525799053,-0.5791625899766477
f53251,Tribal Trial,Hard,Standard,-2.8623137593542087,3.4908518,3.43501587,-0.7237703888367406,-0.5672047612192013
f53271,Tribal Trial,Expert,Standard,-1.3002703195282044,5.1366647,5.59057472,-0.4714424481429058,-0.6908657884613578
f58331,Ludicrous Speed,Normal,Standard,-2.9441497545842314,1.94490142,1.8951443,0.3456234668155034,0.4200111224166778
f58351,Ludicrous Speed,Hard,Standard,-2.3877013407227032,3.80871765,3.56967193,-0.502487403641289,-0.19637796553690245
f58371,Ludicrous Speed,Expert,Standard,0.5276901953083325,5.87840439,6.62682654,0.7785246208285558,0.3412681070127276
f58391,Ludicrous Speed,ExpertPlus,Standard,3.9102421996030987,10.4456975,10.7210076,0.8954804016047482,0.800668629223162
f59b31,The Snow White Princess is,Normal,Standard,-3.4581291668852394,1.16997724,1.05996967,0.20492023059307884,0.18827544030789412
f59b51,The Snow White Princess is,Hard,Standard,-3.8885865345105026,2.01857616,1.88706464,-0.646481883360507,-0.5199755445109262
f59b71,The Snow White Princess is,Expert,Standard,-1.7815824960027582,4.02354447,3.65610903,-0.06804644312613561,0.34278932957323427
f59b91,The Snow White Princess is,ExpertPlus,Standard,-1.076025759035783,5.42762553,4.78537559,-0.47531712199913456,0.16302391053630383
f60d91,"I still think about y​%​#'​(​)​_​*​{​\​\​""'&36​)​%​(​""'​$​&''&​(​15y​!​!​!​_​?​?​*​`​~​​",ExpertPlus,Standard,-1.9495710462363798,4.94118658,4.19891942,-0.9665814366741099,-0.24945387741668457
f62151,Paranoid Mirage,Hard,Standard,-3.267688708799055,3.6640617,3.03731734,-1.2670285454823094,-0.6711384214142302
f62171,Paranoid Mirage,Expert,Standard,-0.42016624165269767,7.10348723,6.06332816,-1.0957569251608084,-0.1762544097013572
f62191,Paranoid Mirage,ExpertPlus,Standard,2.7593286430809347,9.94171468,10.1504459,0.08042889636468065,0.03557703617299168
f91e11,Who's Laughing Now,Easy,Standard,-2.6889557689891235,0.58903629,0.539664013,0.8846291014513645,0.7375742088084629
f91e31,Who's Laughing Now,Normal,Standard,-3.727727079889443,0.827235293,0.69497539,-0.04751256884044519,-0.17702068954860728
f91e51,Who's Laughing Now,Hard,Standard,-3.990924922446168,1.60145954,1.72071064,-0.500416998782526,-0.5358743379213884
f91e71,Who's Laughing Now,Expert,Standard,-3.2108430204996163,2.02709284,2.29688929,0.025667042220399505,-0.09076569571266013
f91e91,Who's Laughing Now,ExpertPlus,Standard,-2.886149502823187,2.96015465,3.50918512,-0.33026887073650535,-0.6481223005328483
f92251,Tool,Hard,Standard,-4.399523235236124,1.07308288,1.04647033,-0.7172111581069065,-0.7530892363423973
f92271,Tool,Expert,Standard,-3.488210812196367,2.37201238,2.29492746,-0.49026907270048614,-0.3668508418589411
f92291,Tool,ExpertPlus,Standard,-0.6421827293683949,5.74482734,6.11536082,-0.28814535951337283,-0.4382611607331207
f98811,Sound Chimera,Easy,Standard,-2.591644899606387,3.38436635,3.33095759,-0.3686200524147969,-0.21684362764149068
f98831,Sound Chimera,Normal,Standard,0.4528134694539395,4.47642036,4.7731241,1.8047456870501835,1.701489704863984
f98851,Sound Chimera,Hard,Standard,1.301141180929727,7.41122721,7.18720812,0.39872574645453174,0.6931448299215699
f98871,Sound Chimera,Expert,Standard,1.6850631306882669,7.29920757,8.18403749,0.8649366195352486,0.3439007014448001
f98891,Sound Chimera,ExpertPlus,Standard,2.587979659821789,9.43126469,11.2657335,0.25510378530734235,-0.8838007047699796
fa3331,Drop That Low (When I Dip),Normal,Standard,-3.1489830027440204,0.858926155,0.6337099,0.5365205005327454,0.3602837249264903
fa3351,Drop That Low (When I Dip),Hard,Standard,-3.232461539982899,1.21475443,1.20389199,0.41871038674439554,0.4011808434864008
fa3371,Drop That Low (When I Dip),Expert,Standard,-2.7987222046128544,1.77729839,1.76087115,0.5939785443338899,0.6364238959857476
fa3391,Drop That Low (When I Dip),ExpertPlus,Standard,-0.07845840338001198,4.70690759,4.78537559,1.0901316252034023,1.1605912661920748
fa9591,Diastrophism,ExpertPlus,Standard,2.264238613333024,8.39208253,10.021174,0.6547513008099339,-0.37116297005199295
fb51,Kids,Hard,Standard,-3.392487692369097,2.30968375,2.39510206,-0.3499318584188611,-0.33753027179312634
fb71,Kids,Expert,Standard,-3.0521609261217075,2.86982876,2.48474244,-0.42652210166985016,-0.05807329094601421
fb8a31,SUPER REACTOR,Normal,Standard,-2.7244915649306964,3.11320487,2.95539089,-0.28784206105915144,-0.06710457812955495
fb8a51,SUPER REACTOR,Hard,Standard,-2.0969655347831977,4.8879506,4.61668005,-1.0718771833799288,-0.7253058802131691
fb8a71,SUPER REACTOR,Expert,Standard,0.16689850767055422,5.45372904,5.53354239,0.7472256409245279,0.8206388303988148
fb8a91,SUPER REACTOR,ExpertPlus,Standard,-0.645021012688879,5.52174479,5.63855042,-0.11773239703089444,-0.07287385142777036
fb8b51,Battle Of The Bros,Hard,Standard,-3.1734488896695563,2.32139341,2.13780239,-0.1392310449630565,0.04805776141910156
fb8b71,Battle Of The Bros,Expert,Standard,-2.942286822959424,4.28405298,4.00272608,-1.436907377521898,-1.0882730548685065
fb8b91,Battle Of The Bros,ExpertPlus,Standard,-1.5860123805563762,4.53763108,5.14587978,-0.28283253892804816,-0.6297382764929387
fba391,Ruffneck Bass,ExpertPlus,Standard,-0.30594832287373447,4.99805676,5.97078251,0.6321214188899547,0.009211502612368527
fbe271,Shake The Ground,Expert,Standard,-0.5301324766558821,5.97516573,5.67237817,-0.35379880123038787,0.015765815615305323
fbe291,Shake The Ground,ExpertPlus,Standard,1.0759033128234732,8.047002,8.01791006,-0.2875628272065387,-0.1445888359963461
fc4c11,Naughty little demon,Easy,Standard,-4.016555694181612,0.0454807532,0.0648324418,0.30216740834934885,-0.03379932965519927
fc4c31,Naughty little demon,Normal,Standard,-3.925193305378685,0.442882411,0.591837381,-0.49618387167488853,-0.4497449454863056
fc4c51,Naughty little demon,Hard,Standard,-2.5570525588027713,0.806246077,1.462846,1.1186828264431532,1.0078608740818962
fc4c71,Naughty little demon,Expert,Standard,-3.668457142978197,1.85561919,2.1015781,-0.3228222383087047,-0.42465019361170997
fc4c91,Naughty little demon,ExpertPlus,Standard,-1.8104048131340966,2.91659837,4.31900673,0.7791767300810171,-0.20464990662607097
fcfd91,Rude Buster,ExpertPlus,Standard,4.050809949260057,9.65519727,10.4675433,1.5653977026073993,1.1118083938982282
fd8291,Daydream,ExpertPlus,Standard,-0.711003594043057,5.2757252,5.25699019,0.00858766668407207,0.15836713883426978
fdd311,Brain Power,Easy,Standard,-3.6786825480984686,0.630101334,0.589314173,-0.07680100556781211,-0.2054230797345964
fdd331,Brain Power,Normal,Standard,-3.9186240427245944,0.896246762,0.823090278,-0.22902761819048534,-0.3082258768884243
fdd351,Brain Power,Hard,Standard,-3.472923569941352,1.74345005,1.60427029,-0.060501642570899516,0.03587671826353489
fdd371,Brain Power,Expert,Standard,-2.16149776197182,4.04455807,3.84515731,-0.46475905108460447,-0.1842709950004804
fdd391,Brain Power,ExpertPlus,Standard,0.9979010946763175,6.42308748,6.7814933,0.8322733639003704,0.6944672091160861
ff0231,Your Best Friend,Normal,Standard,-3.6844557432660934,0.336643531,0.446033914,-0.4105264371701831,-0.36599437688750713
ff0251,Your Best Friend,Hard,Standard,-4.587660358024534,0.413990951,0.478407724,-1.1964542446625135,-1.228810512447705
ff0271,Your Best Friend,Expert,Standard,-3.5646884914244517,1.12548589,1.26614224,0.10836015534543231,0.05720441597964143
ff0291,Your Best Friend,ExpertPlus,Standard,-3.7087960401780324,1.29807943,1.62219052,-0.0840966370402807,-0.20785818927432276
ff8331,Long Times,Normal,Standard,-3.8453650099442833,2.13406908,2.09261834,-0.6804826632823597,-0.5960919763766057
ff8351,Long Times,Hard,Standard,-1.4993831721127726,4.03209002,4.61668005,0.20732192308798858,-0.12772351754274403
ff8371,Long Times,Expert,Standard,-0.9999153883365203,5.18036143,5.81469733,-0.20545290279162154,-0.5642500955964124
ff8391,Long Times,ExpertPlus,Standard,0.19361834082510612,5.53864855,6.82800997,0.7077408246359739,-0.14491067393117837
ffa591,Ragnarok,ExpertPlus,Standard,3.7710390953542836,9.14408083,12.2811971,1.6354971564496341,-0.3605430688529401
ffb591,Deadly force - Put an end,ExpertPlus,Standard,4.0044651528683515,10.9404916,11.8685223,0.6653736360319864,0.13865232739129274
ffef91,Resonation,ExpertPlus,Standard,3.845625999185123,10.5638163,10.5123612,0.7529588015969639,0.8763683638455606
