lb_id,obs_top,obs_mid,ml
100e711,0.9123655557632446,0.5928143262863159,0.894065628123656
100e731,0.8492329716682434,0.5410028696060181,0.8473544109899328
100e771,0.789897084236145,0.5202218890190125,0.7696240170722891
100e791,0.7371780276298523,0.46387138962745667,0.7600420378893684
1013a51,0.7860573530197144,0.5944657325744629,0.7773221166894841
1013a91,0.7832969427108765,0.5199087858200073,0.7737702810800562
101a031,0.9131250381469727,0.6995822787284851,0.8846360892
101a071,0.8636128902435303,0.5453602075576782,0.8397573352391304
101a091,0.8145461082458496,0.5294088125228882,0.7969303096473215
1021791,0.7991902828216553,0.5115640163421631,0.7892007246765511
102e211,0.9384920597076416,0.7106481194496155,0.9080643587083332
102e271,0.7863932251930237,0.5268457531929016,0.777793401515625
102e291,0.8674068450927734,0.5724838376045227,0.8335821987565789
103fb31,0.9054664969444275,0.61225825548172,0.8991095218520407
1040571,0.8534361720085144,0.5745266079902649,0.8390917543529641
1044e31,0.9248029589653015,0.6816027164459229,0.8991264332635135
1047311,0.9188740253448486,0.6816766262054443,0.9122049510238096
1047331,0.901022732257843,0.6377166509628296,0.8932430864636364
1047351,0.8791980147361755,0.6016361713409424,0.8720343340345394
106a391,0.7612138390541077,0.5277572870254517,0.7730482259334615
1079351,0.8971685767173767,0.6360329389572144,0.8992949523969594
1079371,0.8686963319778442,0.5573548674583435,0.8591305641185567
107ab71,0.7706632614135742,0.5613658428192139,0.7860375766832817
107ab91,0.751214861869812,0.5382462739944458,0.7767079120277335
108c671,0.7763221859931946,0.5092671513557434,0.7872499385438702
108c691,0.7181680798530579,0.5306144952774048,0.7420207938338031
108f531,0.90771484375,0.6669061183929443,0.9044094909804687
108f571,0.829272449016571,0.5455540418624878,0.8432655946748047
108f591,0.7822496294975281,0.5377652645111084,0.8105861753778973
1090851,0.8219178318977356,0.558994710445404,0.8198021499929985
1090871,0.7762898802757263,0.5175053477287292,0.7852982555689253
109e891,0.7971932888031006,0.5049285888671875,0.7919003024762732
10a3471,0.8906844854354858,0.6325098276138306,0.8664831844738095
10a9351,0.8326562643051147,0.5591411590576172,0.82833994790375
10a9371,0.8286644220352173,0.5816336870193481,0.8006023370877977
10a9391,0.7620202302932739,0.5079057216644287,0.7560247012951244
10cf131,0.9010328054428101,0.6284688711166382,0.8940118175032051
10cf151,0.8767262101173401,0.5731594562530518,0.8625111423229167
10cf171,0.8416666984558105,0.5210649371147156,0.8239123114583333
10cf671,0.8719813227653503,0.6105232834815979,0.8757056081683673
10d0831,0.8924088478088379,0.519444465637207,0.8729234592953125
10d0871,0.7437556982040405,0.5189507007598877,0.741921053139423
10d0891,0.7485629320144653,0.49904558062553406,0.7509079522922454
10de71,0.8393154740333557,0.5424150824546814,0.8490462192571429
10e0891,0.7271175384521484,0.4686756134033203,0.7717517049392646
10f6b51,0.8909274339675903,0.5721311569213867,0.8710427529395162
10f6b71,0.8806874752044678,0.5744891166687012,0.8648569238474999
10f8751,0.8174220323562622,0.5424343943595886,0.8259834044799548
10f8771,0.7862107753753662,0.528900682926178,0.8006804087305962
10f8791,0.7416911721229553,0.5487613081932068,0.7635909039348195
110de91,0.8300586342811584,0.5550698041915894,0.8342545781056034
117ac51,0.8611351847648621,0.5528103113174438,0.8511068703699495
117ac71,0.8245729207992554,0.5959479808807373,0.8287766306269083
119f051,0.7920833826065063,0.5478436350822449,0.7987001239160714
11b4911,0.9170454740524292,0.774852991104126,0.9032122062670455
11b4951,0.8599593639373779,0.5862812399864197,0.8479302916270325
11b4971,0.8203245401382446,0.496794730424881,0.8217866422859195
11b4991,0.8136141896247864,0.5436429381370544,0.7995000930186568
11b6251,0.8617677688598633,0.569743812084198,0.8836722804925742
11b6291,0.7904412150382996,0.4967654049396515,0.8099514425995105
11bde11,0.8960069417953491,0.6605411171913147,0.9033073685304487
11bde31,0.8678159117698669,0.5391682386398315,0.8798633449548066
11c7471,0.833488941192627,0.5019484162330627,0.8273559669269481
11c7771,0.8340857028961182,0.5496784448623657,0.8336023485717592
11c7791,0.8189898133277893,0.5585574507713318,0.789657927942446
11c9c31,0.910995364189148,0.7183899283409119,0.9161956840000001
11c9c51,0.8815231919288635,0.6585795283317566,0.8849573918167808
11c9c71,0.835917055606842,0.5382675528526306,0.8524321656470587
11c9c91,0.754753589630127,0.4877757430076599,0.7894922196624512
11cc851,0.8507260680198669,0.5868926048278809,0.8509593419867425
11cc891,0.801070511341095,0.5688856840133667,0.7947971033046665
11dcb91,0.7582465410232544,0.5212298035621643,0.7780970319618943
11e3d91,0.8583747148513794,0.5571866631507874,0.8317727443029801
120a871,0.8521117568016052,0.511863112449646,0.8337382464227272
120a891,0.8141846656799316,0.5032410025596619,0.7825002049375
1215151,0.862309992313385,0.567700207233429,0.8576115988597973
1216291,0.8241584897041321,0.4789702296257019,0.798074953505588
122b791,0.8107291460037231,0.5904167294502258,0.8006047744573864
1232e31,0.89453125,0.6210840344429016,0.8862405487242647
1232e91,0.7416674494743347,0.4907490313053131,0.7716148861281185
1245e11,0.8990740776062012,0.6752707958221436,0.9170271123555556
1245e31,0.8772955536842346,0.6158952713012695,0.8946750702268518
1245e51,0.8606728315353394,0.5731121301651001,0.8732664919713115
1245e71,0.8532806634902954,0.5470989346504211,0.8553665143563218
1245e91,0.8008333444595337,0.5105625987052917,0.806135083965
124ea31,0.875868022441864,0.6430714130401611,0.857920066046131
124ea71,0.8095467686653137,0.611819863319397,0.7896294934004121
124ea91,0.7963482141494751,0.5953139662742615,0.7861860612059659
126bd11,0.8910374045372009,0.6363237500190735,0.8835794372160714
126bd51,0.8438626527786255,0.5003482103347778,0.842928909375
126bd91,0.7710604071617126,0.48364338278770447,0.7661924699160831
126c31,0.8946970105171204,0.7185605764389038,0.9055962349715908
127ec11,0.8930990099906921,0.637844979763031,0.887521948828125
127ec91,0.7668722867965698,0.476491242647171,0.7515650016403509
128ea11,0.9258771538734436,0.6913706660270691,0.9095628574166666
128ea31,0.8969047665596008,0.6498122215270996,0.8896467753796875
128ea51,0.8530189394950867,0.5858378410339355,0.8555718983252314
1293a51,0.9052197933197021,0.6197026968002319,0.8933408629134616
1293a91,0.8176841735839844,0.5018315315246582,0.8100831538429487
12a6b51,0.8679131269454956,0.5805196762084961,0.8572752983846154
12ab351,0.8735309839248657,0.5483224987983704,0.8527398612510684
12ab371,0.8443554639816284,0.5629228949546814,0.8264425356890625
12ac891,0.7950650453567505,0.5197027325630188,0.7677742294455445
12ad911,0.888124942779541,0.6187647581100464,0.8904032487447369
12ad971,0.7363394498825073,0.5033381581306458,0.7577005955049458
12af011,0.8759039044380188,0.6380248665809631,0.8729111495601852
12af031,0.8590856790542603,0.5867056846618652,0.8609547588072917
12af051,0.8288194537162781,0.5162790417671204,0.8209782237317708
12b2711,0.9557291865348816,0.7689815163612366,0.9266421036875
12b2731,0.9509374499320984,0.7854166626930237,0.9242005608625
12b5391,0.7717510461807251,0.4536087214946747,0.7589624046920573
12b6251,0.8381316065788269,0.5061761736869812,0.832037618136811
12b6291,0.7554965019226074,0.48176687955856323,0.7618875439357612
12bdb91,0.7599828839302063,0.5282055735588074,0.7706198312453449
12bdc71,0.8211995959281921,0.4984281659126282,0.8210482124423077
12c0c51,0.8902314901351929,0.592718780040741,0.886152016975
12cab71,0.865667998790741,0.5170480608940125,0.8466852913916285
12cac91,0.77287358045578,0.5142160058021545,0.769893998810825
12cca91,0.742125928401947,0.4831419289112091,0.7545059583169476
12ccf91,0.7728152871131897,0.5341580510139465,0.7507092008222713
12cf311,0.886406660079956,0.6302515864372253,0.8737593860744681
12cf331,0.8486256003379822,0.5200117230415344,0.8369442438003473
12cf351,0.8418808579444885,0.5659624934196472,0.8300477837348131
12cf371,0.7809794545173645,0.5621882677078247,0.7851710412540585
12d2431,0.9315476417541504,0.7536534070968628,0.9172690285915178
12d2451,0.8854301571846008,0.6793833374977112,0.8900708359744318
12d9611,0.919186532497406,0.7208084464073181,0.911064037480357
12d9651,0.8909996151924133,0.5596040487289429,0.867715855247807
12d9671,0.8196015954017639,0.5143811702728271,0.8273020741888686
12dc391,0.7952768802642822,0.5143314003944397,0.7864146260214744
12df451,0.9135841727256775,0.6149899959564209,0.9001674059260204
12dfd91,0.8702694773674011,0.5884858965873718,0.8498192121688551
12f3331,0.8697136044502258,0.5660457015037537,0.8649830472625
12f3351,0.8369691371917725,0.5374373197555542,0.8364553234423078
12f3391,0.7598861455917358,0.4975503385066986,0.772196871390528
12fa251,0.87676602602005,0.6040273308753967,0.8673793703004967
12fae31,0.8701863884925842,0.5904325842857361,0.8597848611920289
12fae91,0.7518289089202881,0.5012779831886292,0.7476124158602954
1303c71,0.8834012746810913,0.6403758525848389,0.8560277686793478
1305131,0.8407386541366577,0.4998526871204376,0.8386553115759409
1305191,0.8200228810310364,0.5688589215278625,0.7847359316654974
1306911,0.9069685935974121,0.6718393564224243,0.9000715437012196
1306931,0.8934709429740906,0.5971197485923767,0.8811265216897322
130bc91,0.7651004791259766,0.5396581888198853,0.7521724027130873
130c071,0.8700320720672607,0.6451880931854248,0.8316778582233727
130c091,0.8054863810539246,0.5674019455909729,0.782309222406015
1313f71,0.8337265849113464,0.5560572147369385,0.8324335246707589
1329211,0.9145867824554443,0.6753637194633484,0.9077330845847701
1329231,0.8824788331985474,0.5902079939842224,0.8740942459541016
1329271,0.7845531702041626,0.5801600217819214,0.8076436155204405
1329291,0.7816649675369263,0.5673925280570984,0.7654615477851315
132cb51,0.8310605883598328,0.5654605031013489,0.839300891945707
132cb91,0.7669709324836731,0.5691628456115723,0.7636199744691011
132d631,0.8446776270866394,0.5634924173355103,0.8601510064187956
132d671,0.8090204000473022,0.557965099811554,0.791342299899468
132dc71,0.8136355876922607,0.5393252968788147,0.7968919319157725
132e911,0.9286684989929199,0.6723740100860596,0.9125440568043478
132e931,0.9098039269447327,0.5613753795623779,0.8926504828272058
132e951,0.8730238676071167,0.5574557781219482,0.8530893158999999
1330491,0.7248548269271851,0.5044147968292236,0.7706675555719539
1336691,0.7676520347595215,0.5757059454917908,0.7679050417184615
1337751,0.8930272459983826,0.5530282258987427,0.8729737357623626
133d671,0.820428192615509,0.5068920850753784,0.8319247497027311
1373531,0.8572549223899841,0.523190975189209,0.8434077147058824
1374b11,0.883190393447876,0.6903941035270691,0.8827908299044117
1374b31,0.8656994104385376,0.6462700963020325,0.8606430096601562
1374b51,0.8732903003692627,0.6079738140106201,0.8455450512513298
1374b71,0.7823567986488342,0.5137523412704468,0.780731783009375
1375771,0.8502261638641357,0.5492190718650818,0.8411461521624999
1375791,0.8134704232215881,0.485777884721756,0.8049748606730769
1381491,0.804443359375,0.5653190612792969,0.8099704846559613
1386571,0.8348899483680725,0.5722695589065552,0.8388276314508427
138ba31,0.8298476338386536,0.523129940032959,0.8183177898402135
138ba51,0.7885138988494873,0.5485458970069885,0.7777571515968587
138ba71,0.8031912446022034,0.5410326719284058,0.7850029476719652
138da11,0.915234386920929,0.7101904153823853,0.9213924105286458
138da91,0.7698086500167847,0.4930519461631775,0.7987284236402884
13ae291,0.8564743399620056,0.47793811559677124,0.8453179503201923
13b1751,0.8714786767959595,0.5935789346694946,0.8582246258831521
13b1771,0.8366268873214722,0.5608448386192322,0.8162528670924081
13b2b71,0.7475730776786804,0.5699934959411621,0.7514490228563144
13b2b91,0.7301473617553711,0.5085498094558716,0.7428378277589286
13bd331,0.8528261184692383,0.5919609665870667,0.8365978404336957
13bd351,0.8062568306922913,0.5912300944328308,0.821676129125817
13bd371,0.7857626080513,0.575181782245636,0.7825104785508529
13bd391,0.7492702603340149,0.5493013262748718,0.7653715031530748
13de611,0.9013480544090271,0.7037402391433716,0.9027926260183824
13de631,0.8935099840164185,0.6225390434265137,0.8857090396068549
13e0d91,0.7852357625961304,0.553754448890686,0.7797607011895514
13fe111,0.8830873966217041,0.6216096878051758,0.8788069775295139
13fe151,0.7744853496551514,0.5166209936141968,0.7810044520143103
13fe191,0.7763123512268066,0.6128747463226318,0.7849080367605933
13fe811,0.926467776298523,0.7422547340393066,0.8996938448939394
13fe851,0.8431598544120789,0.5741658806800842,0.8500619021527435
142f451,0.8651847243309021,0.4935275912284851,0.8387774243002577
142f471,0.86070317029953,0.5786929130554199,0.8123439546020833
144bc11,0.9216450452804565,0.7072669863700867,0.917763220159091
144bc91,0.7847617268562317,0.5332162380218506,0.7862653002739521
1496b91,0.7495888471603394,0.5468544960021973,0.7606248398265739
1499b71,0.7359222769737244,0.5737133622169495,0.7691803931677152
1499b91,0.7315688133239746,0.48339176177978516,0.7681049320362309
14af831,0.9164966344833374,0.7333810329437256,0.9090670011035714
14b3411,0.8722018599510193,0.5911046862602234,0.8727275442040598
14b3451,0.8238573670387268,0.5438444018363953,0.8418305598825758
14b3491,0.819049596786499,0.520889937877655,0.7997679114286504
14bd31,0.9091984629631042,0.6118811964988708,0.9063520728601694
14c5111,0.8825255632400513,0.7022631168365479,0.8817461475357143
14c5191,0.7534205913543701,0.5687000751495361,0.7721366679991554
1527a91,0.768196702003479,0.49396082758903503,0.7837532748875166
1530091,0.7390742301940918,0.4853639602661133,0.7545828379549213
1542111,0.9295699000358582,0.809892475605011,0.9129942792903226
1542151,0.8979900479316711,0.6149438619613647,0.8861596783714789
1542171,0.8702104091644287,0.6002899408340454,0.8467574032499999
1542191,0.8588333129882812,0.6246713995933533,0.8186303872649999
1547b91,0.8395176529884338,0.5284683108329773,0.8081322534480698
15591,0.8165229558944702,0.4956209361553192,0.8462181415021552
158ce31,0.8601809740066528,0.5635827779769897,0.8558912291906934
158ce51,0.8250128626823425,0.5529921054840088,0.8343011783804012
15ac071,0.8472895622253418,0.5558255910873413,0.8530986897448979
15ac091,0.7867722511291504,0.531950831413269,0.7899422778153593
15b191,0.8038947582244873,0.5254551768302917,0.8339069938579524
15b6e91,0.778102457523346,0.5276523232460022,0.7988926271087743
15cb371,0.8767838478088379,0.6111322045326233,0.869244248421875
15f7451,0.916883111000061,0.6431372761726379,0.8926789841875
15f7491,0.8490785360336304,0.5732525587081909,0.8245728781153846
1601091,0.7826576828956604,0.5124801993370056,0.7777269271770856
162e471,0.838083803653717,0.5250000357627869,0.8505927752582417
165ed71,0.8565217852592468,0.5863338708877563,0.8467517569610508
165ed91,0.8021138310432434,0.5918007493019104,0.8019238782109755
1661c91,0.7567768096923828,0.4932079315185547,0.7741732098954089
166591,0.8025604486465454,0.5333892703056335,0.8237597285456588
1667f91,0.7840119004249573,0.5409358739852905,0.7925996077891246
166871,0.8555417060852051,0.5850760340690613,0.8764574630183334
166c51,0.9107351899147034,0.6414223313331604,0.9067229449451755
166cf31,0.9125509858131409,0.6712093949317932,0.9095711499392857
166cf91,0.8321847915649414,0.48168712854385376,0.8388092791105769
1671111,0.9180555939674377,0.7221952080726624,0.9111514380959302
1671131,0.8785319328308105,0.5765748023986816,0.8825299098417969
1671151,0.8561698794364929,0.5847376585006714,0.8605239241552197
1671191,0.7766157388687134,0.5155907869338989,0.7845805957443183
1677a11,0.9391543865203857,0.6804410815238953,0.9266798704485294
1677a51,0.8994097113609314,0.6216254830360413,0.8937714277375
167a551,0.8061001300811768,0.48109135031700134,0.8222899152756096
167a591,0.7590883374214172,0.46296587586402893,0.7850676159575977
167ef71,0.7939594984054565,0.5454475283622742,0.8071856503757184
1685831,0.906525731086731,0.6751026511192322,0.8995794510496323
1685851,0.8880329728126526,0.5684348344802856,0.8694761881511628
1685891,0.8515402674674988,0.5123267769813538,0.8328184666976496
1687f91,0.8296256065368652,0.5521062016487122,0.800181748618007
1689431,0.9124577641487122,0.617411196231842,0.9078022243648649
1689491,0.865929365158081,0.5292245149612427,0.8612465160771104
1689a31,0.8444105982780457,0.5282844305038452,0.8438816014207318
1689a51,0.8299139142036438,0.5414174795150757,0.8370477176358695
1689a91,0.8083525896072388,0.5353627800941467,0.7901815619415323
168d051,0.8767361044883728,0.6120597124099731,0.8780771057343749
168d071,0.8301807045936584,0.553717851638794,0.8488162674137169
168d091,0.7957174777984619,0.5410111546516418,0.8067267551208054
168de51,0.8983526825904846,0.572584331035614,0.8724583744186046
168de91,0.8387524485588074,0.5869210362434387,0.8144630110706844
1694e11,0.9100490808486938,0.723435640335083,0.9049944047169117
1694e31,0.8932566046714783,0.5972569584846497,0.8946100121644737
1694e51,0.8648555874824524,0.5643914341926575,0.8641597383792614
1694e91,0.7478146553039551,0.4985450506210327,0.7613364058321432
1694f11,0.9264761805534363,0.7139999866485596,0.913066245605
1695b11,0.9175072908401489,0.728844940662384,0.9025869577467105
1695b91,0.7881944179534912,0.5154978036880493,0.7721139300204678
1695f31,0.9100574851036072,0.6986926198005676,0.8959200847392241
1695f71,0.8337627649307251,0.5635108947753906,0.8250795568223684
1695f91,0.7878764271736145,0.4907318651676178,0.7580978153364865
1696071,0.8373303413391113,0.5071181654930115,0.8482448349438202
1696091,0.7974727153778076,0.5426229238510132,0.8155719594767933
1699171,0.8082235455513,0.5821648836135864,0.7925838026983022
1699191,0.8008956909179688,0.5553246140480042,0.7738661434592318
169b131,0.8901278972625732,0.6235798001289368,0.8563100156335227
169b191,0.768502950668335,0.5466108918190002,0.7709223852802326
169b491,0.7261551022529602,0.5174078345298767,0.7485846718719059
16a3591,0.7840760946273804,0.547721266746521,0.7901289400201641
16a5e91,0.8369263410568237,0.5436141490936279,0.8108069583061595
16a6c91,0.7521809339523315,0.5216245055198669,0.7689612286714471
16abf11,0.9410472512245178,0.6909611225128174,0.928735129972973
16abf71,0.8732110857963562,0.495696485042572,0.8760328349619565
16ac151,0.8873037099838257,0.5129432082176208,0.8741880013913044
16b051,0.8895833492279053,0.5867788791656494,0.8915617014983334
16b0591,0.7353988289833069,0.5307955741882324,0.7587578481846348
16b071,0.8194484710693359,0.49702513217926025,0.842878087735294
16b3331,0.8934561610221863,0.6977258324623108,0.8847125548814102
16b3391,0.7632743120193481,0.4945468306541443,0.7594023106736726
16bb191,0.8026424646377563,0.5516532063484192,0.7793645344080882
16c5631,0.880018949508667,0.6420808434486389,0.8792381719943182
16c5651,0.8665751218795776,0.5798124074935913,0.8561348235549451
16d0791,0.7624713778495789,0.5399138331413269,0.7741621017880204
16d2f11,0.8952189087867737,0.6053176522254944,0.8936608911985887
16d2f71,0.7764207124710083,0.4896150827407837,0.794855506699882
16d2f91,0.771725058555603,0.5178349018096924,0.7792594840405318
16dbc91,0.8117062449455261,0.60025954246521,0.7819769442968354
16e93x91,0.7332661747932434,0.5320714712142944,0.7591305504827189
16e9711,0.8887009620666504,0.5653741359710693,0.8749242208026317
16e9771,0.8127545714378357,0.5127984881401062,0.8116890381838234
16e9791,0.7699421644210815,0.506831705570221,0.774474154069867
16f2491,0.7956994771957397,0.5439185500144958,0.7819229340680314
1703f71,0.8040485382080078,0.5442595481872559,0.7933987530380155
1716411,0.9037381410598755,0.6944500207901001,0.9206679029775
1716431,0.8987119197845459,0.6648605465888977,0.9026959106086065
1716451,0.8705911040306091,0.5759110450744629,0.8816889399636628
1716471,0.8540178537368774,0.5710666179656982,0.8548927616439732
1716491,0.7545113563537598,0.5261717438697815,0.7951525972536765
1743411,0.9253086447715759,0.6385679244995117,0.9149928497407408
1743491,0.7843639254570007,0.5058889389038086,0.7925512361070479
176e391,0.7616946697235107,0.5258913040161133,0.7680105563156717
1770751,0.9161545634269714,0.6689478754997253,0.8856310445802084
1770771,0.8778256177902222,0.5569984316825867,0.8625411904760478
1770791,0.8406056761741638,0.5350428819656372,0.811605906177662
1784271,0.8272998929023743,0.5420965552330017,0.819926941548455
1791431,0.879864513874054,0.5652828812599182,0.8604080711080098
1791451,0.8538805842399597,0.5336528420448303,0.8290791093292253
1791491,0.7750394344329834,0.5739268660545349,0.7675779644763258
17a7031,0.8681760430335999,0.6165263652801514,0.8673422129006696
17b8891,0.7810643911361694,0.5243969559669495,0.7711774086850247
17d0991,0.7454851269721985,0.5408348441123962,0.7675408526562153
17d71,0.810052216053009,0.5056837201118469,0.8755767061310203
17dc431,0.9256223440170288,0.6888783574104309,0.9152758567073864
17dc491,0.8441140055656433,0.5327844023704529,0.8341592738900602
17e0291,0.7602568864822388,0.562720000743866,0.7696403528008309
17e471,0.8416563868522644,0.6001111268997192,0.8122929975563323
181a271,0.7649353742599487,0.5712559223175049,0.7730720345578703
1820a51,0.8593894839286804,0.6096904277801514,0.8397019868645833
1821811,0.9098936915397644,0.6513921022415161,0.9051241021944444
1821831,0.8650320768356323,0.5804901123046875,0.8774989355575397
182bc31,0.9179564118385315,0.6824824810028076,0.9090564509851191
182bc71,0.8754865527153015,0.4784170985221863,0.8654670440928143
182bc91,0.8634030818939209,0.5371236801147461,0.8348015284073171
182c291,0.7803179025650024,0.5221332907676697,0.7874341153229696
184df31,0.9117646813392639,0.7047524452209473,0.9014198481960785
1877431,0.8991705775260925,0.5717251300811768,0.8761446427523149
1877451,0.8674981594085693,0.545464813709259,0.858608767623016
1877471,0.8382019996643066,0.4981568157672882,0.8383372868845108
1877491,0.8177570700645447,0.5148373246192932,0.8143489835262605
188b131,0.9151418209075928,0.5965856313705444,0.9125126697373596
188b171,0.8475227355957031,0.5300027132034302,0.849673631625
188ba71,0.8613694310188293,0.5018354058265686,0.8425440127736281
188ba91,0.8426679968833923,0.5391077399253845,0.812082883417056
188ed11,0.8826255202293396,0.6182505488395691,0.8641526606385135
188ed51,0.7982152700424194,0.5983685255050659,0.8074772816858333
188ed71,0.7862558364868164,0.582081139087677,0.7840442486354167
188ed91,0.7635566592216492,0.5280669927597046,0.7631835539569378
1895871,0.858600914478302,0.5345048904418945,0.8513461829494535
1895891,0.8165599703788757,0.5219606757164001,0.8090071654294363
1895f31,0.8970630168914795,0.7196163535118103,0.8910608609340278
18a9271,0.8364348411560059,0.5842945575714111,0.8315575621494361
18a9291,0.7564218044281006,0.5268211364746094,0.7614777561681702
18aba51,0.8616836667060852,0.5624415874481201,0.8558722273664309
18aba71,0.8082404136657715,0.5380042791366577,0.8165233954204429
18d2591,0.8150576949119568,0.5355308055877686,0.8188653201863839
18d3e11,0.9203416109085083,0.7151405215263367,0.9043746111195652
18d3e31,0.9009114503860474,0.6339107751846313,0.8933968091781249
18d3e71,0.843936026096344,0.5803133249282837,0.814341843657738
18ea031,0.9209201335906982,0.6797769069671631,0.91137334515625
18ea051,0.8873264193534851,0.6178588271141052,0.8812557665694444
18f4991,0.7917531132698059,0.5667935013771057,0.7827678662838596
18f6291,0.774436891078949,0.5512904524803162,0.7672957953665541
18fdf11,0.9498677253723145,0.7892592549324036,0.9340896142916666
1905931,0.8891516327857971,0.6621584296226501,0.8808173521846847
1905971,0.8120738863945007,0.5878503322601318,0.820315502951486
190cc31,0.9008634686470032,0.7032458186149597,0.9001339342746711
190cc51,0.8591917753219604,0.5734859108924866,0.871918988386574
190cc91,0.7728580832481384,0.5164933800697327,0.77519222428535
1915691,0.7577573657035828,0.5417016744613647,0.7715621111412094
1925971,0.8297271132469177,0.5542030930519104,0.8333995288282164
1925991,0.7986407279968262,0.5496677756309509,0.7888730806797887
192c931,0.866859495639801,0.5965311527252197,0.8467434578600352
1935711,0.9183622002601624,0.7337563633918762,0.900789414375
1935751,0.8659766912460327,0.57753586769104,0.871241771163961
1935771,0.8563639521598816,0.6041731238365173,0.8529084080169753
194251,0.8890056014060974,0.6671303510665894,0.8853263188651961
194291,0.775940477848053,0.47616299986839294,0.8097466100049999
1944891,0.8180250525474548,0.5410409569740295,0.8011186774695946
194931,0.8935118913650513,0.6250049471855164,0.8839630322678571
194971,0.8082562685012817,0.521826446056366,0.8090852289081911
1949e91,0.7789076566696167,0.46276572346687317,0.7800498936986486
194b431,0.9060579538345337,0.5728965401649475,0.8950670944808469
194b451,0.8772674202919006,0.4891713857650757,0.8681078077506393
194b471,0.8390992283821106,0.5142698884010315,0.8401416616971831
194d891,0.8152430653572083,0.6012271642684937,0.7906244798494804
194f091,0.8093855381011963,0.5783184170722961,0.7912026699173658
195551,0.881243884563446,0.5793541073799133,0.8828138532627551
195571,0.8485991358757019,0.5005744695663452,0.8576159364159482
1956651,0.8973379135131836,0.6300410032272339,0.8881726407291667
1956671,0.7851422429084778,0.5897680521011353,0.7907427196646506
1956b91,0.8119589686393738,0.5286389589309692,0.8118841845421512
1958091,0.8579344153404236,0.550256073474884,0.8195219985478723
195a551,0.880842387676239,0.5928578972816467,0.8858329529528985
195a591,0.812332272529602,0.5440952181816101,0.8135133290233051
195a651,0.8569318652153015,0.6067469120025635,0.8412527171136364
195a671,0.8505018353462219,0.5264800190925598,0.8166768577667683
195a691,0.8247954845428467,0.5294142961502075,0.8137734175414111
1963291,0.7813546061515808,0.5652468204498291,0.7815402855671211
1966a51,0.8979262709617615,0.6122831106185913,0.8802583945645162
1966a91,0.7580831050872803,0.5251447558403015,0.767665802752435
1967391,0.7487574815750122,0.49478182196617126,0.7741447460231062
19686x91,0.8200476169586182,0.5499059557914734,0.7880949353092401
196b931,0.8782104253768921,0.6458402276039124,0.8709604995143443
196b951,0.8581985235214233,0.5481810569763184,0.8567660078455883
196b971,0.8113604784011841,0.5553920269012451,0.8216322861963088
196b991,0.8200429081916809,0.5515548586845398,0.7979111800471106
197ba51,0.8434670567512512,0.5604782104492188,0.8347697893316474
197ba71,0.7970976829528809,0.534096896648407,0.8105987333160696
197ba91,0.7657185196876526,0.4721764624118805,0.7685192369171939
1985451,0.9292200803756714,0.674802839756012,0.8821103857307693
1989b51,0.9027529954910278,0.6391461491584778,0.89024590503125
198db71,0.791186511516571,0.49941959977149963,0.7783202419472657
19ad771,0.8168628811836243,0.5818921327590942,0.8035150848128019
19b2731,0.9082112312316895,0.609477698802948,0.8896601256762819
19b2771,0.8335461616516113,0.5844919085502625,0.8173343392913044
19b2791,0.8052819967269897,0.6383805274963379,0.7850289194667508
19b6f31,0.905135989189148,0.5923736691474915,0.8803004561302084
19b6f91,0.807440459728241,0.5024175643920898,0.8008538579923469
19b9771,0.8263070583343506,0.5754400491714478,0.8305351509307324
19bdd31,0.9410926699638367,0.7569796442985535,0.907642439607143
19be111,0.9363664388656616,0.7668097019195557,0.9294466426580882
19be171,0.8478162884712219,0.4840986728668213,0.851060159063253
19bfe91,0.793337881565094,0.49303144216537476,0.7767266936586538
19cf171,0.8338446617126465,0.5572473406791687,0.8314599677977272
19de91,0.8024129867553711,0.5585771203041077,0.8158536810822785
19ef031,0.9260988831520081,0.6317266225814819,0.8912569893258546
19ef051,0.8790118098258972,0.5476673245429993,0.8717735457601352
1a01251,0.8625267148017883,0.6066073775291443,0.8534036238621795
1a01631,0.8798713088035583,0.5738652348518372,0.8703132023419117
1a01651,0.8422070741653442,0.5346662402153015,0.8370316289154135
1a01691,0.7948839068412781,0.5011272430419922,0.7865248606458333
1a01791,0.7553156018257141,0.5837852358818054,0.7512905569570499
1a18d91,0.7545454502105713,0.5092025399208069,0.7709105104222874
1a1e571,0.8538261651992798,0.6097679138183594,0.8309764190534856
1a1e591,0.7750765085220337,0.5326374173164368,0.7729545539851399
1a2af51,0.880879282951355,0.6021117568016052,0.8787868494188597
1a2af71,0.8197645545005798,0.571345865726471,0.8284379665644531
1a2cd11,0.8709703683853149,0.6441309452056885,0.8696534482648026
1a2cd31,0.8463040590286255,0.5400678515434265,0.8424666148473557
1a2cd91,0.7868364453315735,0.5938729047775269,0.7667944150849421
1a2f671,0.8568887710571289,0.5201756358146667,0.851150222120283
1a2f691,0.7942006587982178,0.4747670292854309,0.7945690729892857
1a2ff91,0.8581268191337585,0.5183493494987488,0.8348394726196121
1a37b71,0.8854308724403381,0.5179938673973083,0.8718065426833334
1a37b91,0.8608314990997314,0.5220776200294495,0.8404985070340909
1a39571,0.8996317982673645,0.5885993838310242,0.8758292831843434
1a3e191,0.7986978888511658,0.5692943334579468,0.7961243172897727
1a45951,0.8766476511955261,0.5557615756988525,0.8666861414658931
1a45971,0.8274976015090942,0.5347766280174255,0.8313101519673386
1a46291,0.8402866125106812,0.6266543865203857,0.8013685359164746
1a46671,0.8230606913566589,0.5801816582679749,0.8020628931451613
1a46691,0.8173056244850159,0.5911512970924377,0.7903504831198879
1a50451,0.7924699187278748,0.5628291964530945,0.8009898621001245
1a50471,0.7909339666366577,0.567561686038971,0.776530851486384
1a50491,0.7659258842468262,0.5674054026603699,0.7648723278992063
1a52b91,0.8063984513282776,0.5835562944412231,0.8084965786955016
1a53d51,0.8808703422546387,0.5201187133789062,0.8764651477745328
1a53d71,0.879047155380249,0.5741392374038696,0.8635752100881148
1a53d91,0.875242292881012,0.5925264954566956,0.8463720564578489
1a55271,0.8278167843818665,0.5275686383247375,0.7946718186262756
1a55e31,0.8830440044403076,0.6963995695114136,0.8796339440659722
1a55e51,0.8362339735031128,0.5437157154083252,0.832260917798077
1a55e91,0.8224256038665771,0.620688796043396,0.8262853959857143
1a56871,0.8183234930038452,0.5476831197738647,0.8315436848791858
1a58491,0.8144729733467102,0.5098497867584229,0.792808307467226
1a58751,0.9073718190193176,0.6734746098518372,0.8930623170096154
1a58771,0.8801562190055847,0.6148711442947388,0.86858260001875
1a58791,0.8572072386741638,0.5796391367912292,0.8267772699155405
1a59371,0.8594099879264832,0.5435084104537964,0.8430036559947479
1a59391,0.8021259903907776,0.5255246162414551,0.7755527878369883
1a68531,0.9329350590705872,0.7029670476913452,0.8908975366507353
1a68551,0.8874152302742004,0.5433333516120911,0.8659348469680233
1a74051,0.8458412885665894,0.6345317959785461,0.8419993274141221
1a7f971,0.8380208015441895,0.5808505415916443,0.8287679990681819
1a7f991,0.8155914545059204,0.5319008231163025,0.7854464124064516
1a80e51,0.8536989688873291,0.6174450516700745,0.8349241954966518
1a80e71,0.8022192120552063,0.5569730401039124,0.7864572046908967
1a8a11,0.8099103569984436,0.5069578886032104,0.829627020987013
1a8d411,0.9059914350509644,0.7740918397903442,0.8990195489959016
1a8d431,0.879245936870575,0.6819213032722473,0.8790732479565218
1a8d451,0.864610493183136,0.5608109831809998,0.8599582364891304
1a93871,0.8305639624595642,0.5584861040115356,0.8236929203147866
1aa7591,0.7623351216316223,0.4761390686035156,0.777131783660473
1aacd51,0.8307187557220459,0.572011411190033,0.8333863595693941
1aacd71,0.8567313551902771,0.5544385313987732,0.8312546248494318
1aae291,0.8444620370864868,0.5481009483337402,0.8131108836503164
1aaeex11,0.9361367225646973,0.7070727944374084,0.9176884618044355
1aaeex51,0.8710977435112,0.5631513595581055,0.8419188672528846
1aaeex91,0.8288445472717285,0.5531305074691772,0.7923932285779639
1aaf171,0.8041666746139526,0.5112171769142151,0.8127525588416668
1aaf191,0.7776109576225281,0.5679291486740112,0.7580503835415364
1ab8d91,0.7851606607437134,0.5764971375465393,0.7713607234480933
1abd331,0.8998750448226929,0.6749037504196167,0.893514140275
1abd391,0.7675567865371704,0.5163771510124207,0.7655399934363636
1ac0c91,0.7833170890808105,0.49603715538978577,0.7871819991100261
1ac0f11,0.9490941762924194,0.7989734411239624,0.9312207290326088
1ac0f91,0.8657214641571045,0.5392156839370728,0.8300391236076389
1ac1a51,0.9483439922332764,0.744929850101471,0.9291203010408654
1ac4731,0.8766798973083496,0.5957822799682617,0.875124762625
1ac5671,0.8321954607963562,0.5380421876907349,0.8404702740638588
1ac5691,0.8030368089675903,0.4674443304538727,0.786523193408832
1ac63x91,0.8300750851631165,0.5820709466934204,0.85269185586293
1ace511,0.9028369188308716,0.6511528491973877,0.8938989336329788
1ace551,0.7823918461799622,0.4799056947231293,0.7912338037163462
1ace571,0.7990033030509949,0.5631178021430969,0.7879530611334876
1ace891,0.7867950797080994,0.5056092143058777,0.7701470609973565
1ace911,0.9576389193534851,0.7983333468437195,0.9068699405
1ad2b11,0.9090456366539001,0.6694827675819397,0.9007409856217949
1ad2b31,0.8804377317428589,0.5989651083946228,0.8742136363191965
1ad3b51,0.8471115827560425,0.5193836092948914,0.8332306204624542
1ad3b71,0.8015612363815308,0.4788215458393097,0.8052579160914285
1ad6671,0.8610532283782959,0.5978083610534668,0.8409923818350694
1adc051,0.8841471672058105,0.6412989497184753,0.8648279293574219
1aeb91,0.7641661167144775,0.47412121295928955,0.8130258604906712
1aee891,0.8249752521514893,0.580032467842102,0.8414651383467261
1af2fx71,0.8516742587089539,0.531332790851593,0.8431923159087952
1af5711,0.8624844551086426,0.6906676888465881,0.8684584376212686
1af5751,0.7815191149711609,0.6000350713729858,0.8208102329968749
1af8951,0.9194234013557434,0.7208492159843445,0.9065387790984849
1af8971,0.9199913144111633,0.6191474795341492,0.8938984772926829
1b01b11,0.924064576625824,0.7426241040229797,0.9034781558928571
1b01b31,0.8894886374473572,0.6778754591941833,0.8715579532386364
1b01b51,0.879917323589325,0.5618575811386108,0.8734316355808823
1b01b71,0.8627604246139526,0.5553153157234192,0.8455320233437501
1b0cb91,0.8050699830055237,0.5232999324798584,0.7913686339917507
1b13d91,0.7874700427055359,0.565122127532959,0.7810766933940373
1b15551,0.8625737428665161,0.5224674940109253,0.8633431623561948
1b15591,0.7612529397010803,0.5408303737640381,0.7922917121902708
1b1ba51,0.8842622637748718,0.5627859234809875,0.8691834161106687
1b1ba91,0.7994556427001953,0.4731704294681549,0.7843612506877572
1b341xxxxxxxxxxxxxxx31,0.8165364861488342,0.4989846348762512,0.8288163902079327
1b341xxxxxxxxxxxxxxx71,0.7692216634750366,0.5937701463699341,0.799009682236934
1b49e11,0.9109693765640259,0.6106638312339783,0.9046999236357144
1b49e51,0.8713847994804382,0.5200496315956116,0.8786122374548319
1b49e91,0.7767751812934875,0.46611231565475464,0.773107423399617
1b4f911,0.8888577222824097,0.6093944907188416,0.8647051691938202
1b4f971,0.8592067956924438,0.6295272707939148,0.827276886849379
1b4f991,0.800210177898407,0.5954327583312988,0.7791487565718201
1b51171,0.8767831325531006,0.64173424243927,0.8622741140201613
1b51191,0.8158438205718994,0.5519766807556152,0.8028469631689498
1b67711,0.9118197560310364,0.7220313549041748,0.905095491575893
1b67751,0.8777243494987488,0.6268476843833923,0.874569615522436
1b68051,0.858185350894928,0.5365915894508362,0.8587111571186079
1b68111,0.9215201139450073,0.7006073594093323,0.9180685736666666
1b68151,0.8732143044471741,0.5515615940093994,0.8650157630878379
1b68171,0.8489930629730225,0.5153971910476685,0.8486818191986111
1b68191,0.8119078874588013,0.5039674043655396,0.8226273019013158
1b6fc51,0.8982710242271423,0.5998337268829346,0.8852739550505951
1b6fc71,0.8757764101028442,0.5642264485359192,0.8662869618369565
1b6fc91,0.8349576592445374,0.5596622824668884,0.811335735657839
1b7bf11,0.9150870442390442,0.726615846157074,0.9007450812259615
1b7bf51,0.8595181703567505,0.6139845252037048,0.846709472552481
1b7bf71,0.8265784978866577,0.5616997480392456,0.814308871113497
1b7d611,0.921967625617981,0.721135675907135,0.9138234555613207
1b7d671,0.8582050204277039,0.49704083800315857,0.866414856115942
1b7fb31,0.8895960450172424,0.5918598771095276,0.8982426755792682
1b7fb51,0.8685749769210815,0.584159255027771,0.8726185678445377
1b7fb71,0.8492110967636108,0.5794592499732971,0.8489211636737132
1b7fb91,0.8414340019226074,0.5485877394676208,0.8321791206077127
1b91511,0.8808521032333374,0.6263671517372131,0.8694993990730338
1b91531,0.8378329277038574,0.6317455172538757,0.8247852798030821
1b91571,0.757483720779419,0.545861542224884,0.7585633784044118
1b91591,0.7631255984306335,0.49570420384407043,0.7559235707784737
1b98431,0.8701996803283691,0.6201238036155701,0.8572496978709677
1b98471,0.8344858288764954,0.5217821598052979,0.8229755047499999
1b98491,0.789930522441864,0.5011874437332153,0.7724758306104166
1b9b651,0.8739942312240601,0.5835323333740234,0.868253924643319
1b9b691,0.8187403678894043,0.533930242061615,0.8073812632017442
1ba191,0.7971954941749573,0.484828919172287,0.8047627650201923
1badc31,0.8731067180633545,0.6387953162193298,0.8900457873001825
1badc71,0.8588778376579285,0.5507370233535767,0.8500481424308154
1badc91,0.8094814419746399,0.5052688121795654,0.8148401830734042
1bb8d51,0.8464970588684082,0.5940815210342407,0.8398533711261061
1bb8d71,0.818710207939148,0.568321704864502,0.7983135967794586
1bb8d91,0.7828959226608276,0.5270416736602783,0.7796209035186464
1bf11,0.9244200587272644,0.5650343894958496,0.8968886607115385
1bf7671,0.8622269034385681,0.5802891254425049,0.8522783512416158
1bf7691,0.8452017307281494,0.5017459988594055,0.8224859691040723
1bfaa91,0.7942208051681519,0.5496050119400024,0.7762476989555289
1bfe511,0.9360119104385376,0.6353175044059753,0.8981283525357143
1c39f91,0.7230082154273987,0.5312521457672119,0.7521720917095313
1c4a811,0.9372638463973999,0.7263204455375671,0.9205801546111111
1c4a891,0.8208429217338562,0.6062396764755249,0.8053413132534404
1c4af31,0.9036905169487,0.6619563102722168,0.8913532547374999
1c4af71,0.8407832980155945,0.49230512976646423,0.8144370438949999
1c4e391,0.7740645408630371,0.5111814141273499,0.7780375075208932
1c54511,0.930555522441864,0.7405000329017639,0.9094223523833334
1c54531,0.9160370826721191,0.708060085773468,0.9012161374333333
1c600x71,0.8396516442298889,0.5529847741127014,0.827793319659836
1c68051,0.9005476832389832,0.5548657774925232,0.88512222306
1c68071,0.8389034867286682,0.5666815042495728,0.8194323851763159
1c6af51,0.8884408473968506,0.6128378510475159,0.8667819487741936
1c6f011,0.9329689145088196,0.738409161567688,0.9131808659591837
1c6f091,0.8202619552612305,0.550788938999176,0.795168040995
1c775x11,0.9184187054634094,0.7043906450271606,0.9115024768443396
1c7791,0.800091028213501,0.5188501477241516,0.8043019206992869
1cab711,0.9334429502487183,0.7462535500526428,0.9104513347730263
1cab731,0.9065713882446289,0.605231523513794,0.900023403755
1cab751,0.8631149530410767,0.5298941731452942,0.849109774063253
1cab791,0.7842394709587097,0.5099342465400696,0.7751745316930895
1cb5531,0.8952143788337708,0.6232228875160217,0.8713094075905797
1cb5551,0.8818323612213135,0.588147759437561,0.868147804033385
1cb5571,0.8492763042449951,0.5412298440933228,0.842744074325
1cb5591,0.8401687145233154,0.5569772124290466,0.8105124269850664
1cb6811,0.929111123085022,0.738703727722168,0.912510331975
1cb6831,0.9204612970352173,0.6295133233070374,0.915037154703125
1cb6851,0.9125396609306335,0.5575757622718811,0.9080937458690477
1cc2d11,0.923287034034729,0.7459399700164795,0.9128393855333333
1cc2d71,0.8214855194091797,0.5113255977630615,0.8432128537630434
1ccb971,0.8971288204193115,0.6406224370002747,0.8707940955147059
1ccb991,0.885664701461792,0.5813226699829102,0.8604760436309523
1cce651,0.8868531584739685,0.5387778282165527,0.8796716889556452
1cd5931,0.8790730834007263,0.5866698622703552,0.8741995020056179
1cd5991,0.8275662064552307,0.5217057466506958,0.8015289605000001
1cd7791,0.8662893176078796,0.6202643513679504,0.8257065358828503
1d05051,0.921603262424469,0.7325105667114258,0.8876390150525362
1d0ca91,0.8383522629737854,0.49291059374809265,0.8413636719579546
1d0cbx11,0.9288743138313293,0.7613469958305359,0.918700994504386
1d0cbx51,0.8776170611381531,0.5601579546928406,0.8652210207799587
1d0cbx71,0.8182598352432251,0.559306263923645,0.8111692057389707
1d0cbx91,0.8143355250358582,0.5635494589805603,0.792718739063004
1d0ed51,0.8463541269302368,0.5599882006645203,0.8553433072403169
1d0ed91,0.7870233058929443,0.5776807069778442,0.7888319776558442
1d25f71,0.8831501603126526,0.7326358556747437,0.8413246309931319
1d25f91,0.8491771817207336,0.688541829586029,0.8104482351932774
1d351,0.8500216603279114,0.5745149850845337,0.8740693368789062
1d371,0.8194365501403809,0.4936511814594269,0.8575356319403409
1d3f151,0.8794595003128052,0.558590829372406,0.8719920740749999
1d3f171,0.8689725995063782,0.5609281659126282,0.8443461086653227
1d3f5x11,0.9301767945289612,0.7007097601890564,0.919799157275
1d3f5x31,0.9079426527023315,0.6632607579231262,0.9083531940421874
1d3f5x51,0.8966605067253113,0.5534406900405884,0.8836981568137255
1d49011,0.9368131756782532,0.7320512533187866,0.9246219356730769
1d49031,0.9280611872673035,0.7567083835601807,0.9193534121785714
1d49051,0.9167245030403137,0.699652373790741,0.913015472388889
1d49071,0.8993750214576721,0.6312000155448914,0.89250379771
1d70911,0.9171075820922852,0.736530065536499,0.9115294860972222
1d70931,0.9023810029029846,0.6544701457023621,0.8985355194493243
1d70951,0.8757380843162537,0.6068491339683533,0.86671838075
1d70991,0.8115994334220886,0.5039598941802979,0.7868305910377603
1d74291,0.8081924319267273,0.5098048448562622,0.8114772107654495
1d7791,0.7566927671432495,0.47792956233024597,0.782236442333844
1d7c91,0.7801970839500427,0.49112027883529663,0.8054115832201086
1d9bcxx51,0.8948270082473755,0.5921711921691895,0.8873513920391949
1d9bcxx91,0.8546491265296936,0.566463053226471,0.8484071985197369
1de9851,0.881090521812439,0.5854775309562683,0.8559882055448896
1de9871,0.844631016254425,0.5089840888977051,0.8329898676954846
1df6891,0.8056674003601074,0.5584273934364319,0.7879823498968122
1e07d31,0.8822773694992065,0.5760902166366577,0.8691459317722602
1e08991,0.8282091617584229,0.6020922064781189,0.8410790028169192
1e0b511,0.9583333134651184,0.7799999713897705,0.9412428040833334
1e0d531,0.9160021543502808,0.6770788431167603,0.910524855512931
1e0d551,0.9090694189071655,0.5802628397941589,0.9004542699533332
1e0d591,0.826174259185791,0.5716878175735474,0.8297460314943181
1e0ef51,0.8769981265068054,0.5881693363189697,0.8659769532806605
1e0ef91,0.7823317050933838,0.5576167702674866,0.8102492179989638
1e19991,0.9067618250846863,0.5860529541969299,0.8757327936864223
1e1d71,0.8046538829803467,0.5381283164024353,0.8341523982076613
1e24c91,0.8188053369522095,0.5985963940620422,0.8140637673775666
1e4ea11,0.9361110925674438,0.7671111226081848,0.9197586124166667
1e94191,0.7353699207305908,0.4990796148777008,0.7424942804323235
1e9d8xxx91,0.8086761832237244,0.545544445514679,0.7977807935806962
1ea1exxxx51,0.8855158686637878,0.6275798082351685,0.8762859838687499
1ea3c51,0.878079354763031,0.6497387290000916,0.8838924179433333
1ea8cxxxxx71,0.8202658295631409,0.5793696641921997,0.8078864051124552
1eb8251,0.8311790227890015,0.5820296406745911,0.8262805677320076
1ec971,0.8287554979324341,0.5176252126693726,0.8455746299407894
1ed01x31,0.9382765293121338,0.6516227722167969,0.9219935297931818
1ed01x71,0.8999887108802795,0.5851762294769287,0.8789231713380952
1ed01x91,0.8764055371284485,0.6037389039993286,0.8470484449263699
1ed171,0.8047782778739929,0.5513642430305481,0.8071427449850918
1ed191,0.7195929288864136,0.4792286455631256,0.7774969583493275
1ed491,0.7478070259094238,0.45893698930740356,0.7792774270960527
1edfc71,0.8613119721412659,0.586976945400238,0.8528696419245868
1ee2551,0.8788483738899231,0.6119047403335571,0.8960180688124999
1ee2571,0.8770337700843811,0.6027251482009888,0.8885102083690477
1ee2931,0.9154902100563049,0.6864684820175171,0.910433427907353
1ee2991,0.8307368755340576,0.6043255925178528,0.8078169991816502
1ef691,0.7858877182006836,0.5166666507720947,0.819506828210655
1f07451,0.8749393224716187,0.600545346736908,0.8656191671893204
1f07471,0.8600221276283264,0.556567907333374,0.8377832373607954
1f07491,0.8031523823738098,0.5459787845611572,0.7821156280157894
1f0d51,0.8873774409294128,0.6245548725128174,0.8889032190275735
1f0d71,0.8269633054733276,0.5700658559799194,0.834833727683883
1f0d91,0.7995083332061768,0.5109934210777283,0.81413418614
1f1ffxx91,0.8189626932144165,0.523638904094696,0.8088438689657772
1f273xxxx11,0.8976240754127502,0.6326351165771484,0.8813008348623597
1f273xxxx31,0.8825327157974243,0.6340702176094055,0.8694127612778925
1f273xxxx51,0.8430432081222534,0.5151233673095703,0.8379225160126489
1f273xxxx71,0.7728772759437561,0.5478183627128601,0.7684057130015756
1f28471,0.8615049719810486,0.5727682113647461,0.8539165090690298
1f28491,0.8297892808914185,0.5683877468109131,0.8146971549712644
1f334xxx71,0.8833532929420471,0.556363046169281,0.8624921541751592
1f334xxx91,0.8744769096374512,0.6376888155937195,0.8339142236856061
1f6b1xxxxxxxx91,0.7495402693748474,0.47026410698890686,0.7566575217408038
1f74711,0.9223251342773438,0.651377260684967,0.8999232862361111
1f74751,0.8720597624778748,0.49536755681037903,0.851657245078629
1f74771,0.8572136163711548,0.5801463723182678,0.817551562271875
1f75d11,0.9148459434509277,0.7295588254928589,0.9118485564485295
1f75d51,0.8768150210380554,0.6379867196083069,0.8908660012367424
1f75d71,0.8469995260238647,0.5648682117462158,0.8644479390063776
1f75d91,0.8357045650482178,0.5217481255531311,0.8413282695772357
1f7cc91,0.7770848870277405,0.5273781418800354,0.8284211435804771
1f94c71,0.8183227181434631,0.5377657413482666,0.8191997482982523
1f9d251,0.8695195317268372,0.6287077069282532,0.8641147960563064
1f9d271,0.834222137928009,0.6507367491722107,0.8226728905
1f9f6x11,0.9141098260879517,0.7052351236343384,0.8973597565681818
1f9f6x31,0.8825940489768982,0.5675033926963806,0.871165262358871
1f9f6x71,0.7934461832046509,0.5211256146430969,0.8000636129458333
1fa2111,0.9301599264144897,0.7311963438987732,0.9117817832122094
1fa2151,0.8771888613700867,0.49504634737968445,0.8600771150791139
1fa2171,0.8236531615257263,0.5450218319892883,0.8182345941691919
1fb19xxxxx51,0.8990451097488403,0.578528106212616,0.8757760847795139
1fb19xxxxx71,0.8600560426712036,0.5230582356452942,0.8424591260396634
1fb19xxxxx91,0.81354820728302,0.5387611389160156,0.7987623723985849
1fb3a31,0.8859741687774658,0.6205292344093323,0.8704697139313381
1fb3a71,0.8446779847145081,0.6344151496887207,0.8184103636556818
1fb3a91,0.8586981892585754,0.5846948027610779,0.8213370508299493
1fb9491,0.7763651609420776,0.5192574262619019,0.7652911225698359
1fb9c11,0.9123511910438538,0.6383798718452454,0.8998479039785156
1fb9c71,0.8320375680923462,0.5571298599243164,0.8145328148877551
1fb9c91,0.7578125,0.5372548699378967,0.7747632899175532
1fc8551,0.8901774287223816,0.5658836364746094,0.863247581932229
1fc8591,0.7973595857620239,0.503903865814209,0.785598490691845
1fc8c31,0.8802261352539062,0.5652013421058655,0.8640867133870739
1fc8c91,0.7816271185874939,0.4728841185569763,0.7790658297383729
1fccd11,0.9328472018241882,0.7363408803939819,0.91813515316875
1fccd31,0.9291051030158997,0.6027958989143372,0.9222772653275861
1fccd51,0.8987755179405212,0.5532079339027405,0.8968046430714285
1fd0791,0.8051561713218689,0.5094423294067383,0.8033083291987152
1fdfaxx71,0.7351392507553101,0.48680078983306885,0.742041262804917
1feabxxx71,0.8238452672958374,0.5634289383888245,0.8264205751642442
1feabxxx91,0.794405460357666,0.5835551023483276,0.7789984087953411
1fec11,0.9285353422164917,0.7915151715278625,0.90732042825
1fec31,0.9230324625968933,0.7530093193054199,0.9106441011944444
1fec51,0.8796262145042419,0.6523107290267944,0.8740556617058823
1ff011,0.9443672895431519,0.7526071071624756,0.9220788495416667
1ff051,0.8979910612106323,0.6373560428619385,0.8828644305773808
1ff071,0.8704484105110168,0.5975973606109619,0.8686558286929348
1ff94xxxxx31,0.8473199605941772,0.5238289833068848,0.8391008042912621
1ff94xxxxx51,0.828076183795929,0.5755863785743713,0.8217728598330079
1ff94xxxxx71,0.8030387759208679,0.5890894532203674,0.7989297206098727
1ffad11,0.9280772805213928,0.7237156629562378,0.9123587055872642
1ffad51,0.9126364588737488,0.6765919327735901,0.8843837354806547
1ffad71,0.8795868754386902,0.5174170732498169,0.8741799751213236
1ffad91,0.8739997148513794,0.5791715383529663,0.8486746346240079
1ffb611,0.9301624298095703,0.6530460119247437,0.9155096593183961
1ffb691,0.8328030705451965,0.5592225790023804,0.8253626418329545
200dcxx71,0.8743902444839478,0.7342635989189148,0.8489897345533537
200dcxx91,0.812652587890625,0.6442514061927795,0.8035351870415492
201e431,0.912014901638031,0.6679858565330505,0.8963050848356163
201e491,0.7396519184112549,0.5497922301292419,0.7482394268374485
202d9xxx91,0.8142335414886475,0.5310453772544861,0.7920662692919777
2035971,0.8764981031417847,0.5334749221801758,0.8528868422162922
2035991,0.8205039501190186,0.5303101539611816,0.7924559347521368
20402x51,0.9225274920463562,0.7115623950958252,0.8893484664673077
20402x71,0.8786932229995728,0.6110261678695679,0.8563552999275569
206b211,0.9304355382919312,0.7052649855613708,0.913449625175926
20ad7x91,0.7758145332336426,0.630450963973999,0.7650032334281015
20d0bx11,0.8937980532646179,0.5827890038490295,0.8746844135557692
20d0bx51,0.7940138578414917,0.5640838146209717,0.78888815775
20d0bx71,0.7893591523170471,0.5489475131034851,0.7756622562476265
20d0bx91,0.7766571640968323,0.5245311856269836,0.770239182534091
20d7611,0.9271234273910522,0.6772873401641846,0.9005614779879808
20d7631,0.9048610925674438,0.6315364241600037,0.886375864905303
20d7651,0.8643772602081299,0.5795026421546936,0.8568012341675825
20d7671,0.8408054709434509,0.5876477956771851,0.823638846734252
20db5xxxx11,0.9108974933624268,0.5126763582229614,0.8914525948301283
20db5xxxx31,0.8681548237800598,0.5170111656188965,0.8556849119553572
20db5xxxx51,0.813636839389801,0.44571274518966675,0.7961639347631279
20db5xxxx71,0.8261125087738037,0.6063527464866638,0.805212583271
20f6391,0.7889866828918457,0.6009666323661804,0.7902932441860328
20fdbxxxxxxx31,0.9384639263153076,0.6315658092498779,0.9181709859029851
20fdbxxxxxxx51,0.9007389545440674,0.5650867819786072,0.8757409341271367
20fdbxxxxxxx91,0.8420246243476868,0.5334447026252747,0.8184136731618943
212091,0.7848376631736755,0.48096972703933716,0.8221683180099161
21705xxxxx71,0.8120511174201965,0.5228139758110046,0.7898101156968232
2171ex91,0.8048092126846313,0.560812771320343,0.8102511762110928
2185bxxxx11,0.9280670285224915,0.6452950239181519,0.9072179976545781
2185bxxxx31,0.9230560660362244,0.6875343918800354,0.8890401525015823
2185bxxxx71,0.8524467349052429,0.5407251119613647,0.8437650002170543
21c09x91,0.7726165652275085,0.6043940782546997,0.7864968407112771
21d1191,0.8395833373069763,0.5465865731239319,0.8459646811473214
221caxxxx51,0.8896259069442749,0.6464412212371826,0.9007038493293651
221e651,0.8445118069648743,0.537222146987915,0.8363321859365671
221e671,0.8164372444152832,0.4775257706642151,0.816607417220815
221e691,0.8178884387016296,0.49313995242118835,0.7838734227376544
224f3xx71,0.8305240273475647,0.5470737814903259,0.8728863447083333
22584x51,0.8759932518005371,0.6407191157341003,0.8855332044447675
226e7xx91,0.8236812353134155,0.5861914157867432,0.7978769274273398
2289d71,0.8379899263381958,0.5422711372375488,0.8626755815542035
22971x71,0.8211063146591187,0.5455453395843506,0.8163630101793103
22a1691,0.879956066608429,0.585476279258728,0.8493489687943262
2326b51,0.8766822218894958,0.547896683216095,0.8692120530778985
23596xxx31,0.8597656488418579,0.5993098616600037,0.8453505313479167
23596xxx51,0.8480635285377502,0.6425511837005615,0.8174816744615385
23596xxx71,0.823830246925354,0.5670346021652222,0.7991554348449198
23596xxx91,0.7794759273529053,0.544633686542511,0.7479563211497395
23893x91,0.7525268197059631,0.5151382088661194,0.799397982676319
23a2c31,0.905182957649231,0.6785744428634644,0.8930431806874999
23a2c51,0.8713972568511963,0.599212646484375,0.8697151903739035
23a2c71,0.7974479794502258,0.5777777433395386,0.8166463537447605
23bb791,0.7130888104438782,0.5164381861686707,0.7496314280032609
23f2e11,0.9245783686637878,0.716065526008606,0.9211962445026042
23f2e71,0.8558872938156128,0.5284315943717957,0.860075780361328
23f7bxx71,0.8364843130111694,0.5765279531478882,0.821070740603125
2433e51,0.8795909881591797,0.6416731476783752,0.8895927500216049
2433e71,0.8903669118881226,0.5928098559379578,0.8676337232706421
2433e91,0.8506690263748169,0.6275733709335327,0.8410304524939024
243d71,0.9021354913711548,0.6104134321212769,0.8942502157906249
243e5xx11,0.9287909865379333,0.698053777217865,0.9138724282192623
243e5xx51,0.8440572619438171,0.5838768482208252,0.8319079208597122
243e5xx71,0.797894299030304,0.5664143562316895,0.7989590843743279
243f51,0.924791693687439,0.6495833396911621,0.9103684723125
243f71,0.8622908592224121,0.5206785202026367,0.8650852252533784
243f91,0.8302302956581116,0.5452913641929626,0.8088944076557377
244151,0.8926100730895996,0.617296576499939,0.8942225387146225
244171,0.7915135025978088,0.45249128341674805,0.8299086895790441
2450491,0.8971407413482666,0.6122450828552246,0.8491049603105868
246c9xxxx71,0.8385241627693176,0.5731395483016968,0.8360524845766806
246d951,0.8714594841003418,0.5715282559394836,0.8711035988814936
246d971,0.8336014747619629,0.5646960735321045,0.8356011514628713
24ae3x91,0.7672663927078247,0.5409418940544128,0.7659294913066208
24c2291,0.7663500905036926,0.6044617891311646,0.7778326229080882
24d40x11,0.9190789461135864,0.7226322293281555,0.9165063254714912
24d40x31,0.9083191752433777,0.5446277260780334,0.8939412928080358
24ec91,0.8097769021987915,0.5162671208381653,0.8302007589734253
24f9dxxxx51,0.8604958653450012,0.6017389297485352,0.8817184536089449
2522f51,0.8439857363700867,0.5245570540428162,0.8639331348562692
253a171,0.9192640781402588,0.6557875275611877,0.8899391203806817
253a191,0.876690685749054,0.5975039601325989,0.8648900919432774
2553271,0.9208074808120728,0.6355910301208496,0.9019656839836956
255fbxx71,0.860225260257721,0.5535242557525635,0.858442124532629
255fbxx91,0.8476547598838806,0.5306252241134644,0.8321070190407143
25651,0.8761381506919861,0.6122459769248962,0.9013452193518519
25671,0.8134287595748901,0.5579250454902649,0.8764407580060241
25737xx91,0.7151975035667419,0.5049916505813599,0.7663418165010016
2574791,0.807020902633667,0.653203547000885,0.789652038885
2576dxxxxx51,0.8829649090766907,0.5663750171661377,0.8660586556432927
2576dxxxxx91,0.7834914326667786,0.49155884981155396,0.775070661312931
25922xxx51,0.8669707775115967,0.5343421101570129,0.8626552312173913
25987xxx51,0.8672401905059814,0.4294082224369049,0.8928368969749103
25987xxx71,0.8080970644950867,0.5132211446762085,0.881349982875858
25987xxx91,0.8385308384895325,0.493760883808136,0.8796333005280665
25b7d91,0.8668445944786072,0.5501592755317688,0.8578453172437722
25e40xxxx51,0.9445155262947083,0.7049140930175781,0.9130017774427711
25e40xxxx71,0.8940848112106323,0.6004751920700073,0.8730480547868303
26070x91,0.7934974431991577,0.6535477638244629,0.789879156445707
2622dxx91,0.8714370727539062,0.5526096820831299,0.8492921639034091
2639991,0.8032706379890442,0.6056499481201172,0.788448755611111
26503xx91,0.8643631339073181,0.5865496397018433,0.8452728115030488
267fc91,0.8204942941665649,0.524556040763855,0.8110762030925633
268371,0.7973061800003052,0.5094916820526123,0.8395755910826265
268391,0.8196904063224792,0.5093240141868591,0.8253070332437863
268a7x71,0.871721625328064,0.5237833261489868,0.8735754279379846
269311,0.9079762101173401,0.7310481667518616,0.915985850875
269331,0.8803288340568542,0.6477899551391602,0.8981760307738095
269351,0.8749150037765503,0.5641523599624634,0.8851947787410714
269371,0.840666651725769,0.49636396765708923,0.86463879421
2698d51,0.9131280183792114,0.5457010865211487,0.9060910071502294
2698d71,0.879653811454773,0.5128285884857178,0.8674601457727621
26af7xxx31,0.9313676953315735,0.6629089713096619,0.9126671374418605
26c74xx11,0.9131377935409546,0.6154792904853821,0.8971893021045919
26c74xx91,0.8111947178840637,0.5394508242607117,0.7890671273996913
26d75x71,0.8132817149162292,0.525039553642273,0.8470367135175703
26e4e11,0.8956618309020996,0.6176057457923889,0.9064975477489712
26e4e31,0.9027504324913025,0.5897747874259949,0.8871407028275862
26e4e71,0.8117303848266602,0.48946747183799744,0.8394469038480437
26e4e91,0.7930222749710083,0.503118097782135,0.8065964695802469
26ecd91,0.8385673761367798,0.5939818620681763,0.8356905340756173
270e0xxx31,0.9455088376998901,0.6555739045143127,0.9180656237950819
270e0xxx51,0.8958522081375122,0.5707710981369019,0.8784973009750001
2713cx31,0.9627506732940674,0.8078070282936096,0.9373590118684211
2713cx91,0.8787270784378052,0.592300295829773,0.8535191904139908
273bf91,0.8532007336616516,0.5923947691917419,0.8556033243068182
2750991,0.8497024178504944,0.617712676525116,0.868407511709375
275171,0.859431803226471,0.552601158618927,0.8665025606636364
275e311,0.9223652482032776,0.6545354723930359,0.9140917020465686
275e371,0.8639927506446838,0.5247735977172852,0.8624659452883858
275e391,0.845650315284729,0.5470053553581238,0.8345788379451013
2767cx31,0.8967171311378479,0.7876154184341431,0.9098708663342803
2767cx51,0.8643770217895508,0.6651071310043335,0.8912893597452995
27767xxx91,0.802890419960022,0.5504396557807922,0.8103326115326576
2777cx71,0.8314911723136902,0.5444751977920532,0.835207212529197
2777cx91,0.7806350588798523,0.5143945813179016,0.7953201288403998
277b791,0.8439252972602844,0.622562825679779,0.809392911460396
2798axxxx91,0.8010491728782654,0.5437469482421875,0.8016219497140288
27aa391,0.7694123983383179,0.5487843751907349,0.7953206968392716
27bac91,0.7583736777305603,0.5207236409187317,0.8180069393788759
27be6xxx51,0.8945832848548889,0.5961095690727234,0.8706237146541665
27be6xxx91,0.8123064041137695,0.5443527102470398,0.7947724968277244
27c61xx91,0.7223433256149292,0.5433554649353027,0.7683934864249478
27db491,0.8173050880432129,0.6078149676322937,0.795997110343318
27e37xx51,0.8315246105194092,0.561305582523346,0.8361067946414729
27e38x31,0.8876200318336487,0.6834489107131958,0.9030235716296297
27e38x51,0.8797258734703064,0.5682579874992371,0.8851576188737373
27e38x91,0.8309764862060547,0.4990176260471344,0.8332389713593074
280091,0.7865532040596008,0.523167610168457,0.8079642750475456
2804axx31,0.9214658141136169,0.7568643093109131,0.922820715486328
2804axx51,0.8960214257240295,0.6665890216827393,0.9031953949270835
2805291,0.905796229839325,0.5367977619171143,0.876554026058548
2812fxx11,0.9133847951889038,0.7442192435264587,0.9264095107094595
281c5xx51,0.8795535564422607,0.6323965191841125,0.883216862375
281c5xx91,0.7618950605392456,0.566692054271698,0.8077435693274441
28271,0.8073559999465942,0.5217137336730957,0.8258556585493827
28328x51,0.8302265405654907,0.5169873237609863,0.8230421179124565
28328x71,0.8017905950546265,0.5619345903396606,0.7945543718259804
28437xxxx51,0.8789966106414795,0.5880473852157593,0.8562591043380101
28437xxxx91,0.8101946711540222,0.5786153674125671,0.7776041107363388
28440x91,0.8580954074859619,0.6650052070617676,0.8355633016071898
2847d91,0.8362531065940857,0.5017086267471313,0.8370908780601003
284de91,0.875634491443634,0.6117101907730103,0.8708037229988637
285e8x31,0.9120059013366699,0.6083356142044067,0.9031726743782053
287171,0.8554025292396545,0.5747682452201843,0.847306829756356
28ada91,0.7913267016410828,0.5488680601119995,0.8074080601536457
28ce9xx71,0.7604151368141174,0.5649568438529968,0.8375527704942329
28ce9xx91,0.7812873125076294,0.599910318851471,0.8281426671207568
28ceaxxxx71,0.8578323125839233,0.6212508082389832,0.862387081392405
28d74xxxxxx51,0.8385937809944153,0.5412054657936096,0.81652557870625
28d74xxxxxx71,0.7857174873352051,0.5464093685150146,0.7723208057045454
28dabxxx91,0.7628265619277954,0.5841036438941956,0.7744249432322251
28ec5xx71,0.8790122866630554,0.5451568365097046,0.8726441636728395
290c991,0.6805381178855896,0.5862138271331787,0.7291295481467915
2934171,0.8485188484191895,0.5487204194068909,0.8595492671384946
2934191,0.8179270029067993,0.5247024297714233,0.8348693522719299
2937c91,0.8356178998947144,0.5669153928756714,0.8237839824125791
2943271,0.8507978916168213,0.5502564907073975,0.8366163195452128
2946431,0.9235317707061768,0.594593346118927,0.9237382501208333
2946451,0.8838459253311157,0.6268994212150574,0.8804436704345238
2951cx71,0.8261063098907471,0.5025209188461304,0.845819555837931
29715xxx31,0.9346814155578613,0.6381514668464661,0.9222568580514706
29715xxx51,0.918830156326294,0.5794212222099304,0.8895118001538461
29715xxx71,0.8926267027854919,0.5543503165245056,0.8637674578467742
2971bxx71,0.8223103880882263,0.5538909435272217,0.8663503870328164
297f191,0.8319568037986755,0.5633718371391296,0.8127177095433674
298c671,0.8458829522132874,0.66912841796875,0.8845541272777778
2990axx91,0.7598544359207153,0.5250063538551331,0.8075610303996859
299e371,0.8606122136116028,0.5304139256477356,0.8776753507869047
299e391,0.8363690376281738,0.5608653426170349,0.8484930516309346
29a1091,0.8771227598190308,0.6192288398742676,0.8716910469759036
29ad5x91,0.8011385798454285,0.530393123626709,0.8019615819534883
29c8b51,0.8226378560066223,0.5901267528533936,0.8238195238425197
29d10x91,0.7722842693328857,0.5216867327690125,0.7894344971979166
29d14x91,0.7643484473228455,0.46112850308418274,0.8153284048670881
29d32xxxxx11,0.9172431230545044,0.6857836842536926,0.8996997848342104
29d32xxxxx31,0.883846640586853,0.5695343017578125,0.8701904934990943
29d32xxxxx71,0.7948470115661621,0.4936712384223938,0.790552548214469
29d32xxxxx91,0.8148447275161743,0.6189035773277283,0.7928242548422509
29d68xxxx71,0.8007192611694336,0.5966647267341614,0.8064199445982142
29ef2xxxxx11,0.927804708480835,0.7158182263374329,0.9098502968411017
29ef2xxxxx31,0.9109860062599182,0.5294837355613708,0.8909120254680233
29ef2xxxxx51,0.9013588428497314,0.5881841778755188,0.8815343510858586
29ef2xxxxx71,0.8815722465515137,0.5600772500038147,0.8595467009901079
29ef2xxxxx91,0.8582484126091003,0.5381062030792236,0.834397600683424
2a01e51,0.9105937480926514,0.5863741636276245,0.89861514814875
2a01e91,0.8485178351402283,0.5622285604476929,0.8345265901104381
2a10691,0.7482960224151611,0.5290371179580688,0.7834797847983339
2a45a71,0.7921499609947205,0.5667657852172852,0.8265023686130244
2a45a91,0.7701370120048523,0.5731149911880493,0.7870627533515852
2a4d9xx71,0.8745452165603638,0.6505820155143738,0.8772423414260563
2a57111,0.9659721851348877,0.7949073910713196,0.9404918550416667
2a57131,0.9245833158493042,0.7316666841506958,0.910514119275
2a57151,0.9079365730285645,0.7067129611968994,0.9038329857083334
2a57191,0.8284391164779663,0.6001554131507874,0.8539788176527778
2a75e91,0.8141328692436218,0.5761128067970276,0.7932229575371621
2abeax91,0.8054322600364685,0.5477690696716309,0.8130578063855141
2ad5411,0.9194217324256897,0.5662232637405396,0.9153300551714285
2ad5431,0.90634685754776,0.549950897693634,0.896825262485465
2ad5471,0.8614894151687622,0.5442323684692383,0.865270638858209
2ad5491,0.8749331831932068,0.5349602103233337,0.8483741141987179
2b2b891,0.6745267510414124,0.5224277377128601,0.7526935700247027
2b3db71,0.7952205538749695,0.6128413081169128,0.8044351056943277
2b3db91,0.775060772895813,0.5731051564216614,0.7924430644885416
2b411,0.8516156673431396,0.6406455039978027,0.8611788132321428
2b431,0.9072023630142212,0.6838035583496094,0.90798584670625
2b43ax91,0.7330847382545471,0.5404214262962341,0.7689633158641449
2b451,0.8598484992980957,0.5722516775131226,0.8851585370037878
2b4cf71,0.853753924369812,0.5430979132652283,0.860695168435219
2b4cf91,0.8265116810798645,0.6110185980796814,0.8383998103894816
2b4f2xxxxxxx51,0.8479423522949219,0.5378807187080383,0.8022766288294522
2b4f2xxxxxxx91,0.7242218255996704,0.5157589316368103,0.7140653920497255
2b56591,0.8269990086555481,0.5559383630752563,0.8281680784390337
2b57151,0.8671155571937561,0.5976741909980774,0.8489834784897541
2b57171,0.8265740871429443,0.5685794949531555,0.8279248631336805
2b57191,0.8093878626823425,0.5687236785888672,0.7950337677314815
2b62951,0.9088630080223083,0.6994578242301941,0.9175227894237289
2b824x91,0.8839972615242004,0.5670595765113831,0.8603882069258242
2b846x91,0.761725902557373,0.4667747914791107,0.7901072223959249
2b85fxx51,0.851726233959198,0.588844358921051,0.8487208922607142
2b9a8xx91,0.7721886038780212,0.5773298144340515,0.7870120562707655
2ba9771,0.7985048890113831,0.5619332790374756,0.8285123115191175
2bf61xx11,0.8987168073654175,0.736386775970459,0.9080956747904192
2bf61xx31,0.8880888819694519,0.6333333253860474,0.895043821989276
2bf61xx91,0.8560987710952759,0.5745751261711121,0.8621368940665322
2c2acx71,0.8557474613189697,0.6249167919158936,0.8562471292018443
2c2f991,0.7215766906738281,0.5240960121154785,0.7577753006435625
2c5b9xxx51,0.8648673892021179,0.5984668731689453,0.8878723740454545
2c5b9xxx71,0.8655776381492615,0.46666669845581055,0.8734358955719698
2c67351,0.8469361066818237,0.4813777804374695,0.8676528953226744
2c67371,0.7984722256660461,0.5096446871757507,0.8182372266925
2c7b1xxxxxx71,0.8301330804824829,0.6140566468238831,0.7939986823316176
2c7ffxxx91,0.7139428853988647,0.5167957544326782,0.7599911954622143
2c803x91,0.6415649652481079,0.45913001894950867,0.7152723864426934
2c89dx91,0.7627862691879272,0.6170386075973511,0.7787378844900075
2c9bfxx91,0.7621115446090698,0.5718835592269897,0.7810948980135135
2c9d791,0.8943884372711182,0.5820304155349731,0.8842521383481182
2c9e4x51,0.8066868185997009,0.5351317524909973,0.8368904410935483
2cda4xx91,0.7481309175491333,0.4583115577697754,0.7789430487425967
2cde3xxx91,0.7258766889572144,0.5766644477844238,0.7815995276955712
2ceacxxxxx91,0.7577420473098755,0.5266925692558289,0.7737257808049287
2cfef71,0.8621646761894226,0.607318639755249,0.8524850343553082
2d1e531,0.8886975049972534,0.6130456328392029,0.8876247389308825
2d20571,0.8666666746139526,0.6167094111442566,0.8745105418066157
2d20591,0.774823009967804,0.460401713848114,0.7923860912173203
2d52611,0.925977885723114,0.7498504519462585,0.9298443546875
2d52631,0.9052082896232605,0.7150207757949829,0.9204712852109375
2d52671,0.8853983879089355,0.5536370277404785,0.8855411895263158
2d5bdxxxxxxx91,0.706546425819397,0.46562668681144714,0.7751268459888483
2d64axx91,0.745659351348877,0.5647286772727966,0.7645709243660479
2d6ccx91,0.7053766846656799,0.512552797794342,0.7663742450042783
2d7f5xx91,0.7532286047935486,0.4799064099788666,0.7702621481614135
2da0fxx91,0.7693340182304382,0.5039183497428894,0.7789063338819238
2dcabxx91,0.757239043712616,0.5304545164108276,0.7670714002324185
2dd631,0.9091382622718811,0.7150276899337769,0.8925597269886364
2dd671,0.8306072950363159,0.5610799193382263,0.8404644611501938
2e16b91,0.7663314938545227,0.5444148778915405,0.7981770157474275
2e3fcxxxx91,0.7449102997779846,0.5587114691734314,0.7782463398710443
2e409x11,0.8746693134307861,0.658320426940918,0.8840139011689815
2e409x31,0.8519922494888306,0.6125921010971069,0.8705745094312499
2e409x51,0.8182487487792969,0.5906776189804077,0.8392296388468045
2e409x91,0.7855513691902161,0.5412333011627197,0.7899750865901741
2e44c11,0.9041774868965149,0.6440470814704895,0.9136483933522728
2e44c31,0.8902161717414856,0.6576528549194336,0.8913311156839081
2e453xx91,0.722844660282135,0.45742103457450867,0.7415726524907117
2e9aa91,0.8627916574478149,0.5672439932823181,0.8539425743783333
2ea6771,0.8067939877510071,0.5688015222549438,0.8570605918383621
2ea6791,0.7819568514823914,0.5079563856124878,0.8215140290664061
2ee3bxxxxxx51,0.8555349707603455,0.5615811347961426,0.8550147265720339
2ee3bxxxxxx91,0.7056827545166016,0.48084208369255066,0.7183056889447722
2ee3dx51,0.8551800847053528,0.6908558011054993,0.9022621054660421
2ee3dx91,0.7912247180938721,0.5302785634994507,0.8330591509109754
2ee85xx71,0.8530513048171997,0.6452157497406006,0.873444623053066
2ee85xx91,0.7215872406959534,0.48533353209495544,0.77778331633291
2f14ax51,0.8742342591285706,0.6306621432304382,0.8873956503412163
2f15ax91,0.8018386363983154,0.5280731916427612,0.8301516930826504
2f1e5xx71,0.875979483127594,0.57413250207901,0.8688268375783582
2f46291,0.7834286689758301,0.5332229137420654,0.7822519218292484
2f9491,0.8242788314819336,0.5458889603614807,0.8381042570112179
2f9b2xxxx91,0.8462139368057251,0.5582566261291504,0.8257371064467213
2fa03xxxx71,0.8327851891517639,0.5471562147140503,0.8217010754280576
304bexxxx71,0.8790570497512817,0.6841409802436829,0.8829357671118421
30735xxxxx51,0.8617208003997803,0.5510589480400085,0.8555834868129921
30735xxxxx91,0.8205893635749817,0.48418331146240234,0.816374542318038
30b3991,0.8360046744346619,0.5537354350090027,0.8270518404858871
30c0a71,0.871644139289856,0.6369834542274475,0.880651687772973
30c0a91,0.7971305251121521,0.5144417881965637,0.8142441089316038
3116exxxx91,0.7910467982292175,0.5031679272651672,0.8003658779332822
3180bxx51,0.8431811928749084,0.5918758511543274,0.8642530228940568
31cb1x11,0.9113184213638306,0.7415767908096313,0.9157036869054727
31cb1x51,0.8890570402145386,0.5720792412757874,0.8912576884236841
31cb1x91,0.8406185507774353,0.4782505929470062,0.835289648889182
31d13xxxxxxx51,0.8589593172073364,0.5082051753997803,0.8278720561784038
31fbd91,0.7532728314399719,0.5182344317436218,0.761862982855936
3232c91,0.7572380900382996,0.4899860918521881,0.7959748782795619
325e5xx71,0.8640588521957397,0.5716553926467896,0.8689600307272727
32604xxx71,0.8008134961128235,0.5344842672348022,0.812600511889045
32604xxx91,0.7311601042747498,0.46927639842033386,0.7626572862386543
3269331,0.8986863493919373,0.6081137657165527,0.9143174794359605
3269371,0.879262387752533,0.5879402160644531,0.8700772901883614
32788x71,0.8820105791091919,0.5952532291412354,0.8599462657170139
327f7x91,0.7628943920135498,0.4870661497116089,0.78502182081893
32c29xxx51,0.8967868685722351,0.5661703944206238,0.8826849870716019
32cd991,0.8703703880310059,0.5268378257751465,0.8699115465104167
32db1xx91,0.7924147248268127,0.6068137884140015,0.8211719038213087
32e4cxx51,0.8903555870056152,0.7175180315971375,0.8991506089310345
32eb5xxxx71,0.869824230670929,0.5660906434059143,0.8681009671386719
33219xx71,0.9105838537216187,0.6778128147125244,0.9159364109383561
33219xx91,0.8161755204200745,0.5388442277908325,0.831395775675813
33514xxx91,0.7398574352264404,0.5153255462646484,0.7891522091093344
3354bx51,0.8915770649909973,0.5929043889045715,0.9085741954283154
33698xx71,0.8246398568153381,0.5722812414169312,0.8312315516466101
3377e91,0.7525148391723633,0.5259492993354797,0.7742536567234376
338f8xx91,0.7530091404914856,0.5638840794563293,0.7729982518920313
33aa2xxx71,0.8218750357627869,0.5277447700500488,0.8176429416521226
33b46xx91,0.8730587363243103,0.6231520175933838,0.8662126996799242
33bd7xxxx11,0.9628986120223999,0.8252415060997009,0.9418865309402173
33bd7xxxx31,0.9483894109725952,0.7703101634979248,0.9374374387647059
33bd7xxxx91,0.7983695864677429,0.47622373700141907,0.8017433987532608
33ce6xx31,0.8384259343147278,0.5857071280479431,0.8515423317258064
33ce6xx71,0.761412501335144,0.5232412815093994,0.7974407511289663
33d6bxxxx51,0.8950080871582031,0.629652202129364,0.8981254939266837
33d6bxxxx71,0.8848636746406555,0.554515540599823,0.8727256222299383
340c0xxxxx71,0.7132729291915894,0.501815915107727,0.7703498783886521
342f5x91,0.8934998512268066,0.5628551840782166,0.8701042039481669
34387xxx91,0.817513108253479,0.4961565434932709,0.8281318603941044
343a2xxx91,0.7235761880874634,0.5598092675209045,0.7649108615826493
343cex91,0.8055945038795471,0.5358474254608154,0.8152124435883621
3442cxxx71,0.7047470808029175,0.48295632004737854,0.7560609389438915
349aexxxx71,0.8264626264572144,0.5195237994194031,0.8625770686725664
34bd4x91,0.8495693802833557,0.5567687153816223,0.8515703140312532
34f56xx91,0.7408087253570557,0.4860018193721771,0.7773442471707579
34f5axxx71,0.8754202723503113,0.63784259557724,0.880012247466087
34f5axxx91,0.8270177245140076,0.5225565433502197,0.8354905131465257
35046xxx91,0.8221302032470703,0.5016809105873108,0.8251417963353413
352b0xx91,0.8671074509620667,0.587604284286499,0.8763625428551307
35340xxx91,0.7576025128364563,0.5653502345085144,0.7878425528820565
355e0xx91,0.7392172813415527,0.4698617160320282,0.7908182899118581
35651xxxx91,0.7552555799484253,0.5548592209815979,0.7814352849243157
35829xx31,0.8832051753997803,0.6290542483329773,0.9094232730961539
35829xx51,0.8872602581977844,0.5653303861618042,0.895407348490228
35a61xxxxxxxxx71,0.7873049378395081,0.5620241761207581,0.817049206412766
35a61xxxxxxxxx91,0.7131353616714478,0.49000945687294006,0.7665891790934165
35ac0x51,0.851787269115448,0.5777440071105957,0.866754313237726
35ac0x71,0.8182905912399292,0.5386320352554321,0.8422664236888889
35ac0x91,0.7896209955215454,0.5275330543518066,0.8132975455483706
35b17xxxx51,0.8198407292366028,0.5138466954231262,0.8476169273575113
35b17xxxx72,0.7732730507850647,0.5484277009963989,0.7508208303365786
35ba6xxxxxx11,0.9031524062156677,0.6191564202308655,0.8957926642203947
35ba6xxxxxx31,0.8391721248626709,0.5165797472000122,0.8302830253421053
35ba6xxxxxx91,0.7663335204124451,0.4728440046310425,0.7752648483436214
35d5bx31,0.9462698698043823,0.7555926442146301,0.9459244872499999
35f5871,0.9074918031692505,0.6369303464889526,0.8853741428114225
35f5891,0.8591150045394897,0.5155916810035706,0.8550095054314845
360b91,0.7702843546867371,0.47581130266189575,0.7913530802758424
360cexx71,0.821589469909668,0.5709492564201355,0.8257288983629629
362f1xx91,0.7791343927383423,0.5557065010070801,0.8173768767038769
3639dxxx91,0.7741372585296631,0.55598384141922,0.793737946395202
36520x91,0.8281687498092651,0.4763331115245819,0.8169819351325422
36844xxxxx92,0.7184373736381531,0.4698234498500824,0.6969603005112882
36962x91,0.7932369112968445,0.5349498987197876,0.8173338189090908
369a0xxx91,0.7519122958183289,0.5705659985542297,0.7803857435085274
36a10x91,0.7673537135124207,0.5481805205345154,0.7717753735578458
36a3bxxx91,0.7730405330657959,0.48256996273994446,0.8097029027724794
36ac4x91,0.8048900365829468,0.6356209516525269,0.8111334873993056
36ae7x11,0.9228805899620056,0.697601854801178,0.9210764336647399
36ae7x31,0.9030890464782715,0.6062783598899841,0.909793394900862
36ae7x91,0.8385894298553467,0.5255373120307922,0.8267384784438073
36afcxx91,0.7806782126426697,0.5270256400108337,0.8015517704464761
36c8cxxxx91,0.801638126373291,0.5374050736427307,0.8255171866980001
36cf0x11,0.9115476608276367,0.6371002793312073,0.912736168684375
36cf0x31,0.8977617621421814,0.6006856560707092,0.8949128427449324
36cf0x71,0.7878578901290894,0.5060742497444153,0.8285018655915508
36f55xx91,0.7364380955696106,0.49646639823913574,0.7657288427281553
3712dxxx91,0.7701097726821899,0.4677218794822693,0.7520543189774939
3717351,0.9091734290122986,0.6393218636512756,0.9102557950766129
3725ax91,0.8688188195228577,0.5405230522155762,0.8657838255188679
3730dxx91,0.8808428049087524,0.6103981137275696,0.873402815918584
3730dxx92,0.82536381483078,0.5661362409591675,0.7804715400582121
3755ex91,0.747647225856781,0.5764890909194946,0.7924162692445128
376dex91,0.7784199714660645,0.5387242436408997,0.8097233925304204
37762x71,0.8559294939041138,0.5652384757995605,0.867377110375
37762x91,0.8011904358863831,0.4992000162601471,0.8101185772230393
379e9xxxxxx91,0.7228380441665649,0.4588859975337982,0.7766255747586478
37a4ax91,0.8240465521812439,0.5598706603050232,0.8286331211634934
37c1dxx91,0.7158429026603699,0.5358068346977234,0.7720380047468135
37d44x31,0.935883641242981,0.7779697179794312,0.93562071925
37d44x51,0.9095748662948608,0.632645308971405,0.9113522657410715
37e07xxx72,0.7787554264068604,0.5740489363670349,0.7474309573818588
37e07xxx91,0.7647970914840698,0.47427254915237427,0.8024764783977048
37e08xx91,0.8091734051704407,0.5144622325897217,0.8272352809816054
37eaaxxx51,0.8643627166748047,0.5540491938591003,0.8614405872235293
37eaaxxx71,0.8384857773780823,0.5022813081741333,0.8322193080914513
37fa9xxx11,0.8493983149528503,0.5861194133758545,0.8543078817876345
37fa9xxx31,0.8208847045898438,0.5774580836296082,0.8182667337024648
37fa9xxx71,0.6884080171585083,0.5255369544029236,0.7723009510024454
38251,0.8701127767562866,0.5703211426734924,0.8796221374802632
3832ex91,0.7724572420120239,0.4625392258167267,0.7872259151680941
38419x11,0.9118476510047913,0.7692970633506775,0.908824535664
38419x51,0.8729363679885864,0.5925491452217102,0.8922582644707847
38419x52,0.8818167448043823,0.6309733390808105,0.8519365835819861
38419x92,0.8055210709571838,0.5078496932983398,0.7570294541467392
38670xxxx11,0.9296568036079407,0.8229857087135315,0.93640624425
387a0xxxx91,0.6174306869506836,0.4168911278247833,0.717732227222209
3893ax51,0.8548496961593628,0.5649787187576294,0.8615844340163934
3898fx51,0.9045833349227905,0.6961110830307007,0.9194448336687501
38a54xx11,0.912295401096344,0.6990869641304016,0.9178001894084822
38a54xx51,0.8857818245887756,0.5275949835777283,0.8745439412822166
38a54xx91,0.7793623805046082,0.5471547842025757,0.7890505120169334
38bddxx71,0.8811858892440796,0.6046050786972046,0.8944842908740849
38dcexx91,0.8246416449546814,0.4766368865966797,0.8303489888017689
39017xxxxxxxx91,0.7570210099220276,0.6085721254348755,0.7967148100191861
3906fx91,0.7103984355926514,0.4924638271331787,0.7620645267052744
390f2xxxxxx91,0.8811197876930237,0.5893291234970093,0.8822745159453125
3928exxxx91,0.7312315702438354,0.46697449684143066,0.7573582932974943
392e6xxx71,0.8216049671173096,0.547709584236145,0.7991508556280865
392e6xxx91,0.7472378015518188,0.5345230102539062,0.7729244685056179
3963ex92,0.7322998642921448,0.4846903681755066,0.6881603641108179
3965b51,0.8730286955833435,0.5737781524658203,0.8814992168400537
3965b91,0.7956721782684326,0.5374985933303833,0.8175034367900552
39660xxxx51,0.8177777528762817,0.5349016785621643,0.8415604871875
397bdxx11,0.906145453453064,0.771766722202301,0.9281002003445946
397bdxx31,0.8849576711654663,0.6977872252464294,0.9014313531588983
398fbxx91,0.8031351566314697,0.5581473708152771,0.8179620099014734
39984xx71,0.8476341366767883,0.5360645651817322,0.8775779426324922
39aa2xx91,0.7408543229103088,0.4905783534049988,0.7732282221045987
39ba2xxx91,0.833023190498352,0.5622851252555847,0.8419946805620347
39be5xxx91,0.6611843705177307,0.46213239431381226,0.740316084246508
39cb9xxx71,0.846724808216095,0.5455600619316101,0.8447065918906976
39ebbxxx92,0.6609171628952026,0.44149208068847656,0.6920611097257202
39ec8xxx91,0.8009594082832336,0.5263088941574097,0.820663558741323
3a02fxxxxxx91,0.8966621160507202,0.6055649518966675,0.858144948830292
3a111xxxxxxxxxxxxxxxxx11,0.9013095498085022,0.6432726979255676,0.8858934779400001
3a111xxxxxxxxxxxxxxxxx31,0.8714965581893921,0.6283066272735596,0.8487032399696428
3a111xxxxxxxxxxxxxxxxx51,0.8499619364738464,0.5425322651863098,0.8208636124527439
3a3b9xxxxxxx91,0.851419985294342,0.5423496961593628,0.8577030920496989
3a539xxxxxxx91,0.8526169657707214,0.5548518300056458,0.8504858189363241
3a5afxxx91,0.6877575516700745,0.49495458602905273,0.7531613478739227
3a5e9xxxxx51,0.9152960777282715,0.6819780468940735,0.9151182423519737
3a5e9xxxxx71,0.894444465637207,0.6300515532493591,0.9020410392342342
3a5e9xxxxx91,0.8405337929725647,0.553095281124115,0.8446438556508201
3a6abxxx32,0.8640586137771606,0.6890137791633606,0.8552853800878244
3a73fxxx11,0.900943398475647,0.7528138756752014,0.9204864230613208
3a73fxxx51,0.8710989952087402,0.48560377955436707,0.8901055087138964
3a73fxxx91,0.8064715266227722,0.4973967969417572,0.8302911077346761
3a751x71,0.8677595853805542,0.5055956840515137,0.8533575080850411
3a751x91,0.803270697593689,0.5797773003578186,0.7989922991092657
3a8dbx91,0.7058237791061401,0.4991251528263092,0.7940268434038019
3a954xxxxxxx91,0.7730606198310852,0.6125344634056091,0.7915239282784514
3a97cxx91,0.7536756992340088,0.5291789770126343,0.7714716328342691
3aa79xxxxxxxxx11,0.8988829851150513,0.6153965592384338,0.8840846008163581
3aa79xxxxxxxxx51,0.8160430788993835,0.5100829005241394,0.7837566372083333
3aa79xxxxxxxxx71,0.7085673213005066,0.4884747564792633,0.7354022659637504
3aa79xxxxxxxxx91,0.6579497456550598,0.4537634253501892,0.7093894172443217
3aae451,0.8863075375556946,0.6548022627830505,0.9009038422045454
3aae471,0.8825408816337585,0.576107919216156,0.8856608592748972
3aae491,0.8747554421424866,0.5656944513320923,0.8619911317471782
3abf8xx91,0.8678081035614014,0.5677213072776794,0.8623784283054078
3acab71,0.8115746378898621,0.5190348625183105,0.8392630611896438
3ad60xxxxxx11,0.9049583673477173,0.7227805256843567,0.9182031871374999
3ad60xxxxxx71,0.78570157289505,0.5967985391616821,0.8037639738731276
3aeb1xx71,0.7938054203987122,0.48343122005462646,0.828412111746829
3aef5xx91,0.8110739588737488,0.5609008073806763,0.8105696209257812
3af6axxx91,0.7581325173377991,0.46991971135139465,0.7924588106198043
3af6axxx92,0.7200738787651062,0.4846956729888916,0.7188260853940887
3af82xxxx11,0.9085421562194824,0.7229059338569641,0.9229913475076922
3af82xxxx71,0.7925140857696533,0.5132812857627869,0.8591137203569892
3b036x91,0.8778002858161926,0.6303055286407471,0.8979439945303643
3b2bcxxxx51,0.7711714506149292,0.5003941655158997,0.7967666198776179
3b2bcxxxx91,0.6181101202964783,0.4859577715396881,0.7083708165734989
3b34171,0.7587899565696716,0.5498470067977905,0.7678100351061947
3b35bxxxxxx91,0.811713457107544,0.5669674873352051,0.7879946774668368
3b37bx91,0.8368123173713684,0.4995802640914917,0.8282970081394612
3b3bdxxx11,0.9049361348152161,0.6889228820800781,0.9118186075548781
3b3bdxxx31,0.8789583444595337,0.5973416566848755,0.8842619132597827
3b463x71,0.9011029601097107,0.6196778416633606,0.8913957914963235
3b463x91,0.8518535494804382,0.579556941986084,0.8387931750514706
3b4f8x71,0.8874273300170898,0.6189057230949402,0.8700077541642441
3b5a9xxxx72,0.8040797710418701,0.589407205581665,0.7384707328498623
3b5a9xxxx92,0.6080474853515625,0.5010046362876892,0.674725659995005
3b62dxxx51,0.8729915022850037,0.5733161568641663,0.8817346108128205
3b77fxxxxxxxx91,0.7997953295707703,0.6034116744995117,0.8136848602627388
3b8bf72,0.8363934755325317,0.6040962338447571,0.8138502530475409
3b952xxxxxx91,0.762499988079071,0.5406564474105835,0.7948470537538461
3ba4bxx91,0.8218668103218079,0.5170606970787048,0.8250899382289563
3bbebxxxxx91,0.7838330864906311,0.5569024682044983,0.7779992792338118
3bc7bxxxx71,0.8460144400596619,0.5740764141082764,0.8798766839503105
3bc7bxxxx91,0.854690670967102,0.5656869411468506,0.857346904245509
3bcf5xxxxxxxx51,0.8219214081764221,0.5367131233215332,0.8155141775276967
3bcf5xxxxxxxx71,0.8001488447189331,0.501165509223938,0.7952826679766484
3be60xxx51,0.89083331823349,0.6403735876083374,0.9075799418974999
3be75xx51,0.8712295293807983,0.6328757405281067,0.8871747085344261
3be75xx91,0.76950603723526,0.5210471153259277,0.7887019527965838
3be79xxxxx92,0.7475778460502625,0.4890907108783722,0.6914668995193862
3be9fxxxxx91,0.8083075881004333,0.5669684410095215,0.7832947955644242
3bef7xxx31,0.9105555415153503,0.6901960968971252,0.9102326736
3bef7xxx32,0.8920078277587891,0.7947368025779724,0.8796892767631579
3bef7xxx71,0.887406051158905,0.5197346806526184,0.8920112073914473
3bef7xxx72,0.8503745198249817,0.640643298625946,0.8188643069363296
3bef7xxx91,0.8878003358840942,0.5818939805030823,0.8659524933873874
3c0b8xxx91,0.6765198111534119,0.49292704463005066,0.7323229664929279
3c0bexxxxx11,0.8942083120346069,0.5642867088317871,0.872221839377
3c252x11,0.9120659232139587,0.7530229091644287,0.9270397586180555
3c252x31,0.8842406868934631,0.7115784287452698,0.9082363073724928
3c252x51,0.8230522274971008,0.6869509220123291,0.9009124109421687
3c252x71,0.870173454284668,0.5526332259178162,0.8833084064547512
3c3dfx51,0.8546798229217529,0.5182269215583801,0.8749026433858785
3c3dfx71,0.8173909187316895,0.5384082198143005,0.8551543162255225
3c3dfx91,0.8233885169029236,0.5414891242980957,0.8128924828317596
3c433xxx51,0.8762898445129395,0.6117315888404846,0.8875583111565217
3c7d9xxxx71,0.8519718050956726,0.546192467212677,0.8520303489796022
3c7d9xxxx91,0.7690305113792419,0.5534090399742126,0.7917527666908497
3c7d9xxxx92,0.5506558418273926,0.47722315788269043,0.6499062104871192
3c8931,0.906349241733551,0.674458920955658,0.8897729317440476
3c8951,0.8843137621879578,0.6082208752632141,0.8721332598161764
3c8d6xxxxx71,0.7943480014801025,0.5290496349334717,0.8260345674818926
3c908xxxxxx91,0.7528135180473328,0.5749413967132568,0.7916040588882096
3ca391,0.7933121919631958,0.4859757423400879,0.8058510715362319
3ca7dxxxxx91,0.744622528553009,0.42687299847602844,0.7901020782912292
3cafbxx51,0.8758238554000854,0.6721988916397095,0.9201510204514435
3ccc5x91,0.8246169686317444,0.5364469289779663,0.830253995725832
3ce66x72,0.8139109015464783,0.5824201107025146,0.7791807787113703
3ce66x92,0.7084482908248901,0.47738003730773926,0.7021556159356322
3ce7axxxxxxxxxxx31,0.8447990417480469,0.535544216632843,0.8422310277898936
3ce7axxxxxxxxxxx51,0.7992599606513977,0.5017282366752625,0.8075208505932433
3ce7axxxxxxxxxxx71,0.7312676310539246,0.4894978106021881,0.7683234824683545
3ce7axxxxxxxxxxx91,0.6254730820655823,0.45901837944984436,0.7379727442062621
3cf22xx91,0.723021388053894,0.5207623839378357,0.7723246818337329
3cf75xxxxxxx71,0.7294941544532776,0.4671466648578644,0.7430879297416482
3d124x51,0.8662971258163452,0.6238287687301636,0.8754614825343681
3d124x91,0.8411672115325928,0.5541567802429199,0.8629296623111111
3d124x92,0.8397268056869507,0.5801642537117004,0.7949591731438516
3d2a8xxxx31,0.8945987820625305,0.6931512355804443,0.9154403198592592
3d2a8xxxx92,0.769171953201294,0.503101110458374,0.7314457915232704
3d2c571,0.8736475110054016,0.6093092560768127,0.835765792765121
3d2f9xxxxxx71,0.8866062164306641,0.6371998190879822,0.8845074238157099
3d2f9xxxxxx91,0.8559502363204956,0.6091228127479553,0.8559182171031308
3d395xxx91,0.7601468563079834,0.5113977193832397,0.7802138965529237
3d6abxxxxx91,0.7341623902320862,0.5497528314590454,0.7842083519754464
3d8caxxx71,0.8534539937973022,0.5808882713317871,0.8768620120427633
3da61xxxx31,0.8733044862747192,0.5945659875869751,0.8711386928484849
3da61xxxx91,0.8131823539733887,0.5008646845817566,0.7830288239329268
3db1fxxxx91,0.7527174353599548,0.5209465622901917,0.7958433761560381
3dc0cxxxxxx71,0.6789124608039856,0.4971657991409302,0.7562341905372024
3dd391,0.8171225190162659,0.593949556350708,0.8185802312541265
3ddf9xx91,0.8499735593795776,0.5073208808898926,0.8286301116201389
3df2axx91,0.8045898675918579,0.5159866213798523,0.8028096413486329
3dfc4xx31,0.903817355632782,0.6148461699485779,0.8929308746586827
3dfc4xx71,0.7674700021743774,0.5512173175811768,0.7854938003701251
3dfc4xx91,0.8014758229255676,0.6285827159881592,0.7961828948049268
3e0571,0.8708333373069763,0.5545443296432495,0.839328435625
3e0dexxx71,0.7848199009895325,0.5552054643630981,0.8018039709029935
3e122xxxx11,0.8732659816741943,0.6859560012817383,0.9169104255757575
3e122xxxx31,0.8623099327087402,0.5943558216094971,0.8936385382052632
3e2491,0.8039589524269104,0.48889389634132385,0.8133137485737786
3e291xx91,0.809618353843689,0.582431435585022,0.8151995252663552
3e2aexx71,0.8782358765602112,0.6631420850753784,0.892127675875839
3e2aexx91,0.8439539074897766,0.5426152348518372,0.8584731452099126
3e2c2xxxxx92,0.6356221437454224,0.4454663395881653,0.6479691457936267
3e2fbxxx91,0.7592214345932007,0.4805338382720947,0.8027062365314835
3e4afxxxxx91,0.8512322306632996,0.5741342902183533,0.8306149241570121
3e50bxxx91,0.7358359694480896,0.4349503219127655,0.7764105460049612
3e542xxxxxx91,0.8227461576461792,0.5162572860717773,0.8225688318985765
3e7d8xx91,0.6491875648498535,0.48525404930114746,0.7404390760216656
3e87191,0.7208852767944336,0.5259223580360413,0.7580501838713347
3e96dxxxxx11,0.9243926405906677,0.7542662024497986,0.9185608747142856
3e96dxxxxx12,0.9138211607933044,0.7464684247970581,0.8778292071707317
3e96dxxxxx31,0.8874132037162781,0.7030724287033081,0.9078379130729166
3e96dxxxxx51,0.8741071820259094,0.6078606843948364,0.8738990809285714
3e96dxxxxx52,0.8616292476654053,0.6062914133071899,0.8015343078842976
3ee0cxxxx91,0.7351053357124329,0.4693067669868469,0.7675259300814095
3ee10xx91,0.6198792457580566,0.51007080078125,0.7243736591554966
3ee4bxx11,0.9607142806053162,0.8222222328186035,0.9675534441875
3ee4bxx31,0.922619104385376,0.7663333415985107,0.9454652593249999
3ee4bxx52,0.8549078702926636,0.6585804224014282,0.8551300384663677
3ee4bxx72,0.8035993576049805,0.5472025275230408,0.7871515377323944
3ee4bxx92,0.7006661295890808,0.5072655081748962,0.7207648892440476
3eedfxxx71,0.8472736477851868,0.5664584636688232,0.8631699817438272
3eedfxxx91,0.7641560435295105,0.5058075785636902,0.7761641833974359
3f19dxxxxx91,0.8061279058456421,0.5740979909896851,0.8059826410043104
3f1aaxxxxx91,0.765999436378479,0.6023264527320862,0.7916196088764237
3f6d391,0.765008270740509,0.5149702429771423,0.7948962198538511
3f9a5xxxxx91,0.8295040130615234,0.5329408049583435,0.7926103554185069
3fa34xx91,0.9193402528762817,0.6020448803901672,0.8921133589062501
3fa68xxxx51,0.8623035550117493,0.5834333300590515,0.8677247457866004
3fa68xxxx71,0.8500668406486511,0.5349275469779968,0.8380768910593952
3fa76xxxx51,0.8676649928092957,0.5195541977882385,0.8658423420119048
3fa76xxxx71,0.8182386159896851,0.5561714172363281,0.8343286736448864
3fa76xxxx91,0.7308335304260254,0.4394915699958801,0.7623087912301237
3fad4xxx71,0.8906064033508301,0.5825943946838379,0.8656191566269531
3fbe5xxxx51,0.8512458205223083,0.5297616124153137,0.8351250313140705
3fbe5xxxx91,0.7979124784469604,0.5912081003189087,0.7942114486389007
3fd2bxx91,0.7469696998596191,0.4549141228199005,0.7809466121953282
40095xx11,0.8991961479187012,0.7247716784477234,0.9285381163890676
40095xx31,0.8676460385322571,0.6190229654312134,0.907143874604113
40095xx71,0.7931243181228638,0.547130286693573,0.82411635690099
40127xxx51,0.7904363870620728,0.5078015923500061,0.7944809940897505
402f2xx11,0.9316413998603821,0.7611533403396606,0.9250701210028652
402f4xx71,0.8839170336723328,0.5918828845024109,0.8930549062380952
40370xxxxxxxx91,0.6807823777198792,0.523431122303009,0.7575741418565888
405c3xx91,0.7480911016464233,0.4390302002429962,0.7560988539304347
409cexx91,0.7119027376174927,0.5103936195373535,0.7497671490443093
409ebxxxxx71,0.8658220171928406,0.5624200701713562,0.8392128607128378
409ebxxxxx91,0.7877553105354309,0.499916136264801,0.8022500728639705
40d3axxxxx91,0.745659589767456,0.568192183971405,0.7431976971987577
40e0cxxx51,0.8318662047386169,0.5557765364646912,0.8526126528292254
40e0cxxx91,0.7565581798553467,0.4925677180290222,0.7830169066564446
40e10xxxxxxx51,0.7290199398994446,0.4685683250427246,0.7510527360485256
40e10xxxxxxx71,0.7767011523246765,0.5107681155204773,0.7674355892545219
41218xxx31,0.8670005798339844,0.5492902398109436,0.8615329283948171
41218xxx91,0.7843468189239502,0.4847741723060608,0.7800615565135136
41293xxx91,0.6703386306762695,0.46676066517829895,0.7324808656887881
41873x11,0.8846509456634521,0.6469316482543945,0.9053590546796118
41873x51,0.8417525887489319,0.5695444941520691,0.8520043447757731
41a23xxxxx91,0.6300455927848816,0.41844668984413147,0.6783860574394699
41a76xxxxxx91,0.8296156525611877,0.5142061710357666,0.7947584621133121
41b58xxx51,0.8589215278625488,0.588135838508606,0.854029244574468
41b58xxx71,0.832643985748291,0.5155043601989746,0.8308158888272059
41b58xxx91,0.7965002655982971,0.5158558487892151,0.7986781513215859
41c18xxxxxxxx91,0.7978419065475464,0.5397772192955017,0.7639126964346826
41f331,0.9396504759788513,0.7503584027290344,0.917777073733871
41f391,0.7854289412498474,0.4697953760623932,0.7828847979029412
42148xx51,0.8029962778091431,0.5228195786476135,0.8263645264012841
42282xx31,0.9153285026550293,0.6818329095840454,0.9259594822189782
42a5cxxx31,0.8868055939674377,0.6311371326446533,0.8984657134166667
42a5cxxx71,0.8572866916656494,0.590425968170166,0.8490170489295065
42a5cxxx92,0.7097206115722656,0.4500896632671356,0.6799980224675325
42de8xxxx71,0.8996279835700989,0.6164113879203796,0.8805890693607142
42e891,0.6954614520072937,0.4498979151248932,0.7736023530857642
43222xxxxx11,0.9169090986251831,0.6098079085350037,0.8899501999212122
43222xxxxx51,0.8585302233695984,0.6575905680656433,0.8240984573444882
43785xx91,0.7078997492790222,0.4748775362968445,0.7436139953454668
43c6ax91,0.7510067820549011,0.4692295491695404,0.7596906925292857
441371,0.8634176850318909,0.502769410610199,0.8679270389613096
447991,0.7550199627876282,0.5159452557563782,0.7707016122076189
449a31,0.8751938343048096,0.6481329202651978,0.8820428797063954
455491,0.801097571849823,0.5263658761978149,0.7932407080243902
46ba91,0.805626630783081,0.535742461681366,0.8309214919498107
4a2a31,0.9342142939567566,0.7032312154769897,0.9221870376300001
4a2a71,0.812140703201294,0.5355367660522461,0.8469731137781531
4a2a91,0.7951197624206543,0.45211225748062134,0.8145088689631883
4adb11,0.9310657978057861,0.579511821269989,0.9179386883154761
4adb31,0.9114984273910522,0.5436065793037415,0.906832251701923
4adb51,0.8775892853736877,0.5220125913619995,0.8772747082392858
4adb71,0.8303191661834717,0.49290910363197327,0.8545665015053191
4e1051,0.9117775559425354,0.6492449641227722,0.8849380885282259
513071,0.8074479103088379,0.48983827233314514,0.8319050532671876
513091,0.7513917088508606,0.4863010346889496,0.7927254491538226
57c71,0.8248473405838013,0.5106518864631653,0.8597148518717863
59731,0.87548828125,0.7292046546936035,0.9113300903671875
5a071,0.8987607359886169,0.6227924823760986,0.8938599436831897
5b071,0.851938009262085,0.533994734287262,0.880563485255814
5b2e31,0.8945876359939575,0.7204623818397522,0.8631915562293815
5b2e51,0.8428037762641907,0.5405804514884949,0.8354265838311068
5b671,0.8266892433166504,0.5578675866127014,0.871524698820946
5c8191,0.7747974991798401,0.5423680543899536,0.7987805253335589
5d9f31,0.9023674726486206,0.6876792907714844,0.8929132098901515
5d9f51,0.8731250166893005,0.5835849642753601,0.8662671312826924
63671,0.8440616130828857,0.5701996088027954,0.8670122532250001
6531,0.9190340638160706,0.7346616387367249,0.9274202704772727
65ee91,0.7840518951416016,0.49591967463493347,0.7896628864102678
688871,0.8672053217887878,0.5169193148612976,0.8498890855038801
6b3551,0.8213589191436768,0.5320231914520264,0.7993008727274774
6b3591,0.7834975123405457,0.46752893924713135,0.7617137439711097
6b5f31,0.8741364479064941,0.6060187816619873,0.8277417550970395
6b5f71,0.7389751076698303,0.5188794136047363,0.7486510637087512
6b9b91,0.7418990135192871,0.5138585567474365,0.7870059031304731
70d751,0.8979408740997314,0.6122395992279053,0.8898983779709302
71e591,0.8574715256690979,0.5878819823265076,0.8491131675805215
732e51,0.8844662308692932,0.5519182682037354,0.8724963264251825
732e71,0.833773672580719,0.5394840836524963,0.837953159382732
74351,0.8996703624725342,0.6360441446304321,0.9047883194134615
74471,0.8371527791023254,0.5277219414710999,0.8749887171547619
75a31,0.8751909732818604,0.6067955493927002,0.8875051159395834
75a71,0.8273277878761292,0.5282436609268188,0.8490798718303572
75f191,0.8028244376182556,0.5515739917755127,0.7957462948978571
765d91,0.8069937825202942,0.6044231057167053,0.7895704690223948
76c211,0.8940917253494263,0.7080424427986145,0.8988041030694445
76c231,0.8802083134651184,0.6582475900650024,0.8815766611216216
78a851,0.8653575778007507,0.6258565187454224,0.8469621964814189
78ca71,0.787438690662384,0.4989478290081024,0.7900727322616422
78ca91,0.7405884861946106,0.5077610015869141,0.7461820491463466
79371,0.8681052327156067,0.5435668230056763,0.8803960748928571
79b691,0.7889480590820312,0.515383780002594,0.7869605515625994
7a631,0.9702380299568176,0.8441666960716248,0.939898631
7b3011,0.9193452596664429,0.703433632850647,0.9139568879965277
7b3051,0.8647831082344055,0.5234553813934326,0.869760422864726
7b3071,0.8545811176300049,0.5318323373794556,0.8502914839986558
7bc751,0.9210410118103027,0.7169774770736694,0.9136864342005813
7ced71,0.8156875967979431,0.516147255897522,0.8105428384439252
7ced91,0.7976757287979126,0.5020212531089783,0.7841869749365079
7e8f11,0.9833333492279053,0.8305556178092957,0.938114110375
7f3f91,0.8323032259941101,0.5404341816902161,0.8244878440200276
801651,0.8773131370544434,0.5942583680152893,0.8716958008970588
801671,0.8417147994041443,0.5463395118713379,0.8354481530939306
801691,0.7538175582885742,0.4785124361515045,0.7736104243716383
81ab91,0.7934720516204834,0.5418615937232971,0.7727153305293574
81b431,0.919921875,0.7919270992279053,0.88818959703125
81b451,0.9112847447395325,0.7112268805503845,0.8742772930416667
81b491,0.7806277275085449,0.56977778673172,0.8020501539659091
833911,0.9409663677215576,0.8135883808135986,0.9251903392095588
833931,0.9164772629737854,0.7254125475883484,0.9090150964545455
833971,0.8596628904342651,0.5804828405380249,0.854908318681624
852991,0.7974730134010315,0.5297620892524719,0.7750514919890971
873f91,0.8244372010231018,0.583141028881073,0.8034285153045454
875a91,0.82121741771698,0.5248824954032898,0.8149448268428324
87771,0.8258833885192871,0.5333155989646912,0.853173779050633
882251,0.8981533646583557,0.602306604385376,0.9006302842713069
882291,0.7976429462432861,0.5690498948097229,0.8038044598270153
8a151,0.8563469052314758,0.5824698805809021,0.8814020780261628
8b3c91,0.7732572555541992,0.49183541536331177,0.789884791390024
8bc71,0.8328940868377686,0.5660536289215088,0.8641538033810241
8c0a31,0.9077160358428955,0.7473018169403076,0.8925427686990741
8c0a91,0.7534797191619873,0.4812431037425995,0.7729290180216216
8d8931,0.9059890508651733,0.6664084792137146,0.898543169175
8d8951,0.8817099928855896,0.6157389879226685,0.881974274640625
8eb671,0.8147185444831848,0.5373871922492981,0.8100525188697336
906e91,0.8762195110321045,0.6162596344947815,0.8662748545640243
90e671,0.8273496031761169,0.565819263458252,0.8042544859981203
933291,0.7402962446212769,0.5054917931556702,0.7710434962781184
948471,0.7800614237785339,0.5147034525871277,0.7987889634491007
948a51,0.8820971250534058,0.6167943477630615,0.8860132903365384
98bd91,0.7881510853767395,0.5155779123306274,0.7844531997866586
99531,0.8884058594703674,0.687815248966217,0.9100882566576086
996f91,0.7842007279396057,0.5336616039276123,0.7942727419517913
997871,0.7294385433197021,0.4529993236064911,0.7612853228195959
997891,0.6991503834724426,0.4581212103366852,0.7129461403423154
999e51,0.8306212425231934,0.5289467573165894,0.8302054906352745
9ab291,0.7793216705322266,0.5250959992408752,0.7865306288468201
9ae391,0.7751033306121826,0.516783595085144,0.7806653373419168
9afa91,0.7644162774085999,0.45713773369789124,0.7704119143553256
9b0e91,0.7575795650482178,0.5186033248901367,0.7582437179867887
9b3171,0.8664858341217041,0.5092572569847107,0.8671904281276042
9b9151,0.8446887731552124,0.5609419345855713,0.8400719686790123
9c1751,0.8867194056510925,0.5949448347091675,0.8629208283452868
9c1771,0.8372818231582642,0.5803080201148987,0.8406198674611486
9c1791,0.7842246294021606,0.5189774632453918,0.7916290961604279
9c2291,0.7420190572738647,0.5495128631591797,0.7481437513297905
9d051,0.847236692905426,0.5475234985351562,0.8830039978246528
9d071,0.8038136959075928,0.45935970544815063,0.8611811413982301
9deb91,0.8323818445205688,0.5873000025749207,0.8209765089885817
9e6851,0.8847596645355225,0.5459738969802856,0.8702853622250001
9e6891,0.7611541152000427,0.50233393907547,0.7823457962741364
9eff51,0.9072562456130981,0.6234691739082336,0.8883895334603176
9eff71,0.8483935594558716,0.5863728523254395,0.8417138931174698
a06351,0.8928414583206177,0.5891678333282471,0.8808410869539474
a06671,0.7828758358955383,0.5186460018157959,0.7889994180135136
a06691,0.7472100257873535,0.5189009308815002,0.7523198276884615
a06991,0.7632148861885071,0.5094874501228333,0.7664609412470589
a20371,0.8620003461837769,0.5606475472450256,0.8409074165711382
a3d891,0.7653314471244812,0.48056644201278687,0.7888334429863855
a40511,0.9391025900840759,0.7644444704055786,0.9130330266274038
a40551,0.8326283097267151,0.5295637249946594,0.8531460066165049
a40591,0.8039045929908752,0.52069091796875,0.7922439424241936
a46071,0.8273524641990662,0.4723986089229584,0.8176575049802083
a49b91,0.7575909495353699,0.502005398273468,0.7471366561795579
a51131,0.9224358797073364,0.6718047857284546,0.9026087098269231
a54431,0.8701284527778625,0.6014612913131714,0.8356652380411184
a54451,0.8571180701255798,0.5540869235992432,0.8453967514752604
a54491,0.7055067420005798,0.4543955326080322,0.7135013012724569
a54c51,0.8547613620758057,0.5648934841156006,0.8576747775270522
a5931,0.887583315372467,0.6702929139137268,0.8886086318099999
a5951,0.8784970641136169,0.6485483646392822,0.8848130891601562
a5971,0.848768949508667,0.5557984709739685,0.8724438639857954
a7971,0.8652777671813965,0.5780239105224609,0.8882132732786459
a97b11,0.9309151768684387,0.6980828046798706,0.91456025165625
a97b31,0.9140625,0.6668090224266052,0.9093191711590909
a97b51,0.8913825750350952,0.6078057885169983,0.8879685625378788
a97b91,0.8428516983985901,0.5449705123901367,0.8322037137098625
acf51,0.9085278511047363,0.707421064376831,0.899541934835
acf71,0.8425409197807312,0.5843152403831482,0.8770889864140624
add071,0.8536713719367981,0.5666138529777527,0.8531686421363637
b00231,0.9155578017234802,0.6856693029403687,0.906067850266129
b00251,0.8727771043777466,0.5943017601966858,0.8690425090850515
b2c051,0.8913949131965637,0.6568912863731384,0.8779305585271738
b2c071,0.8277961015701294,0.5341055393218994,0.8174065184638157
b2f251,0.8879273533821106,0.6202649474143982,0.8676004159583334
b31171,0.8458333611488342,0.6063817739486694,0.8853758277735149
b31331,0.9205818772315979,0.7154091000556946,0.8912608741681034
b31371,0.8081327080726624,0.5980006456375122,0.8046484052638889
b31391,0.7837912440299988,0.5209032893180847,0.771883026537088
b33671,0.8299638628959656,0.572709321975708,0.8054796042142858
b3cf91,0.8308058977127075,0.5319264531135559,0.8108320162255975
b47a51,0.8757902383804321,0.5572606325149536,0.8835214235689656
b4f091,0.7396478056907654,0.5075078010559082,0.7629030042734336
b4ff91,0.801418125629425,0.46088314056396484,0.785953877394175
b57991,0.7307065725326538,0.5176193118095398,0.766671783036483
b60491,0.8220646977424622,0.5993462800979614,0.8355396246097329
b63951,0.8860809206962585,0.648112952709198,0.8857887146503622
b63991,0.7794833183288574,0.5029076933860779,0.7863204170929999
b68c71,0.8060883283615112,0.5704362988471985,0.7810758502246767
b72411,0.9047433137893677,0.6607280373573303,0.9081797291227679
b78591,0.8055592775344849,0.5533695220947266,0.7884804378378136
b97b71,0.8758680820465088,0.5826188325881958,0.8754879204843751
ba0911,0.923023521900177,0.7098392844200134,0.914466647003205
ba0931,0.8975501656532288,0.6557154059410095,0.8941968625787037
ba4071,0.8461209535598755,0.4868507385253906,0.8252794969561568
bb3c91,0.776163637638092,0.5598918199539185,0.7832704046615854
bbe291,0.7481171488761902,0.517537534236908,0.7595494467846536
bc311,0.934615433216095,0.776068389415741,0.9261040824807693
bc331,0.9139652252197266,0.6564598679542542,0.9145678083894231
bc351,0.8586397171020508,0.6333708763122559,0.85185665278125
bc7f31,0.8549233078956604,0.5331243276596069,0.8391426071334744
bc7f51,0.7884199023246765,0.5232596397399902,0.7976130457647727
bc7f71,0.7536872029304504,0.5371320843696594,0.7525862979577017
bd6a31,0.8973914384841919,0.600679874420166,0.8782241925183824
bd6a71,0.8442167043685913,0.5478538870811462,0.836970543674
bd6a91,0.7940237522125244,0.5169330835342407,0.7921019630556569
bdd71,0.8218930959701538,0.43146416544914246,0.8492012557836957
c24b71,0.8083333373069763,0.5743080377578735,0.8199921959809524
c24b91,0.792778730392456,0.5480431318283081,0.7845639468657094
c2f171,0.8907551765441895,0.6384210586547852,0.875086407021875
c2f191,0.8805641531944275,0.5635697841644287,0.8517719158668478
c32d91,0.7268754243850708,0.5039058327674866,0.7406159487078767
c61b11,0.9456295371055603,0.781914234161377,0.9199865996657609
c61b71,0.833311915397644,0.5135291218757629,0.8348137874786037
c61b91,0.7640916109085083,0.5176180005073547,0.7933050615781715
c64311,0.9186275005340576,0.7085792422294617,0.9053001979436275
c64351,0.8768503665924072,0.5875256061553955,0.8662915409578805
c64391,0.8227711915969849,0.4988120198249817,0.8189076803674813
ca0311,0.9167619347572327,0.7084102034568787,0.9123699738175
ca0331,0.8767186999320984,0.6037890911102295,0.892818469571875
ca0391,0.809758722782135,0.5099365711212158,0.8103051715370814
ca3031,0.8572447299957275,0.5926399230957031,0.8542986382635135
ca3051,0.7715592384338379,0.5493215322494507,0.8064519266163603
ca3071,0.7831361889839172,0.550602912902832,0.803904957060414
ca3091,0.7539612650871277,0.5222250819206238,0.789060294541339
ca4071,0.902347207069397,0.575846254825592,0.8863931901283333
ca4091,0.8711128234863281,0.5134295225143433,0.8650165614557926
ca6251,0.9043352007865906,0.592346727848053,0.8900416984393382
ca6271,0.8909150958061218,0.5936643481254578,0.8811991486155063
ca6291,0.8356078267097473,0.5316396951675415,0.8353932389036697
cbcf91,0.829069972038269,0.5837462544441223,0.8181056674669643
cca811,0.9340659379959106,0.791239321231842,0.9241195384326922
cca871,0.8993788957595825,0.6428484320640564,0.885714571152174
ccac51,0.9114773869514465,0.6748037338256836,0.8944113397884615
ccbc91,0.7756484150886536,0.5262451767921448,0.7898745885594909
cd6191,0.7681089043617249,0.5539611577987671,0.7851444657065305
cddb71,0.8354499936103821,0.5505748391151428,0.836631400178665
ce4271,0.7856965065002441,0.5664721131324768,0.7573030825825267
d0eb31,0.9490862488746643,0.8434758186340332,0.9113267181578948
d0eb51,0.8905180096626282,0.6039345264434814,0.8931147062807017
d0f651,0.8645089864730835,0.590458333492279,0.8616254319107143
d23f91,0.788235604763031,0.5487302541732788,0.7656492846164689
d27e31,0.8884285092353821,0.64495450258255,0.8800944913396739
d27e51,0.8681928515434265,0.5728601813316345,0.8598004843468992
d27e71,0.8093210458755493,0.5465127229690552,0.8037424692399961
d27e91,0.8069797158241272,0.5859529376029968,0.7907765273538647
d4b811,0.7893341183662415,0.5499728322029114,0.8031800787936992
d4b851,0.7440375685691833,0.537067711353302,0.7899147179940027
d4b871,0.7474974989891052,0.549045741558075,0.7419246817265936
d64491,0.7506413459777832,0.5331196784973145,0.7753816348384639
d73531,0.899821400642395,0.5870993733406067,0.8922327756928571
d73551,0.872816801071167,0.6221771240234375,0.8587860052791096
d75171,0.8580243587493896,0.5650715231895447,0.8322997223484523
d75191,0.8028869032859802,0.5456979870796204,0.7849942768015625
d77111,0.9309959411621094,0.7313786149024963,0.9259761081158537
d77131,0.9360632300376892,0.7392178177833557,0.9152288225862069
d77191,0.8612107634544373,0.5758376717567444,0.855730482295082
d77f11,0.9186508059501648,0.7528376579284668,0.9008148691180556
d77f31,0.9109166860580444,0.6975364685058594,0.8911922779675
d77f51,0.8615210652351379,0.54562908411026,0.8559258754307228
d77f71,0.82497239112854,0.5593042969703674,0.8241797752079646
d79071,0.7299845814704895,0.5313087105751038,0.771670136988889
d79091,0.7517929673194885,0.5059559345245361,0.7632430043847546
d7c951,0.9021139740943909,0.5937596559524536,0.8896652999227941
d7c991,0.8575990200042725,0.5523678660392761,0.827827858375
d7f791,0.740990936756134,0.49015703797340393,0.7434292153432553
d88851,0.8729988932609558,0.7013950347900391,0.8699518979374999
d88891,0.7952691316604614,0.600235641002655,0.7854072440000001
d8f551,0.8160181045532227,0.5884605050086975,0.8169286708691038
d8f591,0.7166786193847656,0.5290283560752869,0.7389053575064286
d90a51,0.9213333129882812,0.7238191366195679,0.899855424795
d90a71,0.8822723031044006,0.6305707097053528,0.8602330294483695
da1971,0.704679012298584,0.5078964829444885,0.7308673325212356
da1991,0.7353678941726685,0.4840022623538971,0.739926761454106
dc9251,0.8575892448425293,0.5925649404525757,0.8447900319075521
dc9271,0.8312407732009888,0.550999104976654,0.8270501115873894
dda31,0.8898090124130249,0.6850197911262512,0.89433339648125
dead91,0.7974246144294739,0.5684897303581238,0.7639757930828709
e0aa91,0.7876263856887817,0.5225432515144348,0.7792225247530219
e17091,0.7707314491271973,0.5199533700942993,0.763770085840976
e1ff51,0.8694824576377869,0.5770925879478455,0.8669046119375
e29891,0.7890395522117615,0.5606545805931091,0.8049926949439338
e2ba71,0.8088643550872803,0.5944664478302002,0.8309488303423203
e2ba91,0.7561331987380981,0.5004454255104065,0.7722806973462194
e34871,0.8312944173812866,0.5332533717155457,0.824409627089455
e3a091,0.7658474445343018,0.526227593421936,0.7661889479908854
e4d91,0.7574419379234314,0.4513688087463379,0.786686144257172
e4dc91,0.7776657938957214,0.5244796276092529,0.7856092344335013
e5cd11,0.8627638816833496,0.5875582695007324,0.8442975857891667
e5cd51,0.8038485646247864,0.5217917561531067,0.8088008078687977
e5cd71,0.7688985466957092,0.5365073680877686,0.7834102806583046
e62d91,0.752349317073822,0.6071187257766724,0.7966052495423952
e68d31,0.90283203125,0.7034662961959839,0.9007046041210938
e68d51,0.8980187773704529,0.6724979281425476,0.8973937391004901
e72b31,0.8973535895347595,0.7075290679931641,0.8772444643462837
e72b71,0.8243799805641174,0.5344350934028625,0.814063660097619
e7ca11,0.9079670310020447,0.7191778421401978,0.9071070872884616
e7ca31,0.8802257180213928,0.657431960105896,0.88464513508125
e8c811,0.9058125019073486,0.7181183695793152,0.8974544742825
e8c851,0.8664878010749817,0.5820046663284302,0.8646813761212121
e8c891,0.730867862701416,0.49965715408325195,0.7471702590062814
e91551,0.8310503363609314,0.564715564250946,0.8199870533010416
e91571,0.7828472256660461,0.5120588541030884,0.786782856520849
e91591,0.7312148809432983,0.5237414240837097,0.752585806903077
e97011,0.9278045296669006,0.6676865220069885,0.9094774519326924
e97031,0.8887950778007507,0.6053348183631897,0.8769107739121622
eb2851,0.8441789150238037,0.536611020565033,0.8374798031654411
eb2891,0.7466408014297485,0.5292305946350098,0.7554005498788761
f0be71,0.8349992632865906,0.5275161862373352,0.8147727776271777
f0be91,0.8138340711593628,0.5348439812660217,0.7979310538542018
f0cc51,0.9101905226707458,0.6711817383766174,0.8881530064550001
f0ea31,0.8893617391586304,0.6756218671798706,0.8824401751356383
f0ea71,0.8689437508583069,0.5666341185569763,0.8629753980421512
f12411,0.9523771405220032,0.7841083407402039,0.9165188150352563
f12431,0.9138967990875244,0.621405839920044,0.9033570103238637
f12471,0.8222222328186035,0.4697552025318146,0.8241326653557691
f12491,0.7890857458114624,0.4509470462799072,0.7807089840525478
f1e391,0.7426273226737976,0.5159596800804138,0.750384134412901
f27951,0.8184774518013,0.5701908469200134,0.8090887511156543
f27991,0.7619978189468384,0.4966108500957489,0.7591255981454386
f2f111,0.9312257766723633,0.7546705603599548,0.9260595995377907
f2f131,0.9238932132720947,0.7476996779441833,0.9285540476816406
f2f171,0.8652437329292297,0.5576476454734802,0.8583358300044643
f2f191,0.7808486819267273,0.49645280838012695,0.7880259967946581
f3e291,0.803276777267456,0.5914630889892578,0.7809865168547185
f53251,0.8942460417747498,0.6055242419242859,0.874685575672619
f58331,0.872174859046936,0.6367728114128113,0.8703086716912879
f58371,0.7761616110801697,0.4217376112937927,0.7892251737578534
f58391,0.708308219909668,0.46093475818634033,0.7283319224390097
f59b91,0.8537977337837219,0.5312406420707703,0.8317672019544271
f62151,0.8725694417953491,0.6094979047775269,0.8653262317950451
f91e51,0.8950827717781067,0.5360594987869263,0.8903588592279412
f91e71,0.87101811170578,0.5122314095497131,0.8710829885359196
f92271,0.871331512928009,0.6032858490943909,0.8698105462119565
f98811,0.8628982901573181,0.514119029045105,0.8738980359549632
f98851,0.7738783955574036,0.5352463126182556,0.7825134199710095
f98891,0.7343315482139587,0.5516743659973145,0.7443702082552669
fa3331,0.9168767929077148,0.6688362956047058,0.9062821150882352
fa3371,0.8614501953125,0.5640085935592651,0.8599697242863636
fa9591,0.7280239462852478,0.48330315947532654,0.7502353308692006
fb71,0.8591049313545227,0.5631513595581055,0.8794853634189814
fbe271,0.8066486716270447,0.5560998320579529,0.8141223609311224
fc4c31,0.8931249380111694,0.6322222352027893,0.87678319065
fc4c71,0.9016203284263611,0.6229991912841797,0.8681745703055556
fd8291,0.7860753536224365,0.5474672913551331,0.7913821809035875
fdd311,0.9236024618148804,0.7192293405532837,0.9037588361684782
fdd351,0.9194075465202332,0.6544449925422668,0.8827883949563954
fdd371,0.8555079698562622,0.533063530921936,0.8438746354571918
fdd391,0.7858843803405762,0.5112790465354919,0.7889646859285714
ff8311,0.9162582159042358,0.701606035232544,0.9129662906862744
ff8351,0.8098640441894531,0.5285597443580627,0.8091806763963414
ff8371,0.8086271286010742,0.5145136117935181,0.8183397883974359
